{"type":"FeatureCollection","source":{"name":"Ancient World Mapping Centre, Cultural Data: roads","citation":"Ancient World Mapping Centre, AWMC geodata, derived from the Barrington Atlas of the Greek and Roman World","url":"https://github.com/AWMC/geodata","licence":"ODbL 1.0","licence_url":"https://opendatacommons.org/licenses/odbl/1-0/","processing":"Clipped to 8.0,24.0,50.0,46.0 and simplified to 0.002 degrees by script/extract_awmc_roads.py"},"features":[{"type":"Feature","properties":{"id":663,"name":null,"kind":"Secondary Road","period":"RL","known":"0"},"geometry":{"type":"LineString","coordinates":[[26.97074,39.53252],[26.99452,39.56418],[27.01788,39.60353],[27.101,39.67195],[27.14165,39.68738],[27.17754,39.71085],[27.20979,39.74738],[27.21796,39.76709],[27.23296,39.78384],[27.25557,39.79842],[27.33936,39.82651],[27.39479,39.84867],[27.40557,39.86999],[27.40979,39.93235],[27.46678,39.97081],[27.52522,39.99243],[27.53896,40.00712]]}},{"type":"Feature","properties":{"id":665,"name":null,"kind":"Secondary Road","period":"RL","known":"0"},"geometry":{"type":"LineString","coordinates":[[26.97074,39.53252],[27.01943,39.55435],[27.09752,39.56809],[27.16614,39.57182],[27.23102,39.58926],[27.31139,39.61991],[27.35254,39.63177],[27.44381,39.63011],[27.48565,39.62365],[27.50375,39.62442],[27.58131,39.64333],[27.82334,39.66521],[27.86039,39.66033],[27.87399,39.65363],[27.88975,39.63726]]}},{"type":"Feature","properties":{"id":667,"name":null,"kind":"Main Road","period":"RL","known":"1"},"geometry":{"type":"MultiLineString","coordinates":[[[27.88832,39.63802],[27.92026,39.67176],[27.98071,39.72069],[28.00102,39.747],[28.00767,39.7612],[28.05543,39.79804],[28.12672,39.8366],[28.14635,39.86935],[28.15928,39.87422]],[[27.78531,39.00323],[27.79147,39.05046],[27.79056,39.07146],[27.79456,39.08933],[27.78378,39.17277],[27.81978,39.1805],[27.85196,39.19706],[27.92734,39.2647],[27.95758,39.30426],[27.97585,39.33868],[27.98408,39.36671],[27.98595,39.42766],[27.9781,39.44674],[27.95616,39.47671],[27.94757,39.49434],[27.92523,39.52006],[27.90191,39.56751],[27.88828,39.61711],[27.88857,39.63613]]]}},{"type":"Feature","properties":{"id":669,"name":null,"kind":"Secondary Road","period":"RL","known":"0"},"geometry":{"type":"LineString","coordinates":[[26.80725,39.20173],[26.7618,39.2216],[26.73724,39.26514],[26.71372,39.29541],[26.70512,39.30449],[26.68991,39.31227],[26.75857,39.33815],[26.76797,39.34815],[26.79921,39.36994],[26.8109,39.38295],[26.81602,39.39749],[26.8682,39.42534],[26.89441,39.45722],[26.93722,39.48772],[26.93818,39.50612],[26.95437,39.51422],[26.97074,39.53252],[26.97352,39.56061],[26.96849,39.58954],[26.95431,39.60006],[26.94282,39.60363],[26.91115,39.60087],[26.82292,39.57548],[26.75016,39.57685],[26.67943,39.56464],[26.62793,39.55934],[26.56865,39.54415],[26.55192,39.54328]]}},{"type":"Feature","properties":{"id":670,"name":null,"kind":"Secondary Road","period":"RL","known":"0"},"geometry":{"type":"LineString","coordinates":[[26.33218,39.50267],[26.29295,39.50552],[26.28367,39.52162],[26.27611,39.52679],[26.2353,39.52881],[26.18678,39.52615],[26.15875,39.53262],[26.12644,39.52887],[26.11855,39.53072],[26.10942,39.5403],[26.1058,39.56283],[26.11445,39.58784],[26.14245,39.60818],[26.1584,39.62997],[26.17485,39.6858],[26.16391,39.73837],[26.15083,39.759],[26.16307,39.77782],[26.16403,39.78772],[26.17524,39.81299],[26.17557,39.82152],[26.18787,39.85605],[26.25671,39.94106],[26.32667,39.99864]]}},{"type":"Feature","properties":{"id":671,"name":null,"kind":"Secondary Road","period":"RL","known":"0"},"geometry":{"type":"LineString","coordinates":[[26.49716,40.04578],[26.51607,40.00041],[26.52386,39.96646],[26.53561,39.94529],[26.58145,39.9233],[26.59485,39.9134],[26.65902,39.83159],[26.66904,39.82138],[26.71196,39.79517],[26.7227,39.78567],[26.73067,39.77201],[26.73398,39.7612],[26.73181,39.72804],[26.71286,39.62315],[26.71817,39.57073]]}},{"type":"Feature","properties":{"id":672,"name":null,"kind":"Secondary Road","period":"RL","known":"1"},"geometry":{"type":"LineString","coordinates":[[26.36057,40.04889],[26.33788,40.02565],[26.32964,40.01256],[26.31872,39.96032],[26.31654,39.9418],[26.31881,39.91127],[26.33458,39.84341],[26.35721,39.79648],[26.36887,39.75442],[26.39344,39.69461],[26.4376,39.60069],[26.45324,39.57601],[26.48476,39.55214],[26.5276,39.54236],[26.55192,39.54328]]}},{"type":"Feature","properties":{"id":673,"name":null,"kind":"Secondary Road","period":"R","known":"0"},"geometry":{"type":"LineString","coordinates":[[27.33461,38.18479],[27.35482,38.17565],[27.47313,38.18606],[27.49036,38.1942],[27.51645,38.19481],[27.55137,38.20284],[27.57664,38.19975],[27.59579,38.20338],[27.63277,38.22084],[27.66657,38.22255],[27.68284,38.21818],[27.70691,38.20411],[27.73507,38.16818]]}},{"type":"Feature","properties":{"id":674,"name":null,"kind":"Secondary Road","period":"R","known":"1"},"geometry":{"type":"LineString","coordinates":[[26.3617,40.049],[26.36778,40.07598],[26.38069,40.08862],[26.40252,40.10297],[26.41663,40.12276],[26.41926,40.15735],[26.41781,40.19597],[26.43715,40.18982],[26.48271,40.19222],[26.49929,40.19638],[26.5565,40.23504],[26.5727,40.25676],[26.6212,40.27786],[26.62976,40.29712],[26.69541,40.34966],[26.71297,40.37059],[26.74899,40.3914],[26.76854,40.39928],[26.78586,40.39904],[26.82507,40.39103],[26.85048,40.3906],[26.89597,40.39455],[26.91024,40.3993],[26.92024,40.394],[26.9286,40.38416],[26.9295,40.37807],[26.93936,40.37364],[26.953,40.37481],[26.96929,40.38149],[27.03121,40.38326],[27.05661,40.3907]]}},{"type":"Feature","properties":{"id":675,"name":null,"kind":"Secondary Road","period":"R","known":"0"},"geometry":{"type":"LineString","coordinates":[[26.49766,40.04391],[26.4925,40.06985],[26.48411,40.07964],[26.48169,40.09527],[26.49014,40.1295],[26.48088,40.13746],[26.41858,40.13967]]}},{"type":"Feature","properties":{"id":676,"name":null,"kind":"Main Road","period":"R","known":"0"},"geometry":{"type":"LineString","coordinates":[[27.08309,40.97394],[26.99462,40.97166],[26.92627,40.96273],[26.8147,40.93241],[26.77557,40.93833],[26.73139,40.9324],[26.63912,40.92841],[26.44051,40.92303],[26.38264,40.92605]]}},{"type":"Feature","properties":{"id":677,"name":null,"kind":"Main Road","period":"R","known":"0"},"geometry":{"type":"LineString","coordinates":[[26.97453,40.96892],[26.9675,40.96107],[26.95649,40.90629],[26.92193,40.89091],[26.85262,40.88909],[26.75238,40.8752],[26.65814,40.86691],[26.53062,40.83585],[26.41583,40.80267],[26.3486,40.78822],[26.2774,40.78165],[26.2287,40.77091],[26.17967,40.75389],[26.14209,40.75035],[26.08522,40.73151]]}},{"type":"Feature","properties":{"id":678,"name":null,"kind":"Main Road","period":"R","known":"0"},"geometry":{"type":"LineString","coordinates":[[26.13806,40.74997],[26.14714,40.76119],[26.15356,40.78874],[26.1323,40.83546],[26.12559,40.84312],[26.10661,40.85066],[26.06359,40.85488],[26.04342,40.86126]]}},{"type":"Feature","properties":{"id":679,"name":null,"kind":"Main Road","period":"R","known":"1"},"geometry":{"type":"LineString","coordinates":[[24.78277,41.08386],[24.78158,41.08892],[24.77623,41.09249],[24.76866,41.09312],[24.71351,41.03208],[24.65141,41.01245],[24.61893,40.99389],[24.56575,40.97462],[24.48919,40.96284],[24.46599,40.94963],[24.45314,40.95249],[24.43315,40.95035],[24.41887,40.93857],[24.40281,40.93964],[24.3764,40.9532],[24.31858,41.00282],[24.29199,41.01781],[24.28128,41.03601],[24.26986,41.04458],[24.25059,41.05493],[24.21097,41.06206],[24.14226,41.05421],[23.96844,40.99211],[23.90706,40.98217]]}},{"type":"Feature","properties":{"id":680,"name":null,"kind":"Main Road","period":"R","known":"0"},"geometry":{"type":"LineString","coordinates":[[26.26576,40.94329],[26.27206,40.96357],[26.27417,40.9845],[26.27055,41.00698],[26.28226,41.07028],[26.30506,41.15017],[26.30656,41.1835],[26.31291,41.20379],[26.31647,41.24147]]}},{"type":"Feature","properties":{"id":681,"name":null,"kind":"Main Road","period":"R","known":"1"},"geometry":{"type":"LineString","coordinates":[[26.31567,41.23945],[26.33227,41.26549],[26.344,41.27342],[26.40791,41.28022],[26.43939,41.29483],[26.49364,41.33011],[26.49627,41.33819],[26.48582,41.35491],[26.4935,41.37227]]}},{"type":"Feature","properties":{"id":682,"name":null,"kind":"Main Road","period":"R","known":"0"},"geometry":{"type":"LineString","coordinates":[[26.49294,41.37346],[26.50567,41.38669],[26.50745,41.39893],[26.51345,41.40784],[26.55007,41.41854],[26.55867,41.42675],[26.56303,41.43829],[26.56317,41.45319],[26.55599,41.46743],[26.53006,41.49861],[26.51659,41.59976],[26.52024,41.6159],[26.52864,41.6334],[26.56698,41.68147],[26.54731,41.6881],[26.52008,41.68755],[26.49703,41.69201],[26.35299,41.73028],[26.30005,41.73478],[26.27146,41.74242],[26.2042,41.78096]]}},{"type":"Feature","properties":{"id":683,"name":null,"kind":"Secondary Road","period":"R","known":"0"},"geometry":{"type":"LineString","coordinates":[[26.2042,41.78096],[26.20854,41.79999],[26.20843,41.81581],[26.19677,41.87157],[26.17397,41.90395],[26.15971,41.91475],[26.12624,41.92843]]}},{"type":"Feature","properties":{"id":684,"name":null,"kind":"Secondary Road","period":"RL","known":"0"},"geometry":{"type":"MultiLineString","coordinates":[[[26.2042,41.78096],[26.16774,41.78318],[26.14906,41.79077],[26.0999,41.83186],[26.0677,41.868],[26.05665,41.87442],[25.97497,41.89285],[25.95592,41.90224],[25.92807,41.92664],[25.91496,41.94498]],[[25.93701,41.91991],[25.90979,41.94254],[25.89278,41.96614],[25.87667,41.99952],[25.85418,42.02454],[25.84289,42.0448],[25.85209,42.06702],[25.84047,42.0892],[25.80088,42.12228],[25.74111,42.19613],[25.70752,42.22395],[25.69223,42.2516],[25.67278,42.31769],[25.66438,42.36544],[25.64114,42.45256],[25.60246,42.52265],[25.56172,42.5595],[25.45248,42.61099],[25.36401,42.61972],[25.34793,42.63563],[25.31996,42.6445],[25.26974,42.6453],[25.18509,42.63286],[24.99773,42.61431],[24.90992,42.62002],[24.72779,42.65777]]]}},{"type":"Feature","properties":{"id":685,"name":null,"kind":"Secondary Road","period":"R","known":"0"},"geometry":{"type":"LineString","coordinates":[[26.56302,41.68298],[26.59961,41.67131],[26.63084,41.64614],[26.66443,41.62954],[26.69968,41.62611],[26.74965,41.61556],[26.81055,41.59011],[26.91209,41.53276],[26.96807,41.50589],[27.02685,41.46807],[27.08785,41.43971]]}},{"type":"Feature","properties":{"id":687,"name":null,"kind":"Secondary Road","period":"RL","known":"0"},"geometry":{"type":"LineString","coordinates":[[25.845,42.07799],[25.77143,42.1117],[25.64792,42.16187],[25.57242,42.20497],[25.53667,42.21506],[25.44132,42.2367],[25.32008,42.24206],[25.27643,42.23766],[25.25484,42.2413]]}},{"type":"Feature","properties":{"id":688,"name":null,"kind":"Secondary Road","period":"RL","known":"0"},"geometry":{"type":"LineString","coordinates":[[25.34793,42.63563],[25.33029,42.71752],[25.32851,42.79906],[25.332,42.85196],[25.3639,42.92325],[25.37736,42.96546],[25.38597,43.00525],[25.37439,43.06836],[25.35797,43.09984],[25.33009,43.17888],[25.33235,43.18105],[25.32523,43.21038],[25.32236,43.24784],[25.32808,43.33887],[25.32371,43.36267],[25.31,43.38361],[25.28049,43.41502],[25.24623,43.46165],[25.22624,43.49592],[25.14534,43.58919]]}},{"type":"Feature","properties":{"id":690,"name":null,"kind":"Secondary Road","period":"RL","known":"0"},"geometry":{"type":"MultiLineString","coordinates":[[[25.63994,43.21686],[25.68886,43.19622],[25.73649,43.16766],[25.77716,43.14815],[25.81324,43.12431],[25.86362,43.10958],[25.90158,43.08978],[25.98066,43.06211],[26.01528,43.04586],[26.0502,43.04324],[26.07956,43.02648],[26.12782,43.00756],[26.17658,42.93811],[26.21028,42.87897],[26.28114,42.78626],[26.2843,42.76712],[26.27999,42.74536],[26.2893,42.72095],[26.30771,42.70512],[26.3368,42.6883],[26.35841,42.66887],[26.37089,42.64086],[26.39651,42.59654],[26.40988,42.56279],[26.44269,42.53852],[26.51475,42.49829],[26.53013,42.48412],[26.54155,42.46184],[26.5454,42.38846],[26.54393,42.33208],[26.53763,42.24039],[26.53086,42.20101]],[[25.66939,43.45414],[25.66368,43.48136]]]}},{"type":"Feature","properties":{"id":691,"name":null,"kind":"Main Road","period":"RL","known":"0"},"geometry":{"type":"MultiLineString","coordinates":[[[27.70169,42.42072],[27.69757,42.41267],[27.68543,42.40594],[27.66216,42.40417],[27.61055,42.43704],[27.5787,42.44041],[27.46393,42.41991],[27.42651,42.4073],[27.35496,42.39585],[27.30448,42.40153],[27.29839,42.38942],[27.26648,42.37525],[27.17492,42.35818],[27.1425,42.3478],[27.08945,42.35315],[27.01258,42.37783],[26.979,42.39249],[26.9256,42.39967],[26.88628,42.40026],[26.79972,42.4356],[26.71961,42.4792],[26.65286,42.48704],[26.60054,42.48638],[26.40658,42.50232],[26.34618,42.50276],[26.28452,42.51081],[26.21894,42.5107],[26.17503,42.52223],[26.13884,42.51892],[26.10168,42.52133],[25.95764,42.48854],[25.79921,42.46387],[25.67479,42.44027],[25.64126,42.43702],[25.60082,42.41366],[25.56468,42.38099],[25.40599,42.28759],[25.25484,42.2413],[25.20852,42.22299],[25.07699,42.2207],[24.98895,42.21356],[24.93184,42.21713],[24.87354,42.21475],[24.83309,42.20761],[24.79264,42.19571],[24.72721,42.17073],[24.73527,42.14591],[24.53254,42.14055],[24.44117,42.13163],[24.4025,42.13639],[24.37038,42.14948],[24.33885,42.1703],[24.25319,42.20361],[24.21929,42.21313],[24.17455,42.24109],[24.14838,42.25239],[24.11902,42.25829],[24.10555,42.26726],[24.0526,42.28213],[24.02465,42.29819],[23.96283,42.31723],[23.92178,42.344],[23.85694,42.37969],[23.804,42.41954],[23.78128,42.44286],[23.75391,42.48331],[23.72476,42.55886],[23.69383,42.58682],[23.66263,42.60588]],[[27.69675,42.41722],[27.69275,42.3994],[27.69644,42.37261],[27.71265,42.34835],[27.75564,42.30064],[27.73681,42.2658],[27.73896,42.25004],[27.74769,42.23319],[27.86552,42.13696],[27.9279,42.1018],[27.96104,42.07719],[27.98757,42.03778],[28.02491,41.96417],[28.047,41.89265],[28.03122,41.89945],[28.00762,41.90091],[27.98105,41.89261],[27.96771,41.86461],[27.96301,41.83566]]]}},{"type":"Feature","properties":{"id":695,"name":null,"kind":"Secondary Road","period":"RL","known":"0"},"geometry":{"type":"LineString","coordinates":[[27.25897,44.11991],[27.28479,44.10515],[27.32263,44.07588],[27.44684,43.95952],[27.45683,43.90741],[27.45326,43.86815],[27.45683,43.82604],[27.45326,43.67399],[27.43541,43.5819],[27.4347,43.49553],[27.42685,43.43128],[27.42812,43.31317],[27.4493,43.29538],[27.51233,43.22645],[27.5722,43.17861],[27.6362,43.11941],[27.63392,43.0979],[27.6246,43.07003],[27.62918,43.0374],[27.64114,42.98981],[27.66111,42.96028],[27.67402,42.92441],[27.6783,42.8937],[27.67106,42.86989],[27.62982,42.80668],[27.62396,42.77328],[27.61057,42.73737],[27.60446,42.70589],[27.6049,42.66522],[27.59808,42.62013],[27.61016,42.59005],[27.62241,42.57742],[27.46598,42.5712],[27.41809,42.55777],[27.3085,42.51812],[27.2928,42.48199],[27.29642,42.45708],[27.29486,42.43177],[27.30448,42.40153],[27.35496,42.39585],[27.42651,42.4073],[27.46393,42.41991],[27.49736,42.42504],[27.5077,42.36908],[27.50767,42.33228],[27.49513,42.27322],[27.45714,42.21023],[27.45295,42.14795],[27.44727,42.1146],[27.44985,42.07803],[27.44284,42.01749],[27.42665,41.98525],[27.40372,41.96409],[27.3842,41.93739],[27.3752,41.90959],[27.34749,41.8861],[27.32546,41.85919],[27.32025,41.84136]]}},{"type":"Feature","properties":{"id":696,"name":null,"kind":"Secondary Road","period":"RL","known":"0"},"geometry":{"type":"LineString","coordinates":[[27.90872,43.21908],[27.87641,43.22255],[27.82125,43.21853],[27.75926,43.22561],[27.62309,43.25038],[27.57045,43.26581],[27.47421,43.30701],[27.43573,43.31569],[27.39863,43.31477],[27.35018,43.31877],[27.25183,43.3363],[27.20946,43.33488],[27.18402,43.32703],[27.1367,43.32325],[26.9378,43.31875],[26.82767,43.32518],[26.71744,43.33777],[26.65176,43.33277],[26.61036,43.34134],[26.57395,43.33706],[26.47616,43.34919],[26.42619,43.34848],[26.33717,43.34134],[26.30434,43.35133],[26.26508,43.35633],[26.20369,43.36204],[26.13302,43.36204],[26.0288,43.34562],[26.00238,43.33206],[25.92243,43.31564],[25.80751,43.28566],[25.78109,43.27495],[25.73213,43.26496],[25.7257,43.25996],[25.67645,43.2464],[25.66003,43.23783],[25.63798,43.23494],[25.53139,43.23589],[25.48113,43.24541],[25.44591,43.24826],[25.31171,43.24731],[25.16837,43.21876],[24.97421,43.18925],[24.74178,43.14262],[24.67992,43.14357],[24.66183,43.15118],[24.60187,43.15213],[24.35041,43.18069],[24.26951,43.18545],[24.06012,43.21115],[24.03575,43.21962],[23.64457,43.27758]]}},{"type":"Feature","properties":{"id":698,"name":null,"kind":"Secondary Road","period":"RL","known":"0"},"geometry":{"type":"MultiLineString","coordinates":[[[27.7125,42.66561],[27.68652,42.66366],[27.63382,42.64611],[27.61007,42.60942],[27.62241,42.57742]],[[28.77429,44.55272],[28.74574,44.52917],[28.7336,44.50632],[28.67078,44.48134],[28.59726,44.44137],[28.54301,44.40496],[28.53158,44.38925],[28.53606,44.34217],[28.54779,44.31007],[28.55636,44.27223],[28.56585,44.25006],[28.59155,44.2315],[28.62367,44.21579],[28.64366,44.19366],[28.62224,44.15869],[28.61725,44.14013],[28.61653,44.09087],[28.62581,44.06874],[28.63631,44.05309],[28.63723,44.01592],[28.59583,43.93811],[28.57798,43.91884],[28.58155,43.9017],[28.57941,43.88172],[28.56799,43.8553],[28.55871,43.76536],[28.553,43.7418],[28.53658,43.70968],[28.52873,43.68327],[28.53016,43.654],[28.55565,43.5791],[28.56728,43.56334],[28.58298,43.56049],[28.58798,43.5355],[28.58441,43.51195],[28.57013,43.48696],[28.55143,43.469],[28.54757,43.45711],[28.52619,43.43631],[28.43958,43.40536],[28.46333,43.38561],[28.43407,43.40693],[28.41703,43.41549],[28.38102,43.42665],[28.33543,43.42939],[28.28818,43.42424],[28.21909,43.42338],[28.1716,43.42009],[28.12388,43.40967],[28.09376,43.39592],[28.07622,43.37655],[28.04275,43.31997],[28.03453,43.29018],[28.01135,43.2593],[27.98259,43.24186],[27.90872,43.21908],[27.89005,43.20026],[27.89476,43.18509],[27.90497,43.16837],[27.92464,43.1601],[27.90593,43.1025],[27.86737,43.03569],[27.86788,43.01246],[27.88481,42.92645],[27.87615,42.87348],[27.86596,42.85141],[27.86932,42.80708],[27.87555,42.78041],[27.87528,42.76295],[27.86823,42.73724],[27.87811,42.72246],[27.87186,42.71038],[27.85105,42.70885],[27.79459,42.71824],[27.70707,42.72041],[27.68927,42.70068],[27.69193,42.6815],[27.71277,42.66369]],[[29.14798,45.01101],[29.0973,45.01101],[28.94097,45.03885],[28.92098,45.03599],[28.891,45.03885],[28.86602,45.03171],[28.84603,45.01815],[28.83746,44.99745],[28.81605,44.98103],[28.81034,44.96461],[28.8339,44.94391],[28.83961,44.92178],[28.83746,44.8918],[28.85781,44.85753],[28.87209,44.85254],[28.88351,44.8354],[28.89421,44.80971],[28.92134,44.76973],[28.81926,44.7476],[28.7957,44.73475],[28.78428,44.72404],[28.77929,44.7112],[28.74716,44.69692],[28.73788,44.68978],[28.72075,44.6598],[28.72646,44.61554],[28.70291,44.55843],[28.6822,44.52203],[28.67078,44.48134]]]}},{"type":"Feature","properties":{"id":700,"name":null,"kind":"Main Road","period":"R","known":"0"},"geometry":{"type":"LineString","coordinates":[[27.96556,41.83606],[28.00253,41.76726],[28.02251,41.73907],[28.06677,41.68475],[28.08862,41.67761],[28.07888,41.66296],[28.08266,41.6336],[28.1044,41.60903],[28.1511,41.57056],[28.17596,41.53924],[28.2183,41.51612],[28.33441,41.45812],[28.66375,41.33436],[28.70949,41.31826],[28.76646,41.30461],[28.86049,41.26898],[28.8939,41.25895],[28.92881,41.25597],[28.95972,41.2475],[29.03008,41.2363],[29.07051,41.24579],[29.09014,41.23484],[29.10023,41.22677],[29.09735,41.21094],[29.03407,41.16584],[29.02398,41.15303],[29.04453,41.13347],[29.05574,41.11505],[29.043,41.10556],[29.03082,41.07004],[29.02987,41.05781],[28.9989,41.04717],[28.97726,41.03536]]}},{"type":"Feature","properties":{"id":701,"name":null,"kind":"Secondary Road","period":"RL","known":"0"},"geometry":{"type":"LineString","coordinates":[[27.32025,41.84136],[27.31803,41.8293],[27.3743,41.78427],[27.37676,41.76702],[27.51715,41.66295],[27.53528,41.63297],[27.56613,41.62841],[27.6057,41.62799],[27.68166,41.61641],[27.72539,41.60231],[27.81394,41.56544],[27.85208,41.54042],[27.88375,41.51141],[27.90689,41.47654],[27.93452,41.40717],[27.93655,41.39164],[27.98452,41.34294],[28.01818,41.27924],[28.03641,41.26317],[28.06855,41.24637],[28.10894,41.23713],[28.13636,41.23911],[28.14942,41.24528],[28.16466,41.23419],[28.20774,41.22162],[28.24537,41.2156],[28.29591,41.1983],[28.31668,41.19803],[28.33431,41.20449],[28.36672,41.20328],[28.40807,41.18528],[28.46953,41.17214],[28.48157,41.16774],[28.49195,41.15802],[28.57284,41.13571],[28.61412,41.13676],[28.64065,41.12637],[28.65535,41.11866],[28.68614,41.09115],[28.70223,41.07136],[28.72146,41.06395],[28.73802,41.05983],[28.75814,41.06463],[28.90758,41.02222],[28.9562,41.01838]]}},{"type":"Feature","properties":{"id":702,"name":null,"kind":"Secondary Road","period":"RL","known":"0"},"geometry":{"type":"LineString","coordinates":[[27.07706,41.44423],[27.10428,41.43253],[27.16124,41.42329],[27.29506,41.42725],[27.39262,41.40895],[27.4341,41.37739],[27.50032,41.33384],[27.53521,41.31567],[27.57377,41.28733],[27.63531,41.27645],[27.68176,41.25739],[27.78259,41.19371],[27.80634,41.17114],[27.82026,41.15304],[27.83486,41.11237],[27.83463,41.09668],[27.84647,41.07669],[27.85193,41.05274],[27.86671,41.02775],[27.88308,41.0081],[27.93149,40.98911],[27.94631,40.97409]]}},{"type":"Feature","properties":{"id":703,"name":null,"kind":"Secondary Road","period":"R","known":"0"},"geometry":{"type":"LineString","coordinates":[[27.06469,40.97775],[27.07151,41.00968],[27.08263,41.02804]]}},{"type":"Feature","properties":{"id":704,"name":null,"kind":"Main Road","period":"RL","known":"0"},"geometry":{"type":"LineString","coordinates":[[27.05863,40.97202],[27.09269,40.97488],[27.11866,40.97008],[27.17568,40.97308],[27.18807,40.98281],[27.2168,40.97473],[27.23038,40.96018],[27.29769,40.95524],[27.35195,40.96139],[27.4571,40.96662],[27.50017,40.98178],[27.56207,40.99157],[27.66789,41.02037],[27.74598,41.02541],[27.77193,41.02447],[27.83916,41.00416],[27.86548,40.9905],[27.87722,40.97966],[27.92639,40.97846],[27.94631,40.97409],[27.9577,40.98569],[27.98579,41.02785],[28.02051,41.049],[28.05752,41.06247],[28.1346,41.07591],[28.20257,41.07984],[28.22989,41.08864],[28.24446,41.08577],[28.26651,41.07463],[28.35535,41.06625],[28.43068,41.05196],[28.44476,41.04219],[28.51246,41.01559],[28.54212,41.01566],[28.5897,41.02769],[28.61447,41.02546],[28.68489,41.00772],[28.70671,40.99745],[28.77851,40.9895],[28.81426,40.98111],[28.89184,40.99005],[28.94128,41.00885]]}},{"type":"Feature","properties":{"id":705,"name":null,"kind":"Main Road","period":"RL","known":"0"},"geometry":{"type":"LineString","coordinates":[[29.02628,40.99766],[29.03215,40.99119],[29.08266,40.96508],[29.10535,40.95772],[29.14564,40.91825],[29.1885,40.90236],[29.20021,40.90113],[29.26675,40.87982],[29.27543,40.87059],[29.31694,40.85456],[29.33209,40.84474],[29.35583,40.81398],[29.37204,40.80617],[29.46479,40.7902],[29.57544,40.78687],[29.64158,40.7926],[29.67758,40.79171],[29.82306,40.77251],[29.92526,40.76662]]}},{"type":"Feature","properties":{"id":707,"name":null,"kind":"Secondary Road","period":"RL","known":"0"},"geometry":{"type":"LineString","coordinates":[[29.02628,40.99766],[29.0266,41.00646],[29.02074,41.02464],[29.05647,41.04853],[29.0805,41.09724],[29.10078,41.11332],[29.10576,41.12381],[29.10355,41.13293],[29.08735,41.14673],[29.08493,41.15769],[29.08797,41.16344],[29.12716,41.18624],[29.13531,41.20156],[29.14679,41.20875],[29.17177,41.21584],[29.22212,41.21522],[29.22874,41.2221],[29.25403,41.22641],[29.29936,41.21525],[29.40755,41.20039],[29.51053,41.17586],[29.58882,41.16462],[29.61055,41.16771],[29.62173,41.17852],[29.63491,41.16909],[29.7284,41.15212],[29.76065,41.16038],[29.77493,41.15191],[29.79598,41.14937],[29.80643,41.14254],[29.83287,41.13473],[29.85991,41.13342],[29.86435,41.13829],[29.88539,41.13573],[29.90591,41.13868],[30.01181,41.13135],[30.03443,41.13809],[30.17383,41.13881],[30.19664,41.14366],[30.2331,41.1603],[30.26017,41.18662],[30.28732,41.19814],[30.31194,41.19659],[30.33951,41.18773]]}},{"type":"Feature","properties":{"id":708,"name":null,"kind":"Secondary Road","period":"RL","known":"0"},"geometry":{"type":"LineString","coordinates":[[29.62097,41.17385],[29.62982,41.15862],[29.66064,41.13167],[29.66704,41.11631],[29.66817,41.09232],[29.67741,41.08543],[29.69555,41.0624],[29.69374,41.00588],[29.69752,40.99222],[29.70831,40.98172],[29.74694,40.92285],[29.78115,40.92197],[29.80691,40.89473],[29.82129,40.88442],[29.85453,40.86775],[29.92503,40.84291],[29.93929,40.83351],[29.939,40.81039],[29.92526,40.76662]]}},{"type":"Feature","properties":{"id":1183,"name":"Via Cornelia","kind":"Main Road","period":"HRL","known":"1"},"geometry":{"type":"MultiLineString","coordinates":[[[11.18017,42.56068],[11.22406,42.52519],[11.24048,42.50413],[11.25154,42.46701],[11.26194,42.44764],[11.28399,42.43241],[11.29139,42.41405],[11.37197,42.41129],[11.59441,42.35808],[11.71059,42.25055],[11.78019,42.11634],[11.84213,42.04319],[11.92269,42.04009],[12.07314,41.97732],[12.10954,41.95237],[12.12258,41.94695],[12.12819,41.93971],[12.17835,41.93457],[12.20253,41.91915],[12.21519,41.91725],[12.235,41.9224],[12.27031,41.90717],[12.29924,41.90765],[12.31447,41.90127],[12.31666,41.89471],[12.33493,41.88576],[12.35302,41.88395],[12.36427,41.88927],[12.39347,41.88804],[12.40901,41.89264],[12.42392,41.90223],[12.43845,41.90237],[12.44477,41.90598],[12.46505,41.90273]],[[11.73967,42.19672],[11.70809,42.21735],[11.71281,42.24662]],[[11.2866,42.42593],[11.30398,42.41362]]]}},{"type":"Feature","properties":{"id":1184,"name":"Via Aurelia","kind":"Main Road","period":"R","known":"1"},"geometry":{"type":"LineString","coordinates":[[12.40901,41.89264],[12.46005,41.89215]]}},{"type":"Feature","properties":{"id":1185,"name":"Via Campana?","kind":"Main Road","period":"ACHRL","known":"1"},"geometry":{"type":"LineString","coordinates":[[12.46405,41.86659],[12.45054,41.84189],[12.44383,41.83725],[12.42435,41.83922],[12.39699,41.82518],[12.3889,41.8278],[12.37337,41.82649],[12.34208,41.81756],[12.28189,41.79339],[12.27343,41.78296]]}},{"type":"Feature","properties":{"id":1186,"name":"Via Ostiensis","kind":"Main Road","period":"R","known":"1"},"geometry":{"type":"LineString","coordinates":[[12.29369,41.75848],[12.3828,41.79325],[12.41068,41.79446],[12.41868,41.79979],[12.42207,41.80924],[12.4749,41.84931],[12.48054,41.87587],[12.48903,41.88437]]}},{"type":"Feature","properties":{"id":1187,"name":"Via Laurentina","kind":"Main Road","period":"ACHRL","known":"1"},"geometry":{"type":"LineString","coordinates":[[12.46519,41.8452],[12.44753,41.79272],[12.4418,41.78247],[12.43019,41.77237],[12.43336,41.76845],[12.43019,41.75986],[12.43246,41.75126],[12.42582,41.7392],[12.42718,41.72729],[12.41908,41.71592],[12.45428,41.67793],[12.46485,41.66886],[12.4757,41.66622]]}},{"type":"Feature","properties":{"id":1190,"name":"Via Cassia","kind":"Main Road","period":"R","known":"1"},"geometry":{"type":"LineString","coordinates":[[12.48243,41.8955],[12.46263,41.94889],[12.45436,41.95842],[12.39044,41.99739],[12.37381,42.01627],[12.37137,42.04383],[12.35121,42.08374],[12.34927,42.13349],[12.34022,42.15252],[12.27581,42.22245],[12.17542,42.25215],[12.1165,42.28749],[12.06152,42.34014],[12.05766,42.38505],[12.06751,42.40808],[12.06294,42.43475],[12.05985,42.49958],[12.03803,42.51582]]}},{"type":"Feature","properties":{"id":1191,"name":"Via Salaria","kind":"Main Road","period":"ACHRL","known":"1"},"geometry":{"type":"MultiLineString","coordinates":[[[12.55078,42.04338],[12.52908,42.02244],[12.51899,42.01977],[12.51775,42.00559],[12.50786,41.99284],[12.50253,41.97666],[12.50952,41.93084],[12.48973,41.9098]],[[12.51856,42.01484],[12.52596,42.02161]]]}},{"type":"Feature","properties":{"id":1192,"name":"Via Tiburtina","kind":"Main Road","period":"ACHRL","known":"1"},"geometry":{"type":"LineString","coordinates":[[12.49942,41.89778],[12.51856,41.90209],[12.52469,41.90786],[12.54182,41.90858],[12.56068,41.91488],[12.57823,41.93124],[12.65787,41.94254],[12.70456,41.95399],[12.72345,41.95191],[12.74513,41.9541],[12.77759,41.96229],[12.79291,41.96952]]}},{"type":"Feature","properties":{"id":1193,"name":"Via Valeria","kind":"Main Road","period":"ACHRL","known":"1"},"geometry":{"type":"LineString","coordinates":[[12.7997,41.96774],[12.81559,41.95851],[12.84652,41.99058],[12.85633,41.98801],[12.87413,41.99953],[12.87917,42.01038],[12.88783,42.01895],[12.91715,42.0219],[12.94894,42.04093],[12.95665,42.04198],[12.99948,42.02361],[13.01825,42.02983],[13.03213,42.04349]]}},{"type":"Feature","properties":{"id":1194,"name":"Via Nomentana","kind":"Main Road","period":"ACHRL","known":"1"},"geometry":{"type":"LineString","coordinates":[[12.64225,42.02047],[12.6326,42.0005],[12.61994,41.99774],[12.61137,41.97042],[12.57397,41.95396],[12.5693,41.94806],[12.52943,41.93351],[12.51658,41.9196],[12.48669,41.89903],[12.48687,41.89481]]}},{"type":"Feature","properties":{"id":1195,"name":null,"kind":"Secondary Road","period":"R","known":"1"},"geometry":{"type":"LineString","coordinates":[[12.63132,41.45292],[12.65902,41.49585],[12.6654,41.51117],[12.70271,41.55543],[12.69385,41.59921],[12.68986,41.65365],[12.69186,41.6725]]}},{"type":"Feature","properties":{"id":1196,"name":null,"kind":"Secondary Road","period":"R","known":"0"},"geometry":{"type":"LineString","coordinates":[[12.65618,41.45799],[12.66948,41.48971],[12.67939,41.49718],[12.71042,41.53411],[12.72615,41.5414],[12.73132,41.5653]]}},{"type":"Feature","properties":{"id":1197,"name":null,"kind":"Secondary Road","period":"R","known":"1"},"geometry":{"type":"LineString","coordinates":[[12.77372,41.68445],[12.75811,41.61047],[12.74191,41.57792],[12.73132,41.5653]]}},{"type":"Feature","properties":{"id":1198,"name":null,"kind":"Secondary Road","period":"R","known":"0"},"geometry":{"type":"LineString","coordinates":[[12.78154,41.68401],[12.80723,41.67121],[12.81158,41.65922],[12.85798,41.60182],[12.90352,41.57755],[12.92387,41.57191],[12.95392,41.55464],[12.97912,41.55578]]}},{"type":"Feature","properties":{"id":1199,"name":null,"kind":"Secondary Road","period":"R","known":"0"},"geometry":{"type":"LineString","coordinates":[[12.73051,41.5399],[12.74086,41.5489],[12.76342,41.55561],[12.78548,41.57645],[12.8251,41.5978]]}},{"type":"Feature","properties":{"id":1200,"name":"Via Ardeatina","kind":"Main Road","period":"ACHRL","known":"1"},"geometry":{"type":"LineString","coordinates":[[12.5417,41.60903],[12.53271,41.61785],[12.54449,41.65497],[12.54089,41.66905],[12.53628,41.67353],[12.54496,41.70256],[12.53765,41.72207],[12.51778,41.75562],[12.52539,41.77311],[12.51778,41.78096],[12.51254,41.79583],[12.51088,41.81844],[12.51552,41.83474],[12.4991,41.84592],[12.4918,41.86109],[12.49463,41.86716],[12.48883,41.87563],[12.48137,41.87721]]}},{"type":"Feature","properties":{"id":1201,"name":"Via Portuensis?","kind":"Main Road","period":"ACHRL","known":"1"},"geometry":{"type":"LineString","coordinates":[[12.34918,41.81975],[12.35583,41.8274],[12.36454,41.82804],[12.38011,41.84018],[12.40873,41.84325],[12.42315,41.85096],[12.44092,41.85317],[12.46405,41.86659],[12.46976,41.88079],[12.4792,41.88784]]}},{"type":"Feature","properties":{"id":1202,"name":null,"kind":"Main Road","period":"R","known":"0"},"geometry":{"type":"LineString","coordinates":[[12.61959,41.45359],[12.63838,41.59572],[12.65421,41.64248],[12.64552,41.70625],[12.62042,41.72124],[12.61292,41.73087],[12.61185,41.7411],[12.6197,41.75383]]}},{"type":"Feature","properties":{"id":1203,"name":"Via Traiana Nova","kind":"Main Road","period":"R","known":"1"},"geometry":{"type":"LineString","coordinates":[[11.98234,42.64821],[12.00154,42.76913],[12.00596,42.82638],[12.00298,42.83725],[12.01902,42.87266]]}},{"type":"Feature","properties":{"id":1204,"name":"Via Flaminia","kind":"Main Road","period":"R","known":"0"},"geometry":{"type":"LineString","coordinates":[[12.51463,42.5223],[12.53236,42.52566],[12.54783,42.53398],[12.55526,42.54201],[12.57876,42.55391],[12.60256,42.55868],[12.63557,42.55837],[12.7013,42.5899],[12.72897,42.61191],[12.72778,42.63243],[12.73402,42.66128],[12.72688,42.67288],[12.71408,42.71066],[12.74091,42.74982],[12.75514,42.77877],[12.76718,42.82061],[12.74027,42.86741],[12.71142,42.92897],[12.70197,42.9597]]}},{"type":"Feature","properties":{"id":1205,"name":"Via Claudia Nova","kind":"Main Road","period":"R","known":"0"},"geometry":{"type":"LineString","coordinates":[[13.75741,42.21868],[13.67381,42.27092],[13.64839,42.29183],[13.44849,42.33323],[13.33636,42.36708],[13.30063,42.36913],[13.28304,42.35643],[13.22953,42.34244],[13.20854,42.3473],[13.17701,42.36329]]}},{"type":"Feature","properties":{"id":1206,"name":"Via Caecilia","kind":"Main Road","period":"R","known":"0"},"geometry":{"type":"LineString","coordinates":[[13.2823,42.36],[13.29379,42.37666],[13.30015,42.39962],[13.3344,42.45304],[13.36047,42.48706],[13.48235,42.55381],[13.51268,42.55262],[13.52447,42.56773],[13.54482,42.56202],[13.55374,42.56273],[13.56623,42.57058],[13.57424,42.58196],[13.58443,42.58414],[13.59229,42.58379],[13.59764,42.57843],[13.61013,42.57736],[13.63512,42.57701],[13.64689,42.58165],[13.65885,42.58022],[13.6792,42.58664],[13.68848,42.59342],[13.70579,42.59699],[13.71096,42.60663],[13.71988,42.61198],[13.75681,42.60802],[13.77887,42.61068],[13.80349,42.61924],[13.82562,42.61781],[13.93537,42.58141],[13.96286,42.58462]]}},{"type":"Feature","properties":{"id":1207,"name":null,"kind":"Secondary Road","period":"R"},"geometry":{"type":"LineString","coordinates":[[13.77795,41.2423],[13.79926,41.2489],[13.85588,41.24248],[13.91526,41.2442],[13.92221,41.23397],[13.95539,41.23757],[13.97125,41.24436],[14.00286,41.24138],[14.00931,41.25437],[14.04682,41.25692]]}},{"type":"Feature","properties":{"id":1208,"name":"Via Clodia","kind":"Secondary Road","period":"R","known":"0"},"geometry":{"type":"LineString","coordinates":[[12.17168,42.13275],[12.11069,42.19716],[12.01808,42.28627],[11.94942,42.33416],[11.92109,42.38619],[11.84566,42.43913],[11.72426,42.49782]]}},{"type":"Feature","properties":{"id":1210,"name":"Via Amerina","kind":"Secondary Road","period":"R","known":"1"},"geometry":{"type":"LineString","coordinates":[[12.34927,42.13349],[12.34464,42.17478],[12.33293,42.21325],[12.36021,42.30909],[12.35164,42.34431],[12.34999,42.39803],[12.35346,42.45111],[12.36342,42.4733],[12.37166,42.48136],[12.38951,42.48956],[12.38781,42.50742]]}},{"type":"Feature","properties":{"id":1211,"name":"Via Salaria","kind":"Main Road","period":"R","known":"0"},"geometry":{"type":"LineString","coordinates":[[12.60745,42.08545],[12.62404,42.10574],[12.64143,42.11937],[12.64826,42.13505],[12.65986,42.14189],[12.68544,42.15111],[12.78925,42.17342],[12.81453,42.19691],[12.8178,42.21535],[12.84784,42.25967],[12.84724,42.29001],[12.84992,42.31232],[12.85557,42.32749],[12.86027,42.40588]]}},{"type":"Feature","properties":{"id":1062,"name":null,"kind":"Main Road","period":"R","known":"0"},"geometry":{"type":"LineString","coordinates":[[38.73995,39.99824],[38.75739,39.96679],[38.76646,39.95639],[38.7828,39.94507],[38.80752,39.93716],[38.85713,39.93575],[38.94871,39.95137],[39.02492,39.9456],[39.03088,39.94911],[39.03386,39.95651],[39.04317,39.96112],[39.0503,39.9583]]}},{"type":"Feature","properties":{"id":1063,"name":null,"kind":"Secondary Road","period":"R","known":"0"},"geometry":{"type":"LineString","coordinates":[[38.78041,39.94579],[38.80482,39.90967],[38.82367,39.85245]]}},{"type":"Feature","properties":{"id":1064,"name":null,"kind":"Secondary Road","period":"R","known":"0"},"geometry":{"type":"LineString","coordinates":[[38.85118,39.82686],[38.86372,39.82007],[38.87124,39.79969],[38.97197,39.77601],[39.00595,39.77393],[39.01985,39.76392],[39.02587,39.74611],[39.03463,39.73256]]}},{"type":"Feature","properties":{"id":1065,"name":null,"kind":"Secondary Road","period":"R","known":"0"},"geometry":{"type":"LineString","coordinates":[[39.03243,39.67999],[39.03692,39.67478],[39.04068,39.65958]]}},{"type":"Feature","properties":{"id":1066,"name":null,"kind":"Secondary Road","period":"R","known":"0"},"geometry":{"type":"LineString","coordinates":[[38.90826,39.94429],[38.91928,39.9388],[38.9315,39.91571],[38.94466,39.87187],[38.94111,39.85634],[38.92159,39.82204],[38.92264,39.81385],[38.95441,39.78052]]}},{"type":"Feature","properties":{"id":1067,"name":null,"kind":"Secondary Road","period":"R","known":"1"},"geometry":{"type":"LineString","coordinates":[[38.82226,39.85565],[38.83168,39.83895],[38.85105,39.82499],[38.85749,39.82409]]}},{"type":"Feature","properties":{"id":1068,"name":null,"kind":"Secondary Road","period":"R","known":"1"},"geometry":{"type":"LineString","coordinates":[[39.03252,39.73704],[39.03138,39.72141],[39.0213,39.70555],[39.02067,39.6968],[39.03467,39.67739]]}},{"type":"Feature","properties":{"id":1069,"name":null,"kind":"Secondary Road","period":"R","known":"1"},"geometry":{"type":"LineString","coordinates":[[36.50802,38.02853],[36.51242,38.01663],[36.51044,38.00111]]}},{"type":"Feature","properties":{"id":1070,"name":null,"kind":"Secondary Road","period":"R","known":"1"},"geometry":{"type":"LineString","coordinates":[[36.50889,38.00094],[36.50541,37.96152],[36.49758,37.94143]]}},{"type":"Feature","properties":{"id":1071,"name":null,"kind":"Secondary Road","period":"R","known":"0"},"geometry":{"type":"LineString","coordinates":[[36.49639,37.94241],[36.48374,37.92336],[36.46636,37.9092]]}},{"type":"Feature","properties":{"id":1072,"name":null,"kind":"Secondary Road","period":"R","known":"0"},"geometry":{"type":"LineString","coordinates":[[36.49761,37.94239],[36.50323,37.92497],[36.51964,37.90255]]}},{"type":"Feature","properties":{"id":1073,"name":null,"kind":"Secondary Road","period":"R","known":"0"},"geometry":{"type":"LineString","coordinates":[[35.69812,36.98544],[35.70422,36.99594],[35.71631,37.00639],[35.73193,37.01202],[35.75863,37.04153],[35.77338,37.07114],[35.78919,37.08923],[35.81159,37.14853],[35.82501,37.16472],[35.86975,37.18925],[35.89046,37.21016],[35.90041,37.23214],[35.90649,37.23688],[35.92085,37.23386]]}},{"type":"Feature","properties":{"id":1074,"name":null,"kind":"Secondary Road","period":"R","known":"0"},"geometry":{"type":"LineString","coordinates":[[35.93539,37.24235],[35.95353,37.24984],[35.98661,37.28789],[36.00964,37.29915],[36.06456,37.34366],[36.11209,37.37574],[36.13174,37.39567]]}},{"type":"Feature","properties":{"id":1075,"name":null,"kind":"Secondary Road","period":"R","known":"0"},"geometry":{"type":"LineString","coordinates":[[36.24695,37.10131],[36.21652,37.13532],[36.19409,37.15193],[36.16593,37.18206],[36.12872,37.24205],[36.1102,37.2778],[36.09772,37.31637],[36.09368,37.35676],[36.09865,37.36534]]}},{"type":"Feature","properties":{"id":1076,"name":null,"kind":"Secondary Road","period":"R","known":"0"},"geometry":{"type":"LineString","coordinates":[[35.95231,37.24889],[35.96057,37.24016],[35.96624,37.21994],[35.9837,37.18808],[36.02956,37.13669],[36.0662,37.10844],[36.1278,37.07314],[36.14036,37.04229],[36.14114,37.02117],[36.13843,37.0049],[36.13348,36.99633],[36.12266,36.93221],[36.1246,36.90918],[36.14184,36.87541]]}},{"type":"Feature","properties":{"id":1077,"name":null,"kind":"Secondary Road","period":"R","known":"0"},"geometry":{"type":"LineString","coordinates":[[36.18234,37.1636],[36.14398,37.10364],[36.12433,37.07894]]}},{"type":"Feature","properties":{"id":1078,"name":null,"kind":"Main Road","period":"R","known":"0"},"geometry":{"type":"LineString","coordinates":[[35.53559,36.99039],[35.64154,36.95038],[35.66434,36.95884],[35.69809,36.98352],[35.7185,36.99007],[35.78202,37.00201],[35.8434,37.02926],[35.87116,37.04531],[35.9301,37.0639],[36.0907,37.0736],[36.11112,37.07719],[36.15889,37.07083],[36.19605,37.07322],[36.29533,37.12174],[36.40958,37.1872],[36.42651,37.19269],[36.50547,37.18373],[36.58629,37.19961],[36.60426,37.19834],[36.65785,37.18392],[36.79218,37.1823],[36.94555,37.19449],[36.97303,37.19101],[37.01343,37.17956],[37.03977,37.178],[37.11308,37.18111],[37.1518,37.18979],[37.17099,37.18933],[37.18984,37.18023],[37.21015,37.17781],[37.23543,37.18007],[37.28308,37.17119],[37.36698,37.16901],[37.4707,37.20943],[37.49895,37.22402],[37.54842,37.25625],[37.69942,37.31043],[37.71923,37.32232],[37.74608,37.33015],[37.78837,37.33366],[37.81523,37.34147],[37.85628,37.36805],[37.95426,37.44661],[38.08641,37.45949],[38.10919,37.45678],[38.16084,37.43094],[38.17188,37.4344]]}},{"type":"Feature","properties":{"id":1079,"name":null,"kind":"Main Road","period":"R","known":"0"},"geometry":{"type":"LineString","coordinates":[[35.71849,36.98911],[35.8352,36.95837],[35.87929,36.95028],[35.94464,36.92852],[35.97439,36.92245],[35.9996,36.92984],[36.00932,36.93932],[36.03075,36.93524],[36.10774,36.90172],[36.14071,36.8783],[36.18166,36.83846],[36.21056,36.79495],[36.21724,36.77282],[36.21542,36.74314],[36.21044,36.73266],[36.20855,36.69916],[36.2222,36.66928],[36.22415,36.64914],[36.19904,36.58436],[36.1626,36.54367],[36.16815,36.52445],[36.18206,36.50896],[36.23353,36.47571],[36.23766,36.44695],[36.24449,36.43441],[36.2417,36.41436],[36.18897,36.32515],[36.17146,36.27757],[36.16361,36.23942],[36.16321,36.21935],[36.16888,36.20781]]}},{"type":"Feature","properties":{"id":1080,"name":null,"kind":"Main Road","period":"R","known":"0"},"geometry":{"type":"LineString","coordinates":[[35.79331,36.7795],[35.85866,36.84886],[35.92325,36.93545]]}},{"type":"Feature","properties":{"id":1081,"name":null,"kind":"Main Road","period":"R","known":"1"},"geometry":{"type":"LineString","coordinates":[[35.53337,36.75077],[35.58938,36.75617],[35.67056,36.77476],[35.72416,36.77434],[35.7921,36.77855]]}},{"type":"Feature","properties":{"id":1082,"name":null,"kind":"Secondary Road","period":"R","known":"0"},"geometry":{"type":"LineString","coordinates":[[36.19421,36.58059],[36.16425,36.56663],[36.09386,36.54742],[36.04251,36.52889],[36.03152,36.51083],[35.999,36.48153],[35.97858,36.46548],[35.93091,36.44781],[35.91533,36.43649],[35.90198,36.41558],[35.96597,36.41969]]}},{"type":"Feature","properties":{"id":1083,"name":null,"kind":"Main Road","period":"R","known":"1"},"geometry":{"type":"LineString","coordinates":[[35.93988,36.12451],[35.97246,36.10027],[35.98281,36.08582],[35.99656,36.0637],[36.00307,36.0321],[36.02375,36.00416]]}},{"type":"Feature","properties":{"id":1084,"name":null,"kind":"Main Road","period":"R","known":"1"},"geometry":{"type":"LineString","coordinates":[[35.97131,36.10219],[36.00893,36.09891],[36.05605,36.10027],[36.07973,36.10763],[36.09049,36.11609],[36.12256,36.13003],[36.14409,36.14695],[36.15627,36.16687],[36.17733,36.21725],[36.18582,36.22861],[36.21451,36.24639],[36.23113,36.25094],[36.24173,36.24984],[36.25722,36.25631],[36.2785,36.25792],[36.31861,36.25638],[36.3374,36.25227]]}},{"type":"Feature","properties":{"id":1085,"name":null,"kind":"Main Road","period":"R","known":"1"},"geometry":{"type":"LineString","coordinates":[[36.15804,36.16783],[36.166,36.15339],[36.17103,36.11032],[36.16801,36.07692]]}},{"type":"Feature","properties":{"id":1086,"name":null,"kind":"Main Road","period":"R","known":"1"},"geometry":{"type":"LineString","coordinates":[[36.47693,36.23862],[36.56575,36.24952],[36.62681,36.23791],[36.67532,36.24178],[36.70006,36.24036],[36.73048,36.23116],[36.78035,36.20245],[36.78837,36.19464],[36.79029,36.18026],[36.79482,36.17443],[36.83894,36.1525]]}},{"type":"Feature","properties":{"id":1087,"name":null,"kind":"Main Road","period":"R","known":"0"},"geometry":{"type":"LineString","coordinates":[[36.34033,36.25226],[36.34837,36.24258],[36.35508,36.22622],[36.36295,36.15918],[36.36832,36.13712],[36.40585,36.03238],[36.40906,36.01895],[36.40514,36.00278]]}},{"type":"Feature","properties":{"id":1088,"name":null,"kind":"Main Road","period":"R","known":"0"},"geometry":{"type":"LineString","coordinates":[[36.83776,36.15252],[36.87927,36.12393],[36.88829,36.11131],[36.9204,36.08482],[36.95403,36.03439],[36.98371,36.00793]]}},{"type":"Feature","properties":{"id":1089,"name":null,"kind":"Main Road","period":"R","known":"0"},"geometry":{"type":"LineString","coordinates":[[36.3427,36.25222],[36.37242,36.26133],[36.44965,36.23333],[36.4674,36.23495],[36.47934,36.24049]]}},{"type":"Feature","properties":{"id":1090,"name":null,"kind":"Main Road","period":"R","known":"0"},"geometry":{"type":"LineString","coordinates":[[36.58227,36.24923],[36.62581,36.32878],[36.63674,36.3391],[36.64302,36.35238],[36.65762,36.36646],[36.6986,36.39248],[36.74187,36.41461],[36.78742,36.43284],[36.83257,36.47499],[36.85186,36.48512],[36.86894,36.50008],[36.88427,36.53423],[36.88021,36.55538],[36.86706,36.58917],[36.86874,36.60446],[36.90815,36.68314],[36.9215,36.72693],[36.92384,36.76138],[36.91721,36.77685],[36.88302,36.82455],[36.86677,36.83831],[36.8491,36.84539],[36.83868,36.85519],[36.80941,36.87305],[36.78568,36.87736],[36.75505,36.89043],[36.72352,36.91406],[36.71676,36.92761],[36.68753,36.94927],[36.67156,36.97546],[36.66383,36.99767],[36.64901,37.02288],[36.59652,37.07181],[36.57064,37.08857],[36.55213,37.11289],[36.50625,37.14534],[36.46589,37.16136],[36.43158,37.18016],[36.42589,37.19273]]}},{"type":"Feature","properties":{"id":1091,"name":null,"kind":"Main Road","period":"R","known":"0"},"geometry":{"type":"LineString","coordinates":[[36.16802,36.07787],[36.16758,36.0559],[36.1501,36.00455]]}},{"type":"Feature","properties":{"id":1092,"name":null,"kind":"Secondary Road","period":"R","known":"0"},"geometry":{"type":"LineString","coordinates":[[36.83834,36.15152],[36.86586,36.16433],[36.93244,36.18107],[37.02273,36.20009],[37.14852,36.22008]]}},{"type":"Feature","properties":{"id":1093,"name":null,"kind":"Secondary Road","period":"R","known":"0"},"geometry":{"type":"LineString","coordinates":[[36.24456,36.43728],[36.26846,36.44747],[36.31773,36.47834],[36.37568,36.5234],[36.39206,36.56336],[36.39766,36.5987],[36.43115,36.65659],[36.47814,36.72768],[36.51247,36.81143],[36.55372,36.88262],[36.55909,36.90458],[36.58191,36.95309],[36.63677,37.03364],[36.63438,37.0759],[36.64097,37.09689],[36.65591,37.11677],[36.69797,37.16109],[36.71418,37.1819],[36.71932,37.19333],[36.74014,37.20733],[36.7563,37.22526],[36.76807,37.25671]]}},{"type":"Feature","properties":{"id":1094,"name":null,"kind":"Secondary Road","period":"R","known":"0"},"geometry":{"type":"LineString","coordinates":[[36.8767,37.60335],[36.93657,37.5867],[36.97632,37.58296],[37.09642,37.56294],[37.15303,37.55872],[37.23954,37.547],[37.28983,37.53612],[37.33741,37.51856],[37.39875,37.5131],[37.52007,37.5271],[37.56026,37.53462],[37.69091,37.53948],[37.71888,37.54345],[37.79353,37.56329],[37.83311,37.55725],[37.88276,37.55952],[37.9091,37.55483],[37.96249,37.53578],[37.97786,37.5295],[38.03322,37.49209],[38.04265,37.48792],[38.069,37.48414]]}},{"type":"Feature","properties":{"id":1095,"name":null,"kind":"Secondary Road","period":"R","known":"0"},"geometry":{"type":"LineString","coordinates":[[36.9305,37.58587],[36.90578,37.56909],[36.89694,37.55774],[36.88583,37.55028],[36.86939,37.52754],[36.86539,37.51609]]}},{"type":"Feature","properties":{"id":1096,"name":null,"kind":"Secondary Road","period":"R","known":"0"},"geometry":{"type":"LineString","coordinates":[[37.25266,37.54283],[37.2602,37.51956],[37.31886,37.3883],[37.3087,37.34532],[37.29947,37.32538],[37.2951,37.30628],[37.27015,37.25312],[37.26834,37.2378],[37.27729,37.22124],[37.2958,37.20349],[37.36989,37.16603],[37.37477,37.13902],[37.3834,37.11575],[37.385,37.06771],[37.37811,37.04582],[37.36779,37.02786],[37.33723,36.98261],[37.29582,36.93379],[37.27283,36.89601],[37.26006,36.84455],[37.25425,36.78717],[37.24234,36.7568],[37.22632,36.74282],[37.17797,36.72389],[37.11958,36.72242]]}},{"type":"Feature","properties":{"id":710,"name":null,"kind":"Main Road","period":"RL","known":"0"},"geometry":{"type":"MultiLineString","coordinates":[[[29.86336,40.4258],[29.89315,40.43019],[29.93863,40.42158],[29.95689,40.40687],[29.96167,40.39421],[29.98145,40.37589]],[[29.65845,40.54548],[29.6565,40.51582],[29.66872,40.48973],[29.68569,40.47684],[29.70858,40.46521],[29.72967,40.44701],[29.72557,40.43939],[29.7297,40.43409],[29.80715,40.41994],[29.83376,40.41956],[29.86697,40.426]],[[29.97751,40.37937],[29.98821,40.36795],[30.05585,40.34017],[30.08059,40.33317],[30.11094,40.31723],[30.12072,40.30206],[30.12611,40.28204],[30.14428,40.26731],[30.1605,40.26077],[30.20876,40.25956],[30.26302,40.27246],[30.31889,40.2808],[30.39833,40.28105],[30.49179,40.28651]],[[29.92526,40.76662],[29.94914,40.76658],[29.95551,40.75029],[29.94873,40.71852],[29.9098,40.70627],[29.86011,40.70542],[29.83286,40.69839],[29.75876,40.66104],[29.69212,40.63513],[29.67252,40.59985],[29.63866,40.58684],[29.63603,40.57653],[29.66147,40.56412],[29.66255,40.5531],[29.65751,40.54266]]]}},{"type":"Feature","properties":{"id":713,"name":null,"kind":"Secondary Road","period":"R","known":"0"},"geometry":{"type":"LineString","coordinates":[[29.72241,40.4346],[29.71541,40.41944],[29.69908,40.40098]]}},{"type":"Feature","properties":{"id":715,"name":null,"kind":"Secondary Road","period":"L","known":"0"},"geometry":{"type":"LineString","coordinates":[[29.5116,40.73013],[29.50137,40.69904],[29.50562,40.65678],[29.51452,40.64066],[29.54648,40.61203],[29.56008,40.60484],[29.56064,40.59865],[29.5548,40.58942],[29.54719,40.58066],[29.53235,40.57149],[29.52948,40.56393],[29.53169,40.5539],[29.54326,40.54718],[29.55417,40.53488],[29.55536,40.52294],[29.56606,40.50048],[29.57743,40.49559],[29.6139,40.506],[29.63084,40.50605],[29.66533,40.4997]]}},{"type":"Feature","properties":{"id":716,"name":null,"kind":"Secondary Road","period":"L","known":"0"},"geometry":{"type":"LineString","coordinates":[[29.27867,40.65713],[29.27789,40.64137],[29.28608,40.60952],[29.30687,40.57289],[29.31258,40.55291],[29.31639,40.51619],[29.31589,40.49768],[29.31131,40.48355],[29.28303,40.4532],[29.26395,40.4391],[29.22427,40.42559],[29.17537,40.43088],[29.16108,40.44015]]}},{"type":"Feature","properties":{"id":718,"name":null,"kind":"Secondary Road","period":"R","known":"0"},"geometry":{"type":"LineString","coordinates":[[28.90395,40.3617],[28.90664,40.34783],[28.92065,40.32503],[28.92991,40.29314],[28.95984,40.26083],[28.96316,40.25139],[28.97085,40.24399],[29.0029,40.23376],[29.03218,40.2172]]}},{"type":"Feature","properties":{"id":719,"name":null,"kind":"Secondary Road","period":"R","known":"0"},"geometry":{"type":"LineString","coordinates":[[28.90424,40.35909],[28.93959,40.35084],[28.96581,40.35253]]}},{"type":"Feature","properties":{"id":720,"name":null,"kind":"Secondary Road","period":"R","known":"0"},"geometry":{"type":"LineString","coordinates":[[29.08853,40.19745],[29.10425,40.2002],[29.20899,40.19446]]}},{"type":"Feature","properties":{"id":722,"name":null,"kind":"Secondary Road","period":"C","known":"0"},"geometry":{"type":"MultiLineString","coordinates":[[[28.08824,40.1534],[28.07725,40.14139],[28.0601,40.13692],[28.00035,40.13166],[27.97415,40.13289]],[[27.04896,40.31687],[27.12714,40.31908],[27.17616,40.30557],[27.20988,40.28916],[27.22846,40.2835],[27.24534,40.2825],[27.27534,40.29219],[27.29716,40.29319],[27.33789,40.28613],[27.40708,40.26215],[27.46648,40.22533],[27.49082,40.21528],[27.51452,40.20998],[27.54179,40.20896],[27.60654,40.21651],[27.63165,40.21609],[27.65667,40.20846]]]}},{"type":"Feature","properties":{"id":723,"name":null,"kind":"Secondary Road","period":"RL","known":"0"},"geometry":{"type":"LineString","coordinates":[[28.0661,40.13897],[27.92023,40.09044],[27.87878,40.07289],[27.85971,40.05944],[27.84693,40.02967]]}},{"type":"Feature","properties":{"id":724,"name":null,"kind":"Secondary Road","period":"RL","known":"0"},"geometry":{"type":"LineString","coordinates":[[27.83301,40.30456],[27.79256,40.28625],[27.71383,40.24174],[27.69826,40.22532],[27.68203,40.19044],[27.66987,40.14869],[27.65717,40.11889],[27.61712,40.07573],[27.60386,40.06588],[27.58895,40.0607],[27.55384,40.0355],[27.54494,40.02439],[27.53896,40.00712]]}},{"type":"Feature","properties":{"id":725,"name":null,"kind":"Secondary Road","period":"R","known":"1"},"geometry":{"type":"LineString","coordinates":[[27.05409,40.38982],[27.07377,40.41313],[27.07746,40.42386]]}},{"type":"Feature","properties":{"id":726,"name":null,"kind":"Secondary Road","period":"RL","known":"0"},"geometry":{"type":"LineString","coordinates":[[29.16108,40.44015],[29.16155,40.422],[29.15193,40.41526],[29.14297,40.4024],[29.14955,40.37296],[29.14727,40.3298],[29.134,40.29298],[29.10959,40.27477],[29.1017,40.26286],[29.09532,40.24753],[29.09662,40.2248],[29.08674,40.1996],[29.05964,40.1856],[29.04193,40.20114],[29.03218,40.2172],[29.01494,40.21785],[28.9957,40.21574],[28.90055,40.18588],[28.84621,40.18057],[28.81979,40.18146],[28.69282,40.21073],[28.63055,40.21441],[28.60216,40.22213],[28.49896,40.23258],[28.47396,40.23084],[28.45175,40.2249],[28.4342,40.20873],[28.39094,40.13982],[28.36696,40.11089],[28.35662,40.08294],[28.34808,40.07794],[28.32881,40.07656],[28.2859,40.06295],[28.21278,39.99686],[28.19527,39.96688],[28.15928,39.87422],[28.14993,39.88136],[28.14705,39.90463],[28.15567,39.9307],[28.16806,39.95379],[28.17238,39.98738],[28.17232,40.06366],[28.168,40.08173],[28.16127,40.09403],[28.1102,40.12784],[28.09253,40.14413],[28.08325,40.16823],[28.071,40.24889],[28.06333,40.26832],[28.03992,40.28818],[28.02826,40.30699],[27.98275,40.34094],[27.92054,40.36194],[27.88845,40.38482],[27.85672,40.33118],[27.85413,40.31898],[27.83301,40.30456],[27.78448,40.30003],[27.72942,40.30537],[27.66164,40.30408],[27.61151,40.28813],[27.48379,40.29717],[27.46349,40.30034],[27.40675,40.31737],[27.39269,40.32824],[27.33627,40.35006],[27.31668,40.36287],[27.30259,40.37373],[27.29656,40.38685],[27.29684,40.39969],[27.3001,40.40637],[27.32211,40.41378],[27.30171,40.43214],[27.27379,40.44426],[27.23566,40.43951],[27.21018,40.42698],[27.18853,40.42437],[27.1699,40.43003],[27.16151,40.43734],[27.13906,40.44027],[27.09462,40.43573],[27.07746,40.42386]]}},{"type":"Feature","properties":{"id":728,"name":null,"kind":"Secondary Road","period":"R","known":"1"},"geometry":{"type":"LineString","coordinates":[[27.04896,40.31687],[26.91875,40.29129]]}},{"type":"Feature","properties":{"id":729,"name":null,"kind":"Main Road","period":"R","known":"1"},"geometry":{"type":"LineString","coordinates":[[28.62196,39.58729],[28.66634,39.62628],[28.72491,39.64594],[28.76025,39.6391],[28.80777,39.61925],[28.83819,39.60284],[28.85377,39.60204],[28.92176,39.61205],[28.96799,39.61415],[28.97173,39.6236],[28.98355,39.63543],[29.00505,39.64603],[29.07046,39.65853],[29.10392,39.66896],[29.1503,39.67005],[29.193,39.66075],[29.22773,39.65923],[29.25966,39.65016],[29.27979,39.6514],[29.31865,39.63261],[29.36696,39.61437],[29.38037,39.59953],[29.40542,39.58723],[29.43946,39.58007],[29.46294,39.55937],[29.47086,39.53959],[29.48477,39.51925],[29.49822,39.51544],[29.54857,39.51106],[29.58754,39.50138],[29.6078,39.50072],[29.68796,39.48234],[29.7174,39.48495],[29.7335,39.49047],[29.79891,39.48956],[29.83706,39.47513],[29.86482,39.45736],[29.88683,39.45029],[29.92385,39.44773],[29.94148,39.44962],[29.96867,39.42442],[29.98374,39.41512]]}},{"type":"Feature","properties":{"id":730,"name":null,"kind":"Secondary Road","period":"R","known":"0"},"geometry":{"type":"LineString","coordinates":[[29.11192,39.67223],[29.07534,39.71321],[29.05836,39.72687],[29.02201,39.77616],[29.00341,39.7934],[28.99431,39.81125],[28.99628,39.82613],[28.98406,39.8945],[28.99375,39.91542],[28.98978,39.92992]]}},{"type":"Feature","properties":{"id":731,"name":null,"kind":"Main Road","period":"R","known":"1"},"geometry":{"type":"LineString","coordinates":[[28.78126,39.16531],[28.80651,39.16149],[28.87965,39.1627],[28.9094,39.14995],[28.95882,39.10813],[28.97359,39.09163],[29.03395,39.09004],[29.06324,39.0809],[29.07378,39.07054],[29.1555,39.03348],[29.16718,39.02319],[29.20039,38.97565],[29.22707,38.96814],[29.28522,38.94053],[29.3194,38.9399],[29.34688,38.95905],[29.36794,38.96035],[29.38762,38.97533],[29.3948,38.98588],[29.40207,39.00746],[29.4133,39.02468],[29.40959,39.03825],[29.4112,39.0457],[29.52617,39.12338],[29.54307,39.14369],[29.57571,39.17228],[29.59227,39.18428],[29.68024,39.22802],[29.70799,39.24708],[29.73064,39.25757],[29.79243,39.30522],[29.86139,39.34035],[29.88033,39.35335],[29.89658,39.36989],[29.92759,39.39367],[29.94791,39.4049],[29.97329,39.41272],[30.03062,39.42133],[30.05955,39.42932],[30.10586,39.45569],[30.15983,39.5036],[30.20033,39.52963],[30.2407,39.54367],[30.32923,39.56473],[30.35863,39.58277],[30.38258,39.62352],[30.39493,39.63242],[30.44825,39.64977],[30.47194,39.66565],[30.48691,39.68662],[30.52898,39.81475]]}},{"type":"Feature","properties":{"id":732,"name":null,"kind":"Main Road","period":"R","known":"0"},"geometry":{"type":"LineString","coordinates":[[28.58764,38.58751],[28.62533,38.59566],[28.65235,38.59478],[28.66724,38.59765],[28.69754,38.63006],[28.71436,38.63673],[28.73063,38.63785],[28.80969,38.61109],[28.83479,38.60636],[28.86509,38.60748],[28.9345,38.61487],[28.95676,38.62552],[28.96721,38.63723],[28.99336,38.65548],[29.01381,38.66141],[29.06266,38.6646],[29.11918,38.67284],[29.14031,38.67236],[29.17779,38.66098],[29.20153,38.6579],[29.28622,38.65405],[29.31013,38.64911],[29.33125,38.64859],[29.37846,38.66802],[29.41829,38.67964],[29.51294,38.69363],[29.58333,38.69231]]}},{"type":"Feature","properties":{"id":733,"name":null,"kind":"Main Road","period":"R","known":"1"},"geometry":{"type":"LineString","coordinates":[[29.57578,38.69317],[29.65148,38.69763],[29.74771,38.72063],[29.79527,38.76373],[29.8243,38.80485],[29.83964,38.81673],[29.86323,38.82815],[29.8805,38.83187],[29.89735,38.84016],[29.90361,38.84877],[29.95429,38.87268],[29.96608,38.88527],[29.97086,38.89746],[29.9714,38.91769],[29.96725,38.93767],[29.96808,38.98088],[29.99569,39.02739],[29.99109,39.06573],[29.99147,39.12731],[29.98373,39.16089],[29.97529,39.17606],[29.95751,39.18979],[29.93646,39.20059],[29.88919,39.21361],[29.83216,39.21687],[29.69823,39.20835],[29.61532,39.19802]]}},{"type":"Feature","properties":{"id":734,"name":null,"kind":"Main Road","period":"R","known":"1"},"geometry":{"type":"LineString","coordinates":[[29.97638,39.17703],[30.05884,39.13922],[30.14829,39.11457],[30.20558,39.09276],[30.28615,39.07396]]}},{"type":"Feature","properties":{"id":735,"name":null,"kind":"Secondary Road","period":"R","known":"0"},"geometry":{"type":"LineString","coordinates":[[28.73665,38.63642],[28.74381,38.6562],[28.73171,38.6912],[28.73655,38.73195],[28.7329,38.74365]]}},{"type":"Feature","properties":{"id":736,"name":null,"kind":"Secondary Road","period":"R","known":"0"},"geometry":{"type":"LineString","coordinates":[[28.73746,38.72374],[28.76575,38.73303]]}},{"type":"Feature","properties":{"id":737,"name":null,"kind":"Main Road","period":"R","known":"0"},"geometry":{"type":"LineString","coordinates":[[28.59378,38.32814],[28.65267,38.28089],[28.69864,38.25473],[28.73936,38.2337],[28.79995,38.21126],[28.83704,38.19086],[28.84794,38.17601],[28.86161,38.13569],[28.86618,38.11491],[28.8667,38.09937],[28.86356,38.08944]]}},{"type":"Feature","properties":{"id":738,"name":null,"kind":"Main Road","period":"R","known":"1"},"geometry":{"type":"LineString","coordinates":[[28.59601,38.33931],[28.66961,38.32702],[28.71665,38.32294],[28.8141,38.33696],[28.90035,38.33635],[28.9921,38.31678],[29.05961,38.29461],[29.07925,38.28489],[29.09715,38.28055],[29.1215,38.28121],[29.16993,38.31917],[29.1984,38.33657],[29.29673,38.42348],[29.3176,38.44772],[29.36306,38.54135],[29.36686,38.56177],[29.38655,38.59877],[29.41703,38.68048]]}},{"type":"Feature","properties":{"id":739,"name":null,"kind":"Main Road","period":"R","known":"1"},"geometry":{"type":"LineString","coordinates":[[29.746,38.71831],[29.73581,38.70212],[29.72111,38.65907],[29.6954,38.55942],[29.68611,38.53412],[29.66535,38.49439]]}},{"type":"Feature","properties":{"id":740,"name":null,"kind":"Secondary Road","period":"R","known":"1"},"geometry":{"type":"LineString","coordinates":[[29.41829,38.67964],[29.45366,38.66527],[29.52578,38.62189],[29.57118,38.59983],[29.60368,38.5779],[29.6609,38.55374],[29.68486,38.53496]]}},{"type":"Feature","properties":{"id":741,"name":null,"kind":"Secondary Road","period":"R","known":"1"},"geometry":{"type":"LineString","coordinates":[[29.73019,38.68712],[29.76407,38.6753],[29.77664,38.66592],[29.78331,38.65713],[29.78242,38.64148],[29.76861,38.60125],[29.72308,38.5757],[29.70706,38.54726],[29.68878,38.5306]]}},{"type":"Feature","properties":{"id":742,"name":null,"kind":"Secondary Road","period":"R","known":"1"},"geometry":{"type":"LineString","coordinates":[[29.12844,38.28166],[29.14275,38.267],[29.16874,38.22925],[29.20018,38.1946],[29.25718,38.17073],[29.30335,38.16172]]}},{"type":"Feature","properties":{"id":744,"name":null,"kind":"Secondary Road","period":"R","known":"1"},"geometry":{"type":"LineString","coordinates":[[29.85666,38.32202],[29.86469,38.31935],[29.88224,38.3015],[29.9773,38.25366],[29.99131,38.24148],[30.05627,38.21768],[30.0753,38.2065],[30.08039,38.19998],[30.07969,38.16624],[30.08982,38.14749],[30.1305,38.11608],[30.1493,38.09133],[30.17267,38.07491]]}},{"type":"Feature","properties":{"id":745,"name":null,"kind":"Secondary Road","period":"R","known":"1"},"geometry":{"type":"LineString","coordinates":[[29.75783,38.35307],[29.61775,38.14975]]}},{"type":"Feature","properties":{"id":746,"name":null,"kind":"Secondary Road","period":"R","known":"1"},"geometry":{"type":"LineString","coordinates":[[30.18961,38.10227],[30.1975,38.12618],[30.19587,38.17135],[30.16799,38.26562],[30.1676,38.29607],[30.1817,38.38999],[30.19813,38.45706],[30.17727,38.53263],[30.19824,38.57296],[30.20089,38.59401],[30.20826,38.61183],[30.22064,38.62294],[30.26012,38.64243],[30.28294,38.66191],[30.28923,38.67967]]}},{"type":"Feature","properties":{"id":747,"name":null,"kind":"Secondary Road","period":"R","known":"0"},"geometry":{"type":"LineString","coordinates":[[29.66376,38.49449],[29.61859,38.47963]]}},{"type":"Feature","properties":{"id":748,"name":null,"kind":"Secondary Road","period":"R","known":"0"},"geometry":{"type":"LineString","coordinates":[[29.70109,38.4278],[29.68901,38.4149],[29.65463,38.39198]]}},{"type":"Feature","properties":{"id":749,"name":null,"kind":"Secondary Road","period":"R","known":"0"},"geometry":{"type":"LineString","coordinates":[[29.85666,38.32202],[29.91043,38.34215],[29.92466,38.35601]]}},{"type":"Feature","properties":{"id":750,"name":null,"kind":"Secondary Road","period":"R","known":"0"},"geometry":{"type":"LineString","coordinates":[[30.19437,38.47516],[30.13627,38.46772]]}},{"type":"Feature","properties":{"id":839,"name":null,"kind":"Secondary Road","period":"R","known":"1"},"geometry":{"type":"LineString","coordinates":[[30.85701,36.96678],[30.79451,36.85917]]}},{"type":"Feature","properties":{"id":840,"name":null,"kind":"Secondary Road","period":"R","known":"1"},"geometry":{"type":"LineString","coordinates":[[30.33397,37.02029],[30.32101,37.02599],[30.28669,37.02875],[30.27138,37.03523],[30.24694,37.05581],[30.20656,37.06277],[30.18059,37.07414],[30.16149,37.07128]]}},{"type":"Feature","properties":{"id":841,"name":null,"kind":"Secondary Road","period":"R","known":"0"},"geometry":{"type":"LineString","coordinates":[[29.58642,37.14731],[29.66845,37.19733],[29.73951,37.21453],[29.79228,37.23062],[29.83204,37.2468],[29.87669,37.25717],[29.8945,37.26425],[29.99079,37.31738]]}},{"type":"Feature","properties":{"id":842,"name":null,"kind":"Secondary Road","period":"RL","known":"0"},"geometry":{"type":"LineString","coordinates":[[30.10953,37.48277],[30.08718,37.43463],[30.04987,37.37532],[30.01523,37.33609],[29.99079,37.31738],[30.00124,37.29715]]}},{"type":"Feature","properties":{"id":843,"name":null,"kind":"Secondary Road","period":"RL","known":"0"},"geometry":{"type":"LineString","coordinates":[[30.18064,37.07461],[30.19284,37.08394],[30.23428,37.14508],[30.26545,37.21348],[30.28181,37.23861],[30.30638,37.29626],[30.33886,37.32397]]}},{"type":"Feature","properties":{"id":845,"name":null,"kind":"Main Road","known":"0"},"geometry":{"type":"LineString","coordinates":[[30.48663,37.15727],[30.50119,37.16493],[30.51211,37.17761],[30.51852,37.19267],[30.51636,37.20643],[30.52797,37.23821]]}},{"type":"Feature","properties":{"id":847,"name":null,"kind":"Main Road","period":"RL","known":"0"},"geometry":{"type":"LineString","coordinates":[[31.397,36.77522],[31.3926,36.79242],[31.36669,36.83051],[31.31938,36.86867],[31.195,36.93445],[31.17077,36.9407],[31.12762,36.94158],[31.02386,36.96616],[30.91527,36.96127],[30.88228,36.96248],[30.83413,36.96936],[30.75322,36.98924],[30.72087,36.99206],[30.6977,37.04204],[30.65064,37.10733],[30.61916,37.16557],[30.59327,37.18239],[30.5801,37.20944],[30.53276,37.23238],[30.52426,37.24409],[30.46279,37.2998],[30.43223,37.31055],[30.33886,37.32397]]}},{"type":"Feature","properties":{"id":848,"name":null,"kind":"Main Road","period":"RL","known":"0"},"geometry":{"type":"LineString","coordinates":[[30.46279,37.2998],[30.4917,37.31355],[30.51691,37.33823],[30.54034,37.36947],[30.56039,37.41111],[30.57977,37.43848],[30.60921,37.46595],[30.68058,37.50064],[30.71085,37.50244]]}},{"type":"Feature","properties":{"id":849,"name":"via Sebaste","kind":"Main Road","known":"1"},"geometry":{"type":"LineString","coordinates":[[30.33886,37.32397],[30.33122,37.32444],[30.29844,37.34008],[30.288,37.3482],[30.28166,37.35915],[30.27464,37.40476],[30.26917,37.41835],[30.25524,37.4289],[30.17738,37.44906],[30.12801,37.46636],[30.11304,37.47596],[30.10651,37.48863],[30.10377,37.5206],[30.08714,37.54921],[30.07567,37.59374],[30.04555,37.66418],[30.05028,37.68529],[30.07182,37.71427],[30.08102,37.72172],[30.09745,37.74694],[30.11158,37.76074],[30.14737,37.77744],[30.17853,37.79736],[30.22105,37.81265],[30.23348,37.82112],[30.25066,37.83854],[30.28061,37.88704],[30.30263,37.91252],[30.32491,37.94845],[30.34296,37.96938],[30.36335,37.98868],[30.43201,38.03651],[30.47141,38.07188]]}},{"type":"Feature","properties":{"id":850,"name":null,"kind":"Secondary Road","known":"0"},"geometry":{"type":"LineString","coordinates":[[29.29956,37.55369],[29.34334,37.55539],[29.39426,37.54814],[29.43291,37.53229],[29.46428,37.5238],[29.53275,37.51495],[29.57537,37.51405],[29.63127,37.52261]]}},{"type":"Feature","properties":{"id":851,"name":null,"kind":"Secondary Road","known":"0"},"geometry":{"type":"LineString","coordinates":[[29.737,37.53493],[29.76603,37.55139],[29.7861,37.55863],[29.85921,37.57065],[29.94213,37.59532]]}},{"type":"Feature","properties":{"id":852,"name":null,"kind":"Secondary Road","known":"1"},"geometry":{"type":"LineString","coordinates":[[29.63343,37.52274],[29.64745,37.52445],[29.66296,37.52189],[29.68509,37.5067],[29.69826,37.50574],[29.71421,37.51015],[29.738,37.53586]]}},{"type":"Feature","properties":{"id":853,"name":null,"kind":"Secondary Road","period":"RL","known":"1"},"geometry":{"type":"LineString","coordinates":[[29.93895,37.59427],[29.97108,37.60128],[30.00056,37.60118],[30.07695,37.58888]]}},{"type":"Feature","properties":{"id":854,"name":null,"kind":"Main Road","known":"1"},"geometry":{"type":"LineString","coordinates":[[29.55188,37.8322],[29.56638,37.82959],[29.61637,37.83432],[29.67202,37.82544],[29.72964,37.83055],[29.74443,37.83663],[29.78091,37.86918],[29.79774,37.8771]]}},{"type":"Feature","properties":{"id":855,"name":null,"kind":"Main Road","known":"0"},"geometry":{"type":"LineString","coordinates":[[29.8003,37.8781],[29.86463,37.91824],[29.87512,37.92961],[29.95972,37.96668],[29.9952,37.99186],[30.06602,38.02061],[30.09401,38.03622]]}},{"type":"Feature","properties":{"id":856,"name":null,"kind":"Secondary Road","known":"1"},"geometry":{"type":"LineString","coordinates":[[30.17267,38.07491],[30.20241,38.02685],[30.23405,37.98483],[30.26961,37.96018],[30.37583,37.91512],[30.39622,37.9087],[30.42967,37.90874],[30.4544,37.9133],[30.52203,37.95725]]}},{"type":"Feature","properties":{"id":858,"name":null,"kind":"Secondary Road","known":"0"},"geometry":{"type":"LineString","coordinates":[[30.52295,37.95896],[30.52125,37.94065],[30.54003,37.86123],[30.54951,37.83355],[30.56366,37.81271],[30.57292,37.7875],[30.57382,37.77596],[30.54692,37.74649],[30.54197,37.71645],[30.52478,37.69657],[30.52796,37.68265]]}},{"type":"Feature","properties":{"id":859,"name":null,"kind":"Secondary Road","period":"RL","known":"0"},"geometry":{"type":"LineString","coordinates":[[30.52796,37.68265],[30.53333,37.6672],[30.55786,37.63639],[30.56276,37.62227],[30.59889,37.56053],[30.62028,37.55401],[30.66462,37.53272],[30.71085,37.50244]]}},{"type":"Feature","properties":{"id":861,"name":null,"kind":"Secondary Road","period":"RL","known":"1"},"geometry":{"type":"LineString","coordinates":[[30.71085,37.50244],[30.72963,37.48821],[30.77911,37.47317],[30.83637,37.44183],[30.8623,37.43699],[30.8892,37.44502],[30.91651,37.46061],[30.92079,37.46728],[30.91824,37.4894],[30.92616,37.49807],[30.93354,37.51427],[30.97565,37.54941],[30.98611,37.56272],[30.99615,37.58206],[30.99898,37.59579],[30.99866,37.62752]]}},{"type":"Feature","properties":{"id":864,"name":null,"kind":"Secondary Road","period":"RL","known":"1"},"geometry":{"type":"LineString","coordinates":[[31.18027,36.938],[31.18998,36.94745],[31.23011,37.02303],[31.23722,37.04368],[31.23748,37.08291],[31.21598,37.16648],[31.20574,37.19321],[31.19177,37.20469],[31.16841,37.20143],[31.16073,37.20336],[31.14953,37.21571],[31.13616,37.21816],[31.13005,37.22468]]}},{"type":"Feature","properties":{"id":865,"name":null,"kind":"Secondary Road","period":"RL","known":"1"},"geometry":{"type":"LineString","coordinates":[[31.397,36.77522],[31.41563,36.79179],[31.46435,36.85248],[31.44175,36.8998],[31.43638,36.92688],[31.4452,36.95042],[31.45293,36.96203],[31.46044,37.00007],[31.45864,37.00723],[31.44411,37.01606],[31.43881,37.02564],[31.4478,37.06057],[31.4726,37.08568],[31.47226,37.12186],[31.47604,37.13709],[31.48954,37.14743],[31.49355,37.1589],[31.47535,37.19439],[31.47762,37.20353],[31.48879,37.22132],[31.48627,37.23178],[31.46991,37.25227],[31.46275,37.29198],[31.44685,37.33512],[31.44381,37.36897],[31.44971,37.38053],[31.49328,37.39507],[31.50685,37.43637],[31.52616,37.47713],[31.52774,37.51344],[31.53309,37.5348],[31.53091,37.55511],[31.53644,37.57345],[31.54554,37.589],[31.56479,37.60702],[31.6023,37.63111],[31.69492,37.6557],[31.71336,37.66443],[31.73281,37.68276]]}},{"type":"Feature","properties":{"id":866,"name":null,"kind":"Secondary Road","known":"1"},"geometry":{"type":"LineString","coordinates":[[31.57987,36.87202],[31.60207,36.89321],[31.6211,36.90447],[31.64233,36.95877],[31.65403,36.9675],[31.67055,36.97414],[31.71916,36.9782],[31.75806,36.9879],[31.803,37.0076],[31.85493,37.03733]]}},{"type":"Feature","properties":{"id":867,"name":null,"kind":"Secondary Road","known":"0"},"geometry":{"type":"LineString","coordinates":[[31.5864,37.07876],[31.59807,37.07242],[31.6166,37.04523],[31.62937,37.03591],[31.64572,37.02974],[31.66936,37.01102]]}},{"type":"Feature","properties":{"id":868,"name":null,"kind":"Secondary Road","known":"0"},"geometry":{"type":"LineString","coordinates":[[31.85583,37.03811],[31.8541,37.06971]]}},{"type":"Feature","properties":{"id":869,"name":null,"kind":"Secondary Road","known":"0"},"geometry":{"type":"LineString","coordinates":[[31.85493,37.03733],[31.88688,37.05502]]}},{"type":"Feature","properties":{"id":870,"name":null,"kind":"Secondary Road","period":"RL","known":"0"},"geometry":{"type":"LineString","coordinates":[[31.45826,36.79121],[31.50446,36.77044],[31.53742,36.75139],[31.66704,36.66148],[31.7528,36.64809],[31.79276,36.61793],[31.82343,36.60323],[31.89433,36.58617],[31.91254,36.57703],[31.95696,36.56577],[31.99311,36.55195],[31.99613,36.54754],[32.02331,36.54469],[32.06144,36.52791]]}},{"type":"Feature","properties":{"id":872,"name":null,"kind":"Secondary Road","known":"1"},"geometry":{"type":"LineString","coordinates":[[31.49921,37.95682],[31.51076,37.93986],[31.58441,37.87459],[31.60104,37.85177],[31.66077,37.79275],[31.69761,37.74874],[31.72672,37.70596],[31.73281,37.68276],[31.74643,37.67062],[31.82889,37.54491],[31.85722,37.51268],[31.95245,37.45102],[31.97266,37.4449],[32.00384,37.42783],[32.07798,37.4031]]}},{"type":"Feature","properties":{"id":873,"name":null,"kind":"Secondary Road","known":"0"},"geometry":{"type":"LineString","coordinates":[[31.73281,37.68276],[31.74388,37.60533],[31.74473,37.5404],[31.74167,37.52745]]}},{"type":"Feature","properties":{"id":874,"name":"via Sebaste","kind":"Main Road","known":"1"},"geometry":{"type":"LineString","coordinates":[[31.40249,38.08094],[31.44797,38.02747],[31.46393,38.00161],[31.49716,37.95901],[31.66064,37.89256],[31.71675,37.86285],[31.74634,37.8624],[31.76417,37.86758],[31.78412,37.86904],[31.82228,37.86888],[31.88214,37.89062],[31.90852,37.89681],[31.95508,37.90066],[31.98529,37.88881],[32.01199,37.87079],[32.05166,37.86],[32.07184,37.85687],[32.08989,37.85821]]}},{"type":"Feature","properties":{"id":875,"name":"via Sebaste","kind":"Main Road","known":"1"},"geometry":{"type":"LineString","coordinates":[[32.09039,37.85843],[32.12016,37.87976],[32.19642,37.89743],[32.21691,37.89908],[32.27557,37.88252],[32.36609,37.87094],[32.5114,37.86893],[32.58008,37.85551],[32.64176,37.8551],[32.70311,37.86279],[32.78397,37.8648],[32.90381,37.89006],[33.03986,37.93283],[33.07888,37.95811],[33.131,37.97754],[33.12176,37.98448],[33.12271,37.99469],[33.13006,38.00605],[33.16165,38.02504]]}},{"type":"Feature","properties":{"id":876,"name":null,"kind":"Main Road","known":"0"},"geometry":{"type":"LineString","coordinates":[[32.50064,37.99702],[32.50399,37.92069],[32.51015,37.89742],[32.51282,37.86591],[32.53282,37.84914],[32.57244,37.82373],[32.7151,37.75616],[32.7819,37.72015],[32.8416,37.70022],[32.88087,37.67774],[32.91586,37.66634],[32.99063,37.65175],[33.05392,37.63481],[33.11563,37.62595]]}},{"type":"Feature","properties":{"id":751,"name":null,"kind":"Secondary Road","known":"0"},"geometry":{"type":"LineString","coordinates":[[30.28871,38.67267],[30.29942,38.73077],[30.31716,38.77179],[30.35701,38.82876],[30.38015,38.84563],[30.40877,38.87759],[30.41638,38.89368]]}},{"type":"Feature","properties":{"id":752,"name":null,"kind":"Secondary Road","known":"0"},"geometry":{"type":"LineString","coordinates":[[29.91542,38.93887],[29.93312,38.9285],[29.96178,38.92048],[29.97947,38.9101],[29.99555,38.89265],[30.0336,38.87901],[30.05824,38.8655],[30.15574,38.83493]]}},{"type":"Feature","properties":{"id":753,"name":null,"kind":"Secondary Road","known":"0"},"geometry":{"type":"LineString","coordinates":[[29.88592,38.83337],[29.95301,38.84407],[30.07622,38.81325],[30.09607,38.80297]]}},{"type":"Feature","properties":{"id":754,"name":null,"kind":"Secondary Road","known":"0"},"geometry":{"type":"LineString","coordinates":[[29.53143,39.27287],[29.57202,39.2604],[29.58525,39.25156],[29.59666,39.23824],[29.60401,39.22031],[29.63849,39.16551],[29.68204,39.12084]]}},{"type":"Feature","properties":{"id":755,"name":null,"kind":"Secondary Road","known":"0"},"geometry":{"type":"LineString","coordinates":[[29.89063,39.21087],[29.86236,39.26174],[29.85213,39.27515],[29.84254,39.28161],[29.84787,39.33348]]}},{"type":"Feature","properties":{"id":756,"name":null,"kind":"Secondary Road","known":"0"},"geometry":{"type":"LineString","coordinates":[[29.92464,40.00773],[29.97763,39.97642],[29.98538,39.96633],[29.98227,39.95039],[29.9862,39.93221],[30.03564,39.91383]]}},{"type":"Feature","properties":{"id":757,"name":null,"kind":"Secondary Road","known":"0"},"geometry":{"type":"LineString","coordinates":[[30.10405,39.89906],[30.10212,39.88232],[30.11773,39.84723]]}},{"type":"Feature","properties":{"id":758,"name":null,"kind":"Main Road","known":"1"},"geometry":{"type":"LineString","coordinates":[[30.03201,39.91626],[30.10058,39.89975],[30.1916,39.85983],[30.30866,39.83254],[30.38539,39.81099],[30.40829,39.80862],[30.50232,39.81058],[30.54181,39.81336],[30.56789,39.82073],[30.59496,39.82289],[30.62237,39.82068],[30.6665,39.80787],[30.74444,39.81234],[30.81627,39.80772],[30.87177,39.79358],[30.90439,39.79026],[30.93318,39.7817],[31.01214,39.74984],[31.02168,39.74325],[31.0399,39.72174],[31.08297,39.71031],[31.12262,39.69337],[31.17266,39.68138],[31.18941,39.66808],[31.21946,39.65881],[31.27321,39.63203],[31.34043,39.60478],[31.3643,39.58855],[31.38645,39.57805],[31.47361,39.55694],[31.6173,39.51424]]}},{"type":"Feature","properties":{"id":759,"name":null,"kind":"Main Road","known":"0"},"geometry":{"type":"LineString","coordinates":[[30.53044,39.81369],[30.53887,39.86398],[30.5434,39.8782],[30.55657,39.89809]]}},{"type":"Feature","properties":{"id":760,"name":null,"kind":"Secondary Road","known":"1"},"geometry":{"type":"LineString","coordinates":[[30.52914,39.81549],[30.55309,39.78662],[30.5701,39.77659],[30.60576,39.73576],[30.64557,39.68261],[30.66423,39.65098],[30.66959,39.62372],[30.71969,39.54689],[30.73021,39.49406],[30.72008,39.47194],[30.70436,39.45289]]}},{"type":"Feature","properties":{"id":761,"name":null,"kind":"Secondary Road","known":"1"},"geometry":{"type":"LineString","coordinates":[[30.5315,39.8131],[30.556,39.80427],[30.61187,39.76773],[30.63653,39.75638],[30.65532,39.73725],[30.68136,39.72179],[30.71908,39.70853],[30.78304,39.67645],[30.87693,39.6465],[30.94052,39.6318],[31.02669,39.6022],[31.09367,39.56839],[31.17684,39.53272],[31.18509,39.52223],[31.19965,39.51367],[31.29964,39.48108],[31.3408,39.47605],[31.40203,39.4593],[31.43443,39.45639],[31.49311,39.44532],[31.56711,39.44642]]}},{"type":"Feature","properties":{"id":762,"name":null,"kind":"Secondary Road","known":"1"},"geometry":{"type":"LineString","coordinates":[[30.70644,39.45382],[30.72318,39.45959],[30.74447,39.46224],[30.78119,39.45975],[30.87775,39.43246],[30.91635,39.38921],[30.93663,39.37595],[30.9634,39.33217],[31.03304,39.24199],[31.15524,39.17645],[31.25927,39.09133],[31.28108,39.06811],[31.29527,39.04707],[31.32352,39.03905]]}},{"type":"Feature","properties":{"id":763,"name":null,"kind":"Secondary Road","known":"0"},"geometry":{"type":"LineString","coordinates":[[31.32352,39.03905],[31.34834,39.03422],[31.3813,39.03552]]}},{"type":"Feature","properties":{"id":764,"name":null,"kind":"Secondary Road","known":"0"},"geometry":{"type":"LineString","coordinates":[[30.62417,39.39375],[30.59705,39.35666],[30.57902,39.30002],[30.58106,39.27431],[30.5869,39.25461],[30.59913,39.23522],[30.61617,39.22272],[30.66856,39.20938],[30.71257,39.20727]]}},{"type":"Feature","properties":{"id":765,"name":null,"kind":"Secondary Road","known":"0"},"geometry":{"type":"LineString","coordinates":[[30.64046,39.21305],[30.62312,39.20224],[30.59638,39.17517],[30.58383,39.14462],[30.54621,39.09372],[30.52056,39.08083],[30.50488,39.06343],[30.48974,39.05271],[30.47454,39.02951],[30.46628,38.98668]]}},{"type":"Feature","properties":{"id":766,"name":null,"kind":"Secondary Road","known":"0"},"geometry":{"type":"LineString","coordinates":[[30.63952,39.21134],[30.70482,39.14118],[30.74499,39.09064]]}},{"type":"Feature","properties":{"id":767,"name":null,"kind":"Main Road","known":"1"},"geometry":{"type":"LineString","coordinates":[[29.98356,39.41455],[30.00133,39.40801],[30.0337,39.40642],[30.0812,39.39146],[30.11248,39.38979],[30.14313,39.38307],[30.16993,39.37115],[30.19821,39.3418],[30.21295,39.32008],[30.25903,39.28249],[30.30453,39.2257],[30.3572,39.21005],[30.37164,39.1908],[30.3909,39.1514],[30.40409,39.10796],[30.40573,39.08807],[30.41701,39.05452],[30.4169,39.04287],[30.45182,38.99386],[30.48388,38.96634],[30.52835,38.88953],[30.53987,38.87845],[30.55144,38.85324],[30.55308,38.83254],[30.5485,38.80988]]}},{"type":"Feature","properties":{"id":768,"name":null,"kind":"Main Road","known":"1"},"geometry":{"type":"LineString","coordinates":[[30.70523,39.45585],[30.63447,39.39924],[30.59829,39.3817],[30.56894,39.35948],[30.53106,39.32352],[30.48525,39.26718],[30.46985,39.25893],[30.44779,39.25369],[30.43354,39.24466],[30.4281,39.23274],[30.41526,39.21961],[30.40003,39.2097],[30.36315,39.20286]]}},{"type":"Feature","properties":{"id":769,"name":null,"kind":"Main Road","known":"0"},"geometry":{"type":"LineString","coordinates":[[30.54949,38.81076],[30.55205,38.77847],[30.56637,38.75839],[30.57873,38.70914]]}},{"type":"Feature","properties":{"id":770,"name":null,"kind":"Main Road","known":"1"},"geometry":{"type":"LineString","coordinates":[[30.58045,38.70756],[30.65032,38.72254],[30.69026,38.74104],[30.70417,38.75332],[30.72541,38.7809],[30.74883,38.86425],[30.76161,38.84989],[30.79848,38.82582],[30.83739,38.81679],[30.87816,38.82094],[30.89315,38.83141],[30.93523,38.87352],[30.95471,38.88352],[31.05317,38.91314],[31.13768,38.9745],[31.25925,39.01942],[31.32859,39.0408],[31.3646,39.05734],[31.39459,39.07566],[31.5337,39.17227],[31.58598,39.22044],[31.59849,39.24335],[31.60169,39.258],[31.59913,39.27732],[31.57272,39.36408],[31.56082,39.42451],[31.5627,39.4396],[31.56943,39.45234],[31.59571,39.47911],[31.63434,39.53296],[31.65437,39.53951],[31.71948,39.54767],[31.74167,39.55428],[31.85822,39.60408],[31.9314,39.64317],[31.98425,39.66155],[32.02804,39.66879]]}},{"type":"Feature","properties":{"id":772,"name":null,"kind":"Secondary Road","known":"1"},"geometry":{"type":"LineString","coordinates":[[31.61721,39.51402],[31.74015,39.45184]]}},{"type":"Feature","properties":{"id":773,"name":null,"kind":"Secondary Road","known":"0"},"geometry":{"type":"LineString","coordinates":[[31.74083,39.45228],[31.7564,39.43137],[31.76596,39.40786],[31.78179,39.38219],[31.828,39.32579],[31.81758,39.31113],[31.79253,39.30232]]}},{"type":"Feature","properties":{"id":775,"name":null,"kind":"Secondary Road","known":"1"},"geometry":{"type":"LineString","coordinates":[[30.55169,38.81923],[30.64707,38.74048],[30.72295,38.68853],[30.74508,38.67687],[30.78833,38.66262],[30.83933,38.63362],[30.8622,38.62514],[30.95138,38.60772],[30.9901,38.60308]]}},{"type":"Feature","properties":{"id":776,"name":null,"kind":"Secondary Road","known":"1"},"geometry":{"type":"LineString","coordinates":[[30.72714,38.77995],[30.73079,38.74521],[30.74488,38.70621],[30.77088,38.67013]]}},{"type":"Feature","properties":{"id":777,"name":null,"kind":"Secondary Road","known":"1"},"geometry":{"type":"LineString","coordinates":[[30.58236,38.5843],[30.65666,38.61641],[30.72339,38.65603],[30.77088,38.67013]]}},{"type":"Feature","properties":{"id":778,"name":null,"kind":"Main Road","known":"1"},"geometry":{"type":"LineString","coordinates":[[30.57842,38.70899],[30.61228,38.6773],[30.61419,38.6528],[30.58696,38.58725],[30.57612,38.57086],[30.5602,38.55502],[30.55132,38.53953],[30.55245,38.52531],[30.56781,38.49672],[30.64715,38.44901],[30.67632,38.42345],[30.68385,38.404],[30.68323,38.38574],[30.6694,38.36924],[30.65332,38.3558],[30.60592,38.33134]]}},{"type":"Feature","properties":{"id":779,"name":null,"kind":"Main Road","known":"1"},"geometry":{"type":"LineString","coordinates":[[30.19564,38.10466],[30.25774,38.16495],[30.29386,38.189],[30.31254,38.20581],[30.34379,38.20424],[30.39558,38.23381],[30.44974,38.27218],[30.52181,38.31378],[30.5463,38.32211],[30.5751,38.32668],[30.646,38.33327],[30.68254,38.34213],[30.70776,38.35442],[30.7239,38.36706],[30.8,38.44666],[30.89949,38.53361],[30.91042,38.54995],[30.97283,38.59474],[30.98961,38.60023]]}},{"type":"Feature","properties":{"id":780,"name":null,"kind":"Main Road","known":"1"},"geometry":{"type":"LineString","coordinates":[[30.98659,38.6001],[31.00259,38.60239],[31.0534,38.59825],[31.10174,38.60032],[31.13286,38.60323],[31.18067,38.61316],[31.20093,38.61242],[31.24197,38.60302],[31.26512,38.57385],[31.28218,38.52937],[31.29455,38.51006],[31.32915,38.47422],[31.3518,38.43552],[31.36372,38.42253],[31.38662,38.41076],[31.42045,38.38517],[31.42511,38.35922],[31.59737,38.32068],[31.68663,38.30656],[31.70809,38.30021],[31.77634,38.30107],[31.91296,38.28205],[31.97743,38.29688],[32.02772,38.29536],[32.04922,38.28736],[32.08284,38.28271],[32.12805,38.28175],[32.15591,38.27762],[32.23845,38.25368]]}},{"type":"Feature","properties":{"id":781,"name":"Via Sebaste","kind":"Main Road","period":"R","known":"1"},"geometry":{"type":"LineString","coordinates":[[30.47141,38.07188],[30.47716,38.07704],[30.50935,38.08733],[30.53725,38.10546],[30.56639,38.11718],[30.59411,38.13436],[30.66384,38.16622],[30.71535,38.20112],[30.73504,38.21946],[30.74969,38.23836],[30.79825,38.27388],[30.89111,38.29554],[30.93501,38.29988],[31.02229,38.33066],[31.06149,38.33078],[31.08694,38.32633],[31.18218,38.30028],[31.2045,38.26717],[31.22642,38.25462],[31.24254,38.23866],[31.2518,38.22005],[31.27832,38.19818],[31.32356,38.15016],[31.36151,38.12083],[31.40532,38.07748]]}},{"type":"Feature","properties":{"id":782,"name":null,"kind":"Secondary Road","period":"R","known":"1"},"geometry":{"type":"LineString","coordinates":[[31.18096,38.30065],[31.18212,38.31611],[31.18665,38.32343],[31.20026,38.33033],[31.28909,38.35537],[31.32724,38.37196],[31.35703,38.37791],[31.39639,38.40323]]}},{"type":"Feature","properties":{"id":783,"name":null,"kind":"Secondary Road","known":"1"},"geometry":{"type":"LineString","coordinates":[[30.90635,38.54343],[30.90637,38.47368],[30.9244,38.43328],[30.93954,38.4189],[30.98595,38.40353],[31.0877,38.35884],[31.17807,38.30169]]}},{"type":"Feature","properties":{"id":784,"name":null,"kind":"Secondary Road","known":"0"},"geometry":{"type":"LineString","coordinates":[[31.01306,38.60443],[31.01239,38.671],[31.01911,38.7046],[31.02528,38.71756]]}},{"type":"Feature","properties":{"id":785,"name":null,"kind":"Main Road","period":"R","known":"1"},"geometry":{"type":"LineString","coordinates":[[30.17407,38.07824],[30.24201,38.09996],[30.25226,38.09945],[30.27727,38.08742],[30.29141,38.06607],[30.29797,38.06185],[30.31889,38.06538],[30.34102,38.08394],[30.35387,38.08893],[30.35886,38.08798],[30.37457,38.0737],[30.39979,38.07632],[30.42073,38.0699],[30.46213,38.07394],[30.47141,38.07188]]}},{"type":"Feature","properties":{"id":786,"name":null,"kind":"Main Road","known":"1"},"geometry":{"type":"LineString","coordinates":[[30.08849,38.03288],[30.13227,38.05487]]}},{"type":"Feature","properties":{"id":787,"name":null,"kind":"Main Road","known":"0"},"geometry":{"type":"LineString","coordinates":[[30.1275,38.05356],[30.17098,38.07412],[30.20307,38.10914]]}},{"type":"Feature","properties":{"id":817,"name":null,"kind":"Main Road","period":"RL","known":"0"},"geometry":{"type":"LineString","coordinates":[[28.61925,37.89159],[28.65127,37.90508],[28.70958,37.93778],[28.72812,37.9452],[28.7499,37.9467],[28.79557,37.93042],[28.81383,37.92861],[28.86123,37.93183],[28.88644,37.92536],[28.90514,37.91947],[28.91541,37.9079],[28.92758,37.90258],[29.00859,37.8804],[29.02235,37.87211],[29.06586,37.86272],[29.17089,37.81848],[29.20124,37.81124],[29.20974,37.80361],[29.25802,37.80976],[29.28053,37.81629],[29.36839,37.82589],[29.4231,37.84561],[29.44348,37.84789],[29.46179,37.84493],[29.51063,37.84586],[29.53406,37.8432],[29.55177,37.83304],[29.56336,37.81944],[29.59894,37.79707],[29.68455,37.74806],[29.73272,37.72741],[29.80753,37.68176],[29.87994,37.63286],[29.94666,37.597]]}},{"type":"Feature","properties":{"id":1226,"name":null,"kind":"Main Road","period":"RL","known":"1"},"geometry":{"type":"LineString","coordinates":[[20.77158,38.95042],[20.77188,38.93882],[20.77634,38.9293],[20.78437,38.92157],[20.80043,38.91651],[20.88252,38.91651],[20.90929,38.91978],[20.92446,38.93138],[20.93823,38.91919],[21.00248,38.89599],[21.0178,38.88766]]}},{"type":"Feature","properties":{"id":788,"name":null,"kind":"Secondary Road","known":"0"},"geometry":{"type":"LineString","coordinates":[[30.67809,41.11636],[30.70785,41.10223]]}},{"type":"Feature","properties":{"id":789,"name":null,"kind":"Secondary Road","known":"0"},"geometry":{"type":"LineString","coordinates":[[30.33951,41.18773],[30.42305,41.15669],[30.48018,41.14649],[30.65305,41.1259],[30.74422,41.09047],[30.79296,41.07717],[30.89568,41.07033],[31.00192,41.07074],[31.04259,41.07347],[31.12479,41.08615],[31.20882,41.09263],[31.26276,41.10096],[31.30262,41.11592],[31.34325,41.14017],[31.3935,41.18437],[31.47468,41.21628]]}},{"type":"Feature","properties":{"id":790,"name":null,"kind":"Secondary Road","known":"0"},"geometry":{"type":"LineString","coordinates":[[30.7601,40.25144],[30.76205,40.26549],[30.74868,40.30096],[30.75785,40.31999],[30.75721,40.34789],[30.77531,40.38945],[30.81424,40.41796],[30.92745,40.45204],[31.13086,40.46296],[31.1502,40.46957],[31.21731,40.4688],[31.20435,40.47992],[31.20667,40.49049],[31.23588,40.50912],[31.27295,40.52457],[31.31817,40.55545],[31.37151,40.57964],[31.44975,40.62104],[31.47676,40.65232],[31.51661,40.67476],[31.54806,40.68523],[31.59298,40.72529],[31.6015,40.73608],[31.5935,40.76607],[31.59097,40.80675],[31.57552,40.83298],[31.5804,40.85296],[31.5602,40.88136],[31.5548,40.89398],[31.55829,40.91158],[31.54369,40.92387],[31.5366,40.93876],[31.53848,40.95748],[31.54804,40.97647],[31.53231,41.0062],[31.53748,41.02154],[31.51772,41.0418],[31.52575,41.06075],[31.49509,41.13465],[31.50165,41.15238],[31.49561,41.17431],[31.48272,41.20649],[31.47111,41.21889],[31.45534,41.24746],[31.43908,41.25968],[31.41827,41.2939],[31.41441,41.30542],[31.42144,41.31618],[31.43649,41.32258],[31.46876,41.32611],[31.48382,41.3325],[31.48924,41.34437],[31.51203,41.35104],[31.61222,41.35815],[31.64646,41.38037],[31.67264,41.40812],[31.69674,41.41946],[31.74251,41.43153],[31.84501,41.48165],[31.90334,41.51973],[31.95842,41.53434],[32.02807,41.56687]]}},{"type":"Feature","properties":{"id":791,"name":null,"kind":"Secondary Road","known":"0"},"geometry":{"type":"LineString","coordinates":[[30.71244,41.10253],[30.76162,41.08491]]}},{"type":"Feature","properties":{"id":792,"name":null,"kind":"Secondary Road","known":"0"},"geometry":{"type":"LineString","coordinates":[[31.13287,41.08794],[31.15513,41.07835],[31.17027,41.0603],[31.17668,41.03491],[31.17195,40.99275],[31.15513,40.94778],[31.14016,40.92036],[31.14115,40.90642],[31.15455,40.89065],[31.14936,40.85548]]}},{"type":"Feature","properties":{"id":794,"name":null,"kind":"Main Road","known":"0"},"geometry":{"type":"LineString","coordinates":[[31.76228,40.74927],[31.76729,40.76808],[31.77689,40.78704],[31.7913,40.80267],[31.84261,40.84283],[31.91872,40.88028],[31.98873,40.89069],[32.01549,40.90668],[32.05646,40.94408],[32.08541,40.94847],[32.13683,40.93489],[32.21021,40.94174],[32.27098,40.95516],[32.32235,40.97293],[32.38706,41.00153],[32.42754,40.99099],[32.46836,40.93967],[32.48392,40.93543],[32.53845,40.952],[32.56589,40.99114],[32.59471,41.00003],[32.60817,41.00853],[32.64113,41.06411],[32.66161,41.08908],[32.66562,41.10316],[32.65902,41.11348],[32.66571,41.13695],[32.63196,41.16875],[32.62971,41.18501],[32.64072,41.21559],[32.65887,41.2242],[32.69897,41.22517],[32.77815,41.21423],[32.82025,41.20355],[32.85898,41.19977],[32.89575,41.20642],[32.96509,41.20909],[32.99991,41.22731],[33.0198,41.23239],[33.13249,41.23234],[33.16358,41.22595],[33.28534,41.23171],[33.36707,41.26214],[33.39469,41.26843],[33.42056,41.28168],[33.44822,41.2868],[33.48219,41.28735],[33.53574,41.30683],[33.58051,41.30867],[33.61278,41.31614],[33.69037,41.36736],[33.73208,41.37025],[33.77201,41.38359],[33.79005,41.40714],[33.82197,41.43435],[33.84795,41.45099],[33.88325,41.46773],[33.90595,41.49481],[33.93057,41.50441],[33.9679,41.49899],[34.05169,41.49636],[34.089,41.4909],[34.20502,41.50942],[34.26564,41.50058],[34.29993,41.48684],[34.37443,41.48037],[34.42257,41.47251],[34.48304,41.47052],[34.53881,41.47314],[34.63172,41.48637],[34.74649,41.47858],[34.80074,41.47871],[34.86896,41.47183],[34.91548,41.45673],[34.94339,41.44043],[34.98522,41.42529],[35.11529,41.41823]]}},{"type":"Feature","properties":{"id":795,"name":null,"kind":"Secondary Road","known":"1"},"geometry":{"type":"LineString","coordinates":[[32.02788,41.57036],[32.04377,41.56385],[32.06198,41.54341],[32.06442,41.52715],[32.05949,41.50366],[32.07242,41.46555],[32.06903,41.44211],[32.06878,41.38961],[32.06342,41.37428],[32.07675,41.32804],[32.09209,41.30169],[32.09136,41.28651]]}},{"type":"Feature","properties":{"id":796,"name":null,"kind":"Secondary Road","known":"0"},"geometry":{"type":"LineString","coordinates":[[32.07889,41.28846],[32.05817,41.2715],[31.96633,41.2278],[31.95505,41.20879],[31.95134,41.19235],[31.93987,41.17683],[31.90236,41.15812],[31.89238,41.14381],[31.90255,41.12782],[31.88803,41.11219],[31.88274,41.09687],[31.90687,41.07901],[31.90018,41.06131],[31.89837,41.03911],[31.90476,41.00786],[31.91944,40.99319],[31.93691,40.98327],[31.94677,40.97194],[31.97951,40.96366],[31.98156,40.95441],[31.96393,40.93987],[31.96045,40.892]]}},{"type":"Feature","properties":{"id":797,"name":null,"kind":"Secondary Road","known":"0"},"geometry":{"type":"LineString","coordinates":[[32.06067,40.94059],[32.09345,40.902],[32.09444,40.88339],[32.08036,40.85967],[32.06299,40.8405],[32.06215,40.82766],[32.04963,40.80399],[32.04777,40.78181]]}},{"type":"Feature","properties":{"id":798,"name":null,"kind":"Secondary Road","known":"1"},"geometry":{"type":"LineString","coordinates":[[32.05674,41.54989],[32.07988,41.55293],[32.10805,41.54912],[32.13573,41.55462],[32.19705,41.57044],[32.26558,41.5981],[32.29025,41.6023],[32.30347,41.61785],[32.32308,41.63007],[32.3492,41.63664],[32.3484,41.65296],[32.37337,41.71551],[32.36963,41.72825],[32.37194,41.74466],[32.41904,41.73777]]}},{"type":"Feature","properties":{"id":799,"name":null,"kind":"Secondary Road","known":"0"},"geometry":{"type":"LineString","coordinates":[[32.41437,41.73764],[32.47334,41.77658],[32.50562,41.78676],[32.51905,41.79996],[32.57506,41.80372],[32.59792,41.81597],[32.61294,41.82919],[32.69248,41.83114],[32.70768,41.84084],[32.72771,41.84716],[32.77584,41.85412],[32.81329,41.85498],[32.85465,41.83606],[32.87957,41.83778],[32.90425,41.84533],[32.93273,41.87631],[32.98676,41.8938],[33.01414,41.91422],[33.03879,41.92407],[33.17215,41.95706],[33.22778,41.97795],[33.26357,41.98445],[33.30071,41.99796],[33.32226,42.01001],[33.35488,42.01875],[33.40042,42.01485],[33.43513,42.00607],[33.5277,41.99936],[33.60009,41.98525],[33.76938,41.97472],[33.93687,41.97204],[34.01492,41.98221],[34.04945,41.97672],[34.10266,41.97606],[34.1404,41.96473],[34.21416,41.94902],[34.27679,41.94367],[34.29719,41.93798],[34.32845,41.93937],[34.34559,41.94416],[34.38468,41.94442],[34.45332,41.96118],[34.60363,41.94207],[34.68182,41.94119],[34.77091,41.95078],[34.94298,41.92185],[34.99925,41.92654],[35.02583,41.94288],[35.0415,41.98491],[35.11042,42.01638],[35.14645,42.021]]}},{"type":"Feature","properties":{"id":800,"name":null,"kind":"Secondary Road","known":"0"},"geometry":{"type":"LineString","coordinates":[[35.03842,42.05497],[35.02901,42.04563],[35.03527,42.03512],[35.05876,42.0246],[35.08225,42.02108],[35.09946,42.01289],[35.09625,41.97202],[35.08053,41.9195],[35.08207,41.90432],[35.10077,41.87863],[35.1226,41.86459],[35.14593,41.83071],[35.16306,41.81902],[35.18483,41.79797],[35.21119,41.75941],[35.22981,41.73953],[35.25308,41.71847],[35.27636,41.70324],[35.30121,41.69266]]}},{"type":"Feature","properties":{"id":801,"name":null,"kind":"Secondary Road","known":"0"},"geometry":{"type":"LineString","coordinates":[[35.09006,42.00939],[35.08063,41.99072],[35.07589,41.9592],[35.05081,41.89851],[35.05077,41.85532],[35.03826,41.82965],[35.02577,41.81098],[35.00237,41.79581],[34.92755,41.77128],[34.90887,41.7561],[34.90267,41.73975],[34.90114,41.72342],[34.88093,41.70823],[34.87481,41.66039],[34.84533,41.63468],[34.85166,41.59387],[34.84094,41.54021],[34.81772,41.52268],[34.79454,41.49931],[34.76514,41.48408]]}},{"type":"Feature","properties":{"id":802,"name":null,"kind":"Secondary Road","known":"0"},"geometry":{"type":"LineString","coordinates":[[32.65485,41.22705],[32.75636,41.27379],[32.81264,41.29608],[32.84077,41.32704],[32.86963,41.34051],[32.90423,41.36576],[32.92048,41.38594],[32.9898,41.39559],[33.014,41.41125],[33.0575,41.45063],[33.11633,41.4973],[33.13946,41.50125],[33.19691,41.50002],[33.28289,41.47944],[33.31115,41.46828],[33.35644,41.45741],[33.40423,41.46638],[33.47027,41.48846],[33.58183,41.49251],[33.64256,41.48289],[33.69106,41.46491],[33.71124,41.46402],[33.73163,41.4538],[33.75405,41.42262],[33.77051,41.37969],[33.74388,41.32845],[33.73675,41.30272],[33.74672,41.27255],[33.74396,41.25853],[33.6818,41.21109],[33.62293,41.16016],[33.5944,41.13062],[33.59338,41.11081],[33.59982,41.03986],[33.58096,40.9965],[33.5831,40.97325],[33.59603,40.94623],[33.63982,40.91427],[33.62751,40.85473],[33.61455,40.82195],[33.58252,40.75748],[33.58774,40.73312],[33.58924,40.67497],[33.59897,40.65302],[33.61453,40.64162],[33.61386,40.60788],[33.63568,40.58959],[33.6393,40.56638],[33.65709,40.52478],[33.67565,40.51341],[33.70636,40.50338],[33.73881,40.48289],[33.8074,40.47914],[33.83489,40.47483],[33.86859,40.46478],[33.92096,40.43285],[33.93939,40.42376],[33.96231,40.41821],[33.98644,40.42893],[34.03154,40.45846],[34.06031,40.46689],[34.11317,40.49181],[34.16472,40.50623],[34.22075,40.5288],[34.39833,40.59056],[34.4681,40.63052],[34.506,40.6598],[34.64604,40.73022],[34.68265,40.74547],[34.72684,40.77818],[34.77265,40.8039],[34.81234,40.84006],[34.82452,40.86335],[34.82902,40.89595],[34.82109,40.97508]]}},{"type":"Feature","properties":{"id":803,"name":null,"kind":"Secondary Road","known":"0"},"geometry":{"type":"LineString","coordinates":[[34.80621,40.84004],[34.82311,40.82611],[34.84765,40.81452],[35.03141,40.78206]]}},{"type":"Feature","properties":{"id":804,"name":null,"kind":"Main Road","known":"0"},"geometry":{"type":"LineString","coordinates":[[30.49179,40.28651],[30.5606,40.28427],[30.63125,40.27376],[30.71128,40.25166],[30.73984,40.25209],[30.76303,40.24789],[30.80217,40.2295],[30.81857,40.2092],[30.83511,40.20206],[30.87555,40.19596],[30.95808,40.16102],[30.99158,40.15546],[31.07281,40.15277],[31.16246,40.15999],[31.24243,40.1755],[31.31179,40.19664]]}},{"type":"Feature","properties":{"id":805,"name":null,"kind":"Main Road","known":"1"},"geometry":{"type":"LineString","coordinates":[[31.31378,40.1986],[31.34123,40.19619],[31.38774,40.18056],[31.43392,40.16954],[31.47772,40.14795],[31.5241,40.10901],[31.56725,40.09665],[31.64495,40.08785],[31.67342,40.09236],[31.69242,40.10349],[31.70532,40.11556],[31.72187,40.11731],[31.74569,40.09839],[31.79415,40.04545],[31.84743,40.01242],[31.86205,39.99433],[32.00688,39.99676],[32.12241,40.01084],[32.1887,40.01402],[32.31493,40.02702],[32.33281,40.03218],[32.35343,40.04322],[32.39242,40.08148],[32.42073,40.09039],[32.46198,40.08107],[32.49787,40.05649],[32.52707,40.04565],[32.55912,40.03836],[32.5966,40.01031]]}},{"type":"Feature","properties":{"id":806,"name":null,"kind":"Main Road","period":"RL","known":"0"},"geometry":{"type":"LineString","coordinates":[[32.8729,39.94897],[32.98641,39.99118],[33.03594,40.00303],[33.06807,40.00625],[33.17014,39.99411],[33.20334,39.98697],[33.25616,39.98412],[33.2915,39.98554],[33.32362,39.99447],[33.34325,39.9909],[33.38135,39.97213],[33.4054,39.97073],[33.43177,39.97591],[33.45604,39.97627],[33.4646,39.9702],[33.49994,39.91416],[33.52706,39.88704],[33.54648,39.88253],[33.57168,39.88311],[33.64547,39.89971],[33.71652,39.92334],[33.78967,39.96681],[33.86569,39.99607],[33.96427,40.01788],[34.03689,40.04557],[34.0655,40.0505],[34.11689,40.04868],[34.16684,40.04101],[34.27436,40.00428],[34.37965,39.98858],[34.41713,39.97823],[34.4439,39.96609],[34.49244,39.92933],[34.516,39.89935],[34.53527,39.85937]]}},{"type":"Feature","properties":{"id":807,"name":null,"kind":"Main Road","known":"1"},"geometry":{"type":"LineString","coordinates":[[34.53527,39.85937],[34.53136,39.9044],[34.53263,39.93341],[34.54774,39.99721],[34.55808,40.02511],[34.57446,40.0542],[34.62248,40.09968],[34.64204,40.11369],[34.80217,40.15596],[34.84755,40.15953],[34.9459,40.17821],[35.05489,40.18518]]}},{"type":"Feature","properties":{"id":809,"name":null,"kind":"Main Road","period":"RL","known":"0"},"geometry":{"type":"LineString","coordinates":[[34.53527,39.85937],[34.58522,39.86677],[34.61962,39.86237],[34.68691,39.84692],[34.96584,39.82486],[35.05916,39.82182],[35.12606,39.79861],[35.18251,39.77332],[35.21764,39.7655],[35.23644,39.75576],[35.31536,39.72646],[35.34791,39.71569],[35.4218,39.69891],[35.43678,39.69012],[35.42919,39.68143],[35.42405,39.665],[35.40699,39.56144],[35.40685,39.54208],[35.3939,39.47921],[35.38694,39.46279],[35.37557,39.44251],[35.36108,39.4261],[35.32222,39.39528],[35.27583,39.34704],[35.25332,39.32872],[35.23202,39.29976]]}},{"type":"Feature","properties":{"id":810,"name":null,"kind":"Main Road","known":"0"},"geometry":{"type":"LineString","coordinates":[[34.11681,40.05332],[34.18295,40.07482],[34.27448,40.12433],[34.34519,40.15504],[34.36465,40.17375],[34.4899,40.21516],[34.53515,40.23863],[34.671,40.3298],[34.71635,40.36597],[34.77082,40.41724],[34.79659,40.43589],[34.88172,40.45696],[34.89692,40.46511],[34.93952,40.46864],[35.02627,40.48492],[35.06281,40.48839]]}},{"type":"Feature","properties":{"id":811,"name":null,"kind":"Secondary Road","known":"0"},"geometry":{"type":"LineString","coordinates":[[32.99076,40.11139],[33.01205,40.15017],[33.04809,40.20087],[33.06696,40.2245],[33.10538,40.25317],[33.11822,40.27666],[33.14034,40.29569],[33.1895,40.32338],[33.23006,40.33694],[33.26142,40.35379],[33.28961,40.37523],[33.31599,40.40709],[33.32433,40.43281],[33.37201,40.4662],[33.40745,40.50401],[33.44045,40.522],[33.51917,40.54071],[33.5433,40.55039],[33.59791,40.56052],[33.61743,40.57244],[33.626,40.59582]]}},{"type":"Feature","properties":{"id":812,"name":null,"kind":"Secondary Road","known":"0"},"geometry":{"type":"LineString","coordinates":[[32.61269,40.17917],[32.60306,40.19171],[32.5594,40.21963],[32.53784,40.2272],[32.49856,40.25754],[32.45611,40.32265],[32.45445,40.35864],[32.44724,40.38286],[32.42517,40.3997],[32.40032,40.41064],[32.32948,40.42842],[32.28237,40.42707],[32.25602,40.43677],[32.24322,40.44919],[32.23971,40.48864],[32.24182,40.50731],[32.23825,40.51767],[32.21951,40.52643],[32.21277,40.53903],[32.22659,40.56736],[32.22401,40.58822],[32.20501,40.60163],[32.19966,40.61659],[32.20834,40.62616],[32.21519,40.64149],[32.21871,40.66254],[32.1935,40.76656],[32.19753,40.80743]]}},{"type":"Feature","properties":{"id":813,"name":null,"kind":"Secondary Road","known":"1"},"geometry":{"type":"LineString","coordinates":[[32.60648,40.00828],[32.61292,40.03399],[32.61056,40.05367],[32.61413,40.07583],[32.61616,40.13396],[32.61425,40.17805]]}},{"type":"Feature","properties":{"id":814,"name":null,"kind":"Secondary Road","known":"1"},"geometry":{"type":"LineString","coordinates":[[32.88338,39.95343],[32.88599,39.96394],[32.95353,40.0142],[32.96327,40.03647],[32.97494,40.08898],[32.98501,40.10313],[32.99974,40.1139],[33.01939,40.11432],[33.05093,40.12079],[33.10475,40.13931],[33.15481,40.13567],[33.18044,40.13849],[33.23144,40.15225],[33.26018,40.15278],[33.28611,40.14629],[33.31471,40.15146],[33.36184,40.14416],[33.39398,40.13195],[33.3973,40.12155],[33.39603,40.1134],[33.40695,40.10198]]}},{"type":"Feature","properties":{"id":815,"name":null,"kind":"Secondary Road","known":"1"},"geometry":{"type":"LineString","coordinates":[[33.59416,40.6762],[33.5773,40.69587],[33.54908,40.71163],[33.53095,40.71633],[33.50802,40.71721],[33.46581,40.70533],[33.44611,40.7075],[33.42791,40.71467],[33.41098,40.73431],[33.3909,40.74891],[33.37439,40.75361],[33.35236,40.77813],[33.32906,40.79018],[33.31222,40.80483],[33.29857,40.82202],[33.27012,40.84019],[33.24021,40.85209]]}},{"type":"Feature","properties":{"id":816,"name":null,"kind":"Main Road","known":"0"},"geometry":{"type":"LineString","coordinates":[[30.4972,40.76516],[30.61979,40.76996],[30.66663,40.77699],[30.689,40.7858],[30.74119,40.79919],[30.80768,40.83085],[30.83849,40.83595],[30.89615,40.83349],[30.94222,40.85418],[30.97952,40.86076],[31.03856,40.86201],[31.10124,40.85838],[31.15262,40.85175],[31.23088,40.8362],[31.25887,40.81113],[31.27943,40.79823],[31.38825,40.76505],[31.43256,40.73932],[31.46091,40.73166],[31.49874,40.72933],[31.54582,40.73605],[31.59322,40.73777],[31.62872,40.74653],[31.6994,40.74279],[31.80538,40.75142],[31.86276,40.75085],[32.14401,40.79217],[32.21848,40.81058],[32.31303,40.82204],[32.40574,40.83833],[32.43979,40.84674],[32.46713,40.85869],[32.51455,40.86243],[32.59913,40.87957],[32.62739,40.87156],[32.6595,40.84993],[32.70355,40.856],[32.72839,40.85037],[32.7496,40.85337],[32.77439,40.84897],[32.80111,40.83714],[32.84054,40.83555],[32.89514,40.82308],[32.97747,40.81367],[33.007,40.81305],[33.03959,40.81871],[33.1549,40.85092],[33.2008,40.85181],[33.28132,40.84708],[33.37141,40.85116],[33.43335,40.86466],[33.4658,40.87765],[33.50489,40.88824],[33.5357,40.90242],[33.62539,40.92619],[33.69757,40.9297],[33.77316,40.92822],[33.86146,40.94676],[33.89097,40.9496],[33.91875,40.95739],[34.01716,40.96719],[34.05472,40.98127],[34.13952,41.02444],[34.16232,41.03959],[34.1984,41.04738],[34.23771,41.06141],[34.34437,41.08962],[34.43322,41.09892],[34.45632,41.09531],[34.46964,41.08043],[34.50089,41.08434],[34.55531,41.07589],[34.58344,41.05857],[34.60993,41.0375],[34.67597,41.00038],[34.70394,40.99673],[34.77463,40.99817],[34.80594,40.9808],[34.85035,40.96967],[34.92431,40.96477],[35.08705,40.99964]]}},{"type":"Feature","properties":{"id":818,"name":null,"kind":"Main Road","period":"RL","known":"0"},"geometry":{"type":"LineString","coordinates":[[28.86356,38.08944],[28.86627,38.07633],[28.87882,38.06797],[28.9467,38.05003],[28.95762,38.04463],[28.97591,38.04278],[28.98811,38.03745],[28.99421,38.02866],[29.05527,38.00099],[29.11896,37.92237],[29.12599,37.9167],[29.14281,37.91537],[29.1509,37.90823],[29.14312,37.88818],[29.14223,37.87178],[29.11628,37.84351]]}},{"type":"Feature","properties":{"id":819,"name":null,"kind":"Secondary Road","known":"1"},"geometry":{"type":"LineString","coordinates":[[28.58168,37.87518],[28.57418,37.85671],[28.58517,37.82785],[28.61102,37.80413],[28.64619,37.7545],[28.71039,37.73243],[28.7261,37.71821],[28.74081,37.7131],[28.80659,37.69926],[28.82927,37.69162],[28.84578,37.68151],[28.85464,37.67089],[28.864,37.66744],[28.88701,37.6445],[28.90477,37.63447],[28.92039,37.63246],[28.9408,37.62159],[28.95779,37.61864],[28.99814,37.62542],[29.02458,37.61799]]}},{"type":"Feature","properties":{"id":820,"name":null,"kind":"Secondary Road","known":"0"},"geometry":{"type":"LineString","coordinates":[[29.02331,37.61791],[29.03244,37.61647],[29.06664,37.62077],[29.08734,37.61907],[29.12311,37.60814],[29.19257,37.61876],[29.22627,37.62807],[29.22851,37.63128],[29.26013,37.62309],[29.28052,37.61257]]}},{"type":"Feature","properties":{"id":822,"name":null,"kind":"Main Road","known":"0"},"geometry":{"type":"LineString","coordinates":[[29.57206,36.83056],[29.55488,36.82041],[29.524,36.78754],[29.51525,36.78427],[29.48797,36.78532],[29.47515,36.77724],[29.46173,36.75181],[29.45351,36.7431],[29.44356,36.74066]]}},{"type":"Feature","properties":{"id":823,"name":null,"kind":"Secondary Road","known":"0"},"geometry":{"type":"LineString","coordinates":[[28.63993,36.83006],[28.6737,36.83247],[28.70135,36.83898],[28.71755,36.84651],[28.73773,36.84884],[28.75776,36.84204],[28.77377,36.83039],[28.80421,36.82156],[28.82279,36.79641],[28.83093,36.77327],[28.84485,36.75964],[28.86445,36.75644],[28.88788,36.75987],[28.91196,36.7679],[28.95884,36.7638],[28.96588,36.76154],[28.97536,36.74668],[28.98361,36.74359],[28.99176,36.74141],[29.0195,36.74692],[29.03253,36.74142],[29.03627,36.72709],[29.04489,36.72037],[29.08702,36.69584],[29.11865,36.68518],[29.13203,36.67604],[29.14124,36.65205],[29.13765,36.63178],[29.12828,36.62387]]}},{"type":"Feature","properties":{"id":824,"name":null,"kind":"Secondary Road","known":"0"},"geometry":{"type":"LineString","coordinates":[[29.12716,36.6238],[29.19418,36.64277],[29.21008,36.64198],[29.24737,36.63074],[29.26335,36.62904],[29.3173,36.64343],[29.34219,36.64319],[29.3892,36.63615]]}},{"type":"Feature","properties":{"id":825,"name":null,"kind":"Secondary Road","known":"0"},"geometry":{"type":"LineString","coordinates":[[29.24608,36.7345],[29.33891,36.7113],[29.38459,36.7069]]}},{"type":"Feature","properties":{"id":826,"name":null,"kind":"Secondary Road","known":"1"},"geometry":{"type":"LineString","coordinates":[[29.21786,36.33847],[29.22474,36.3371],[29.25615,36.34915],[29.29811,36.34549],[29.31881,36.35228],[29.33349,36.36322],[29.32804,36.37288],[29.33325,36.38868],[29.34726,36.39503],[29.35833,36.40847],[29.35613,36.43108],[29.36477,36.45801],[29.37517,36.46686],[29.37792,36.4734],[29.37263,36.49309],[29.39036,36.50786],[29.39904,36.52297],[29.40488,36.54428],[29.40304,36.56328],[29.38842,36.58602],[29.3918,36.63267],[29.38355,36.65947],[29.38728,36.70251],[29.3832,36.70955],[29.39503,36.7276],[29.40462,36.73367],[29.45049,36.73927],[29.49955,36.72318],[29.51339,36.70855],[29.50533,36.67436],[29.53109,36.66501],[29.54248,36.65206],[29.55423,36.64731],[29.62012,36.63129],[29.67259,36.61351],[29.6881,36.60442],[29.71906,36.57441],[29.72213,36.56549],[29.72079,36.5554]]}},{"type":"Feature","properties":{"id":827,"name":null,"kind":"Secondary Road","known":"1"},"geometry":{"type":"LineString","coordinates":[[29.33125,36.36308],[29.34125,36.3528],[29.38468,36.34556],[29.39432,36.33889],[29.3976,36.32819],[29.3965,36.31629],[29.39034,36.29863],[29.36313,36.28963]]}},{"type":"Feature","properties":{"id":828,"name":null,"kind":"Secondary Road","known":"1"},"geometry":{"type":"LineString","coordinates":[[29.32113,36.25967],[29.32868,36.26288],[29.33561,36.27241],[29.33978,36.28723],[29.34612,36.29127],[29.37259,36.28477],[29.42008,36.28141],[29.43519,36.276],[29.44052,36.26724],[29.46362,36.24869],[29.49375,36.25056],[29.50327,36.25661],[29.51804,36.2548],[29.53434,36.24853],[29.5502,36.23497],[29.59128,36.22749],[29.61554,36.21988],[29.65083,36.20203],[29.65872,36.20159],[29.70981,36.2192],[29.71593,36.22593],[29.73704,36.22809],[29.76817,36.24357],[29.78826,36.24475],[29.81585,36.23728],[29.82589,36.23787],[29.86837,36.25216],[29.93129,36.26396],[29.93095,36.24213],[29.94577,36.23934],[29.9759,36.24106],[30.01011,36.24753],[30.02705,36.25939],[30.03601,36.27261],[30.05758,36.2829],[30.12148,36.28371],[30.12795,36.2868],[30.15504,36.31191],[30.17379,36.34292]]}},{"type":"Feature","properties":{"id":829,"name":null,"kind":"Secondary Road","known":"1"},"geometry":{"type":"LineString","coordinates":[[29.94495,36.22294],[29.97077,36.22259],[29.98265,36.22781],[29.99468,36.24468]]}},{"type":"Feature","properties":{"id":830,"name":null,"kind":"Secondary Road","known":"0"},"geometry":{"type":"LineString","coordinates":[[29.99468,36.24468],[30.00056,36.25426],[29.9974,36.26499],[29.99215,36.27378],[29.98171,36.27773]]}},{"type":"Feature","properties":{"id":831,"name":null,"kind":"Secondary Road","known":"1"},"geometry":{"type":"LineString","coordinates":[[29.98171,36.27773],[29.96337,36.28214],[29.89461,36.28548],[29.86438,36.29736],[29.84379,36.30162],[29.81951,36.32202],[29.80578,36.32485],[29.75441,36.34637],[29.72457,36.36552],[29.70043,36.37135],[29.6733,36.38519],[29.65431,36.42042],[29.64049,36.43596],[29.66042,36.47628],[29.66157,36.48817],[29.65251,36.5131],[29.65538,36.51874],[29.69329,36.53557],[29.72408,36.55651],[29.75287,36.58733],[29.79565,36.61351],[29.8039,36.62218],[29.88141,36.65216],[29.9088,36.67466],[29.94095,36.6947],[29.99091,36.77035],[30.01976,36.79018],[30.02776,36.80246],[30.03202,36.83184],[30.03038,36.85088],[30.03524,36.86026],[30.06135,36.8863],[30.06225,36.9155]]}},{"type":"Feature","properties":{"id":832,"name":null,"kind":"Secondary Road","known":"1"},"geometry":{"type":"LineString","coordinates":[[29.83101,36.63468],[29.83824,36.62964],[29.87732,36.62188],[29.90258,36.60422],[29.92229,36.57259],[29.93543,36.56424],[29.96083,36.5575],[29.99165,36.54013],[30.00388,36.529],[30.01653,36.52607],[30.06012,36.50394],[30.10556,36.47281],[30.13623,36.44267],[30.15367,36.40908],[30.15749,36.3902],[30.15528,36.36281],[30.16566,36.34611],[30.17506,36.34117]]}},{"type":"Feature","properties":{"id":833,"name":null,"kind":"Secondary Road","period":"RL","known":"1"},"geometry":{"type":"LineString","coordinates":[[30.54379,36.52677],[30.55678,36.54833],[30.55798,36.56203],[30.56791,36.59435],[30.55205,36.60993],[30.54877,36.63796],[30.5647,36.69516],[30.56485,36.7079],[30.55564,36.72473],[30.56885,36.77362],[30.56583,36.78348],[30.57042,36.79736],[30.59315,36.82579],[30.59704,36.83418],[30.59635,36.84325],[30.60895,36.87118],[30.63925,36.88996],[30.65366,36.8943],[30.70223,36.89665]]}},{"type":"Feature","properties":{"id":834,"name":null,"kind":"Secondary Road","known":"1"},"geometry":{"type":"LineString","coordinates":[[30.2899,36.36551],[30.33124,36.34044],[30.33807,36.32535],[30.35675,36.31634],[30.35928,36.31283],[30.34738,36.29313]]}},{"type":"Feature","properties":{"id":835,"name":null,"kind":"Main Road","period":"RL","known":"1"},"geometry":{"type":"LineString","coordinates":[[29.11628,37.84351],[29.10832,37.80114],[29.11436,37.78009],[29.12539,37.76039],[29.13666,37.74666],[29.15686,37.73776],[29.20439,37.73118],[29.22291,37.70439],[29.22827,37.68737],[29.25254,37.67541],[29.26003,37.66775],[29.26128,37.65529],[29.27309,37.64006],[29.27912,37.62651],[29.28589,37.58494],[29.29956,37.55369],[29.31536,37.48364],[29.3278,37.46804],[29.33877,37.44271],[29.36019,37.40936],[29.36483,37.39906],[29.36643,37.38278],[29.37791,37.36423],[29.38033,37.35186],[29.43463,37.30146],[29.44211,37.28652],[29.50356,37.23638],[29.5135,37.22062],[29.52101,37.19701],[29.51948,37.15743],[29.60418,37.14159],[29.61976,37.1334],[29.63635,37.11433],[29.65167,37.10886],[29.66665,37.10701],[29.6914,37.11031],[29.70192,37.10728],[29.71135,37.09142],[29.73821,37.05926],[29.765,37.03986],[29.79758,37.03173],[29.87128,37.04693],[29.89148,37.03714],[29.90635,37.03617],[29.9162,37.02761],[29.9224,36.99606],[29.92431,36.96153],[29.9501,36.9393],[29.95074,36.93205],[30.00926,36.91165],[30.02982,36.91006],[30.07023,36.91503],[30.10023,36.93581],[30.17268,36.9516],[30.21637,36.94483],[30.23325,36.94665],[30.24862,36.95293],[30.27149,36.99241],[30.28778,37.00147],[30.32959,37.01824],[30.34656,37.01912],[30.3593,37.01614],[30.37274,37.01866],[30.37986,37.02905],[30.39117,37.02963],[30.39088,37.03326],[30.39625,37.03718],[30.41316,37.03896],[30.4402,37.02758],[30.45437,37.00644],[30.47509,37.00293],[30.48704,37.00991],[30.48994,37.01644],[30.50522,37.02449],[30.5188,37.02518],[30.55388,37.01235],[30.56518,36.99833],[30.58192,36.98732],[30.6264,36.97082],[30.64792,36.95638],[30.70223,36.89665]]}},{"type":"Feature","properties":{"id":836,"name":null,"kind":"Main Road","period":"RL","known":"1"},"geometry":{"type":"LineString","coordinates":[[30.48633,37.00949],[30.47699,37.02216],[30.47056,37.04379],[30.47367,37.06217],[30.48782,37.10196],[30.48682,37.11466],[30.4755,37.14238],[30.47883,37.1524],[30.48663,37.15727]]}},{"type":"Feature","properties":{"id":1097,"name":null,"kind":"Main Road","known":"0"},"geometry":{"type":"LineString","coordinates":[[36.91679,36.78163],[36.93095,36.77749],[36.94534,36.78005],[36.96191,36.77682],[36.97822,36.76591],[36.98493,36.7533],[36.99888,36.74341],[37.05083,36.73073],[37.19552,36.71579],[37.28187,36.70212]]}},{"type":"Feature","properties":{"id":1098,"name":null,"kind":"Main Road","known":"0"},"geometry":{"type":"LineString","coordinates":[[36.98162,36.76104],[36.98418,36.73128],[36.96406,36.66465],[36.9589,36.61782],[36.97903,36.58098],[37.01258,36.55533],[37.05473,36.53905],[37.06977,36.52817],[37.08582,36.51247],[37.10593,36.47849],[37.13541,36.40982],[37.14329,36.36657],[37.14671,36.33108],[37.14278,36.25656],[37.15088,36.22002]]}},{"type":"Feature","properties":{"id":1099,"name":null,"kind":"Main Road","known":"0"},"geometry":{"type":"LineString","coordinates":[[37.12025,36.44847],[37.21269,36.57357],[37.24676,36.6254],[37.27927,36.69644],[37.29061,36.71244],[37.3383,36.74379],[37.37577,36.78594],[37.39914,36.80353],[37.42594,36.81719],[37.50087,36.84006],[37.58583,36.87216],[37.60202,36.88704],[37.65939,36.91413],[37.71607,36.95081],[37.74986,36.9824],[37.76387,37.0002],[37.80584,37.02673],[37.86092,37.05091],[37.8746,37.06103]]}},{"type":"Feature","properties":{"id":1100,"name":null,"kind":"Main Road","known":"0"},"geometry":{"type":"LineString","coordinates":[[37.00916,36.0121],[37.07641,36.11758],[37.1497,36.22005],[37.19201,36.24675],[37.23282,36.26391],[37.37406,36.33869],[37.52211,36.39778],[37.55488,36.41599],[37.61649,36.44292],[37.76259,36.49978],[37.8516,36.52475],[37.95249,36.54829],[37.97792,36.55798],[38.07884,36.6245],[38.11253,36.654],[38.12786,36.67359],[38.12208,36.69872],[38.12627,36.71008],[38.17042,36.73345],[38.22368,36.76991],[38.27478,36.80929],[38.31627,36.84613],[38.34843,36.88619],[38.37604,36.9293],[38.39631,36.94869],[38.42211,36.98035],[38.46584,36.99115],[38.4977,37.00335],[38.56211,37.03826],[38.62732,37.08463],[38.68589,37.13796],[38.75386,37.14955]]}},{"type":"Feature","properties":{"id":1101,"name":null,"kind":"Main Road","known":"0"},"geometry":{"type":"LineString","coordinates":[[38.098,36.00551],[38.08099,36.01757],[38.06022,36.04793],[38.05192,36.06925],[38.04446,36.1068],[38.05013,36.14773],[38.05594,36.16857],[38.0765,36.20039],[38.08201,36.23751],[38.09742,36.26089],[38.13076,36.28748],[38.1695,36.30429],[38.16523,36.35613],[38.17138,36.40379],[38.1853,36.44159],[38.20168,36.4592],[38.22803,36.464],[38.23927,36.47413],[38.24454,36.48351],[38.24282,36.49507],[38.23522,36.5078],[38.23731,36.52401],[38.24409,36.5391],[38.24419,36.56209],[38.2321,36.60086],[38.20975,36.62659],[38.17174,36.64904],[38.1529,36.65258],[38.12616,36.66407],[38.09167,36.66431],[38.06233,36.67204],[38.04615,36.68122],[38.03146,36.6961],[38.02177,36.7156],[38.01578,36.73785],[38.02035,36.75688],[38.01778,36.77614],[38.01968,36.81252],[38.01165,36.84157],[38.01018,36.88191],[38.00417,36.90418],[37.99532,36.91791],[37.9906,36.94206],[37.96074,36.98911],[37.95565,37.00656],[37.95629,37.01902],[37.94856,37.03175],[37.93576,37.03889],[37.89903,37.0468],[37.87335,37.06011]]}},{"type":"Feature","properties":{"id":1102,"name":null,"kind":"Main Road","known":"0"},"geometry":{"type":"LineString","coordinates":[[37.37128,37.1708],[37.42713,37.15778],[37.45192,37.14847],[37.50207,37.14324],[37.52342,37.13784],[37.54738,37.13717],[37.61491,37.1189],[37.64706,37.11412],[37.70389,37.09898],[37.72512,37.09162],[37.74376,37.08049],[37.7958,37.0664],[37.85187,37.06176],[37.8711,37.06306]]}},{"type":"Feature","properties":{"id":1103,"name":null,"kind":"Main Road","known":"0"},"geometry":{"type":"LineString","coordinates":[[37.87483,37.06582],[37.8811,37.07138],[37.90292,37.07644],[37.97111,37.07421],[38.00246,37.07796],[38.11968,37.11813],[38.17558,37.13154],[38.456,37.16633],[38.53528,37.16708],[38.70415,37.14201]]}},{"type":"Feature","properties":{"id":1104,"name":null,"kind":"Secondary Road","known":"0"},"geometry":{"type":"LineString","coordinates":[[37.97943,37.07297],[38.0196,37.06202],[38.06689,37.02778],[38.12903,37.00355],[38.26211,36.98632],[38.35269,36.98009],[38.42802,36.97916]]}},{"type":"Feature","properties":{"id":1105,"name":null,"kind":"Secondary Road","known":"0"},"geometry":{"type":"LineString","coordinates":[[37.86742,37.06126],[37.85483,37.07318],[37.85052,37.08292],[37.86914,37.11977],[37.86909,37.14282],[37.84766,37.1704],[37.83345,37.1987],[37.83033,37.2084],[37.83069,37.24009],[37.83456,37.26975],[37.84156,37.28971],[37.84914,37.29716],[37.85879,37.32184],[37.86874,37.32825],[37.87489,37.35496],[37.88518,37.36809],[37.88774,37.39492]]}},{"type":"Feature","properties":{"id":1106,"name":null,"kind":"Secondary Road","known":"0"},"geometry":{"type":"LineString","coordinates":[[37.87622,37.06962],[37.87551,37.07924],[37.8943,37.16698],[37.90475,37.18393],[37.95652,37.2101],[37.99009,37.23205],[38.0664,37.26599],[38.09273,37.28623],[38.14577,37.31034],[38.34386,37.34356],[38.39774,37.35885],[38.43209,37.38928],[38.47244,37.4387],[38.48644,37.45067],[38.51254,37.46312],[38.52323,37.48002],[38.52815,37.50099],[38.52392,37.51078]]}},{"type":"Feature","properties":{"id":1107,"name":null,"kind":"Secondary Road","known":"0"},"geometry":{"type":"LineString","coordinates":[[38.50382,37.45865],[38.5695,37.40894],[38.61934,37.39637],[38.6319,37.38528]]}},{"type":"Feature","properties":{"id":1108,"name":null,"kind":"Secondary Road","known":"0"},"geometry":{"type":"LineString","coordinates":[[38.08034,37.45873],[38.06718,37.48322],[38.00962,37.53614],[37.98927,37.56279],[37.96385,37.63194],[37.95221,37.64098],[37.94319,37.65379],[37.88626,37.67679],[37.82708,37.72871],[37.79511,37.74414],[37.77897,37.76101],[37.76434,37.78456],[37.74662,37.84479],[37.73538,37.86343],[37.70061,37.87314],[37.69006,37.88116],[37.68224,37.89584],[37.68054,37.9113],[37.67609,37.9201],[37.67771,37.92872],[37.69086,37.94952],[37.6829,37.96132],[37.6427,37.98658],[37.64567,37.99805],[37.66098,38.01302]]}},{"type":"Feature","properties":{"id":1109,"name":null,"kind":"Secondary Road","known":"0"},"geometry":{"type":"LineString","coordinates":[[37.64612,37.98166],[37.61439,37.97969]]}},{"type":"Feature","properties":{"id":1110,"name":null,"kind":"Secondary Road","known":"0"},"geometry":{"type":"LineString","coordinates":[[37.31463,37.40283],[37.35286,37.45374],[37.36506,37.45727],[37.38256,37.47219],[37.44628,37.49548],[37.49746,37.53446],[37.51222,37.54078],[37.52733,37.55479],[37.57384,37.62177],[37.58385,37.62918],[37.60331,37.6315],[37.65839,37.61932],[37.71659,37.6224],[37.7451,37.63693],[37.76699,37.66416],[37.78331,37.67617],[37.80531,37.68031],[37.85018,37.68179],[37.89308,37.69197],[37.98815,37.70332],[38.09068,37.69506],[38.18302,37.7217],[38.24898,37.75209],[38.27038,37.76576]]}},{"type":"Feature","properties":{"id":1111,"name":null,"kind":"Secondary Road","known":"1"},"geometry":{"type":"LineString","coordinates":[[38.01561,38.00377],[38.0171,37.98333],[37.97966,37.95704],[37.93523,37.94422],[37.92191,37.93548],[37.85305,37.92238],[37.8092,37.8942],[37.77823,37.86561],[37.76244,37.85794],[37.74769,37.84514]]}},{"type":"Feature","properties":{"id":1112,"name":null,"kind":"Main Road","known":"1"},"geometry":{"type":"LineString","coordinates":[[38.25953,37.49416],[38.29098,37.48589],[38.31022,37.48722]]}},{"type":"Feature","properties":{"id":1113,"name":null,"kind":"Main Road","known":"0"},"geometry":{"type":"LineString","coordinates":[[38.17191,37.4342],[38.19914,37.46478],[38.22725,37.51058],[38.23821,37.50103],[38.25947,37.49314]]}},{"type":"Feature","properties":{"id":1114,"name":null,"kind":"Main Road","known":"0"},"geometry":{"type":"LineString","coordinates":[[38.30767,37.48732],[38.34545,37.50017],[38.37417,37.48892],[38.39225,37.49231],[38.41726,37.5046],[38.46448,37.50382],[38.4918,37.51192],[38.51715,37.52926]]}},{"type":"Feature","properties":{"id":1115,"name":null,"kind":"Main Road","known":"0"},"geometry":{"type":"LineString","coordinates":[[38.51357,37.53347],[38.46883,37.55455],[38.42631,37.5918],[38.38696,37.61874],[38.37331,37.64777],[38.34844,37.6823],[38.30586,37.72155],[38.27254,37.76657],[38.30982,37.78966],[38.322,37.80043],[38.4021,37.83006],[38.43202,37.85747],[38.47852,37.8822],[38.59964,37.9264],[38.60561,37.93942]]}},{"type":"Feature","properties":{"id":1116,"name":null,"kind":"Main Road","known":"1"},"geometry":{"type":"LineString","coordinates":[[38.62093,37.99796],[38.6125,37.98708],[38.60683,37.93835]]}},{"type":"Feature","properties":{"id":1117,"name":null,"kind":"Secondary Road","known":"1"},"geometry":{"type":"LineString","coordinates":[[38.69981,38.00192],[38.68692,37.98204],[38.68042,37.98129],[38.67127,37.95922],[38.65237,37.94571],[38.65069,37.93966]]}},{"type":"Feature","properties":{"id":1118,"name":null,"kind":"Secondary Road","known":"0"},"geometry":{"type":"LineString","coordinates":[[38.65076,37.94067],[38.65171,37.93554],[38.6854,37.91888],[38.72858,37.90997]]}},{"type":"Feature","properties":{"id":1119,"name":null,"kind":"Secondary Road","known":"0"},"geometry":{"type":"LineString","coordinates":[[38.51534,37.52394],[38.53792,37.53648],[38.55462,37.55003],[38.5876,37.58583],[38.61759,37.60516],[38.63889,37.62799],[38.65321,37.63452],[38.73994,37.63966],[38.74906,37.64244],[38.76767,37.65351],[38.78055,37.66798],[38.80858,37.71578],[38.85357,37.7194],[38.86821,37.72984],[38.89647,37.76497],[38.91944,37.78058],[38.91971,37.78452],[38.91408,37.7895],[38.90289,37.78603],[38.89307,37.78804],[38.88886,37.79928],[38.88945,37.80795],[38.90041,37.8225],[38.91612,37.83368],[38.93162,37.8417],[38.9632,37.85139],[38.96794,37.86225],[38.96557,37.87105],[38.97705,37.89268],[38.96688,37.9042],[38.96953,37.91357],[38.98943,37.92693],[39.00884,37.93319]]}},{"type":"Feature","properties":{"id":1120,"name":null,"kind":"Secondary Road","known":"0"},"geometry":{"type":"LineString","coordinates":[[38.79256,37.16128],[38.77219,37.19604],[38.76468,37.20187]]}},{"type":"Feature","properties":{"id":1121,"name":null,"kind":"Main Road","known":"1"},"geometry":{"type":"LineString","coordinates":[[38.75043,37.14965],[38.79152,37.16053]]}},{"type":"Feature","properties":{"id":1122,"name":null,"kind":"Main Road","known":"0"},"geometry":{"type":"LineString","coordinates":[[38.79157,37.16132],[38.84715,37.16763],[38.99387,37.16673]]}},{"type":"Feature","properties":{"id":1123,"name":null,"kind":"Main Road","known":"0"},"geometry":{"type":"LineString","coordinates":[[38.42929,36.9817],[38.46598,36.97162],[38.51756,36.94835],[38.62881,36.90768],[38.70511,36.88959],[38.76819,36.87987],[38.83639,36.87382],[39.01402,36.87704],[39.09897,36.8724]]}},{"type":"Feature","properties":{"id":1124,"name":null,"kind":"Main Road","known":"0"},"geometry":{"type":"LineString","coordinates":[[38.98991,36.9112],[39.01315,36.89283],[39.0201,36.87992],[39.03022,36.84245],[39.03021,36.82828]]}},{"type":"Feature","properties":{"id":1125,"name":null,"kind":"Main Road","known":"1"},"geometry":{"type":"LineString","coordinates":[[39.04095,39.95762],[39.11873,39.96724],[39.15455,39.96855],[39.19953,39.96654],[39.29752,39.96931],[39.39624,39.95747],[39.43008,39.95732],[39.46063,39.9631]]}},{"type":"Feature","properties":{"id":1126,"name":null,"kind":"Secondary Road","known":"0"},"geometry":{"type":"LineString","coordinates":[[39.03819,39.6628],[39.0538,39.64622],[39.05915,39.61709]]}},{"type":"Feature","properties":{"id":1127,"name":null,"kind":"Main Road","known":"0"},"geometry":{"type":"LineString","coordinates":[[39.03725,39.6124],[39.12332,39.62582],[39.17382,39.62645],[39.22279,39.63147],[39.32503,39.64844],[39.36015,39.66703],[39.45572,39.73912],[39.50867,39.76839],[39.62775,39.89273],[39.65474,39.92322],[39.66334,39.98068],[39.66142,40.00249]]}},{"type":"Feature","properties":{"id":1128,"name":null,"kind":"Main Road","known":"0"},"geometry":{"type":"LineString","coordinates":[[39.45875,39.96319],[39.5043,39.96824],[39.55033,39.97903],[39.64377,40.0164],[39.65714,40.01863],[39.69267,39.99369],[39.76838,39.97682],[39.85565,39.96363],[39.9321,39.977],[40.0233,39.98661],[40.03815,39.98436],[40.07427,39.98819],[40.09942,39.99551],[40.1219,39.99428],[40.13487,39.97184],[40.12056,39.9596],[40.1215,39.94941],[40.14836,39.9349],[40.18509,39.90536],[40.24347,39.84708],[40.27185,39.82955],[40.32219,39.80642],[40.35896,39.79852],[40.41121,39.79549],[40.45269,39.79741],[40.49674,39.8064],[40.56366,39.83717],[40.5858,39.85178],[40.61483,39.86017],[40.64633,39.87419],[40.6746,39.91158],[40.69104,39.92506],[40.71594,39.92933],[40.79356,39.91585],[40.88156,39.91178],[40.99338,39.93653],[41.08906,39.95062],[41.12443,39.94685],[41.20506,39.92702],[41.24024,39.92177],[41.29117,39.92269],[41.3336,39.93141],[41.37686,39.94731],[41.40894,39.96395]]}},{"type":"Feature","properties":{"id":1129,"name":null,"kind":"Main Road","known":"0"},"geometry":{"type":"LineString","coordinates":[[42.27687,39.98289],[42.3162,39.95223],[42.34956,39.93363],[42.35549,39.92155],[42.35731,39.90689],[42.37127,39.89852],[42.39757,39.89788],[42.4391,39.88441],[42.47797,39.86532],[42.5272,39.86716],[42.5525,39.8593],[42.57367,39.84886],[42.57317,39.83148],[42.58894,39.82294],[42.61441,39.8165],[42.69132,39.81451],[42.76892,39.79063],[42.79872,39.77506],[42.83675,39.7646],[42.93196,39.75941],[43.02115,39.73867],[43.13276,39.71732],[43.22743,39.70897],[43.31785,39.68491],[43.39183,39.65209],[43.41549,39.64704],[43.50118,39.64211],[43.54454,39.63085],[43.60159,39.61103],[43.64395,39.60563],[43.67402,39.60572],[43.71122,39.6153],[43.74379,39.63112],[43.76779,39.65211],[43.78372,39.6695],[43.81095,39.71052],[43.84158,39.81958],[43.86315,39.83644],[43.90611,39.84541],[43.97534,39.84165],[44.01158,39.84396],[44.04829,39.84911],[44.10363,39.86408],[44.16719,39.89421],[44.21085,39.9292],[44.23894,39.96135],[44.25576,39.97133],[44.28675,39.97552],[44.42873,39.94228],[44.4627,39.94174],[44.49692,39.94261],[44.52631,39.94834],[44.54081,39.9556],[44.5531,39.97182]]}},{"type":"Feature","properties":{"id":1130,"name":null,"kind":"Main Road","known":"0"},"geometry":{"type":"LineString","coordinates":[[44.50833,39.9429],[44.49866,39.93078],[44.51293,39.8929],[44.51739,39.87496],[44.51789,39.85598]]}},{"type":"Feature","properties":{"id":1131,"name":null,"kind":"Main Road","known":"0"},"geometry":{"type":"LineString","coordinates":[[39.00888,38.48301],[39.0317,38.49495],[39.07665,38.50879],[39.10534,38.50031],[39.14764,38.50272],[39.2069,38.51152],[39.24814,38.49954],[39.27603,38.48097],[39.28728,38.46029],[39.30078,38.44526],[39.32211,38.43706],[39.36288,38.44375],[39.53019,38.49894],[39.57716,38.49084],[39.61271,38.47754],[39.63707,38.46191],[39.65511,38.43651],[39.69088,38.40445],[39.69686,38.38831],[39.68937,38.36423],[39.69364,38.34962],[39.71065,38.33435],[39.74013,38.31555],[39.78571,38.29302],[39.91515,38.24872],[39.96823,38.18828],[40.05519,38.16191],[40.08641,38.14434],[40.10429,38.12033],[40.14504,38.08782],[40.18055,38.03834],[40.22143,37.98854],[40.23299,37.95624],[40.26341,37.89266],[40.28707,37.87404],[40.33563,37.86975],[40.39067,37.87655],[40.45408,37.85694],[40.53103,37.84652],[40.54613,37.83409],[40.55928,37.80166],[40.56189,37.77276],[40.55851,37.70111],[40.54965,37.68442],[40.52863,37.61676],[40.52435,37.59117],[40.5289,37.56361],[40.54614,37.55537],[40.5624,37.53713],[40.5873,37.49682],[40.66469,37.42308],[40.67687,37.40078],[40.68627,37.36861],[40.7028,37.336],[40.70081,37.31603],[40.69019,37.29949],[40.67158,37.27484],[40.65027,37.25898],[40.62988,37.21579],[40.62709,37.18729]]}},{"type":"Feature","properties":{"id":1132,"name":null,"kind":"Secondary Road","known":"0"},"geometry":{"type":"LineString","coordinates":[[39.01553,38.30654],[39.05927,38.31822],[39.07637,38.32752],[39.0967,38.33093],[39.11396,38.3172],[39.12653,38.28931],[39.12262,38.26073],[39.10346,38.22277],[39.1005,38.20709],[39.10278,38.1883],[39.11616,38.17188],[39.13689,38.15657],[39.15695,38.15709],[39.18426,38.18171],[39.20817,38.18492],[39.22953,38.17818],[39.23977,38.16908],[39.24457,38.16023],[39.21523,38.13285],[39.21427,38.11996],[39.22728,38.09923],[39.21513,38.08255],[39.2001,38.07606],[39.19041,38.06789],[39.18381,38.05238],[39.08163,38.02112],[39.05796,37.99489],[39.04257,37.98264],[39.012,37.93517],[39.00065,37.92849]]}},{"type":"Feature","properties":{"id":1133,"name":null,"kind":"Main Road","known":"0"},"geometry":{"type":"LineString","coordinates":[[39.08959,36.87384],[39.14161,36.86483],[39.20219,36.86068],[39.24376,36.86665],[39.37872,36.86675],[39.57518,36.8741],[39.62273,36.87165],[39.77442,36.87425],[39.87277,36.86894],[39.92652,36.86203],[39.96692,36.85317],[40.01116,36.8507],[40.0664,36.84229],[40.1477,36.8125]]}},{"type":"Feature","properties":{"id":1134,"name":null,"kind":"Main Road","known":"0"},"geometry":{"type":"LineString","coordinates":[[38.98632,37.16556],[39.07846,37.15877],[39.14458,37.15839],[39.17648,37.16485],[39.20188,37.17294],[39.22613,37.21019],[39.2369,37.2216],[39.26293,37.23759],[39.3865,37.22899],[39.43021,37.23743],[39.46002,37.23728],[39.48281,37.23217],[39.52891,37.22854],[39.55159,37.22209],[39.57468,37.22092],[39.62523,37.23157],[39.69692,37.23712],[39.78799,37.23629],[39.8753,37.23026],[39.95538,37.23648],[40.01664,37.23573],[40.10723,37.21074],[40.26546,37.20159],[40.33528,37.20409],[40.41297,37.20209],[40.54946,37.19109],[40.62067,37.19063],[40.8063,37.14168],[40.88147,37.11556],[40.94779,37.10057],[40.97724,37.09729],[41.08945,37.10961],[41.16829,37.0883],[41.23151,37.07597],[41.25643,37.07688],[41.36493,37.08514],[41.59011,37.11395],[41.64405,37.1219],[41.73601,37.1429],[41.87063,37.1871],[41.91523,37.21289],[41.9876,37.26173],[42.06792,37.26606],[42.09869,37.27293],[42.1591,37.304],[42.17953,37.32097],[42.1919,37.33992]]}},{"type":"Feature","properties":{"id":1135,"name":null,"kind":"Main Road","known":"0"},"geometry":{"type":"LineString","coordinates":[[40.93162,37.1043],[40.92232,37.09431],[40.91603,37.08147],[40.91112,37.06588],[40.90951,37.03418]]}},{"type":"Feature","properties":{"id":1136,"name":null,"kind":"Main Road","known":"0"},"geometry":{"type":"LineString","coordinates":[[41.24643,37.07625],[41.27212,37.03865]]}},{"type":"Feature","properties":{"id":877,"name":null,"kind":"Main Road","known":"0"},"geometry":{"type":"LineString","coordinates":[[32.65333,37.9797],[32.56524,37.90197],[32.51392,37.87002],[32.48978,37.83472],[32.47002,37.81685],[32.46346,37.79121],[32.41661,37.72064],[32.40505,37.69282]]}},{"type":"Feature","properties":{"id":878,"name":null,"kind":"Secondary Road","known":"0"},"geometry":{"type":"LineString","coordinates":[[32.5164,37.87212],[32.62415,37.90761],[32.66459,37.92496],[32.81878,37.99605],[32.86156,38.02255]]}},{"type":"Feature","properties":{"id":879,"name":null,"kind":"Secondary Road","known":"0"},"geometry":{"type":"LineString","coordinates":[[32.12154,37.87776],[32.18463,37.82371],[32.18948,37.80349],[32.19066,37.75362]]}},{"type":"Feature","properties":{"id":880,"name":null,"kind":"Secondary Road","known":"0"},"geometry":{"type":"LineString","coordinates":[[32.24841,37.65501],[32.31145,37.62708],[32.32778,37.6141],[32.34697,37.59158]]}},{"type":"Feature","properties":{"id":881,"name":null,"kind":"Secondary Road","known":"1"},"geometry":{"type":"LineString","coordinates":[[32.19033,37.75332],[32.18876,37.73594],[32.20111,37.70649],[32.22066,37.67822],[32.24971,37.65313]]}},{"type":"Feature","properties":{"id":882,"name":null,"kind":"Secondary Road","known":"1"},"geometry":{"type":"LineString","coordinates":[[32.06991,37.40701],[32.08729,37.397],[32.10496,37.3572],[32.13227,37.31675],[32.13669,37.30055],[32.1664,37.25922],[32.17925,37.24233],[32.22199,37.20331],[32.24929,37.18494],[32.26869,37.18073],[32.30123,37.17788],[32.36209,37.18545]]}},{"type":"Feature","properties":{"id":883,"name":null,"kind":"Secondary Road","known":"1"},"geometry":{"type":"LineString","coordinates":[[32.34664,37.18211],[32.35543,37.17373],[32.36461,37.15671]]}},{"type":"Feature","properties":{"id":884,"name":null,"kind":"Secondary Road","known":"1"},"geometry":{"type":"LineString","coordinates":[[32.57053,37.19517],[32.57459,37.15591]]}},{"type":"Feature","properties":{"id":885,"name":null,"kind":"Main Road","known":"1"},"geometry":{"type":"LineString","coordinates":[[32.40288,37.69134],[32.39193,37.666],[32.34817,37.59161],[32.38448,37.53785],[32.41371,37.47907],[32.45616,37.41971],[32.49268,37.35634],[32.51557,37.30029],[32.53375,37.26908],[32.55892,37.21406],[32.56581,37.19312],[32.57784,37.19249],[32.59667,37.20163],[32.63225,37.21218],[32.74773,37.26798]]}},{"type":"Feature","properties":{"id":886,"name":null,"kind":"Main Road","known":"1"},"geometry":{"type":"LineString","coordinates":[[32.89729,37.25335],[32.98913,37.23816]]}},{"type":"Feature","properties":{"id":887,"name":null,"kind":"Main Road","known":"1"},"geometry":{"type":"LineString","coordinates":[[32.36329,37.18548],[32.3799,37.18981],[32.40022,37.21825],[32.40171,37.23847],[32.41665,37.28021],[32.43548,37.31629],[32.47913,37.33578],[32.4901,37.36012]]}},{"type":"Feature","properties":{"id":888,"name":null,"kind":"Main Road","known":"1"},"geometry":{"type":"LineString","coordinates":[[33.11083,37.6281],[33.26253,37.60998],[33.30021,37.60301],[33.37944,37.57946],[33.39884,37.57693],[33.64874,37.48104],[33.68129,37.48153],[33.72208,37.49076],[33.73898,37.49004],[33.76327,37.48269]]}},{"type":"Feature","properties":{"id":889,"name":null,"kind":"Main Road","known":"0"},"geometry":{"type":"LineString","coordinates":[[32.74529,37.26888],[32.75959,37.27211],[32.78371,37.26983],[32.84913,37.25605],[32.90089,37.25343]]}},{"type":"Feature","properties":{"id":890,"name":null,"kind":"Main Road","known":"0"},"geometry":{"type":"LineString","coordinates":[[32.98786,37.24006],[33.02236,37.2149],[33.05407,37.20022],[33.1479,37.19357],[33.21905,37.18253],[33.23344,37.18281],[33.25491,37.22643],[33.28968,37.26839],[33.3566,37.32342],[33.39434,37.35004],[33.43633,37.39881],[33.48105,37.43801],[33.51912,37.45691],[33.53961,37.45724],[33.56126,37.44717],[33.60354,37.44327],[33.62055,37.44987],[33.64894,37.4724],[33.66448,37.4784]]}},{"type":"Feature","properties":{"id":891,"name":null,"kind":"Secondary Road","known":"1"},"geometry":{"type":"LineString","coordinates":[[33.10181,37.57213],[33.08185,37.51883],[33.08106,37.50632],[33.09043,37.47864]]}},{"type":"Feature","properties":{"id":892,"name":null,"kind":"Secondary Road","known":"0"},"geometry":{"type":"LineString","coordinates":[[33.14126,37.622],[33.12714,37.61016],[33.10187,37.57021]]}},{"type":"Feature","properties":{"id":893,"name":null,"kind":"Secondary Road","known":"0"},"geometry":{"type":"LineString","coordinates":[[33.0892,37.47957],[33.10668,37.38864],[33.12244,37.34862],[33.14292,37.31062],[33.16424,37.28321],[33.18248,37.23844],[33.21383,37.19586],[33.23341,37.18377],[33.25579,37.15781],[33.27537,37.14475],[33.30902,37.10124],[33.33113,37.08246],[33.34513,37.05393],[33.35063,37.02909],[33.36218,37.00148],[33.39242,36.9464],[33.39938,36.91104],[33.42284,36.88269],[33.42795,36.87032],[33.42697,36.86263],[33.44156,36.85234],[33.4861,36.83681],[33.50691,36.81607],[33.51334,36.79797],[33.51802,36.75492],[33.51048,36.72413],[33.50252,36.70963]]}},{"type":"Feature","properties":{"id":894,"name":null,"kind":"Secondary Road","period":"L","known":"0"},"geometry":{"type":"LineString","coordinates":[[33.23228,37.18135],[33.18729,37.16221],[33.12372,37.12539],[33.08091,37.07937],[33.08129,37.06787],[33.0914,37.05177],[33.09818,37.02793],[33.09123,37.02106],[33.06521,37.01187],[33.05516,36.99055],[33.04593,36.98075],[33.01327,36.95701],[33.00945,36.92911],[33.0181,36.92067],[33.01734,36.90819],[32.98473,36.88444],[32.96835,36.84092],[32.9555,36.83344],[32.94014,36.7957],[32.97146,36.75232],[32.97808,36.73331],[32.9773,36.72179],[32.99359,36.6982],[32.99412,36.68288],[32.99,36.66459],[32.98449,36.65201],[32.96823,36.6411],[32.9269,36.63344],[32.91017,36.63593]]}},{"type":"Feature","properties":{"id":895,"name":null,"kind":"Secondary Road","known":"1"},"geometry":{"type":"LineString","coordinates":[[33.0249,36.96638],[32.99062,36.95507]]}},{"type":"Feature","properties":{"id":896,"name":null,"kind":"Secondary Road","known":"0"},"geometry":{"type":"LineString","coordinates":[[32.05962,36.52857],[32.07897,36.52154],[32.09253,36.51145],[32.10396,36.4965],[32.11878,36.48453],[32.13569,36.45443],[32.14818,36.44142],[32.16654,36.42956],[32.18917,36.40252],[32.21416,36.35066],[32.22416,36.33948],[32.28668,36.29261],[32.29051,36.26115],[32.29663,36.25655],[32.31201,36.25607],[32.32005,36.26109],[32.33678,36.25681],[32.3453,36.25133],[32.36018,36.20968],[32.39725,36.17252],[32.42144,36.15889],[32.492,36.13605],[32.55563,36.10819],[32.60878,36.10486],[32.6995,36.07477],[32.71847,36.07143],[32.72813,36.06499],[32.7806,36.04721],[32.79265,36.03987],[32.80024,36.02572]]}},{"type":"Feature","properties":{"id":897,"name":null,"kind":"Secondary Road","known":"1"},"geometry":{"type":"LineString","coordinates":[[32.80256,36.02674],[32.81808,36.05197],[32.82339,36.06739]]}},{"type":"Feature","properties":{"id":898,"name":null,"kind":"Secondary Road","known":"0"},"geometry":{"type":"LineString","coordinates":[[32.91495,36.63508],[32.94278,36.58783],[32.96593,36.57112],[32.97579,36.56081],[32.97975,36.54941],[32.97419,36.53875],[32.92904,36.50707],[32.92485,36.49166],[32.92769,36.47832],[32.88512,36.4754],[32.81572,36.46128],[32.79825,36.45319],[32.76658,36.44475],[32.75156,36.43479],[32.70952,36.41936],[32.68292,36.40336],[32.6568,36.37588],[32.65379,36.3624],[32.65673,36.34812],[32.68201,36.30764],[32.70168,36.25841],[32.70392,36.23168],[32.70068,36.22395],[32.70052,36.19812],[32.71734,36.16031],[32.72938,36.15393],[32.77074,36.12056],[32.80015,36.09071],[32.80888,36.07754],[32.82446,36.07028],[32.86064,36.07881]]}},{"type":"Feature","properties":{"id":899,"name":null,"kind":"Secondary Road","known":"0"},"geometry":{"type":"LineString","coordinates":[[32.86403,36.08271],[32.91054,36.09912],[32.93162,36.10248]]}},{"type":"Feature","properties":{"id":900,"name":null,"kind":"Secondary Road","known":"1"},"geometry":{"type":"LineString","coordinates":[[32.93397,36.10253],[32.94782,36.1105],[32.96649,36.11571],[32.98653,36.11521],[33.01517,36.10439],[33.01887,36.09969]]}},{"type":"Feature","properties":{"id":901,"name":null,"kind":"Secondary Road","known":"0"},"geometry":{"type":"LineString","coordinates":[[33.02007,36.09877],[33.03283,36.10478],[33.08114,36.10393],[33.12141,36.13347],[33.15761,36.14379],[33.23905,36.13971],[33.28967,36.14166],[33.32815,36.15577],[33.343,36.1723],[33.36148,36.18603],[33.37737,36.20831]]}},{"type":"Feature","properties":{"id":902,"name":null,"kind":"Secondary Road","known":"0"},"geometry":{"type":"LineString","coordinates":[[33.32229,36.15471],[33.38668,36.17024],[33.43382,36.17109],[33.45987,36.16676],[33.49051,36.16729],[33.51037,36.17432],[33.55777,36.16459],[33.57299,36.16866],[33.58916,36.1823],[33.6102,36.19028],[33.69711,36.20594],[33.8035,36.25237]]}},{"type":"Feature","properties":{"id":903,"name":null,"kind":"Secondary Road","known":"1"},"geometry":{"type":"LineString","coordinates":[[33.80526,36.25243],[33.81331,36.26305],[33.80957,36.27256],[33.8153,36.28125],[33.86527,36.32302],[33.91592,36.33226],[33.94399,36.34886],[33.9411,36.37752],[33.94444,36.38904],[33.95596,36.4064],[33.95926,36.42079],[33.95101,36.48385],[33.97397,36.52623],[33.96905,36.53575],[33.92133,36.5505],[33.91407,36.55807],[33.91253,36.5772],[33.9231,36.58307],[33.96456,36.58835],[34.00848,36.58885],[34.03945,36.58249],[34.04575,36.56054],[34.05782,36.54822],[34.11897,36.50577],[34.1478,36.48021],[34.15271,36.46877]]}},{"type":"Feature","properties":{"id":904,"name":null,"kind":"Secondary Road","known":"1"},"geometry":{"type":"LineString","coordinates":[[33.94096,36.38518],[34.00482,36.38687]]}},{"type":"Feature","properties":{"id":905,"name":null,"kind":"Secondary Road","known":"0"},"geometry":{"type":"LineString","coordinates":[[33.93875,36.37654],[33.89865,36.37031],[33.87005,36.38143],[33.82258,36.38847],[33.80933,36.39977],[33.7806,36.41565],[33.73085,36.41687],[33.71202,36.41181],[33.63877,36.40594],[33.61348,36.42373],[33.60618,36.43222],[33.60233,36.4446],[33.60916,36.4562],[33.61118,36.47058],[33.60489,36.4858],[33.59399,36.4952],[33.52674,36.52953],[33.50408,36.53394],[33.47918,36.53352],[33.4545,36.56948],[33.44153,36.61043],[33.44334,36.63153],[33.45238,36.64893],[33.39609,36.66422],[33.3684,36.67617],[33.27475,36.70602],[33.23066,36.70803],[33.20227,36.70267],[33.16122,36.68363],[33.15092,36.67097],[33.12534,36.65319],[33.05704,36.63353],[33.01689,36.62594],[32.92752,36.63253],[32.84973,36.64697]]}},{"type":"Feature","properties":{"id":906,"name":null,"kind":"Secondary Road","known":"1"},"geometry":{"type":"LineString","coordinates":[[33.45233,36.65084],[33.46365,36.67211],[33.49631,36.69662],[33.50657,36.71403]]}},{"type":"Feature","properties":{"id":907,"name":null,"kind":"Secondary Road","known":"1"},"geometry":{"type":"LineString","coordinates":[[33.49282,36.69368],[33.50451,36.70154],[33.54121,36.70886]]}},{"type":"Feature","properties":{"id":908,"name":null,"kind":"Secondary Road","known":"0"},"geometry":{"type":"LineString","coordinates":[[33.54356,36.70985],[33.61017,36.71092],[33.67055,36.72429],[33.69919,36.72088],[33.74646,36.73593],[33.80456,36.74726],[33.83072,36.74857],[33.86071,36.73746],[33.87997,36.72621],[33.90418,36.70447],[33.91276,36.69117],[33.91655,36.67972],[33.91566,36.66342],[33.90898,36.6394],[33.90925,36.62504],[33.91334,36.59732],[33.91956,36.58207]]}},{"type":"Feature","properties":{"id":909,"name":null,"kind":"Secondary Road","known":"0"},"geometry":{"type":"LineString","coordinates":[[34.00721,36.38594],[34.05437,36.39602],[34.08712,36.42028],[34.12326,36.45701],[34.15736,36.47456],[34.17599,36.4977],[34.23698,36.54706],[34.24509,36.56245],[34.26968,36.5885],[34.36283,36.64667],[34.38637,36.6679],[34.50586,36.73665],[34.55437,36.77331],[34.61614,36.79851]]}},{"type":"Feature","properties":{"id":910,"name":null,"kind":"Secondary Road","known":"0"},"geometry":{"type":"LineString","coordinates":[[34.53622,36.76164],[34.52821,36.77431],[34.49403,36.80956],[34.43817,36.86011],[34.41412,36.88995],[34.39249,36.90162],[34.3683,36.94054],[34.35574,36.94954],[34.31783,36.99473],[34.30524,37.00463],[34.29042,37.01088],[34.25298,37.01239],[34.23603,37.00861],[34.22703,37.00308],[34.21456,37.00297],[34.20203,37.00741],[34.18256,37.02087],[34.17546,37.04173],[34.16629,37.04801],[34.15493,37.04881],[34.13475,37.03225],[34.09081,37.01362],[34.00026,37.00357],[33.95961,36.99401],[33.93843,36.97467],[33.90478,36.95608],[33.87992,36.95304],[33.85939,36.96005],[33.83302,36.97517],[33.80729,37.01394],[33.80423,37.0521],[33.80572,37.08941],[33.8008,37.10368],[33.7903,37.11719],[33.77607,37.1452],[33.77,37.16332],[33.76724,37.18603],[33.75322,37.20313],[33.75308,37.20949],[33.77307,37.23252],[33.78659,37.23908],[33.80108,37.25384],[33.81424,37.27859],[33.82761,37.29333]]}},{"type":"Feature","properties":{"id":911,"name":null,"kind":"Secondary Road","known":"0"},"geometry":{"type":"LineString","coordinates":[[33.61651,37.44698],[33.63757,37.42634],[33.68759,37.38701],[33.72677,37.37027],[33.75013,37.3451],[33.77726,37.32217],[33.8368,37.28981],[33.85099,37.26359],[33.85484,37.24179]]}},{"type":"Feature","properties":{"id":912,"name":null,"kind":"Main Road","known":"0"},"geometry":{"type":"LineString","coordinates":[[33.75509,37.48453],[33.82384,37.47725],[33.85225,37.48582],[33.89256,37.47083],[33.91084,37.47105],[33.96306,37.4908],[34.01206,37.50046],[34.14635,37.54375],[34.18599,37.57328],[34.22351,37.59274],[34.32842,37.63187],[34.38997,37.66421],[34.41387,37.68169],[34.51661,37.74156],[34.56489,37.7808],[34.57935,37.79842],[34.6125,37.82502],[34.62861,37.8491],[34.66954,37.9323],[34.68788,37.95062],[34.71191,37.98538],[34.75462,38.03561]]}},{"type":"Feature","properties":{"id":913,"name":null,"kind":"Main Road","known":"0"},"geometry":{"type":"LineString","coordinates":[[34.28778,37.98751],[34.31302,37.97137],[34.53065,37.86781],[34.58149,37.84068],[34.61723,37.82989],[34.63597,37.77706],[34.64193,37.74243],[34.64389,37.70418]]}},{"type":"Feature","properties":{"id":914,"name":null,"kind":"Main Road","known":"0"},"geometry":{"type":"LineString","coordinates":[[34.17251,37.56339],[34.25591,37.57688],[34.34868,37.57577],[34.4932,37.54936],[34.5724,37.5197]]}},{"type":"Feature","properties":{"id":915,"name":null,"kind":"Main Road","known":"1"},"geometry":{"type":"LineString","coordinates":[[34.64389,37.70418],[34.66532,37.67048],[34.67569,37.66322],[34.71933,37.65152],[34.75029,37.6507]]}},{"type":"Feature","properties":{"id":916,"name":null,"kind":"Main Road","known":"1"},"geometry":{"type":"LineString","coordinates":[[34.56881,37.52033],[34.61802,37.51691],[34.63745,37.51881],[34.65913,37.52709]]}},{"type":"Feature","properties":{"id":917,"name":"via_Tauri","kind":"Main Road","known":"1"},"geometry":{"type":"LineString","coordinates":[[34.85369,37.49755],[34.88003,37.47846],[34.89036,37.45479],[34.89153,37.4384],[34.88475,37.40469],[34.84603,37.37003],[34.82447,37.33084],[34.81203,37.30077],[34.80984,37.27255],[34.81793,37.23798],[34.81113,37.22887],[34.82028,37.2125]]}},{"type":"Feature","properties":{"id":918,"name":null,"kind":"Main Road","known":"1"},"geometry":{"type":"LineString","coordinates":[[34.86491,37.10159],[34.88879,37.08434],[34.89791,37.06343],[34.89684,37.02706],[34.90258,36.98524],[34.90147,36.97342]]}},{"type":"Feature","properties":{"id":919,"name":null,"kind":"Main Road","known":"1"},"geometry":{"type":"LineString","coordinates":[[34.87235,36.90268],[34.9357,36.92729]]}},{"type":"Feature","properties":{"id":920,"name":null,"kind":"Main Road","known":"1"},"geometry":{"type":"LineString","coordinates":[[35.49015,36.75241],[35.53981,36.75213]]}},{"type":"Feature","properties":{"id":921,"name":null,"kind":"Secondary Road","known":"0"},"geometry":{"type":"LineString","coordinates":[[34.61839,37.82807],[34.60629,37.79454],[34.59095,37.77265],[34.57964,37.7294],[34.5706,37.71251],[34.55186,37.65905],[34.55217,37.61894],[34.54104,37.57787],[34.54115,37.5642],[34.55623,37.53967],[34.58726,37.52068]]}},{"type":"Feature","properties":{"id":922,"name":null,"kind":"Main Road","known":"0"},"geometry":{"type":"LineString","coordinates":[[34.75144,37.64979],[34.76649,37.61337],[34.79412,37.5788],[34.81138,37.55149],[34.84466,37.52149],[34.85387,37.49781]]}},{"type":"Feature","properties":{"id":923,"name":null,"kind":"Main Road","known":"0"},"geometry":{"type":"LineString","coordinates":[[34.65816,37.52553],[34.69133,37.52838],[34.74054,37.52489],[34.77261,37.51678],[34.80121,37.51411],[34.85501,37.49781]]}},{"type":"Feature","properties":{"id":924,"name":"via_Tauri","kind":"Main Road","known":"0"},"geometry":{"type":"LineString","coordinates":[[34.82028,37.21432],[34.82714,37.20251],[34.81925,37.17793],[34.82158,37.16155],[34.84556,37.12157],[34.86833,37.09887]]}},{"type":"Feature","properties":{"id":925,"name":"via_Tauri","kind":"Main Road","known":"0"},"geometry":{"type":"LineString","coordinates":[[34.90147,36.97433],[34.90489,36.96342],[34.90493,36.93888],[34.90044,36.91706]]}},{"type":"Feature","properties":{"id":926,"name":null,"kind":"Main Road","known":"0"},"geometry":{"type":"LineString","coordinates":[[34.66896,36.81745],[34.70276,36.83756],[34.72645,36.84763],[34.77386,36.86503],[34.82245,36.87786],[34.87782,36.90431]]}},{"type":"Feature","properties":{"id":927,"name":null,"kind":"Main Road","known":"0"},"geometry":{"type":"LineString","coordinates":[[34.93438,36.928],[34.96381,36.93711],[34.97626,36.94802],[35.19272,36.99145],[35.24148,36.99679],[35.31742,36.99564],[35.35364,36.98823],[35.41827,36.9925],[35.51912,36.98924],[35.53728,36.99186]]}},{"type":"Feature","properties":{"id":928,"name":null,"kind":"Main Road","known":"0"},"geometry":{"type":"LineString","coordinates":[[35.35704,36.98731],[35.35355,36.97369],[35.37475,36.9236],[35.43292,36.83065],[35.4721,36.78412],[35.48883,36.75859],[35.49098,36.74677],[35.47956,36.73049],[35.47034,36.70601],[35.41895,36.6182],[35.37139,36.57665],[35.35099,36.55223]]}},{"type":"Feature","properties":{"id":929,"name":null,"kind":"Secondary Road","known":"1"},"geometry":{"type":"LineString","coordinates":[[34.61598,36.79816],[34.66558,36.81653],[34.71305,36.81397],[34.74692,36.82043],[34.81019,36.82423]]}},{"type":"Feature","properties":{"id":930,"name":null,"kind":"Secondary Road","known":"0"},"geometry":{"type":"LineString","coordinates":[[34.80566,36.82512],[34.82375,36.82516],[34.86893,36.83251],[34.94239,36.84803],[34.9616,36.84804],[35.07689,36.81985],[35.15934,36.80611],[35.31177,36.78936],[35.34221,36.78107],[35.4933,36.75403]]}},{"type":"Feature","properties":{"id":931,"name":null,"kind":"Main Road","period":"RL","known":"1"},"geometry":{"type":"LineString","coordinates":[[32.02804,39.66879],[32.06945,39.68052],[32.2215,39.6926],[32.26219,39.70253],[32.31227,39.72522],[32.41316,39.75427],[32.52175,39.7945]]}},{"type":"Feature","properties":{"id":933,"name":null,"kind":"Main Road","period":"RL","known":"0"},"geometry":{"type":"MultiLineString","coordinates":[[[32.87623,39.62758],[32.88218,39.57983],[32.89413,39.52876],[32.88887,39.43664],[32.92103,39.34443],[32.94825,39.28213],[32.95173,39.25511],[32.94779,39.22696],[32.94651,39.12633],[32.95274,39.09165],[32.95387,39.06073],[32.9499,38.93206],[32.9409,38.9077],[32.93578,38.87859],[32.93677,38.85155],[32.92959,38.81178],[32.92843,38.74274],[32.89985,38.64938],[32.8675,38.56079],[32.86378,38.4642],[32.87115,38.39877],[32.89096,38.32785],[32.83191,38.20731],[32.79518,38.14667]],[[32.65333,37.9797],[32.67585,37.99556],[32.76861,38.10843],[32.79628,38.14958]]]}},{"type":"Feature","properties":{"id":937,"name":null,"kind":"Secondary Road","known":"0"},"geometry":{"type":"LineString","coordinates":[[32.8634,38.02014],[32.87979,38.03787],[32.91886,38.06864],[33.07938,38.18684]]}},{"type":"Feature","properties":{"id":938,"name":null,"kind":"Secondary Road","known":"0"},"geometry":{"type":"LineString","coordinates":[[32.3962,38.19686],[32.52096,38.16563],[32.68332,38.13618],[32.75323,38.12733],[32.82156,38.12706],[32.92349,38.14197],[33.04327,38.17161],[33.07694,38.18679]]}},{"type":"Feature","properties":{"id":939,"name":null,"kind":"Secondary Road","period":"RL","known":"0"},"geometry":{"type":"LineString","coordinates":[[32.55936,38.63558],[32.52756,38.65887]]}},{"type":"Feature","properties":{"id":940,"name":null,"kind":"Main Road","period":"HRL","known":"0"},"geometry":{"type":"LineString","coordinates":[[32.23845,38.25368],[32.26713,38.2384],[32.30074,38.2259],[32.3962,38.19686],[32.43903,38.1689],[32.49111,38.11159],[32.50167,38.09357],[32.50551,38.07339],[32.50279,38.05212],[32.49736,38.03841],[32.49725,38.01336],[32.50064,37.99702]]}},{"type":"Feature","properties":{"id":942,"name":null,"kind":"Main Road","period":"RL","known":"1"},"geometry":{"type":"LineString","coordinates":[[33.15679,38.02175],[33.20583,38.04971],[33.33922,38.11197],[33.36191,38.12876],[33.41111,38.15758],[33.61201,38.22639],[33.85562,38.32328],[33.97254,38.35456],[34.10701,38.40804],[34.16321,38.42014],[34.19383,38.42138],[34.26259,38.41328],[34.41223,38.4028],[34.48587,38.38974],[34.54848,38.37464],[34.57793,38.36707],[34.60372,38.35562],[34.64189,38.323],[34.66122,38.30033],[34.72192,38.22304],[34.73301,38.20187],[34.74043,38.18166],[34.74928,38.11328],[34.75462,38.03561]]}},{"type":"Feature","properties":{"id":943,"name":null,"kind":"Secondary Road","known":"1"},"geometry":{"type":"LineString","coordinates":[[32.55936,38.63558],[32.68587,38.55293],[32.73404,38.51649],[32.8433,38.38984],[32.88461,38.3339],[32.91769,38.29994],[32.99714,38.23327],[33.022,38.22128],[33.04709,38.20254],[33.08558,38.18408],[33.1139,38.17696],[33.27021,38.15596],[33.39259,38.14375],[33.56248,38.13214],[33.8699,38.12973],[34.05542,38.11921]]}},{"type":"Feature","properties":{"id":946,"name":null,"kind":"Main Road","known":"0"},"geometry":{"type":"LineString","coordinates":[[34.1907,38.42522],[34.20894,38.43599],[34.27246,38.45484]]}},{"type":"Feature","properties":{"id":947,"name":null,"kind":"Secondary Road","known":"1"},"geometry":{"type":"LineString","coordinates":[[34.05354,38.3805],[34.07736,38.34699],[34.10533,38.28172],[34.12158,38.25874],[34.18199,38.22364],[34.19323,38.2064],[34.21181,38.18729],[34.25093,38.1828],[34.28041,38.16859],[34.29418,38.14076],[34.30184,38.11288],[34.30808,38.10137],[34.34251,38.07562],[34.356,38.06801],[34.37309,38.06427]]}},{"type":"Feature","properties":{"id":949,"name":null,"kind":"Secondary Road","period":"HRL","known":"0"},"geometry":{"type":"LineString","coordinates":[[33.55395,39.13501],[33.74625,39.05313],[33.78514,39.03238],[33.87766,38.992],[34.1698,38.83278],[34.33832,38.78345],[34.38779,38.7722],[34.51494,38.76137],[34.60878,38.74444],[34.85542,38.71813],[35.14505,38.73744],[35.23389,38.75753],[35.25241,38.76424],[35.31165,38.77082]]}},{"type":"Feature","properties":{"id":950,"name":null,"kind":"Secondary Road","known":"0"},"geometry":{"type":"LineString","coordinates":[[34.59134,38.36112],[34.68078,38.3699],[34.71752,38.37002],[34.87311,38.34337],[35.00042,38.33189]]}},{"type":"Feature","properties":{"id":951,"name":null,"kind":"Secondary Road","period":"RL","known":"0"},"geometry":{"type":"LineString","coordinates":[[32.96227,39.59761],[32.99001,39.5924],[33.04631,39.5936],[33.13843,39.57225],[33.19701,39.54144],[33.23168,39.51305],[33.28402,39.47821],[33.33202,39.46068],[33.39037,39.42977],[33.49104,39.4],[33.72915,39.29809],[33.85448,39.25909],[33.94849,39.22248],[34.00352,39.20472],[34.05989,39.17919],[34.09362,39.16793],[34.12851,39.16149],[34.15599,39.15111],[34.16858,39.13962],[34.18604,39.13398],[34.26431,39.1298],[34.30537,39.12238],[34.51802,39.0754],[35.01033,38.98098]]}},{"type":"Feature","properties":{"id":952,"name":null,"kind":"Secondary Road","period":"RL","known":"0"},"geometry":{"type":"LineString","coordinates":[[34.48368,39.63838],[34.39277,39.58843],[34.3305,39.56283],[34.26594,39.52555],[34.23983,39.51468],[34.17659,39.48026],[34.15436,39.4636],[34.06976,39.36988],[34.06141,39.34754],[34.06553,39.32435],[34.07467,39.29929],[34.11978,39.20203],[34.15034,39.15397]]}},{"type":"Feature","properties":{"id":953,"name":null,"kind":"Secondary Road","known":"0"},"geometry":{"type":"LineString","coordinates":[[35.05916,39.82182],[35.10913,39.8248],[35.23607,39.82165],[35.40179,39.81161]]}},{"type":"Feature","properties":{"id":954,"name":null,"kind":"Main Road","period":"RL","known":"1"},"geometry":{"type":"MultiLineString","coordinates":[[[34.53527,39.85937],[34.52363,39.81843],[34.51949,39.77226],[34.50251,39.70532],[34.50145,39.684],[34.4966,39.66557],[34.48675,39.64614]],[[34.48799,39.64809],[34.4611,39.5782],[34.45767,39.54526],[34.4628,39.53173]],[[34.5652,39.38756],[34.61058,39.31906],[34.63328,39.27562],[34.7083,39.20915],[34.76314,39.17642],[34.78806,39.15618],[34.83532,39.1321],[34.91981,39.08001],[34.92851,39.06648],[34.97317,39.02398],[34.99052,38.99982],[35.02147,38.97469]],[[34.463,39.53414],[34.47116,39.51063],[34.56736,39.38211]],[[35.02115,38.97337],[35.06041,38.95291],[35.1127,38.91197],[35.13754,38.90478]],[[35.13492,38.90581],[35.15713,38.89657],[35.18061,38.87711],[35.204,38.83619],[35.22352,38.81877],[35.24439,38.81157],[35.30686,38.77256]],[[35.30816,38.77255],[35.32899,38.76329],[35.34462,38.76017],[35.40199,38.75483],[35.42843,38.74373]]]}},{"type":"Feature","properties":{"id":957,"name":null,"kind":"Main Road","known":"1"},"geometry":{"type":"MultiLineString","coordinates":[[[35.43678,39.69012],[35.46175,39.67741],[35.50809,39.67232],[35.56577,39.6749],[35.58337,39.67963],[35.63482,39.68414],[35.6449,39.68794]],[[35.64424,39.68846],[35.73518,39.70406],[35.83572,39.70759],[35.89385,39.71832],[35.9069,39.7232],[35.91682,39.73437],[35.93441,39.76801],[35.94836,39.77726],[36.00698,39.78791],[36.0267,39.80085],[36.03887,39.80071],[36.0764,39.81031],[36.12194,39.81353],[36.14302,39.81202],[36.15922,39.80994],[36.17374,39.80537],[36.18091,39.79902],[36.19467,39.79697],[36.23629,39.80707],[36.26498,39.81858],[36.28452,39.82082],[36.32099,39.81781],[36.37312,39.82394],[36.41479,39.83334],[36.47095,39.83748],[36.53136,39.84778],[36.60486,39.86511],[36.70052,39.83558],[36.70327,39.82283],[36.72869,39.80784],[36.73808,39.78226],[36.7757,39.75736],[36.79133,39.75585],[36.81589,39.74025],[36.82326,39.7262],[36.83093,39.72121],[36.85282,39.72017],[36.88213,39.72986],[36.8931,39.73025],[36.9055,39.72637],[36.95553,39.72351],[37.03161,39.74789],[37.08375,39.78001],[37.1558,39.8183],[37.30139,39.82873],[37.3597,39.85269],[37.37635,39.8565],[37.44372,39.85295],[37.45173,39.85637],[37.50931,39.8621],[37.54009,39.87793],[37.55357,39.88059],[37.56842,39.87897],[37.60473,39.86586],[37.63686,39.86435],[37.65851,39.87342],[37.69076,39.87431],[37.74887,39.88956],[37.77283,39.90186]]]}},{"type":"Feature","properties":{"id":960,"name":null,"kind":"Main Road","period":"RL","known":"0"},"geometry":{"type":"LineString","coordinates":[[34.51422,39.74295],[34.55292,39.71956],[34.61813,39.69321],[34.71508,39.67306],[34.8014,39.63946],[34.9088,39.60992],[34.99755,39.58025],[35.03328,39.56078],[35.05047,39.54541],[35.07161,39.51774],[35.11779,39.4675],[35.14412,39.43265],[35.17958,39.37423],[35.22027,39.32296],[35.23856,39.28606],[35.2631,39.22207],[35.28245,39.14631],[35.32006,39.06232],[35.37185,38.96091],[35.40453,38.91011],[35.42655,38.88242],[35.45086,38.8302],[35.4637,38.78874],[35.50124,38.72159]]}},{"type":"Feature","properties":{"id":964,"name":null,"kind":"Main Road","period":"RL","known":"0"},"geometry":{"type":"LineString","coordinates":[[35.50124,38.72159],[35.42843,38.74373],[35.40951,38.74372],[35.36666,38.73761],[35.33265,38.72037],[35.29199,38.67353],[35.2723,38.64398],[35.21605,38.5747],[35.19775,38.54514],[35.14169,38.47585],[35.11825,38.44221],[35.09227,38.41979],[35.04424,38.3678],[34.98466,38.31681],[34.94071,38.25663],[34.79381,38.07561],[34.75462,38.03561]]}},{"type":"Feature","properties":{"id":967,"name":null,"kind":"Main Road","known":"1"},"geometry":{"type":"LineString","coordinates":[[35.50124,38.72159],[35.53535,38.73434],[35.5524,38.74445],[35.60945,38.80135],[35.65433,38.82717],[35.68503,38.85877],[35.71149,38.86855],[35.72456,38.89155],[35.73825,38.90018],[35.77755,38.91171],[35.81693,38.9276],[35.89438,38.97308],[35.89927,38.97865],[35.9011,38.993],[35.88626,39.03274],[35.89068,39.04243],[35.91184,39.06283],[35.92677,39.06919],[35.9399,39.0878],[35.96558,39.11351],[35.97801,39.13649],[36.00161,39.15498],[36.05325,39.1812],[36.08698,39.19377],[36.10366,39.21349],[36.14541,39.24436],[36.19339,39.27334],[36.24275,39.29261],[36.28414,39.30171],[36.31165,39.31521],[36.34206,39.319],[36.36653,39.33434],[36.4238,39.35401],[36.46649,39.37992],[36.48664,39.40617],[36.50312,39.41739],[36.54316,39.42277],[36.57647,39.44395],[36.62431,39.45461],[36.67125,39.46042],[36.70519,39.4743],[36.72554,39.47695],[36.75007,39.48857],[36.75652,39.4951],[36.78586,39.51025],[36.79073,39.5162],[36.79964,39.55047],[36.84424,39.60037],[36.85542,39.63098],[36.86191,39.63811],[36.8754,39.64388],[36.89315,39.65985],[36.9027,39.66449],[36.92343,39.66399],[36.93144,39.67047],[36.94016,39.68427],[36.94969,39.68831],[36.95255,39.70276],[36.97832,39.72954]]}},{"type":"Feature","properties":{"id":971,"name":null,"kind":"Secondary Road","known":"0"},"geometry":{"type":"LineString","coordinates":[[35.30273,41.69321],[35.41035,41.67522],[35.44959,41.64866],[35.48041,41.63811],[35.55914,41.62409],[35.62394,41.6069],[35.75154,41.5908],[35.83858,41.57249],[35.89811,41.56715],[35.91921,41.55616],[35.94753,41.5327],[35.9855,41.51473],[36.01099,41.51286],[36.04905,41.50126],[36.06189,41.50512],[36.09448,41.48717],[36.13516,41.44993],[36.15506,41.4369],[36.19359,41.40206],[36.2131,41.37305],[36.23087,41.36164],[36.24537,41.34627],[36.26731,41.3324],[36.3115,41.31902],[36.32608,41.30843],[36.35362,41.2657],[36.40892,41.23455],[36.43834,41.22692],[36.48353,41.21584],[36.54595,41.21645],[36.67885,41.20381],[36.73605,41.20678],[36.81823,41.19726],[36.906,41.19714],[36.95612,41.2089],[36.97626,41.21008],[36.99412,41.20651],[37.01179,41.19815],[37.0415,41.17276],[37.0883,41.15257],[37.14391,41.14255],[37.26922,41.13245],[37.29619,41.12062],[37.30834,41.10834],[37.3197,41.10248],[37.39241,41.09908],[37.40148,41.08926],[37.44683,41.06494],[37.50413,41.02592],[37.54457,41.01126],[37.56908,40.99463],[37.59502,40.98594],[37.6671,40.98394],[37.69809,40.99265],[37.71902,40.98965],[37.75864,41.00208],[37.77135,41.00331],[37.80378,40.99836],[37.82609,41.0017],[37.84124,41.00923],[37.8561,41.01118],[37.87467,40.98346],[37.88603,40.97913],[37.99001,40.97271],[38.05066,40.96439],[38.10384,40.95467],[38.1245,40.9476],[38.14233,40.94622],[38.18784,40.93192],[38.21621,40.93096],[38.27654,40.93608],[38.30148,40.93042],[38.31456,40.92038],[38.33914,40.90913],[38.3579,40.90607],[38.40766,40.91068],[38.44012,40.90791],[38.45818,40.91045],[38.5286,40.90865],[38.54792,40.91432],[38.57838,40.92915],[38.59099,40.92867],[38.60302,40.91943],[38.62208,40.91311],[38.64812,40.90891],[38.66398,40.9099],[38.70169,40.93799],[38.71778,40.94215],[38.75045,40.95764],[38.79494,40.99103],[38.81437,40.99744],[38.85994,41.00039],[38.87611,41.00533],[38.91038,41.0271],[38.92967,41.0311],[38.99707,41.02908],[39.04418,41.02388],[39.07184,41.0267],[39.14451,41.05233],[39.16282,41.07071],[39.19019,41.06951],[39.20463,41.06487],[39.2544,41.03947],[39.2859,41.03725],[39.31606,41.04467],[39.36284,41.06172],[39.41944,41.09509],[39.45728,41.09252],[39.48723,41.08391],[39.55941,41.02449],[39.57655,41.01486],[39.64522,40.99073],[39.67024,40.9871],[39.72395,40.99803],[39.78876,40.99078],[39.81223,40.98159],[39.82819,40.97118],[39.8356,40.95961],[39.84833,40.94856],[39.91328,40.94361],[39.98746,40.95893],[40.03375,40.94608],[40.07741,40.91655],[40.09367,40.91008],[40.13945,40.90361],[40.18927,40.90648],[40.23807,40.92059],[40.26448,40.93193],[40.37562,41.01049],[40.39863,41.01879],[40.41817,41.02408],[40.48857,41.03043],[40.51047,41.02756],[40.51944,41.02223],[40.54603,41.02388],[40.72139,41.08311],[40.78761,41.13835],[40.83026,41.16057],[40.85454,41.16949],[40.87524,41.17462],[40.92474,41.17154],[40.94518,41.17427],[40.97194,41.18621],[41.0513,41.19401],[41.05983,41.20388],[41.09228,41.22825],[41.12959,41.24829],[41.15629,41.27302],[41.17908,41.27715],[41.21035,41.29034],[41.26743,41.32428],[41.34397,41.36011],[41.38781,41.37081],[41.42005,41.38228],[41.43396,41.39176],[41.471,41.44301],[41.52696,41.47369],[41.5439,41.49019],[41.5761,41.54415],[41.58499,41.56441]]}},{"type":"Feature","properties":{"id":1137,"name":null,"kind":"Main Road","known":"0"},"geometry":{"type":"LineString","coordinates":[[40.53303,37.84651],[40.56662,37.86439],[40.69493,37.8564],[40.86733,37.85336],[40.89606,37.85548],[40.93034,37.86255],[41.01793,37.86607],[41.11482,37.86224],[41.17897,37.86586],[41.22813,37.90106],[41.26429,37.90921],[41.31869,37.94535],[41.37308,37.95085],[41.3829,37.96347],[41.43563,37.9837],[41.46064,37.99656],[41.50675,38.03187],[41.53514,38.04448],[41.5731,38.05239],[41.62233,38.07012],[41.69018,38.10243],[41.71958,38.12291],[41.75576,38.15753],[41.80426,38.1819],[41.8127,38.19593],[41.83717,38.21675],[41.85871,38.22712],[41.92493,38.24343],[41.94865,38.25762],[41.97251,38.28647],[42.00526,38.31863],[42.02496,38.35446],[42.09573,38.37832],[42.15177,38.48605],[42.20391,38.50865],[42.24143,38.50968],[42.27271,38.50185],[42.32645,38.47084],[42.36609,38.4623],[42.42658,38.45739],[42.46477,38.46362],[42.54311,38.46518],[42.56115,38.44765],[42.59463,38.43151],[42.61396,38.4112],[42.63884,38.39442],[42.64587,38.37113],[42.68318,38.35864],[42.70887,38.36047],[42.76651,38.38495],[42.79893,38.38618],[42.88934,38.34098],[43.01476,38.30463],[43.0821,38.30133],[43.10519,38.30863],[43.12063,38.30992],[43.14163,38.3027],[43.18912,38.31446],[43.20539,38.33304],[43.20956,38.35003],[43.20272,38.36134],[43.20355,38.37864],[43.21069,38.39077],[43.2279,38.40391],[43.31677,38.43059],[43.34337,38.44954],[43.35456,38.502],[43.34294,38.54988],[43.32442,38.57431],[43.31797,38.58828],[43.30201,38.60712],[43.29801,38.62622],[43.30955,38.64657],[43.31871,38.67384],[43.35133,38.73242],[43.36944,38.7736],[43.39285,38.7895],[43.40495,38.80178],[43.41051,38.816],[43.42452,38.82944],[43.49526,38.84432],[43.52732,38.87483],[43.56935,38.90306],[43.59822,38.91241],[43.65288,38.92201],[43.66804,38.93129],[43.67558,38.94666],[43.66363,38.96924],[43.64327,38.98189],[43.57779,39.00278],[43.53166,39.00441],[43.48035,39.01721],[43.41088,39.0236],[43.31601,39.06709],[43.30252,39.08038],[43.19761,39.11526],[43.07296,39.17454],[43.02198,39.20312],[42.98721,39.21285],[42.96509,39.22683],[42.87278,39.24415],[42.82904,39.26396],[42.80968,39.28571],[42.7744,39.30477],[42.76713,39.32683],[42.76553,39.35243],[42.75142,39.37506],[42.7542,39.39493],[42.76265,39.41835],[42.76331,39.44779],[42.76799,39.46885],[42.7797,39.49066],[42.78736,39.53293],[42.81285,39.52944],[42.84459,39.53346],[42.88547,39.54072],[42.91284,39.55045],[42.92634,39.5721],[42.94479,39.59199],[42.97068,39.60318],[43.06095,39.61549],[43.17046,39.61663],[43.25862,39.64908],[43.29791,39.65631],[43.31697,39.65594],[43.34871,39.67054]]}},{"type":"Feature","properties":{"id":1138,"name":null,"kind":"Secondary Road","known":"0"},"geometry":{"type":"LineString","coordinates":[[40.24975,37.93269],[40.3853,37.94698],[40.42062,37.95724],[40.5318,37.97648],[40.65866,37.97978],[40.78834,37.99509],[40.82729,37.99383],[40.91719,38.00161],[40.98137,38.00235],[41.18189,37.99136],[41.22636,37.98337],[41.29624,37.96493],[41.32548,37.9468]]}},{"type":"Feature","properties":{"id":1139,"name":null,"kind":"Secondary Road","known":"0"},"geometry":{"type":"LineString","coordinates":[[40.28231,37.88013],[40.36525,37.89997],[40.40294,37.90267],[40.6148,37.89967],[40.67025,37.8925],[40.80188,37.88292],[40.89295,37.85849]]}},{"type":"Feature","properties":{"id":1140,"name":null,"kind":"Main Road","known":"1"},"geometry":{"type":"LineString","coordinates":[[36.02263,36.00425],[36.04148,35.96367],[36.06927,35.92055]]}},{"type":"Feature","properties":{"id":1141,"name":null,"kind":"Main Road","known":"0"},"geometry":{"type":"LineString","coordinates":[[36.15064,36.00757],[36.14581,35.99173],[36.13037,35.97114],[36.06617,35.91569],[36.02944,35.87823],[36.01544,35.85028],[35.93575,35.74852],[35.90491,35.69265],[35.88353,35.66478],[35.87423,35.64289],[35.85457,35.62843],[35.84229,35.60657],[35.77384,35.51688],[35.80817,35.51657],[35.84388,35.50891],[35.87936,35.4866],[35.91446,35.44109],[35.92608,35.42145],[35.93818,35.35587],[35.93339,35.33519],[35.9358,35.2998],[35.93262,35.28642],[35.95684,35.24733],[35.95859,35.2326],[35.96439,35.22191],[35.96999,35.19896],[35.92207,35.12674],[35.90972,35.09991],[35.90015,35.05916],[35.90874,35.03621],[35.88647,34.94171],[35.88182,34.89605],[35.90874,34.84272],[35.9125,34.82963],[35.92603,34.80909],[35.9298,34.79681],[35.9413,34.78308],[35.94597,34.76589],[35.94573,34.7504],[35.95808,34.72008],[35.97375,34.71175],[35.99124,34.69443],[36.02438,34.66958],[36.03113,34.66053],[36.0358,34.64498],[36.03783,34.59197],[36.04314,34.55767],[36.04187,34.54139]]}},{"type":"Feature","properties":{"id":1142,"name":null,"kind":"Main Road","known":"1"},"geometry":{"type":"LineString","coordinates":[[36.04086,34.53977],[36.03084,34.53011],[36.00707,34.52142],[35.95667,34.50977],[35.94674,34.50418],[35.92164,34.47267],[35.90382,34.46471],[35.84358,34.4474],[35.83366,34.44179],[35.83345,34.42632]]}},{"type":"Feature","properties":{"id":1143,"name":null,"kind":"Main Road","known":"0"},"geometry":{"type":"LineString","coordinates":[[35.8343,34.42766],[35.82945,34.41604],[35.81611,34.40139],[35.75467,34.36617],[35.74612,34.35769],[35.73944,34.34842],[35.74012,34.32742],[35.73344,34.31737],[35.71727,34.29729],[35.68993,34.28197],[35.6776,34.26885]]}},{"type":"Feature","properties":{"id":1144,"name":null,"kind":"Main Road","known":"1"},"geometry":{"type":"LineString","coordinates":[[35.67667,34.26886],[35.66524,34.25185],[35.66128,34.23167],[35.64587,34.19138],[35.64573,34.17817],[35.63892,34.15336],[35.6407,34.14481],[35.64996,34.13775],[35.65541,34.12372],[35.6534,34.11053],[35.66053,34.07589],[35.65196,34.05733],[35.63864,34.0402],[35.64102,34.03258],[35.65946,34.01777],[35.65415,34.00803]]}},{"type":"Feature","properties":{"id":1145,"name":null,"kind":"Main Road","known":"1"},"geometry":{"type":"LineString","coordinates":[[36.32758,34.17273],[36.34726,34.17475],[36.36067,34.18931],[36.35761,34.21889],[36.36158,34.22893],[36.40609,34.25153]]}},{"type":"Feature","properties":{"id":1146,"name":null,"kind":"Main Road","known":"1"},"geometry":{"type":"LineString","coordinates":[[36.54768,34.51358],[36.53853,34.55967],[36.5438,34.58137],[36.56407,34.60048],[36.58412,34.61101]]}},{"type":"Feature","properties":{"id":1147,"name":null,"kind":"Main Road","known":"0"},"geometry":{"type":"LineString","coordinates":[[36.20111,34.02001],[36.20169,34.04873],[36.20565,34.06032],[36.2248,34.08413],[36.26011,34.12091],[36.30456,34.14588],[36.3199,34.16352],[36.33128,34.17111]]}},{"type":"Feature","properties":{"id":1148,"name":null,"kind":"Main Road","known":"0"},"geometry":{"type":"LineString","coordinates":[[36.40328,34.25158],[36.42038,34.26218],[36.44729,34.2905],[36.47546,34.33124],[36.51306,34.37258],[36.52352,34.37785],[36.53228,34.39014],[36.54517,34.41713],[36.55788,34.47215],[36.54584,34.51517]]}},{"type":"Feature","properties":{"id":1149,"name":null,"kind":"Main Road","known":"0"},"geometry":{"type":"LineString","coordinates":[[36.04374,34.56702],[36.06586,34.594],[36.0974,34.6193],[36.12141,34.64391],[36.18963,34.66325],[36.25202,34.67172],[36.26631,34.67852],[36.27879,34.68925],[36.3088,34.72463],[36.31376,34.73546],[36.31922,34.76888],[36.34777,34.81988],[36.37559,34.87869],[36.38536,34.89179],[36.39127,34.94199],[36.39082,34.96305],[36.38932,34.98023],[36.37531,35.0296],[36.37371,35.12404],[36.37999,35.14892],[36.37955,35.17078],[36.39032,35.22448],[36.40758,35.2695],[36.4132,35.30534],[36.42121,35.32161],[36.41993,35.38726],[36.41461,35.40415],[36.39794,35.42552],[36.38364,35.46717],[36.38422,35.53205],[36.39042,35.5515],[36.3959,35.62102],[36.38991,35.65162],[36.38981,35.68761],[36.36834,35.79517],[36.34877,35.82131],[36.3364,35.82698],[36.24026,35.82681],[36.21119,35.81547],[36.19426,35.78674],[36.18447,35.77748],[36.10365,35.71905],[36.03837,35.66351],[35.97675,35.64701],[35.96607,35.63852],[35.95036,35.61522],[35.92507,35.59047],[35.78249,35.52383]]}},{"type":"Feature","properties":{"id":1150,"name":null,"kind":"Main Road","known":"0"},"geometry":{"type":"LineString","coordinates":[[36.32296,35.82796],[36.31854,35.84525]]}},{"type":"Feature","properties":{"id":1151,"name":null,"kind":"Main Road","known":"1"},"geometry":{"type":"LineString","coordinates":[[36.40798,36.00522],[36.39305,35.98587],[36.38327,35.93902],[36.36637,35.91657],[36.35368,35.90893],[36.33583,35.88649],[36.32185,35.86399],[36.31942,35.84132]]}},{"type":"Feature","properties":{"id":1152,"name":null,"kind":"Secondary Road","known":"1"},"geometry":{"type":"LineString","coordinates":[[36.47819,35.84546],[36.4988,35.89915]]}},{"type":"Feature","properties":{"id":1153,"name":null,"kind":"Secondary Road","known":"0"},"geometry":{"type":"LineString","coordinates":[[36.4988,35.89915],[36.52205,35.94183],[36.52434,35.95589]]}},{"type":"Feature","properties":{"id":1154,"name":null,"kind":"Secondary Road","known":"0"},"geometry":{"type":"LineString","coordinates":[[36.47819,35.84546],[36.46889,35.81978],[36.44872,35.78175]]}},{"type":"Feature","properties":{"id":1155,"name":null,"kind":"Main Road","known":"0"},"geometry":{"type":"LineString","coordinates":[[36.40923,35.4183],[36.46029,35.43701],[36.601,35.51898],[36.68745,35.5987],[36.71125,35.62641],[36.73093,35.64401],[36.75592,35.67834],[36.79032,35.73712],[36.81127,35.76253],[36.82967,35.79816],[36.87959,35.85662],[36.9109,35.90216],[37.01016,36.0167]]}},{"type":"Feature","properties":{"id":1156,"name":null,"kind":"Main Road","known":"0"},"geometry":{"type":"LineString","coordinates":[[36.98006,36.01111],[36.99211,35.99674]]}},{"type":"Feature","properties":{"id":1157,"name":null,"kind":"Main Road","known":"0"},"geometry":{"type":"LineString","coordinates":[[36.72803,35.64329],[36.74026,35.60315],[36.75175,35.50673],[36.75425,35.27027],[36.74856,35.23915],[36.75132,35.20395],[36.74963,35.14699]]}},{"type":"Feature","properties":{"id":1158,"name":null,"kind":"Main Road","known":"0"},"geometry":{"type":"LineString","coordinates":[[36.41101,35.41319],[36.45553,35.39918],[36.46959,35.38879],[36.51624,35.34736],[36.55145,35.30847],[36.56246,35.29265],[36.57866,35.25721],[36.60672,35.23874],[36.66301,35.20958],[36.69252,35.177],[36.74848,35.13999],[36.7539,35.13051],[36.74713,35.06236],[36.74854,35.04594],[36.74383,35.01483],[36.73332,34.97993],[36.71473,34.82902],[36.71304,34.73787],[36.69807,34.70934],[36.665,34.67414],[36.58218,34.60871]]}},{"type":"Feature","properties":{"id":1159,"name":null,"kind":"Main Road","known":"0"},"geometry":{"type":"LineString","coordinates":[[36.4734,35.38833],[36.54444,35.36836],[36.70764,35.30517],[36.79852,35.25415],[36.86985,35.22141],[36.98358,35.15098],[37.00606,35.1411],[37.05216,35.12754],[37.07453,35.1153],[37.35511,35.0754],[37.38227,35.06608],[37.42093,35.05956]]}},{"type":"Feature","properties":{"id":1160,"name":null,"kind":"Secondary Road","known":"0"},"geometry":{"type":"LineString","coordinates":[[36.73372,34.02571],[36.73411,34.0389],[36.74709,34.06815],[36.77042,34.09953],[36.77263,34.11113],[36.75316,34.14805],[36.75161,34.15896],[36.76121,34.16731],[36.78012,34.17469],[36.84517,34.19198],[36.91513,34.21533],[36.94836,34.23014],[37.01999,34.24482],[37.07246,34.24591],[37.09584,34.24535],[37.13859,34.23653],[37.24786,34.22987],[37.60467,34.38361],[37.62637,34.38606],[37.74074,34.42377],[37.83401,34.46904],[37.91443,34.49869],[37.95625,34.5074],[38.05769,34.52258],[38.19319,34.52237],[38.21906,34.53076],[38.25787,34.5519],[38.29875,34.55893],[38.38461,34.56186],[38.66345,34.56223]]}},{"type":"Feature","properties":{"id":1161,"name":null,"kind":"Secondary Road","known":"1"},"geometry":{"type":"LineString","coordinates":[[37.01537,34.02503],[37.02972,34.03556],[37.04346,34.05543],[37.0626,34.09615],[37.0751,34.16035],[37.07569,34.17743],[37.06657,34.21107],[37.06473,34.2391],[37.0689,34.25144],[37.09244,34.28198]]}},{"type":"Feature","properties":{"id":1162,"name":null,"kind":"Main Road","known":"0"},"geometry":{"type":"LineString","coordinates":[[37.31848,34.02363],[37.35164,34.03671],[37.39476,34.04174],[37.40806,34.04759],[37.42158,34.05886],[37.47524,34.06977],[37.48762,34.07563]]}},{"type":"Feature","properties":{"id":1163,"name":"Strata Diocletiana","kind":"Main Road","known":"0"},"geometry":{"type":"LineString","coordinates":[[37.60525,34.16076],[37.63174,34.16773],[37.69663,34.17584],[37.74682,34.18903],[37.77168,34.20068],[37.83014,34.24933],[37.86526,34.25907]]}},{"type":"Feature","properties":{"id":1164,"name":"Strata Diocletiana","kind":"Main Road","known":"1"},"geometry":{"type":"LineString","coordinates":[[37.48852,34.07483],[37.50975,34.09131],[37.5255,34.11028],[37.56029,34.13723],[37.60328,34.15849]]}},{"type":"Feature","properties":{"id":1165,"name":"Strata Diocletiana","kind":"Main Road","known":"1"},"geometry":{"type":"LineString","coordinates":[[37.86487,34.26063],[37.90554,34.26861],[37.91827,34.27985],[37.991,34.31004],[38.07047,34.36018],[38.12806,34.38458],[38.19012,34.42124],[38.21562,34.45846],[38.22549,34.48457],[38.22786,34.51096],[38.24134,34.53383],[38.25872,34.54174],[38.28226,34.55878]]}},{"type":"Feature","properties":{"id":1166,"name":null,"kind":"Main Road","known":"0"},"geometry":{"type":"LineString","coordinates":[[36.71353,34.73864],[36.75242,34.71293],[36.77387,34.70471],[36.84504,34.68765],[36.96346,34.64689],[37.02245,34.63541],[37.04478,34.6271],[37.11483,34.60984],[37.49521,34.56003],[37.62279,34.55004]]}},{"type":"Feature","properties":{"id":1167,"name":null,"kind":"Main Road","known":"0"},"geometry":{"type":"LineString","coordinates":[[37.76899,34.55641],[37.97586,34.60799]]}},{"type":"Feature","properties":{"id":1168,"name":null,"kind":"Main Road","known":"1"},"geometry":{"type":"LineString","coordinates":[[37.6237,34.54924],[37.69127,34.54483],[37.76993,34.55638]]}},{"type":"Feature","properties":{"id":1169,"name":null,"kind":"Secondary Road","known":"0"},"geometry":{"type":"LineString","coordinates":[[36.71498,34.73978],[36.73974,34.74708],[36.83538,34.8176],[36.98681,34.96478],[37.04388,35.02588],[37.04778,35.05622],[37.05502,35.07322],[37.0966,35.12141],[37.37203,35.23659],[37.60496,35.31514],[37.73246,35.35034],[37.80528,35.3668],[37.92444,35.38323],[38.08296,35.42004],[38.48289,35.52557],[38.59903,35.56159],[38.66873,35.58846],[38.74644,35.63452]]}},{"type":"Feature","properties":{"id":1170,"name":null,"kind":"Secondary Road","known":"0"},"geometry":{"type":"LineString","coordinates":[[36.99346,35.99396],[37.04395,36.00378],[37.06017,35.9987],[37.07517,35.9866],[37.09819,35.92964],[37.10906,35.91058],[37.2359,35.75239],[37.30207,35.65206],[37.31462,35.62982],[37.34439,35.5594],[37.35428,35.54349],[37.49076,35.4659]]}},{"type":"Feature","properties":{"id":1171,"name":null,"kind":"Secondary Road","known":"0"},"geometry":{"type":"LineString","coordinates":[[37.51586,35.44955],[37.54695,35.43927],[37.69308,35.37549],[37.72321,35.36674],[37.77247,35.35894]]}},{"type":"Feature","properties":{"id":1172,"name":null,"kind":"Secondary Road","known":"0"},"geometry":{"type":"LineString","coordinates":[[37.4897,35.77971],[37.50839,35.76744],[37.54878,35.724],[37.5583,35.70024],[37.58694,35.67514],[37.61967,35.65617],[37.63347,35.64323],[37.6686,35.57253],[37.68831,35.52186],[37.69226,35.50375],[37.70187,35.4839],[37.75656,35.38602],[37.77918,35.35951]]}},{"type":"Feature","properties":{"id":1173,"name":null,"kind":"Main Road","known":"0"},"geometry":{"type":"LineString","coordinates":[[37.24427,35.74014],[37.26539,35.7396],[37.32189,35.72764],[37.39711,35.72488],[37.42673,35.73006],[37.46809,35.75214],[37.48747,35.77557],[37.51602,35.798],[37.5856,35.83196],[37.6386,35.84389],[37.66255,35.84392],[37.71457,35.83409],[37.78193,35.85673],[37.85004,35.89355],[37.89392,35.90487],[37.99028,35.91441],[38.01371,35.92186],[38.06319,35.95092],[38.11219,35.98747],[38.09303,36.00915]]}},{"type":"Feature","properties":{"id":1174,"name":null,"kind":"Main Road","known":"1"},"geometry":{"type":"LineString","coordinates":[[37.42195,35.05989],[37.44815,35.05617],[37.49575,35.02196],[37.60175,34.97555],[37.6185,34.96459],[37.6642,34.91169]]}},{"type":"Feature","properties":{"id":1175,"name":null,"kind":"Main Road","known":"0"},"geometry":{"type":"LineString","coordinates":[[37.66301,34.91244],[37.67755,34.89873],[37.68451,34.88526],[37.68566,34.86884],[37.70252,34.80281],[37.71776,34.76413],[37.74625,34.7266],[37.78547,34.69729],[37.86368,34.65579],[37.95217,34.61465],[38.00967,34.59631],[38.19589,34.56408],[38.28034,34.5586]]}},{"type":"Feature","properties":{"id":1176,"name":null,"kind":"Secondary Road","known":"0"},"geometry":{"type":"LineString","coordinates":[[38.32186,34.55961],[38.33643,34.53412],[38.38205,34.47549],[38.42677,34.43557],[38.46979,34.3996],[38.49989,34.38437],[38.57303,34.33545],[38.66387,34.25616],[38.76699,34.18248],[38.81715,34.1616],[38.8688,34.14997],[38.89285,34.14578],[38.95924,34.14509]]}},{"type":"Feature","properties":{"id":1177,"name":null,"kind":"Main Road","known":"0"},"geometry":{"type":"LineString","coordinates":[[38.28235,34.56007],[38.32294,34.59283],[38.33861,34.59894],[38.39663,34.60415],[38.4322,34.61095],[38.51213,34.63536]]}},{"type":"Feature","properties":{"id":1178,"name":null,"kind":"Main Road","known":"1"},"geometry":{"type":"LineString","coordinates":[[38.51033,34.63543],[38.62126,34.66371],[38.63802,34.67196]]}},{"type":"Feature","properties":{"id":1179,"name":null,"kind":"Main Road","known":"0"},"geometry":{"type":"LineString","coordinates":[[38.63694,34.67011],[38.66336,34.69118],[38.71953,34.75821],[38.81403,34.8386],[38.82849,34.84727],[38.85614,34.87183],[38.87136,34.89193],[38.89745,34.9316],[38.91435,34.9767],[38.91831,35.0102],[38.9134,35.04124],[38.92865,35.08715],[38.93158,35.10494]]}},{"type":"Feature","properties":{"id":1180,"name":null,"kind":"Secondary Road","known":"0"},"geometry":{"type":"LineString","coordinates":[[38.92994,35.10645],[38.96836,35.10686],[38.99218,35.1108]]}},{"type":"Feature","properties":{"id":1181,"name":null,"kind":"Main Road","known":"1"},"geometry":{"type":"LineString","coordinates":[[38.93281,35.1066],[38.93028,35.21891],[38.92789,35.23773],[38.91957,35.26354],[38.85257,35.41099],[38.81698,35.45448],[38.78783,35.49919],[38.75268,35.60859],[38.74732,35.63955],[38.79435,35.82724],[38.79902,35.89907],[38.79389,35.91955],[38.80194,35.94397],[38.81522,35.9494],[38.8375,35.95144],[38.91002,35.94526],[38.93057,35.94885],[38.97387,35.94766],[38.99351,35.95128],[39.04796,35.95105],[39.05922,35.95354],[39.07245,35.98446]]}},{"type":"Feature","properties":{"id":1182,"name":null,"kind":"Main Road","known":"1"},"geometry":{"type":"LineString","coordinates":[[38.11055,35.99128],[38.14468,35.97356],[38.16653,35.95103],[38.19627,35.93795],[38.29384,35.91786],[38.37126,35.88493],[38.3844,35.87318],[38.40078,35.86955],[38.46895,35.86914],[38.52578,35.86389],[38.57101,35.85007],[38.59114,35.84775],[38.6364,35.84965],[38.72003,35.84616],[38.7442,35.84964],[38.75934,35.85575],[38.81093,35.91206],[38.82885,35.91804],[38.87786,35.91965],[38.99754,35.91582]]}},{"type":"Feature","properties":{"id":1380,"name":null,"kind":"Main Road","period":"RL","known":"1"},"geometry":{"type":"LineString","coordinates":[[19.97832,44.95684],[19.99973,44.94673],[20.04792,44.9039],[20.0848,44.86583],[20.15499,44.83906],[20.23708,44.8224],[20.25053,44.81586],[20.25767,44.80634],[20.27135,44.80158],[20.35522,44.7992],[20.4165,44.81289],[20.42939,44.81917]]}},{"type":"Feature","properties":{"id":1383,"name":null,"kind":"Main Road","known":"1"},"geometry":{"type":"LineString","coordinates":[[18.62523,43.91328],[18.62869,43.92672],[18.62809,43.95229],[18.63285,43.96419],[18.66259,43.99631]]}},{"type":"Feature","properties":{"id":1384,"name":null,"kind":"Main Road","known":"0"},"geometry":{"type":"LineString","coordinates":[[18.77736,43.92701],[18.86889,43.85961],[18.90756,43.82095],[18.9266,43.81024],[18.94563,43.79299]]}},{"type":"Feature","properties":{"id":1385,"name":null,"kind":"Secondary Road","period":"RL","known":"0"},"geometry":{"type":"LineString","coordinates":[[18.81476,43.58895],[18.78442,43.58836],[18.75646,43.5943],[18.7404,43.61513],[18.7404,43.67759],[18.72672,43.71625],[18.73624,43.74897],[18.73624,43.76087]]}},{"type":"Feature","properties":{"id":1386,"name":null,"kind":"Main Road","period":"RL","known":"1"},"geometry":{"type":"LineString","coordinates":[[18.46998,43.85634],[18.50348,43.83064],[18.54727,43.81636],[18.57201,43.8116],[18.63166,43.80846],[18.66022,43.80072],[18.70126,43.76682],[18.71673,43.75789],[18.74647,43.76206],[18.76146,43.77336],[18.77752,43.77336],[18.80965,43.76146],[18.86616,43.77812],[18.88222,43.78585],[18.94563,43.79299],[19.00595,43.78823],[19.03391,43.79299],[19.04878,43.79953],[19.13385,43.82095],[19.17192,43.8382],[19.20761,43.86318],[19.22605,43.86973],[19.24866,43.86794],[19.27186,43.85486],[19.29208,43.815],[19.30814,43.79596]]}},{"type":"Feature","properties":{"id":1387,"name":null,"kind":"Main Road","period":"RL","known":"1"},"geometry":{"type":"LineString","coordinates":[[19.30814,43.79596],[19.27542,43.77157],[19.26412,43.75611],[19.23973,43.75492],[19.20939,43.74719],[19.17787,43.73172],[19.16954,43.72339],[19.16359,43.70733],[19.14872,43.69484],[19.03569,43.69127],[18.99108,43.68294],[18.9768,43.67164],[18.96966,43.65498],[18.95896,43.6413],[18.94171,43.63297],[18.88222,43.62048],[18.82987,43.60442],[18.8037,43.58152],[18.80667,43.56545],[18.78169,43.52262],[18.77931,43.51013],[18.77157,43.50597],[18.76325,43.49466],[18.74362,43.48872],[18.74897,43.47384],[18.75016,43.45838],[18.77455,43.40722],[18.77455,43.39473],[18.76325,43.38164],[18.73469,43.36617],[18.69008,43.32156],[18.65379,43.2939],[18.64249,43.27367],[18.64011,43.2594],[18.63178,43.25345]]}},{"type":"Feature","properties":{"id":1388,"name":null,"kind":"Main Road","period":"RL","known":"1"},"geometry":{"type":"LineString","coordinates":[[19.37367,43.35909],[19.33609,43.36406],[19.30968,43.37191],[19.27434,43.37584],[19.22473,43.39511],[19.20296,43.39904],[19.17119,43.39761],[19.15799,43.40761],[19.15014,43.42046],[19.12515,43.42795],[19.04984,43.42617],[19.01772,43.42938],[18.98381,43.44401],[18.95098,43.44473],[18.91421,43.45401],[18.88352,43.47721],[18.87031,43.48327],[18.85603,43.48577],[18.82427,43.48292],[18.81285,43.4847],[18.8,43.49113],[18.77931,43.51013],[18.78169,43.52262],[18.80667,43.56545],[18.8037,43.58152],[18.81476,43.58895]]}},{"type":"Feature","properties":{"id":1389,"name":null,"kind":"Secondary Road","period":"RL","known":"0"},"geometry":{"type":"LineString","coordinates":[[19.3085,43.79596],[19.31982,43.79112],[19.36515,43.79255],[19.41048,43.77042],[19.47044,43.76935],[19.54825,43.80326],[19.6175,43.85037],[19.63998,43.85858],[19.78489,43.8543],[19.83486,43.86465],[19.87126,43.85394],[19.90589,43.8543],[19.95478,43.83288],[19.98655,43.82539],[20.0126,43.82681],[20.04651,43.84288]]}},{"type":"Feature","properties":{"id":1390,"name":null,"kind":"Secondary Road","period":"RL","known":"0"},"geometry":{"type":"LineString","coordinates":[[22.25503,43.59818],[22.1865,43.60929],[22.1376,43.60929],[22.11226,43.60465],[22.07228,43.60751],[22.06157,43.61893],[22.05943,43.63392],[22.04944,43.64106],[22.0009,43.64641],[21.97092,43.65319],[21.8924,43.65712],[21.87384,43.66069],[21.78817,43.65676],[21.73107,43.64891],[21.70573,43.63142],[21.61989,43.60251],[21.51406,43.60572],[21.4723,43.58003],[21.45231,43.57824],[21.37201,43.59216],[21.28456,43.60073],[21.27651,43.60746],[21.2413,43.60727],[21.16116,43.61393],[21.12899,43.61279],[21.11547,43.61584],[21.08292,43.63126],[21.0321,43.63735],[20.98927,43.63659],[20.97347,43.6442],[20.95481,43.64744],[20.89275,43.6936],[20.84516,43.72291],[20.80481,43.73509],[20.77756,43.7405],[20.76667,43.73905],[20.75871,43.7454],[20.74336,43.74933],[20.69089,43.77378],[20.55847,43.85765],[20.53385,43.86836],[20.44379,43.89733],[20.29899,43.92225],[20.22119,43.92689],[20.18942,43.91055],[20.13053,43.90162],[20.04651,43.84288]]}},{"type":"Feature","properties":{"id":1392,"name":null,"kind":"Secondary Road","known":"0"},"geometry":{"type":"LineString","coordinates":[[21.37988,43.93554],[21.38915,43.93206]]}},{"type":"Feature","properties":{"id":1393,"name":null,"kind":"Secondary Road","period":"RL","known":"0"},"geometry":{"type":"LineString","coordinates":[[21.38915,43.93206],[21.32791,43.95001],[21.31257,43.95955],[21.23792,44.05146],[21.16505,44.10931],[21.13352,44.14797],[21.11389,44.21192],[21.10169,44.23795],[21.06541,44.29803],[21.03566,44.33075],[21.01752,44.34562],[20.98659,44.40644],[20.97469,44.44094],[20.9732,44.522],[20.96636,44.54638],[20.9497,44.56602],[20.91074,44.59308],[20.87267,44.61465],[20.85482,44.62119],[20.81735,44.62773],[20.80307,44.63547],[20.79454,44.64555],[20.79049,44.64571]]}},{"type":"Feature","properties":{"id":1394,"name":null,"kind":"Secondary Road","period":"RL","known":"0"},"geometry":{"type":"LineString","coordinates":[[21.00643,44.36503],[21.09109,44.37856],[21.23623,44.38153],[21.28323,44.37975],[21.3388,44.41239]]}},{"type":"Feature","properties":{"id":1395,"name":null,"kind":"Secondary Road","period":"RL","known":"0"},"geometry":{"type":"LineString","coordinates":[[21.38604,44.27377],[21.37841,44.26845],[21.35461,44.2625],[21.27669,44.2512],[21.25586,44.24525],[21.21125,44.24049],[21.16307,44.22621],[21.14938,44.21729],[21.1357,44.19766],[21.12103,44.18486],[21.11298,44.16375],[21.09513,44.15186],[21.06896,44.14829],[21.0523,44.14948],[21.01721,44.13698],[21.00293,44.12152],[20.99519,44.10724],[21.00114,44.07125],[20.9946,44.05757],[20.97973,44.04627],[20.94523,44.0308],[20.87503,44.00522],[20.84648,43.98083],[20.78632,43.90345],[20.80825,43.81505],[20.82193,43.79245],[20.8255,43.77401],[20.81598,43.75616],[20.78802,43.74189],[20.72044,43.72939],[20.69934,43.72921]]}},{"type":"Feature","properties":{"id":1396,"name":null,"kind":"Secondary Road","period":"RL","known":"0"},"geometry":{"type":"LineString","coordinates":[[21.35498,44.00384],[21.31119,44.06572],[21.30643,44.08178],[21.28561,44.10914],[21.28442,44.12104],[21.22731,44.20849],[21.21125,44.24049],[21.20233,44.27095],[21.20054,44.29177],[21.20471,44.3114],[21.21006,44.33103],[21.22136,44.34471],[21.23005,44.38968],[21.23005,44.4105],[21.22291,44.44382],[21.21815,44.54256],[21.19436,44.57825],[21.11345,44.63834],[21.08074,44.66986],[21.07003,44.6883],[21.06489,44.70615]]}},{"type":"Feature","properties":{"id":1398,"name":null,"kind":"Main Road","period":"RL","known":"0"},"geometry":{"type":"LineString","coordinates":[[21.31894,44.50269],[21.32951,44.49313],[21.36996,44.43305],[21.43123,44.37832],[21.4467,44.35572],[21.44967,44.323],[21.4229,44.27184],[21.39078,44.23436],[21.35641,44.21949]]}},{"type":"Feature","properties":{"id":1399,"name":null,"kind":"Secondary Road","period":"RL","known":"0"},"geometry":{"type":"LineString","coordinates":[[21.34213,44.40192],[21.36044,44.39974],[21.40089,44.37713],[21.42231,44.37059],[21.43535,44.37231],[21.50024,44.38903],[21.54128,44.4033],[21.65133,44.45863],[21.69217,44.4719]]}},{"type":"Feature","properties":{"id":1401,"name":null,"kind":"Secondary Road","period":"RL","known":"0"},"geometry":{"type":"LineString","coordinates":[[21.73791,44.44477],[21.74686,44.4352],[21.75102,44.42212],[21.74865,44.37988],[21.75519,44.35252],[21.78077,44.29125],[21.78017,44.27281],[21.75281,44.24604],[21.73833,44.22544]]}},{"type":"Feature","properties":{"id":1402,"name":null,"kind":"Secondary Road","period":"RL","known":"0"},"geometry":{"type":"LineString","coordinates":[[21.35639,44.1486],[21.39638,44.13305],[21.43636,44.11164],[21.44825,44.10307],[21.47966,44.06262],[21.51393,44.04216],[21.53582,44.03406],[21.59054,44.02455],[21.60006,44.02645],[21.62576,44.01598],[21.83896,43.97553],[21.90225,43.94602],[21.94699,43.91319],[21.97269,43.89939],[22.06113,43.93455],[22.10789,43.94561],[22.15043,43.94811],[22.19326,43.93812],[22.23895,43.91635],[22.27985,43.91242],[22.28985,43.90635],[22.29948,43.86359],[22.30484,43.8561],[22.31483,43.85289],[22.3234,43.81505],[22.33513,43.80835]]}},{"type":"Feature","properties":{"id":1404,"name":null,"kind":"Secondary Road","period":"RL","known":"0"},"geometry":{"type":"LineString","coordinates":[[21.33443,44.83672],[21.35035,44.84159],[21.38478,44.82766],[21.39608,44.80624],[21.41571,44.79375],[21.47996,44.79316],[21.56371,44.78721],[21.5881,44.78126],[21.61666,44.7652],[21.6696,44.70381],[21.71183,44.67169],[21.74396,44.66752],[21.79702,44.67407],[21.91778,44.65919],[22.00177,44.64373],[22.0327,44.62529],[22.04282,44.61339],[22.04758,44.60447],[22.05352,44.5652],[22.05947,44.5539],[22.07732,44.5426],[22.09873,44.51167],[22.13026,44.48966],[22.14275,44.48609],[22.15584,44.4843],[22.16714,44.48787],[22.18737,44.51167],[22.20462,44.5426],[22.2183,44.55688],[22.23853,44.58721],[22.24983,44.60982],[22.25637,44.63183],[22.26649,44.64135],[22.2879,44.65384],[22.30456,44.67525],[22.32895,44.68299],[22.37928,44.69008],[22.42068,44.71721],[22.44495,44.7272],[22.47065,44.7272],[22.52133,44.70365],[22.53561,44.68723],[22.61199,44.63583],[22.62983,44.63226],[22.67909,44.63226],[22.72192,44.61442],[22.76118,44.58515],[22.77474,44.56302],[22.77715,44.53733],[22.77403,44.52019],[22.76118,44.50948],[22.72335,44.50377],[22.67195,44.50948],[22.6541,44.51947],[22.63055,44.52661],[22.60771,44.52233],[22.58415,44.50948],[22.55988,44.48236],[22.51419,44.45023],[22.51562,44.4381],[22.53756,44.41635],[22.56314,44.39881],[22.61073,44.35122],[22.70472,44.28995],[22.71185,44.27745],[22.71245,44.26318],[22.70769,44.23894],[22.71096,44.22555],[22.72226,44.21871],[22.75706,44.21009],[22.82518,44.2083],[22.84481,44.20205],[22.89448,44.16696],[22.90519,44.15119],[22.92868,44.1332],[22.99233,44.12785],[23.03784,44.11654],[23.04795,44.1094],[23.05896,44.09572],[23.08483,44.05765],[23.08543,44.03088],[23.07056,44.01928],[23.03278,44.0059],[22.9849,43.99846],[22.91976,43.99311],[22.89373,44.0043]]}},{"type":"Feature","properties":{"id":1407,"name":null,"kind":"Main Road","period":"R","known":"1"},"geometry":{"type":"LineString","coordinates":[[22.65524,44.63226],[22.65881,44.64529],[22.66535,44.65362],[22.67844,44.66313],[22.70699,44.69645],[22.79444,44.72857],[22.84976,44.7369],[22.88069,44.74582],[22.91698,44.76902],[22.92233,44.82791],[22.93363,44.8404],[22.96873,44.85885],[23.02881,44.91417],[23.11209,44.9689],[23.22036,45.00429],[23.31435,45.06913],[23.33933,45.08936],[23.36551,45.13754],[23.38157,45.15836],[23.38216,45.16907],[23.41667,45.19108],[23.42261,45.2006],[23.4125,45.20833],[23.35718,45.2238],[23.34707,45.23093],[23.33576,45.25503],[23.3078,45.28834],[23.30007,45.30737],[23.2965,45.34009],[23.29769,45.36329],[23.31256,45.37459],[23.32863,45.37519],[23.36551,45.36805],[23.38216,45.37221],[23.38692,45.40077],[23.36884,45.42801],[23.34088,45.43515],[23.28199,45.4411],[23.26712,45.45062],[23.18978,45.47025],[23.16123,45.47203],[23.11662,45.50535],[23.08806,45.51546],[23.03393,45.52379],[23.00359,45.54044],[22.98158,45.56007],[22.97116,45.58796]]}},{"type":"Feature","properties":{"id":1409,"name":null,"kind":"Secondary Road","known":"1"},"geometry":{"type":"LineString","coordinates":[[23.30649,45.36998],[23.25284,45.36198],[23.13744,45.32272]]}},{"type":"Feature","properties":{"id":1410,"name":null,"kind":"Secondary Road","period":"RL","known":"0"},"geometry":{"type":"LineString","coordinates":[[23.45535,46.00482],[23.46782,45.99343],[23.47377,45.97559],[23.47615,45.95774],[23.48448,45.9387],[23.48329,45.91372]]}},{"type":"Feature","properties":{"id":1417,"name":null,"kind":"Main Road","known":"0"},"geometry":{"type":"LineString","coordinates":[[18.49647,45.91138],[18.45096,45.94172],[18.38315,46.00597],[18.35102,46.0488],[18.31533,46.07735],[18.28642,46.08449],[18.25584,46.12613],[18.23562,46.17967],[18.21658,46.20941],[18.19041,46.23321],[18.16067,46.22488],[18.14044,46.22845],[18.12141,46.2463],[18.11189,46.27842],[18.11189,46.31887],[18.15591,46.38906],[18.24038,46.4426],[18.30343,46.46521],[18.34745,46.48662],[18.38315,46.51042],[18.38077,46.55206],[18.39266,46.57466],[18.39861,46.62939],[18.40694,46.66151],[18.42241,46.68174],[18.4581,46.69839],[18.50917,46.73671],[18.51869,46.7843],[18.49109,46.8633],[18.51108,46.92898],[18.51108,46.95848],[18.4987,46.98608],[18.47776,47.01464],[18.45492,47.02891]]}},{"type":"Feature","properties":{"id":972,"name":null,"kind":"Secondary Road","known":"0"},"geometry":{"type":"LineString","coordinates":[[35.26078,41.71775],[35.23746,41.70329],[35.21612,41.69608],[35.18311,41.67727]]}},{"type":"Feature","properties":{"id":973,"name":null,"kind":"Main Road","known":"0"},"geometry":{"type":"LineString","coordinates":[[35.10707,41.4212],[35.13594,41.40375],[35.14744,41.38052],[35.14736,41.35006],[35.16462,41.32972],[35.19921,41.3166],[35.2164,41.28611],[35.23558,41.27446],[35.2567,41.2686],[35.27011,41.25986],[35.26999,41.23521],[35.27758,41.21634],[35.29668,41.19888],[35.33112,41.17992],[35.39823,41.17096],[35.44605,41.15335],[35.50335,41.12697],[35.54325,41.09051],[35.61351,41.035],[35.66835,40.98101]]}},{"type":"Feature","properties":{"id":974,"name":null,"kind":"Main Road","known":"0"},"geometry":{"type":"LineString","coordinates":[[35.07755,40.99638],[35.18471,41.01362],[35.28242,41.04091],[35.33032,41.048],[35.44166,41.08524],[35.46287,41.10108],[35.46879,41.12135],[35.4709,41.14308]]}},{"type":"Feature","properties":{"id":975,"name":null,"kind":"Main Road","known":"0"},"geometry":{"type":"LineString","coordinates":[[36.33575,41.2944],[36.31955,41.26126],[36.29817,41.2514],[36.22093,41.23502],[36.20899,41.21631],[36.19443,41.16574],[36.16874,41.13126],[36.15653,41.09807],[36.13336,41.08965],[36.08155,41.0859],[35.91637,41.06155],[35.88742,41.04733],[35.85278,41.03605],[35.8087,41.03209],[35.78941,41.02211],[35.72791,41.00231],[35.67982,40.98093],[35.66049,40.96368],[35.64677,40.9348],[35.64075,40.91021],[35.62898,40.88276],[35.62488,40.85816],[35.64371,40.83776],[35.6834,40.80851],[35.71911,40.77059],[35.75694,40.75147],[35.79107,40.74106],[35.81369,40.72639],[35.82857,40.70309],[35.84539,40.68412],[35.84137,40.66968]]}},{"type":"Feature","properties":{"id":976,"name":null,"kind":"Main Road","known":"1"},"geometry":{"type":"LineString","coordinates":[[35.10433,40.9978],[35.16912,40.92236],[35.26798,40.82943],[35.37805,40.75375],[35.43681,40.72019]]}},{"type":"Feature","properties":{"id":977,"name":null,"kind":"Main Road","known":"0"},"geometry":{"type":"LineString","coordinates":[[35.06349,40.48911],[35.10205,40.49443],[35.16694,40.51708],[35.28277,40.5449],[35.31443,40.56085],[35.36186,40.57005],[35.59207,40.60367],[35.69394,40.60699],[35.78189,40.61835],[35.83124,40.62997]]}},{"type":"Feature","properties":{"id":978,"name":null,"kind":"Main Road","known":"0"},"geometry":{"type":"LineString","coordinates":[[35.43851,40.72095],[35.54026,40.69097],[35.69641,40.66318],[35.81745,40.64749]]}},{"type":"Feature","properties":{"id":979,"name":null,"kind":"Main Road","known":"0"},"geometry":{"type":"LineString","coordinates":[[35.34371,40.19437],[35.37866,40.20894],[35.61079,40.23578],[35.84153,40.27142],[35.90125,40.29493],[35.91714,40.30547],[35.99112,40.34082],[36.02826,40.36449],[36.07263,40.39876],[36.07281,40.40812],[36.08699,40.41732],[36.09253,40.43197],[36.08924,40.4427],[36.07012,40.44961],[36.04736,40.44987],[36.03879,40.45933],[36.02358,40.48892],[36.00984,40.50379],[35.98019,40.51213],[35.91189,40.51549],[35.82943,40.5109],[35.80328,40.52049],[35.79469,40.5326],[35.79672,40.55132],[35.82367,40.5939],[35.83099,40.61391],[35.82274,40.64878],[35.83348,40.66207],[35.84593,40.67133],[35.87583,40.67239],[35.92367,40.69469],[35.9466,40.69848],[36.01515,40.69643],[36.06271,40.69992],[36.18447,40.71856],[36.28292,40.71459],[36.32171,40.71807],[36.40255,40.71423],[36.45869,40.70803],[36.48639,40.69153],[36.51392,40.66967],[36.55725,40.64755],[36.5779,40.63248],[36.58981,40.6189],[36.60732,40.61726],[36.68688,40.57706],[36.71846,40.57649],[36.74665,40.57998],[36.80714,40.60427],[36.82702,40.62129],[36.85381,40.63415]]}},{"type":"Feature","properties":{"id":980,"name":null,"kind":"Main Road","known":"1"},"geometry":{"type":"LineString","coordinates":[[35.05179,40.18429],[35.27131,40.18391],[35.30792,40.18781],[35.34805,40.19702]]}},{"type":"Feature","properties":{"id":981,"name":null,"kind":"Secondary Road","known":"0"},"geometry":{"type":"LineString","coordinates":[[35.9047,40.29222],[35.94446,40.2691],[35.95986,40.25157],[35.96457,40.22211],[35.97633,40.1966],[35.99167,40.17773],[36.01226,40.16013],[36.04511,40.14775],[36.07466,40.14474],[36.09715,40.1378],[36.16332,40.13834],[36.17017,40.13291],[36.17171,40.12353],[36.15936,40.11567],[36.15575,40.10903],[36.16419,40.0969],[36.15496,40.07163],[36.1269,40.05995],[36.11968,40.04668],[36.11911,40.01864],[36.09911,39.9989]]}},{"type":"Feature","properties":{"id":982,"name":null,"kind":"Main Road","known":"0"},"geometry":{"type":"LineString","coordinates":[[36.07957,40.396],[36.12354,40.40753],[36.13781,40.42073]]}},{"type":"Feature","properties":{"id":983,"name":null,"kind":"Main Road","known":"0"},"geometry":{"type":"LineString","coordinates":[[35.90647,40.29354],[35.99176,40.27931],[36.09813,40.27411],[36.16775,40.26525],[36.20613,40.26477],[36.30401,40.27148],[36.32873,40.28316],[36.37252,40.28922],[36.3884,40.29567],[36.40263,40.30615],[36.38982,40.35181]]}},{"type":"Feature","properties":{"id":984,"name":null,"kind":"Main Road","known":"0"},"geometry":{"type":"LineString","coordinates":[[36.08127,40.39331],[36.29362,40.34917],[36.39852,40.35034],[36.48438,40.35839],[36.53316,40.35225],[36.56255,40.34107]]}},{"type":"Feature","properties":{"id":985,"name":null,"kind":"Main Road","known":"1"},"geometry":{"type":"LineString","coordinates":[[36.48564,40.08166],[36.48999,40.04953],[36.49962,40.01999],[36.52789,39.97411]]}},{"type":"Feature","properties":{"id":986,"name":null,"kind":"Main Road","known":"0"},"geometry":{"type":"LineString","coordinates":[[36.48568,40.083],[36.48466,40.10974],[36.47841,40.13656],[36.47981,40.18866],[36.49828,40.22713],[36.54068,40.2465],[36.54799,40.25841],[36.56787,40.34366],[36.59093,40.3553],[36.62976,40.36801],[36.68484,40.39647],[36.70274,40.40952],[36.71552,40.42668],[36.7404,40.43826],[36.75307,40.4514],[36.77927,40.50309],[36.83473,40.53682],[36.92662,40.60592],[36.93729,40.60972]]}},{"type":"Feature","properties":{"id":987,"name":null,"kind":"Main Road","known":"0"},"geometry":{"type":"LineString","coordinates":[[36.64041,40.37318],[36.66289,40.36476],[36.69775,40.36146],[36.82383,40.36712],[36.90637,40.37752],[36.94832,40.37666],[36.99045,40.38113],[37.09322,40.36953],[37.20155,40.36705],[37.30192,40.38338],[37.35673,40.39674]]}},{"type":"Feature","properties":{"id":988,"name":null,"kind":"Main Road","known":"0"},"geometry":{"type":"LineString","coordinates":[[35.77703,41.01877],[35.83534,41.01426],[35.87434,41.01926],[35.92207,41.01747],[35.96436,41.00767],[36.00451,40.97912],[36.02873,40.95072],[36.10697,40.88822],[36.18897,40.84437],[36.22399,40.83321],[36.25924,40.83274],[36.37165,40.81511],[36.45174,40.77776],[36.51131,40.76611],[36.53603,40.76839],[36.55326,40.75472],[36.75509,40.67888],[36.80702,40.6538],[36.85561,40.63546],[36.93748,40.61507],[36.95787,40.59591],[36.96785,40.53146],[36.97939,40.51114],[36.99978,40.49331],[37.02036,40.48083],[37.43199,40.37875],[37.45092,40.37157],[37.464,40.35116],[37.49669,40.3396],[37.64407,40.31416],[37.71147,40.29886],[37.73704,40.28607],[37.7734,40.27966],[37.81098,40.29727],[37.86624,40.28489],[38.03115,40.23422],[38.05124,40.21886],[38.07436,40.19536],[38.08709,40.17354],[38.10911,40.16212],[38.17272,40.14661],[38.25273,40.11444],[38.34404,40.09785],[38.39095,40.09616],[38.43654,40.10118],[38.48867,40.09925],[38.54515,40.08375],[38.58987,40.07536],[38.6933,40.03388],[38.71678,40.02091],[38.74127,39.9972]]}},{"type":"Feature","properties":{"id":989,"name":null,"kind":"Main Road","known":"0"},"geometry":{"type":"LineString","coordinates":[[38.10571,40.16357],[38.0351,40.17926],[38.01465,40.18794],[37.9868,40.18883],[37.96889,40.18004],[37.93723,40.14226],[37.94117,40.11807],[37.93747,40.04866],[37.91958,40.00645],[37.90341,39.99626],[37.87357,39.9905]]}},{"type":"Feature","properties":{"id":990,"name":null,"kind":"Secondary Road","known":"0"},"geometry":{"type":"LineString","coordinates":[[37.49974,41.02251],[37.50613,41.0076],[37.50167,40.98761],[37.50471,40.9768],[37.49746,40.97297],[37.49855,40.9582],[37.4703,40.92007],[37.45875,40.89893],[37.44278,40.8578],[37.4437,40.83902],[37.45355,40.82269],[37.45957,40.79976],[37.45703,40.78241],[37.4272,40.74567],[37.40181,40.72891],[37.36524,40.69769],[37.35401,40.6819],[37.31648,40.6681],[37.27218,40.6598],[37.24764,40.66173],[37.20937,40.672],[37.19585,40.68571],[37.16997,40.69836],[37.13487,40.7005],[37.10483,40.69716],[37.07805,40.68704],[37.04928,40.67026],[37.01457,40.63486],[36.98199,40.60878],[36.96952,40.60368],[36.95367,40.60268]]}},{"type":"Feature","properties":{"id":991,"name":null,"kind":"Secondary Road","known":"0"},"geometry":{"type":"LineString","coordinates":[[37.50477,40.97814],[37.52043,40.97236],[37.53387,40.95726],[37.54365,40.93957],[37.56408,40.84789],[37.60049,40.79732],[37.61167,40.7729],[37.62491,40.75512],[37.6274,40.73362],[37.62337,40.72301],[37.62806,40.71083],[37.61384,40.67104],[37.61218,40.63627],[37.62351,40.61587],[37.63885,40.60607],[37.67699,40.59562],[37.67257,40.577],[37.67354,40.56091],[37.69181,40.50416],[37.74544,40.45442],[37.78373,40.44928],[37.80531,40.42589],[37.80299,40.38046],[37.81467,40.3694],[37.84054,40.32848],[37.85061,40.28671]]}},{"type":"Feature","properties":{"id":992,"name":null,"kind":"Secondary Road","known":"0"},"geometry":{"type":"LineString","coordinates":[[38.19954,40.12831],[38.19884,40.1163],[38.20351,40.10678],[38.21695,40.09829],[38.21641,40.08895],[38.20038,40.08281],[38.18942,40.07383],[38.1795,40.05277],[38.18356,40.03258],[38.17742,39.99023],[38.18266,39.97738],[38.22022,39.94203],[38.24252,39.93102],[38.25145,39.92983],[38.24788,39.91675],[38.24758,39.88819],[38.23955,39.87392]]}},{"type":"Feature","properties":{"id":993,"name":null,"kind":"Secondary Road","known":"0"},"geometry":{"type":"LineString","coordinates":[[38.76401,40.03641],[38.76674,40.07643],[38.79535,40.11273],[38.81402,40.1307],[38.8337,40.13792],[38.86626,40.12989],[38.95479,40.12486],[39.01415,40.10226],[39.04725,40.10217],[39.10636,40.12368],[39.13272,40.12653],[39.18945,40.11598],[39.23512,40.09786],[39.25494,40.10633],[39.32187,40.1153],[39.3415,40.12109],[39.36214,40.11745],[39.40332,40.08741],[39.42698,40.07826],[39.49358,40.0617],[39.59147,40.0449],[39.61401,40.04378],[39.65775,40.02555]]}},{"type":"Feature","properties":{"id":994,"name":null,"kind":"Main Road","known":"0"},"geometry":{"type":"LineString","coordinates":[[38.66745,40.04962],[38.68507,40.05293],[38.71222,40.0425],[38.75351,40.0355]]}},{"type":"Feature","properties":{"id":995,"name":null,"kind":"Main Road","known":"0"},"geometry":{"type":"LineString","coordinates":[[38.9882,40.03246],[39.06501,40.03584],[39.14698,40.01484],[39.19095,39.99817],[39.20257,39.99095]]}},{"type":"Feature","properties":{"id":996,"name":null,"kind":"Main Road","known":"0"},"geometry":{"type":"LineString","coordinates":[[39.64741,40.04748],[39.6602,40.01338],[39.66198,39.99322]]}},{"type":"Feature","properties":{"id":997,"name":null,"kind":"Main Road","known":"0"},"geometry":{"type":"LineString","coordinates":[[39.63158,40.25312],[39.63394,40.23961],[39.66815,40.1897],[39.67061,40.17753]]}},{"type":"Feature","properties":{"id":998,"name":null,"kind":"Main Road","known":"0"},"geometry":{"type":"LineString","coordinates":[[39.64903,40.37685],[39.67892,40.37804],[39.69882,40.36499],[39.69454,40.35582]]}},{"type":"Feature","properties":{"id":999,"name":null,"kind":"Main Road","known":"0"},"geometry":{"type":"LineString","coordinates":[[39.63254,40.40982],[39.60539,40.42054],[39.53947,40.42911],[39.49975,40.45782],[39.48511,40.47192]]}},{"type":"Feature","properties":{"id":1000,"name":null,"kind":"Main Road","known":"0"},"geometry":{"type":"LineString","coordinates":[[39.41228,40.52629],[39.36196,40.534],[39.32588,40.56649],[39.32476,40.57459],[39.33951,40.58329],[39.34944,40.59758],[39.38087,40.59478],[39.40429,40.60173],[39.41906,40.61042],[39.42322,40.61827],[39.4151,40.6267],[39.41936,40.63588],[39.45244,40.6531],[39.47052,40.6804],[39.48883,40.68892],[39.50134,40.69101],[39.52614,40.71396],[39.54041,40.71596],[39.56424,40.72688],[39.57216,40.73723],[39.57372,40.75593],[39.58883,40.78874],[39.61712,40.81017]]}},{"type":"Feature","properties":{"id":1001,"name":null,"kind":"Main Road","known":"0"},"geometry":{"type":"LineString","coordinates":[[39.67759,40.87697],[39.70068,40.89864],[39.73209,40.9548],[39.73593,40.99891]]}},{"type":"Feature","properties":{"id":1002,"name":null,"kind":"Main Road","known":"1"},"geometry":{"type":"LineString","coordinates":[[39.67396,40.87581],[39.62886,40.84448],[39.62103,40.83547],[39.62682,40.82042],[39.62489,40.79771],[39.59866,40.75874],[39.58576,40.7312],[39.57187,40.69164],[39.57053,40.67561],[39.56097,40.66668],[39.55438,40.65091],[39.5526,40.62954],[39.56002,40.61309],[39.57785,40.5948],[39.63108,40.55867],[39.65061,40.54028],[39.65811,40.52516],[39.6388,40.50467],[39.63186,40.48491],[39.62809,40.46097],[39.62995,40.42067],[39.63755,40.40689],[39.6353,40.38021],[39.65089,40.37809]]}},{"type":"Feature","properties":{"id":1003,"name":null,"kind":"Main Road","known":"1"},"geometry":{"type":"LineString","coordinates":[[39.41403,40.52621],[39.43634,40.5198],[39.45483,40.50954],[39.46937,40.49411],[39.47801,40.47092]]}},{"type":"Feature","properties":{"id":1004,"name":null,"kind":"Main Road","known":"1"},"geometry":{"type":"LineString","coordinates":[[39.69279,40.35591],[39.66312,40.31586],[39.65749,40.29068],[39.65124,40.27894],[39.63444,40.26638],[39.63517,40.25428]]}},{"type":"Feature","properties":{"id":1005,"name":null,"kind":"Main Road","known":"1"},"geometry":{"type":"LineString","coordinates":[[39.67061,40.17753],[39.67424,40.1586],[39.64631,40.11715],[39.64641,40.07698],[39.65122,40.05131]]}},{"type":"Feature","properties":{"id":1006,"name":null,"kind":"Main Road","known":"1"},"geometry":{"type":"LineString","coordinates":[[38.74985,40.03297],[38.8145,40.01163],[38.84206,40.00782],[38.86544,40.0189],[38.89367,40.02441],[38.91237,40.01828],[38.94214,40.02104],[38.96237,40.03624],[38.9882,40.03246]]}},{"type":"Feature","properties":{"id":1007,"name":null,"kind":"Main Road","known":"0"},"geometry":{"type":"LineString","coordinates":[[41.40689,39.96332],[41.45746,39.9786],[41.54046,40.01706],[41.57726,40.01849],[41.63257,39.99982],[41.71275,39.99945],[41.76034,39.9893],[41.81046,39.98565],[41.92885,40.0118],[42.03348,40.05227],[42.12064,40.05103],[42.17547,40.05622],[42.20797,40.0376],[42.22455,40.01753],[42.28219,39.97814]]}},{"type":"Feature","properties":{"id":1009,"name":null,"kind":"Secondary Road","known":"1"},"geometry":{"type":"LineString","coordinates":[[35.40179,39.81161],[35.44734,39.81148],[35.47376,39.80684],[35.49696,39.80827],[35.53264,39.81752],[35.55763,39.83289],[35.61572,39.88861],[35.64462,39.9113],[35.67173,39.92574],[35.69448,39.93378],[35.75865,39.9497],[35.7735,39.96291],[35.79759,39.99256],[35.81609,39.97674],[35.83967,39.97465],[35.89673,39.97788],[35.93266,39.98379],[35.99939,39.98059],[36.09911,39.9989]]}},{"type":"Feature","properties":{"id":1016,"name":null,"kind":"Secondary Road","known":"0"},"geometry":{"type":"LineString","coordinates":[[35.80094,38.22094],[35.81693,38.2202],[35.83058,38.21526],[35.84037,38.20735],[35.84323,38.1947],[35.85071,38.18501],[35.87116,38.1776],[35.89332,38.18159],[35.93061,38.17942],[35.94895,38.18284],[36.01963,38.21575],[36.05311,38.21236],[36.07205,38.20673],[36.08032,38.20062],[36.08165,38.19038],[36.06966,38.16045],[36.07027,38.15263],[36.08609,38.14342],[36.13016,38.13928],[36.13935,38.14217],[36.14556,38.1481],[36.17523,38.1838],[36.1937,38.22867],[36.19564,38.24849],[36.20413,38.25319],[36.21711,38.25362],[36.23182,38.26365],[36.27622,38.30395],[36.28576,38.32066],[36.28594,38.32848]]}},{"type":"Feature","properties":{"id":1017,"name":null,"kind":"Secondary Road","known":"0"},"geometry":{"type":"LineString","coordinates":[[35.58957,38.65168],[35.59902,38.6363],[35.60452,38.61991],[35.60458,38.60122],[35.60839,38.59051],[35.61449,38.58082],[35.62429,38.57712],[35.63153,38.56985],[35.63337,38.55301],[35.64572,38.52522],[35.67232,38.50636],[35.69711,38.47935],[35.72781,38.47283],[35.74455,38.46487],[35.80638,38.45231],[35.79297,38.42354],[35.77667,38.40683],[35.77293,38.39207],[35.7595,38.3811],[35.74322,38.35967],[35.73723,38.34038],[35.73777,38.32293],[35.74819,38.27833],[35.75311,38.26849],[35.75987,38.26122],[35.7695,38.24008],[35.79493,38.22761],[35.80094,38.22094],[35.81715,38.18231],[35.8179,38.1722],[35.76597,38.15621],[35.7476,38.14855],[35.72818,38.13557]]}},{"type":"Feature","properties":{"id":1018,"name":null,"kind":"Secondary Road","known":"1"},"geometry":{"type":"LineString","coordinates":[[35.5524,38.74445],[35.60559,38.7629],[35.6254,38.77496],[35.65705,38.78258],[35.65787,38.78679],[35.67574,38.80052],[35.70345,38.7991],[35.71349,38.80144],[35.7253,38.82123],[35.81443,38.85846],[35.85686,38.85988],[35.87663,38.84221],[35.90731,38.83348],[35.93861,38.81569],[35.96663,38.78767],[35.98772,38.76093],[36.01284,38.7456],[36.02486,38.7298],[36.03855,38.72121],[36.08827,38.70738],[36.11482,38.68898],[36.15999,38.67999],[36.16833,38.67446]]}},{"type":"Feature","properties":{"id":1019,"name":null,"kind":"Secondary Road","known":"1"},"geometry":{"type":"LineString","coordinates":[[36.23253,38.67494],[36.26143,38.67985],[36.2898,38.67705],[36.30156,38.68712],[36.32326,38.69465],[36.32722,38.69941],[36.35345,38.70324],[36.46109,38.76245],[36.48903,38.77104],[36.52102,38.78679],[36.54772,38.80563],[36.56829,38.82518],[36.60422,38.84204],[36.64348,38.86667],[36.65745,38.86943],[36.72531,38.86939],[36.84034,38.8961],[36.86118,38.89628],[36.87489,38.89118],[36.88888,38.871],[36.90413,38.86586],[36.9199,38.85347],[36.98831,38.84719],[37.01026,38.83586],[37.02338,38.79337],[37.01884,38.77418],[37.02007,38.76572],[37.02876,38.75045],[37.09952,38.75031],[37.12992,38.75335],[37.17494,38.74294],[37.22027,38.7406],[37.26348,38.72519],[37.28992,38.7289],[37.31693,38.72698],[37.32871,38.72294],[37.37818,38.72479],[37.40807,38.71589],[37.43505,38.69521],[37.44996,38.67173],[37.45888,38.63904],[37.44878,38.62621],[37.45412,38.62108],[37.45286,38.6105],[37.46382,38.60647],[37.46836,38.60135],[37.46793,38.59139],[37.47165,38.58567],[37.49574,38.57317],[37.49524,38.56195],[37.51799,38.53763],[37.53545,38.50747],[37.54564,38.50469],[37.58418,38.51421],[37.62144,38.51315],[37.63442,38.50218],[37.64916,38.49489],[37.66028,38.47835],[37.67275,38.47362],[37.70781,38.47696],[37.74151,38.48468],[37.79889,38.48981],[37.84463,38.48403],[37.87065,38.49631],[37.88218,38.48909],[37.88253,38.48035],[37.86938,38.4714],[37.86561,38.45967],[37.85253,38.45197],[37.84642,38.44094],[37.85184,38.43828],[37.87717,38.43748],[37.90687,38.42906],[37.91136,38.42393],[37.90695,38.41534],[37.90641,38.40475],[37.89641,38.3951],[37.90051,38.38249]]}},{"type":"Feature","properties":{"id":1023,"name":null,"kind":"Secondary Road","known":"0"},"geometry":{"type":"LineString","coordinates":[[36.37986,38.65164],[36.37307,38.65656],[36.36818,38.67652],[36.38684,38.7166],[36.40413,38.7314]]}},{"type":"Feature","properties":{"id":1025,"name":null,"kind":"Secondary Road","known":"0"},"geometry":{"type":"LineString","coordinates":[[36.65745,38.86943],[36.66462,38.87714],[36.68087,38.93051],[36.67123,38.94395],[36.67005,38.98197],[36.66358,38.99837],[36.66278,39.02372],[36.67136,39.05192],[36.67109,39.06882],[36.66168,39.08888],[36.66195,39.09792],[36.66837,39.10749],[36.68805,39.11799],[36.69549,39.13355],[36.69272,39.17762],[36.69632,39.19386],[36.68943,39.21514],[36.6924,39.23622],[36.69904,39.25059],[36.75734,39.27727],[36.78762,39.30084],[36.81196,39.33238],[36.86572,39.35849],[36.90001,39.38316],[36.95582,39.44326],[36.96192,39.45471],[36.9859,39.47803],[36.9977,39.50255],[37.02075,39.5359],[37.04078,39.54997],[37.06223,39.58093],[37.06943,39.5856],[37.06814,39.59289],[37.0741,39.60605]]}},{"type":"Feature","properties":{"id":1027,"name":null,"kind":"Secondary Road","known":"0"},"geometry":{"type":"LineString","coordinates":[[37.03228,39.74857],[37.00042,39.77397],[36.99675,39.7807],[36.99868,39.79095],[36.98782,39.81598],[36.94789,39.86281],[36.93467,39.91149],[36.91943,39.92512],[36.88542,39.94216],[36.88168,39.94768],[36.88519,39.9585],[36.88337,39.97428],[36.87082,39.99874]]}},{"type":"Feature","properties":{"id":1028,"name":null,"kind":"Main Road","known":"1"},"geometry":{"type":"LineString","coordinates":[[37.03161,39.74789],[37.04148,39.73921],[37.05183,39.72265],[37.05239,39.71659],[37.04734,39.70702],[37.05,39.69426],[37.07296,39.65929],[37.07184,39.65024],[37.07785,39.64346],[37.07394,39.60182],[37.07548,39.58003],[37.08109,39.56298],[37.07648,39.53833],[37.08239,39.50859],[37.08269,39.47474],[37.08795,39.44863],[37.08454,39.44086],[37.08553,39.42573],[37.09062,39.41595],[37.14294,39.39904],[37.15438,39.38993],[37.17176,39.3651],[37.17394,39.35106],[37.22632,39.32817],[37.24096,39.30546],[37.27076,39.29266],[37.33017,39.28212],[37.38209,39.24215],[37.42092,39.22423],[37.43094,39.20464],[37.49198,39.16377],[37.50685,39.14948],[37.54497,39.13515],[37.58337,39.12744],[37.59832,39.11555],[37.60683,39.11531],[37.63346,39.1049],[37.65224,39.09229],[37.67709,39.08471],[37.71592,39.05858],[37.75056,39.04567],[37.76438,39.03339],[37.77705,39.03051],[37.80374,39.00345],[37.81898,38.99324],[37.85403,38.98966],[37.87261,38.97721],[37.90336,38.96812],[37.90138,38.95102],[37.89327,38.94226],[37.88971,38.93289],[37.90188,38.88127],[37.90557,38.87184],[37.91436,38.86414],[37.91853,38.85214],[37.92272,38.82515],[37.93241,38.81017],[37.96061,38.7999],[37.96413,38.79104],[37.96246,38.77455],[37.97664,38.75598],[37.98413,38.73201],[37.99408,38.72419],[38.00657,38.70443],[38.08873,38.65143],[38.13232,38.63372],[38.13812,38.62354],[38.14758,38.62196],[38.15817,38.61223],[38.25886,38.55128],[38.32491,38.51938],[38.33171,38.51352],[38.35459,38.5051]]}},{"type":"Feature","properties":{"id":1030,"name":null,"kind":"Secondary Road","known":"0"},"geometry":{"type":"LineString","coordinates":[[37.39109,39.23856],[37.37744,39.22267],[37.35433,39.20826],[37.33888,39.18586],[37.31921,39.17396],[37.28005,39.14074],[37.23997,39.10172],[37.23218,39.08754],[37.2487,39.05964],[37.27356,39.04029],[37.28033,39.0295],[37.29198,39.02046],[37.30465,39.01702],[37.30912,39.00879],[37.29991,38.99903],[37.29377,38.98606],[37.29656,38.976],[37.29245,38.95361],[37.30176,38.94335],[37.30102,38.92526],[37.24006,38.86373],[37.23045,38.84273],[37.22998,38.83088],[37.24635,38.82112],[37.26403,38.80445],[37.27639,38.79998],[37.299,38.76759],[37.28534,38.7431],[37.28394,38.72816]]}},{"type":"Feature","properties":{"id":1033,"name":null,"kind":"Main Road","known":"0"},"geometry":{"type":"LineString","coordinates":[[35.50124,38.72159],[35.51869,38.70857],[35.5583,38.69569],[35.57291,38.68789],[35.58957,38.65168],[35.61005,38.65465],[35.63264,38.66587],[35.66805,38.67164],[35.67803,38.67036],[35.69857,38.65394],[35.74671,38.6355],[35.80351,38.63381],[35.85478,38.6219],[35.88628,38.62341],[35.97967,38.60801],[35.99798,38.60179],[36.00934,38.59323],[36.01528,38.58233],[36.01689,38.54377],[36.01902,38.53471],[36.02725,38.52318],[36.06005,38.51498],[36.10176,38.49282],[36.12928,38.49007],[36.17999,38.49786],[36.20519,38.49392],[36.23586,38.49532],[36.26261,38.49254],[36.30828,38.47986],[36.31953,38.43696],[36.32936,38.432],[36.33276,38.4139],[36.33022,38.4037],[36.3223,38.39178],[36.27854,38.35028],[36.2746,38.34492],[36.27437,38.3347],[36.28035,38.3292],[36.29636,38.32777],[36.35172,38.34321],[36.39073,38.34503],[36.41,38.35196],[36.43831,38.35332],[36.44354,38.34842],[36.45122,38.29054],[36.44622,38.23754],[36.47105,38.2018],[36.47456,38.19032],[36.47889,38.17543],[36.47688,38.15682],[36.48255,38.14049],[36.47729,38.08466],[36.49033,38.0598],[36.49658,38.03746],[36.50703,38.03007],[36.54921,38.04439],[36.5655,38.05613],[36.58278,38.07627],[36.64332,38.11849],[36.7432,38.17376],[36.78231,38.18202],[36.84794,38.20838],[36.87641,38.21622],[36.91813,38.23855],[36.92144,38.2463],[36.94368,38.24369],[36.99882,38.22806],[37.05049,38.2227],[37.19613,38.24488],[37.25844,38.24273],[37.2978,38.24542],[37.31429,38.24314],[37.34764,38.24727],[37.41723,38.2305],[37.50273,38.23504],[37.51234,38.23789],[37.52574,38.25497],[37.54191,38.26324],[37.5478,38.27117],[37.62231,38.29274],[37.63218,38.29987],[37.64816,38.30446],[37.66703,38.31887],[37.68075,38.3247],[37.76897,38.33266],[37.80495,38.34028],[37.83317,38.35063],[37.85634,38.36617],[37.87289,38.36999],[37.88674,38.37765],[37.9078,38.38138],[37.92893,38.37634],[37.941,38.36473],[37.97186,38.34939],[37.99234,38.34748],[38.0582,38.35028],[38.07456,38.34537],[38.14254,38.34367],[38.21495,38.33616],[38.23749,38.34285],[38.29503,38.35201],[38.32428,38.36467],[38.37286,38.42551]]}},{"type":"Feature","properties":{"id":1036,"name":null,"kind":"Secondary Road","known":"1"},"geometry":{"type":"LineString","coordinates":[[38.19429,38.33839],[38.18119,38.33074],[38.11577,38.30682],[38.10557,38.29407],[38.08605,38.28414],[38.06376,38.26682],[38.041,38.22582],[38.0353,38.19299],[38.02393,38.18714],[38.02396,38.1728],[38.01355,38.17003],[38.00196,38.15983],[37.99228,38.15578],[37.95622,38.14513],[37.93616,38.12335],[37.91138,38.11667],[37.89402,38.10103],[37.89332,38.08735],[37.91273,38.06618],[37.9152,38.05303],[37.92812,38.04389],[37.93495,38.02375],[37.96671,38.014],[38.00282,38.01219],[38.02036,38.00164]]}},{"type":"Feature","properties":{"id":1038,"name":null,"kind":"Main Road","known":"0"},"geometry":{"type":"LineString","coordinates":[[37.87841,39.99145],[37.82932,39.98793],[37.82177,39.98377],[37.81322,39.97588],[37.80797,39.95284],[37.7971,39.93122],[37.77283,39.90186]]}},{"type":"Feature","properties":{"id":1039,"name":null,"kind":"Secondary Road","known":"0"},"geometry":{"type":"LineString","coordinates":[[37.77283,39.90186],[37.82977,39.86943],[37.84098,39.86596],[37.86869,39.86699],[37.91704,39.88931],[37.97756,39.89492],[38.00264,39.89223],[38.02829,39.88514],[38.06329,39.88525],[38.108,39.86998],[38.19313,39.87901],[38.23955,39.87392],[38.25002,39.8363],[38.26301,39.80826],[38.31212,39.77331],[38.32186,39.7598],[38.37447,39.74349],[38.41632,39.6981],[38.46616,39.66492],[38.48432,39.64419],[38.48211,39.63488],[38.48579,39.61595],[38.52245,39.56821],[38.53661,39.53635],[38.55462,39.51437]]}},{"type":"Feature","properties":{"id":1041,"name":null,"kind":"Main Road","known":"1"},"geometry":{"type":"MultiLineString","coordinates":[[[38.61969,37.99591],[38.63128,38.01725],[38.6699,38.05432],[38.66419,38.07574],[38.6693,38.08176],[38.69295,38.09389],[38.69899,38.10174],[38.69734,38.12487],[38.70784,38.14064],[38.70522,38.14885],[38.69488,38.15987],[38.63369,38.19038],[38.61684,38.211],[38.60526,38.24014],[38.59367,38.2568],[38.53026,38.29233]],[[38.52951,38.29298],[38.51604,38.30535],[38.50884,38.31685],[38.48698,38.33453],[38.43809,38.36382],[38.39773,38.404],[38.38898,38.4168],[38.37286,38.42551]]]}},{"type":"Feature","properties":{"id":1042,"name":null,"kind":"Secondary Road","known":"1"},"geometry":{"type":"LineString","coordinates":[[38.70917,38.13685],[38.73134,38.11413],[38.74828,38.10782],[38.75909,38.09242],[38.77267,38.08314],[38.78049,38.07035],[38.77858,38.06544],[38.78442,38.05835],[38.789,38.04445],[38.78214,38.03601],[38.75473,38.02656],[38.72116,38.03105],[38.69533,37.99722]]}},{"type":"Feature","properties":{"id":1043,"name":null,"kind":"Secondary Road","known":"0"},"geometry":{"type":"LineString","coordinates":[[38.59367,38.2568],[38.65487,38.24938],[38.69209,38.25037],[38.7302,38.24072],[38.77182,38.23651],[38.83198,38.23774],[38.86029,38.24714],[38.88281,38.26427],[38.95933,38.29528],[38.99515,38.29808],[39.01553,38.30654]]}},{"type":"Feature","properties":{"id":1045,"name":null,"kind":"Main Road","known":"0"},"geometry":{"type":"LineString","coordinates":[[38.48393,38.33651],[38.51872,38.3358],[38.53163,38.33967],[38.5475,38.35277],[38.57534,38.36728],[38.64882,38.3887],[38.66191,38.39503],[38.69598,38.43109],[38.713,38.43664],[38.75905,38.43725],[38.78228,38.44066],[38.82373,38.45516],[38.84614,38.45796],[38.93359,38.48295],[38.9869,38.48438],[39.00568,38.48044],[39.01852,38.48237]]}},{"type":"Feature","properties":{"id":1052,"name":null,"kind":"Main Road","known":"1"},"geometry":{"type":"MultiLineString","coordinates":[[[38.47608,38.76307],[38.52758,38.78297]],[[38.69482,38.83824],[38.72196,38.87401],[38.73816,38.92523],[38.74895,38.93104],[38.75917,38.94718],[38.75381,38.96773],[38.67937,38.99262],[38.66672,39.0075],[38.63353,39.02695],[38.62226,39.03865],[38.60951,39.06479],[38.58839,39.08562],[38.54091,39.10872],[38.49817,39.11848],[38.4685,39.11898],[38.4331,39.10467],[38.3666,39.1065],[38.35725,39.11121],[38.33068,39.15033],[38.32852,39.16792],[38.33426,39.18334],[38.36272,39.21864],[38.3579,39.24254],[38.35965,39.25812],[38.35048,39.30663],[38.35088,39.32664],[38.34797,39.33541],[38.3318,39.35799],[38.3301,39.36995],[38.35788,39.40274],[38.40264,39.43554]],[[38.52348,38.78125],[38.61807,38.81256],[38.64357,38.82404],[38.67023,38.82861],[38.69487,38.83886]],[[38.37286,38.42551],[38.36621,38.43747],[38.36355,38.45248],[38.36456,38.47529],[38.35281,38.51574],[38.35755,38.56209],[38.35505,38.57342],[38.34354,38.59381],[38.34197,38.6076],[38.34599,38.62181],[38.37662,38.66813],[38.4213,38.72205],[38.44749,38.74605],[38.47645,38.76306]],[[38.39927,39.43316],[38.41281,39.4433],[38.45298,39.45308],[38.46718,39.46069],[38.49654,39.48045],[38.52197,39.5048],[38.53248,39.50958],[38.6204,39.53124],[38.68873,39.57365],[38.69496,39.58217],[38.7502,39.59687],[38.75611,39.60039],[38.75407,39.60611],[38.75933,39.61217],[38.76682,39.615],[38.85176,39.60149],[38.927,39.60021],[38.99919,39.60152],[39.03725,39.6124]]]}},{"type":"Feature","properties":{"id":1213,"name":null,"kind":"Secondary Road","known":"0"},"geometry":{"type":"LineString","coordinates":[[13.34342,41.64913],[13.33348,41.76852],[13.32516,41.78532],[13.29221,41.80397],[13.27684,41.82601],[13.25645,41.8317],[13.23339,41.82648],[13.17732,41.83986]]}},{"type":"Feature","properties":{"id":1216,"name":null,"kind":"Secondary Road","known":"1"},"geometry":{"type":"LineString","coordinates":[[12.87844,41.75533],[12.8593,41.74743],[12.80724,41.70574],[12.77545,41.68851]]}},{"type":"Feature","properties":{"id":1217,"name":"Via Severiana","kind":"Main Road","known":"1"},"geometry":{"type":"LineString","coordinates":[[12.62173,41.45027],[12.57816,41.51659],[12.52605,41.57555],[12.50888,41.58032],[12.4137,41.66419],[12.28492,41.75179]]}},{"type":"Feature","properties":{"id":1218,"name":"Via Severiana","kind":"Main Road","known":"1"},"geometry":{"type":"LineString","coordinates":[[12.63098,41.45006],[12.64383,41.45663],[12.67995,41.45806],[12.72169,41.43978],[12.7622,41.41414],[12.76714,41.41999],[12.79263,41.42524],[12.8332,41.42704],[12.87577,41.41628],[12.93937,41.37788],[12.97254,41.35388],[12.99613,41.32517],[13.0417,41.25182],[13.04856,41.2561],[13.10797,41.25368],[13.17671,41.28636],[13.23301,41.29795]]}},{"type":"Feature","properties":{"id":1224,"name":null,"kind":"Secondary Road","known":"0"},"geometry":{"type":"LineString","coordinates":[[29.22092,38.35715],[29.2435,38.36225],[29.27426,38.37928]]}},{"type":"Feature","properties":{"id":1225,"name":null,"kind":"Secondary Road","known":"0"},"geometry":{"type":"LineString","coordinates":[[31.56102,39.19523],[31.58471,39.18016]]}},{"type":"Feature","properties":{"id":1227,"name":null,"kind":"Main Road","known":"0"},"geometry":{"type":"LineString","coordinates":[[21.0178,38.88766],[21.04567,38.87487]]}},{"type":"Feature","properties":{"id":1228,"name":null,"kind":"Secondary Road","period":"RL","known":"0"},"geometry":{"type":"LineString","coordinates":[[20.78718,38.92055],[20.79166,38.90461],[20.78987,38.88409]]}},{"type":"Feature","properties":{"id":1229,"name":null,"kind":"Secondary Road","known":"0"},"geometry":{"type":"LineString","coordinates":[[20.73241,38.81241],[20.74312,38.81747],[20.74758,38.8368]]}},{"type":"Feature","properties":{"id":1230,"name":null,"kind":"Secondary Road","known":"0"},"geometry":{"type":"LineString","coordinates":[[20.76079,38.95185],[20.74889,38.97059],[20.73699,39.00092]]}},{"type":"Feature","properties":{"id":1231,"name":null,"kind":"Secondary Road","period":"RL","known":"0"},"geometry":{"type":"LineString","coordinates":[[20.73536,39.01371],[20.70026,39.06666],[20.66903,39.09283],[20.60389,39.13834],[20.56091,39.18251],[20.53474,39.20511],[20.50157,39.22772],[20.49414,39.23872],[20.48432,39.28378],[20.47718,39.29657],[20.45577,39.32007],[20.43837,39.35517],[20.37442,39.40261],[20.32282,39.42402],[20.28623,39.46299],[20.27017,39.50552],[20.25009,39.54701],[20.20964,39.61126],[20.18971,39.6288],[20.14138,39.65765],[20.12056,39.67952],[20.02761,39.74644],[20.04487,39.75417],[20.06479,39.78005],[20.06658,39.81708],[20.0758,39.85723],[20.0755,39.87181],[20.06866,39.89679],[20.03624,39.92995]]}},{"type":"Feature","properties":{"id":1233,"name":null,"kind":"Secondary Road","period":"RL","known":"0"},"geometry":{"type":"MultiLineString","coordinates":[[[20.73364,39.01563],[20.7534,39.02988],[20.75745,39.03892],[20.74817,39.12053],[20.74936,39.136],[20.75768,39.15896],[20.79433,39.18609],[20.79766,39.21298]],[[20.21869,40.03565],[20.22796,40.01447],[20.26116,39.98271],[20.31755,39.95023],[20.36395,39.93024],[20.42434,39.87599]]]}},{"type":"Feature","properties":{"id":1235,"name":null,"kind":"Secondary Road","period":"RL","known":"0"},"geometry":{"type":"LineString","coordinates":[[20.77627,39.17385],[20.81715,39.17371],[20.85498,39.16372],[20.8966,39.16348],[20.9311,39.15849],[20.94419,39.15349],[20.9775,39.15396],[20.9907,39.15849],[20.99294,39.14233],[20.99937,39.13281]]}},{"type":"Feature","properties":{"id":1237,"name":null,"kind":"Secondary Road","period":"H","known":"0"},"geometry":{"type":"MultiLineString","coordinates":[[[21.2174,38.71077],[21.2174,38.70095],[21.20966,38.68965]],[[21.1707,38.85918],[21.16773,38.83242],[21.17516,38.79791],[21.18498,38.78274],[21.20491,38.76877],[21.21175,38.71939],[21.23197,38.69857]]]}},{"type":"Feature","properties":{"id":1238,"name":null,"kind":"Main Road","period":"RL","known":"1"},"geometry":{"type":"LineString","coordinates":[[19.48139,40.74921],[19.57809,40.73398],[19.58476,40.76158],[19.57714,40.7987],[19.57619,40.82725],[19.54383,40.94337],[19.54193,41.01856],[19.55525,41.07186],[19.62378,41.16894],[19.57693,41.1994],[19.55908,41.21725],[19.53945,41.24223],[19.52696,41.2922],[19.49841,41.32432],[19.44487,41.32789]]}},{"type":"Feature","properties":{"id":1239,"name":null,"kind":"Main Road","period":"RL","known":"1"},"geometry":{"type":"LineString","coordinates":[[19.83451,40.9034],[19.8602,40.91291],[19.93444,40.92909],[19.95729,40.94623],[19.9768,40.96717],[19.99393,40.99191],[20.02343,41.04521],[20.06817,41.07472],[20.08149,41.08804],[20.0853,41.10803],[20.07864,41.11564]]}},{"type":"Feature","properties":{"id":1240,"name":null,"kind":"Main Road","period":"RL","known":"1"},"geometry":{"type":"LineString","coordinates":[[19.57809,40.73398],[19.61084,40.72446],[19.647,40.72351],[19.67651,40.73207],[19.75456,40.77205],[19.77264,40.78442],[19.79643,40.85485],[19.82213,40.89578],[19.83451,40.9034],[19.81499,40.9329],[19.79977,40.96717],[19.80262,40.98335],[19.82166,41.01475],[19.82642,41.02808],[19.82642,41.03855],[19.8207,41.05473]]}},{"type":"Feature","properties":{"id":1241,"name":null,"kind":"Main Road","known":"1"},"geometry":{"type":"LineString","coordinates":[[19.63345,41.14383],[19.62378,41.16894],[19.6526,41.08769],[19.68508,41.02451],[19.70007,41.00238],[19.69971,40.98686],[19.6426,40.92475],[19.60548,40.89763],[19.56293,40.8735]]}},{"type":"Feature","properties":{"id":1242,"name":null,"kind":"Secondary Road","period":"RL","known":"0"},"geometry":{"type":"LineString","coordinates":[[19.67259,43.39419],[19.68151,43.3805],[19.69936,43.36325],[19.7172,43.3347],[19.74278,43.30436],[19.81714,43.19015],[19.8225,43.1729],[19.81952,43.15981],[19.80168,43.14018],[19.78799,43.10984],[19.7874,43.06731],[19.77431,43.02269],[19.77848,43.01139],[19.78799,43.00485],[19.85164,42.98165],[19.868,42.96083],[19.87455,42.91502],[19.89299,42.86981],[19.8918,42.84245],[19.88228,42.81895],[19.85611,42.79099],[19.80852,42.75352],[19.81387,42.74519],[19.8454,42.73508],[19.86406,42.70578],[19.87548,42.69674],[19.91593,42.67913],[19.93925,42.67628],[19.95638,42.68294],[19.98161,42.70531],[19.9935,42.71102],[20.01064,42.69817],[20.03995,42.69484],[20.05899,42.69626],[20.09944,42.7134],[20.11942,42.71625],[20.15464,42.71007],[20.17986,42.70102],[20.1889,42.69293],[20.22702,42.67476],[20.27297,42.67291],[20.28368,42.6628],[20.29558,42.64316],[20.3045,42.6271],[20.30807,42.61104]]}},{"type":"Feature","properties":{"id":1244,"name":null,"kind":"Secondary Road","period":"RL","known":"1"},"geometry":{"type":"LineString","coordinates":[[19.51164,42.06579],[19.49808,42.0508],[19.4738,42.03474],[19.44811,42.02475],[19.4026,42.02439],[19.38368,42.01119],[19.36191,41.97657],[19.3512,41.97014],[19.275,41.94944],[19.22824,41.93088],[19.2195,41.93623],[19.21058,41.96157],[19.19523,41.97799],[19.1913,41.99798],[19.18345,42.00904],[19.18131,42.02404],[19.17417,42.03581],[19.16132,42.04581],[19.13741,42.07793],[19.1242,42.09613],[19.11153,42.12183],[19.09654,42.1329],[19.03194,42.16002],[18.98929,42.18854],[18.98429,42.1996],[18.94931,42.21424],[18.93468,42.22887],[18.91469,42.26635],[18.9063,42.27402],[18.87418,42.2858],[18.84848,42.29151],[18.83528,42.29115],[18.82278,42.29615],[18.81529,42.31578],[18.78513,42.35683],[18.77335,42.38431],[18.77121,42.41001],[18.77406,42.46729],[18.77085,42.48692],[18.75836,42.49513],[18.7075,42.49263],[18.69644,42.52404]]}},{"type":"Feature","properties":{"id":1245,"name":null,"kind":"Main Road","known":"0"},"geometry":{"type":"LineString","coordinates":[[18.52632,42.46159],[18.53917,42.4566],[18.55559,42.45945],[18.5713,42.45731],[18.59414,42.44303],[18.61912,42.44232],[18.63197,42.4466],[18.65696,42.45874],[18.67337,42.4723],[18.66766,42.48158],[18.65125,42.488],[18.64839,42.49586],[18.65125,42.50157],[18.69644,42.52404]]}},{"type":"Feature","properties":{"id":1247,"name":null,"kind":"Main Road","period":"RL","known":"1"},"geometry":{"type":"LineString","coordinates":[[19.21914,42.51612],[19.26733,42.49232],[19.28273,42.48039],[19.28149,42.45544],[19.291,42.43462],[19.32967,42.39595],[19.36358,42.32457],[19.39213,42.32159],[19.42633,42.34251],[19.44299,42.34251],[19.45965,42.33776],[19.46322,42.31991],[19.45846,42.28422],[19.44775,42.25923],[19.47095,42.21527],[19.47916,42.19207],[19.49629,42.13604],[19.51164,42.06579],[19.54411,42.06491],[19.55768,42.05635],[19.58909,42.01851],[19.60765,42.0128],[19.63192,42.01066],[19.63406,41.98853],[19.62906,41.96997],[19.63192,41.94927],[19.67046,41.89502],[19.66761,41.85005],[19.65833,41.82578],[19.65833,41.80436],[19.66261,41.78794],[19.68902,41.77117],[19.73043,41.69978],[19.73043,41.66481],[19.724,41.60413],[19.71829,41.57772],[19.72043,41.5613],[19.74113,41.50348],[19.73756,41.47207],[19.70259,41.40997],[19.66975,41.38784],[19.60765,41.36785],[19.59051,41.36714],[19.53483,41.33715],[19.49841,41.32432]]}},{"type":"Feature","properties":{"id":1249,"name":null,"kind":"Main Road","known":"0"},"geometry":{"type":"LineString","coordinates":[[19.66261,41.78794],[19.65833,41.80436],[19.65833,41.82578],[19.66761,41.85005],[19.67046,41.89502],[19.63192,41.94927],[19.62906,41.96997],[19.63406,41.98853],[19.63192,42.01066],[19.65819,42.01444],[19.70458,42.01373],[19.75527,42.00516],[19.7774,41.99803],[19.7931,41.99945],[19.8238,42.01373],[19.85806,42.038],[19.95671,42.04942],[20.05879,42.09154],[20.10019,42.10225],[20.12232,42.11153],[20.14231,42.11367],[20.1623,42.10938],[20.2012,42.11581],[20.2269,42.11367],[20.26259,42.09939],[20.29257,42.09582],[20.31684,42.10153],[20.37681,42.10082],[20.40714,42.10367],[20.47353,42.12295],[20.56704,42.17006],[20.69161,42.20932],[20.72873,42.22788],[20.74979,42.2468],[20.81046,42.33531],[20.8276,42.37172],[20.83473,42.39742],[20.85044,42.42811],[20.87257,42.45024],[20.91468,42.4738],[20.94752,42.48094],[20.9725,42.4788],[21.01855,42.48379],[21.03711,42.49022],[21.09778,42.53019],[21.12205,42.53947],[21.15275,42.5409]]}},{"type":"Feature","properties":{"id":1250,"name":null,"kind":"Main Road","period":"RL","known":"1"},"geometry":{"type":"LineString","coordinates":[[21.19094,42.60315],[21.18309,42.58816],[21.15882,42.55817],[21.15275,42.5409],[21.14811,42.45967],[21.15025,42.39613],[21.20236,42.31547],[21.26018,42.26907],[21.27232,42.24302],[21.26803,42.22731],[21.27517,42.19305],[21.29873,42.15093],[21.3437,42.1031],[21.40902,42.04885],[21.44043,42.01816],[21.49254,42.0203],[21.53394,42.01744]]}},{"type":"Feature","properties":{"id":1251,"name":null,"kind":"Main Road","period":"RL","known":"0"},"geometry":{"type":"LineString","coordinates":[[21.53394,42.01744],[21.55892,42.02244],[21.58947,42.05242],[21.63587,42.11167],[21.65332,42.17175],[21.66785,42.25943],[21.67499,42.34224],[21.69712,42.36508],[21.75137,42.41005],[21.78742,42.45138],[21.82026,42.47994],[21.85024,42.51277],[21.92305,42.55346],[21.97653,42.59325],[21.99872,42.61485],[22.02013,42.67553],[22.03941,42.69766]]}},{"type":"Feature","properties":{"id":1252,"name":null,"kind":"Main Road","period":"RL","known":"1"},"geometry":{"type":"LineString","coordinates":[[21.83,43.21506],[21.92072,43.12527],[21.94392,43.08898],[21.96771,43.06459],[21.98556,43.03901],[22.01471,42.98785],[22.04052,42.91123],[22.04945,42.89815],[22.06075,42.88684],[22.1125,42.85413],[22.12975,42.83152],[22.13154,42.822],[22.11369,42.79821],[22.0893,42.74765],[22.07384,42.7304],[22.05868,42.72407],[22.03941,42.69766]]}},{"type":"Feature","properties":{"id":1254,"name":null,"kind":"Secondary Road","known":"0"},"geometry":{"type":"LineString","coordinates":[[22.15031,42.17569],[22.15254,42.16578],[22.15968,42.15579],[22.18966,42.15008],[22.21108,42.1408],[22.21108,42.12652],[22.20465,42.11296],[22.18181,42.09726],[22.17539,42.06585],[22.17753,42.05157],[22.18538,42.04015],[22.22678,41.99375]]}},{"type":"Feature","properties":{"id":1255,"name":null,"kind":"Secondary Road","period":"RL","known":"0"},"geometry":{"type":"LineString","coordinates":[[21.76926,40.30719],[21.78413,40.30005],[21.80436,40.29588],[21.83708,40.27982],[21.89478,40.27031],[21.92274,40.25722],[21.9501,40.24889],[21.9727,40.23342],[21.98639,40.19892],[21.99828,40.19178],[22.05967,40.17096],[22.06503,40.16085],[22.06027,40.13943],[22.06205,40.10285],[22.09418,40.08025],[22.10191,40.07132],[22.10726,40.0618],[22.10905,40.04574]]}},{"type":"Feature","properties":{"id":1256,"name":null,"kind":"Main Road","period":"RL","known":"0"},"geometry":{"type":"LineString","coordinates":[[22.56302,40.04728],[22.56302,40.09368],[22.54636,40.11391],[22.50353,40.15555],[22.49164,40.17696],[22.49283,40.2067],[22.49996,40.23526],[22.50829,40.25429],[22.588,40.37565],[22.6118,40.42442],[22.59276,40.4625],[22.56183,40.49938],[22.56064,40.52436],[22.57968,40.54697],[22.60466,40.56362],[22.6463,40.58385],[22.67723,40.59813],[22.84974,40.66237],[22.87925,40.66594],[22.93279,40.65642]]}},{"type":"Feature","properties":{"id":1257,"name":"Via Egnatia","kind":"Main Road","period":"R","known":"1"},"geometry":{"type":"LineString","coordinates":[[22.9611,40.64643],[22.9611,40.67022],[22.97062,40.69045],[22.99442,40.73328],[23.00869,40.73923],[23.02892,40.73328],[23.06342,40.71186],[23.07413,40.6964],[23.10268,40.67617],[23.15027,40.66427],[23.18953,40.64881],[23.23117,40.64048],[23.27519,40.64881],[23.29185,40.65833],[23.32992,40.66784],[23.35847,40.66903],[23.41903,40.66546],[23.48566,40.65714],[23.50945,40.64524],[23.54514,40.63929],[23.57845,40.64286],[23.5963,40.65476],[23.6201,40.66427],[23.67482,40.67974],[23.6891,40.68688],[23.70932,40.74756],[23.73074,40.76659],[23.76286,40.77373],[23.77952,40.78206],[23.78904,40.79277],[23.83544,40.80585],[23.84495,40.82727],[23.85709,40.84273]]}},{"type":"Feature","properties":{"id":1258,"name":null,"kind":"Main Road","period":"R","known":"1"},"geometry":{"type":"LineString","coordinates":[[23.84638,40.94648],[23.86899,40.96313],[23.90706,40.98217]]}},{"type":"Feature","properties":{"id":1259,"name":null,"kind":"Main Road","period":"RL","known":"0"},"geometry":{"type":"LineString","coordinates":[[23.85709,40.84273],[23.85971,40.86677],[23.84638,40.94648],[23.78356,40.96551],[23.73479,40.98812],[23.63604,41.025],[23.59321,41.04642],[23.55633,41.09995],[23.49922,41.10947],[23.44092,41.13446],[23.38976,41.18323],[23.38381,41.20822],[23.38619,41.25581],[23.36121,41.27127],[23.34812,41.28555],[23.34336,41.29983],[23.35883,41.33433],[23.35526,41.37121],[23.35883,41.38311],[23.36002,41.4238],[23.34336,41.46782],[23.27733,41.56895],[23.20833,41.66531],[23.18335,41.71409],[23.16669,41.75692],[23.16431,41.7938],[23.16788,41.81903],[23.16312,41.86067],[23.14289,41.869],[23.12386,41.91302],[23.12148,41.93205],[23.11077,41.94633],[23.10482,41.96774],[23.0953,41.98678],[23.08698,41.99392],[23.07627,42.01414],[23.07508,42.02604],[23.07984,42.05221]]}},{"type":"Feature","properties":{"id":1261,"name":null,"kind":"Secondary Road","period":"R","known":"0"},"geometry":{"type":"LineString","coordinates":[[23.79974,41.60725],[23.77595,41.63105],[23.74859,41.64414],[23.71884,41.69292],[23.7117,41.71314],[23.67958,41.75002],[23.67125,41.78571],[23.65579,41.80713],[23.61891,41.82735],[23.60939,41.86662],[23.58083,41.88922],[23.52492,41.90469],[23.39999,41.88446],[23.36192,41.88803],[23.27031,41.92848],[23.23105,41.938],[23.18703,41.93681],[23.12386,41.91302]]}},{"type":"Feature","properties":{"id":1262,"name":null,"kind":"Secondary Road","period":"R","known":"0"},"geometry":{"type":"LineString","coordinates":[[23.79974,41.60725],[23.81189,41.56643],[23.83035,41.47947],[23.82388,41.43997],[23.83054,41.42874],[23.85167,41.4139],[23.86092,41.39714],[23.87082,41.36844],[23.87101,41.32941],[23.88586,41.31914],[23.96578,41.28861],[23.97114,41.28355],[23.97441,41.23388],[23.96876,41.21247],[23.96905,41.20295],[23.97351,41.19462],[23.98622,41.18174],[24.06096,41.12591],[24.11405,41.05899],[24.12026,41.04585]]}},{"type":"Feature","properties":{"id":1263,"name":null,"kind":"Secondary Road","period":"RL","known":"0"},"geometry":{"type":"LineString","coordinates":[[24.19573,41.84117],[24.19844,41.83515],[24.19594,41.8273],[24.15918,41.78982],[24.14812,41.7163],[24.16596,41.67311],[24.16703,41.66133],[24.16239,41.65562],[24.14598,41.64705],[24.1292,41.64491],[24.09137,41.65598],[24.0646,41.65955],[24.04033,41.65312],[24.0182,41.63206],[24.00481,41.62421],[23.96178,41.62699],[23.93228,41.61188],[23.88303,41.59939],[23.86375,41.59939],[23.79606,41.61093],[23.7731,41.59974],[23.75025,41.5951],[23.71413,41.60188],[23.67951,41.59867],[23.66238,41.59046],[23.6349,41.55334],[23.62312,41.5487],[23.5603,41.54549],[23.54245,41.54014],[23.51176,41.52158],[23.4882,41.49909],[23.41718,41.45626],[23.33508,41.4311],[23.23443,41.40826],[23.1991,41.40504],[23.13128,41.41075],[23.02242,41.40504],[22.91749,41.41397],[22.8354,41.43824],[22.76651,41.44966],[22.70405,41.44395],[22.68977,41.4493],[22.673,41.45073],[22.6501,41.46135]]}},{"type":"Feature","properties":{"id":1265,"name":"Via Egnatia","kind":"Main Road","period":"R","known":"1"},"geometry":{"type":"LineString","coordinates":[[19.65795,41.07733],[19.66977,41.08095],[19.70665,41.07767],[19.78488,41.05775],[19.81319,41.05447],[19.85245,41.06012],[19.90213,41.08124],[19.91587,41.08243],[19.92598,41.08243],[19.96792,41.06607],[19.99082,41.06578],[20.03787,41.09582],[20.09855,41.12437],[20.14305,41.14965],[20.2058,41.17969],[20.24328,41.18743],[20.25399,41.18594],[20.27183,41.17166],[20.3108,41.17612],[20.32971,41.17226],[20.3666,41.14757],[20.40288,41.11783],[20.46213,41.09463],[20.51418,41.09046],[20.58682,41.09046],[20.61091,41.09522],[20.61477,41.10117],[20.62013,41.13716],[20.64035,41.1669],[20.65927,41.18326],[20.66968,41.18743],[20.70626,41.18891],[20.73244,41.18088],[20.77789,41.15233],[20.80525,41.12615],[20.81269,41.12972],[20.85552,41.17731],[20.89311,41.20765],[20.91304,41.21509],[20.92523,41.21419],[20.94546,41.20289],[20.97407,41.17553],[21.00857,41.13329],[21.02226,41.1089],[21.03981,41.08927],[21.05051,41.08273],[21.06063,41.07916],[21.09073,41.07857],[21.20887,41.09017],[21.2276,41.08481],[21.28114,41.07738],[21.32165,41.05715],[21.33325,41.04823],[21.34099,41.02741],[21.34583,41.02341],[21.36686,41.02057],[21.40166,41.00361],[21.44455,40.95141],[21.46775,40.90478],[21.4856,40.85838],[21.51088,40.83904],[21.62188,40.77301],[21.65745,40.74416],[21.67114,40.72608],[21.68363,40.6889],[21.69404,40.66957],[21.73717,40.69039],[21.81004,40.71953],[21.82782,40.73857],[21.8305,40.75077],[21.83615,40.7582],[21.85935,40.76772],[21.8647,40.78408],[21.87702,40.79038],[21.8904,40.79544],[21.91271,40.79574],[22.00539,40.8231],[22.039,40.82697],[22.05268,40.82637],[22.0622,40.81983],[22.06666,40.8121],[22.06577,40.80436],[22.07202,40.7996],[22.11038,40.79722],[22.1199,40.79395],[22.13465,40.78176],[22.20247,40.77402],[22.27344,40.79663],[22.41609,40.78354],[22.47218,40.78146],[22.53339,40.7701],[22.57789,40.75535],[22.60882,40.74916],[22.84472,40.7118],[22.88175,40.69729],[22.90578,40.68277],[22.93279,40.65642],[22.95541,40.64061],[22.9611,40.64643]]}},{"type":"Feature","properties":{"id":1266,"name":null,"kind":"Main Road","period":"RL","known":"0"},"geometry":{"type":"LineString","coordinates":[[21.53394,42.01744],[21.56507,41.99366],[21.64407,41.95368],[21.6612,41.93465],[21.69546,41.85851],[21.71355,41.80235],[21.76399,41.77285],[21.78342,41.72421]]}},{"type":"Feature","properties":{"id":1267,"name":null,"kind":"Secondary Road","period":"R","known":"1"},"geometry":{"type":"LineString","coordinates":[[21.19094,42.60315],[21.20611,42.60455],[21.22277,42.61347],[21.26084,42.66939],[21.27809,42.68485],[21.30783,42.7027],[21.35959,42.72352]]}},{"type":"Feature","properties":{"id":1269,"name":null,"kind":"Secondary Road","period":"RL","known":"0"},"geometry":{"type":"LineString","coordinates":[[19.43175,40.5116],[19.49742,40.47805],[19.50884,40.46163],[19.50813,40.4395],[19.49956,40.40595],[19.49813,40.38096],[19.50956,40.34027],[19.52169,40.31029],[19.56167,40.24533],[19.59022,40.21464],[19.61378,40.19751],[19.65875,40.18252],[19.69872,40.17609],[19.75297,40.14468],[19.77368,40.11756],[19.81793,40.11684],[19.85148,40.10471]]}},{"type":"Feature","properties":{"id":1270,"name":null,"kind":"Main Road","period":"RL","known":"0"},"geometry":{"type":"LineString","coordinates":[[19.48139,40.74921],[19.49875,40.71679],[19.5267,40.67497],[19.53207,40.62875],[19.54515,40.61328],[19.72837,40.54785],[19.74979,40.53238],[19.76287,40.50026],[19.76763,40.47051],[19.77953,40.45267],[19.80451,40.43839],[19.86043,40.4146],[19.9104,40.40032],[19.94371,40.37058],[19.98059,40.34559],[20.00677,40.33964],[20.02342,40.32656],[20.04603,40.29206],[20.08648,40.25041],[20.09481,40.22781],[20.09362,40.20283],[20.12693,40.16118],[20.14716,40.11455],[20.18047,40.0967],[20.20338,40.07462],[20.21973,40.03246]]}},{"type":"Feature","properties":{"id":1273,"name":null,"kind":"Secondary Road","period":"RL","known":"0"},"geometry":{"type":"LineString","coordinates":[[22.56338,40.52823],[22.55148,40.54346],[22.50342,40.55679],[22.49485,40.56154],[22.49104,40.56773],[22.43464,40.54366],[22.37337,40.52998],[22.33946,40.51867],[22.324,40.51035],[22.27462,40.49548],[22.23953,40.50797],[22.21097,40.52284],[22.2015,40.53156]]}},{"type":"Feature","properties":{"id":1274,"name":null,"kind":"Secondary Road","period":"RL","known":"0"},"geometry":{"type":"MultiLineString","coordinates":[[[22.65087,41.45929],[22.64257,41.44711],[22.64316,41.43462],[22.6509,41.42688],[22.64554,41.41558],[22.61996,41.41082],[22.61223,41.40309],[22.60926,41.36264],[22.59914,41.34301],[22.60212,41.32992],[22.60807,41.32873],[22.62175,41.31445],[22.61223,41.28412],[22.61402,41.26924],[22.64733,41.2508],[22.68302,41.2395],[22.70265,41.22106],[22.73239,41.17704],[22.72109,41.11815],[22.7199,41.08037],[22.72407,41.03695],[22.7318,41.0191],[22.73299,40.99947],[22.74608,40.96021],[22.73596,40.92214],[22.73537,40.90429],[22.73953,40.88883],[22.74845,40.8805],[22.77522,40.86979],[22.79307,40.85789],[22.79723,40.846],[22.79783,40.83053],[22.80378,40.81572],[22.81389,40.80561],[22.82757,40.79847],[22.8472,40.75921],[22.84899,40.73958],[22.86714,40.70321]],[[22.6501,41.46135],[22.62553,41.51176],[22.59698,41.54174],[22.52381,41.57779],[22.48026,41.60902],[22.451,41.6258],[22.39532,41.63294],[22.30359,41.63258],[22.28075,41.63758],[22.22614,41.66078],[22.16368,41.71538]]]}},{"type":"Feature","properties":{"id":1275,"name":null,"kind":"Main Road","period":"R","known":"0"},"geometry":{"type":"LineString","coordinates":[[22.60231,40.75069],[22.59367,40.76654],[22.58594,40.7945],[22.58594,40.81413],[22.555,40.88552],[22.55619,40.94679],[22.56095,40.98069],[22.57939,41.01877],[22.59902,41.03959],[22.59902,41.06826],[22.54846,41.15273],[22.5443,41.16284],[22.5443,41.19437],[22.53656,41.21519],[22.51336,41.23899],[22.51336,41.25873],[22.49433,41.28312],[22.48659,41.29145],[22.45923,41.30454],[22.41997,41.36165],[22.40629,41.36819],[22.34418,41.39079],[22.32336,41.3902],[22.27399,41.40567],[22.24746,41.40388],[22.23913,41.41756],[22.21772,41.42411],[22.19987,41.42351],[22.18083,41.4366],[22.16358,41.46277],[22.13622,41.49341],[22.11421,41.49876],[22.1035,41.5059],[22.09577,41.51601],[22.09874,41.52732],[22.09517,41.53743],[22.06008,41.54159],[22.01189,41.5523],[21.99048,41.55111],[21.97039,41.55594],[21.92675,41.59105],[21.91152,41.59772],[21.89153,41.6139],[21.88201,41.63388],[21.82586,41.671],[21.79635,41.69575],[21.78342,41.72421]]}},{"type":"Feature","properties":{"id":1276,"name":null,"kind":"Secondary Road","period":"R","known":"1"},"geometry":{"type":"LineString","coordinates":[[23.07065,42.14019],[23.05816,42.15745],[22.95525,42.22288],[22.93859,42.23716],[22.91361,42.25024],[22.8333,42.27939],[22.79285,42.2907],[22.76786,42.29367],[22.7173,42.30854],[22.70897,42.30735]]}},{"type":"Feature","properties":{"id":1277,"name":null,"kind":"Secondary Road","period":"RL","known":"0"},"geometry":{"type":"MultiLineString","coordinates":[[[22.7173,42.30854],[22.84341,42.31485],[23.00938,42.30652],[23.07101,42.31128],[23.15429,42.32317],[23.20069,42.32496],[23.2992,42.30771],[23.37831,42.31366],[23.47813,42.297],[23.55249,42.29403],[23.6435,42.30116]],[[22.70897,42.30735],[22.66471,42.29581],[22.57607,42.28153],[22.47316,42.25001],[22.39749,42.21907],[22.36953,42.21491],[22.36027,42.21647],[22.22664,42.19505],[22.17596,42.17935],[22.13598,42.17364],[22.09458,42.17149],[22.01856,42.17792],[21.85366,42.18077],[21.71803,42.17221],[21.65332,42.17175]]]}},{"type":"Feature","properties":{"id":1279,"name":null,"kind":"Main Road","period":"RL","known":"1"},"geometry":{"type":"LineString","coordinates":[[23.31609,42.70889],[23.27445,42.67914],[23.22567,42.6613],[23.14358,42.61311],[23.12038,42.58039],[23.12216,42.55422],[23.13704,42.5215],[23.118,42.46797],[23.12871,42.41086],[23.12276,42.37814],[23.12038,42.32889],[23.13049,42.30152],[23.12157,42.25869],[23.09302,42.21943],[23.06416,42.14916],[23.07065,42.14019]]}},{"type":"Feature","properties":{"id":1280,"name":null,"kind":"Main Road","period":"R","known":"0"},"geometry":{"type":"LineString","coordinates":[[23.07065,42.14019],[23.07945,42.12336],[23.08421,42.10373],[23.08481,42.08053],[23.07984,42.05221]]}},{"type":"Feature","properties":{"id":1281,"name":null,"kind":"Secondary Road","period":"R","known":"1"},"geometry":{"type":"LineString","coordinates":[[23.13534,42.60149],[23.06733,42.60574],[23.01023,42.60383],[22.97882,42.59765],[22.94027,42.58527],[22.9298,42.571],[22.92933,42.54482],[22.90696,42.47867],[22.86851,42.42585],[22.84662,42.4011],[22.78189,42.34923],[22.7173,42.30854]]}},{"type":"Feature","properties":{"id":1283,"name":null,"kind":"Main Road","period":"RL","known":"1"},"geometry":{"type":"LineString","coordinates":[[21.89103,43.32856],[21.85391,43.2711],[21.84249,43.23041],[21.83,43.21506],[21.79895,43.18722],[21.78467,43.17973],[21.75754,43.17973],[21.71614,43.20542],[21.64155,43.22434],[21.61478,43.23362],[21.59979,43.24326],[21.52376,43.23433],[21.46915,43.24219],[21.41776,43.23398],[21.37207,43.21613],[21.36065,43.20757],[21.34887,43.18829],[21.33174,43.17616],[21.26464,43.14118],[21.25429,43.13297],[21.25215,43.11548],[21.26036,43.09157],[21.25821,43.06516],[21.20468,42.9498],[21.18862,42.87431],[21.17398,42.82399],[21.17898,42.80578],[21.17648,42.7833],[21.17666,42.69666],[21.19094,42.60315]]}},{"type":"Feature","properties":{"id":1288,"name":null,"kind":"Main Road","period":"R","known":"1"},"geometry":{"type":"LineString","coordinates":[[18.71636,46.37462],[18.70304,46.34483],[18.69923,46.29391],[18.70161,46.21253],[18.72493,46.1421],[18.73112,46.1145],[18.72969,46.09546],[18.71779,46.06867],[18.68638,46.04169],[18.67686,46.04026],[18.67258,46.03074],[18.67258,46.00133],[18.694,45.96279],[18.74397,45.93376],[18.80631,45.8876],[18.82058,45.86808],[18.82772,45.84905],[18.82772,45.77966],[18.80155,45.72874],[18.79393,45.70066],[18.77109,45.64974],[18.68305,45.54648]]}},{"type":"Feature","properties":{"id":1289,"name":null,"kind":"Main Road","period":"R","known":"1"},"geometry":{"type":"LineString","coordinates":[[18.52981,45.62928],[18.56858,45.60658]]}},{"type":"Feature","properties":{"id":1290,"name":null,"kind":"Main Road","period":"R","known":"0"},"geometry":{"type":"LineString","coordinates":[[18.53457,45.51968],[18.62071,45.53729],[18.68305,45.54648]]}},{"type":"Feature","properties":{"id":1291,"name":null,"kind":"Main Road","period":"RL","known":"0"},"geometry":{"type":"LineString","coordinates":[[18.80393,45.27484],[18.82154,45.32766],[18.82629,45.36526],[18.82106,45.38667],[18.79013,45.44378],[18.72874,45.50993],[18.68305,45.54648]]}},{"type":"Feature","properties":{"id":1292,"name":null,"kind":"Main Road","period":"RL","known":"1"},"geometry":{"type":"LineString","coordinates":[[18.56858,45.60658],[18.68305,45.54648],[18.75491,45.54324],[18.85532,45.52468],[18.8815,45.52849],[18.92604,45.52611],[18.97982,45.50089],[18.98743,45.49184],[18.99172,45.44663],[19.00885,45.41618],[18.96554,45.39429],[18.96554,45.38001],[18.97696,45.36764],[19.03788,45.33052],[19.1025,45.27664],[19.18245,45.25713],[19.21814,45.23905],[19.29324,45.2243],[19.3808,45.22239],[19.40079,45.22668],[19.46218,45.22334],[19.53062,45.22953],[19.54394,45.22763],[19.57392,45.21002],[19.59296,45.20431],[19.69946,45.21288],[19.80797,45.2105],[19.83747,45.21573],[19.85651,45.22572],[19.88173,45.25237],[19.90657,45.23524],[19.95559,45.1867],[19.98366,45.17147],[20.00746,45.16386],[20.09569,45.15434],[20.13376,45.15339],[20.19705,45.161],[20.23465,45.15482],[20.25797,45.14197],[20.28176,45.10865],[20.30318,45.09114],[20.34753,45.04546],[20.35039,45.02357],[20.32945,45.00976],[20.29471,44.99454],[20.28376,44.95551],[20.29138,44.93505],[20.34706,44.88032],[20.41796,44.83963],[20.42939,44.81917],[20.46365,44.82155],[20.46836,44.81751]]}},{"type":"Feature","properties":{"id":1293,"name":null,"kind":"Main Road","period":"R","known":"1"},"geometry":{"type":"LineString","coordinates":[[22.89973,44.01003],[22.88021,43.99527],[22.83786,43.93531],[22.82168,43.88344],[22.82263,43.86535],[22.8312,43.8506],[22.8469,43.84156],[22.9002,43.83014],[22.92542,43.81681],[22.96445,43.80301],[23.04887,43.78303],[23.10693,43.78731],[23.17926,43.80587],[23.21972,43.823],[23.26502,43.8368],[23.33498,43.84917],[23.35211,43.84965],[23.38542,43.84489],[23.47099,43.84156],[23.53095,43.80444],[23.58377,43.79397],[23.67315,43.79587],[23.70218,43.80492],[23.80259,43.76066],[23.8497,43.75304]]}},{"type":"Feature","properties":{"id":1294,"name":null,"kind":"Secondary Road","period":"R","known":"0"},"geometry":{"type":"LineString","coordinates":[[22.77715,44.53733],[22.81926,44.53661],[22.91635,44.54661],[22.97274,44.53661],[23.08196,44.52519],[23.1512,44.52662],[23.21759,44.54803],[23.28255,44.55589],[23.35322,44.57659],[23.39462,44.57873],[23.48242,44.55874],[23.54667,44.53875],[23.5895,44.51377],[23.64089,44.47879],[23.77724,44.37386],[23.79936,44.33817],[23.8085,44.30997],[23.83491,44.27999],[23.85561,44.24786],[23.87774,44.17719],[23.91843,44.10795],[23.932,44.07869],[23.93128,44.01087],[23.94556,43.96304],[23.95912,43.93163],[23.95912,43.90165],[23.94913,43.83812],[23.93128,43.801]]}},{"type":"Feature","properties":{"id":1426,"name":null,"kind":"Secondary Road","period":"RL","known":"1"},"geometry":{"type":"LineString","coordinates":[[19.61009,45.20621],[19.60713,45.17457],[19.59666,45.14982],[19.57001,45.10604],[19.57667,45.08225],[19.59761,45.06036],[19.60808,45.04322],[19.61569,45.02229],[19.6176,44.98802],[19.61509,44.97606]]}},{"type":"Feature","properties":{"id":1428,"name":null,"kind":"Main Road","period":"RL","known":"0"},"geometry":{"type":"LineString","coordinates":[[18.54589,45.12222],[18.72482,45.2155],[18.75528,45.24405],[18.80393,45.27484]]}},{"type":"Feature","properties":{"id":1429,"name":null,"kind":"Main Road","period":"RL","known":"1"},"geometry":{"type":"LineString","coordinates":[[18.55712,44.91093],[18.62374,44.86714],[18.64373,44.86334],[18.66562,44.87476],[18.69418,44.88142],[18.7094,44.89379],[18.71702,44.89284],[18.73701,44.90141],[18.74462,44.90807],[18.7846,44.90807],[18.81125,44.91473],[18.82267,44.92235],[18.85122,44.92425]]}},{"type":"Feature","properties":{"id":1430,"name":null,"kind":"Main Road","period":"RL","known":"1"},"geometry":{"type":"MultiLineString","coordinates":[[[18.55236,45.10224],[18.60947,45.10319],[18.69798,45.09367],[18.72178,45.07749],[18.7351,45.0575],[18.75604,45.04132],[18.7627,45.01753],[18.78935,45.00325],[18.81029,44.98612],[18.85122,44.92425]],[[18.85027,44.92425],[18.86931,44.88808],[18.89405,44.87857],[18.96829,44.86143],[18.98923,44.84716],[19.02825,44.83478],[19.09583,44.83859],[19.12343,44.85096],[19.27674,44.86571],[19.38708,44.88808],[19.49177,44.93091],[19.55649,44.94234],[19.58981,44.95947],[19.61414,44.97606]]]}},{"type":"Feature","properties":{"id":1432,"name":null,"kind":"Main Road","period":"RL","known":"0"},"geometry":{"type":"LineString","coordinates":[[19.61509,44.97606],[19.59266,44.94138],[19.54888,44.89951],[19.51081,44.87143],[19.2919,44.64395],[19.25668,44.59351],[19.24207,44.56208],[19.19493,44.55014],[19.15693,44.54448],[19.12302,44.52842],[19.10755,44.51652],[19.10101,44.44246],[19.10101,44.39844],[19.10458,44.36692],[19.11231,44.34312],[19.14146,44.29791],[19.1367,44.28066],[19.12005,44.26936],[19.10993,44.22028],[19.07603,44.18875],[19.07186,44.17745],[19.04985,44.15068],[19.04807,44.13462],[19.0332,44.12272],[19.01059,44.11261],[18.95586,44.09952],[18.9285,44.08882],[18.90708,44.0564],[18.90411,44.02606],[18.89519,44.00345],[18.88091,43.98085],[18.82797,43.9404],[18.79347,43.92969],[18.72387,43.91839],[18.67806,43.92315],[18.63404,43.91363],[18.6043,43.91244]]}},{"type":"Feature","properties":{"id":1434,"name":null,"kind":"Main Road","period":"RL","known":"0"},"geometry":{"type":"LineString","coordinates":[[19.30239,44.82987],[19.15304,44.73582],[19.08641,44.68348],[19.01884,44.64445],[18.99409,44.6435],[18.98648,44.65302],[18.9703,44.66254],[18.93698,44.66254],[18.92937,44.6454],[18.91509,44.63208],[18.91509,44.61685]]}},{"type":"Feature","properties":{"id":1435,"name":null,"kind":"Main Road","period":"RL","known":"0"},"geometry":{"type":"MultiLineString","coordinates":[[[19.24917,44.09004],[19.28534,44.09385],[19.33483,44.08623],[19.37195,44.07005],[19.43191,44.05577],[19.5071,44.02437],[19.56802,44.01294]],[[19.14146,44.29791],[19.16117,44.2794],[19.18445,44.27373],[19.26249,44.26517],[19.31579,44.24423],[19.32722,44.22614],[19.33102,44.21187],[19.35672,44.18141],[19.37766,44.16809],[19.41192,44.13763],[19.45856,44.12145],[19.48045,44.08909],[19.55945,44.05577],[19.59847,44.0434],[19.5842,44.02056],[19.56802,44.01294],[19.56707,43.992]]]}},{"type":"Feature","properties":{"id":1436,"name":null,"kind":"Main Road","period":"RL","known":"0"},"geometry":{"type":"LineString","coordinates":[[19.07603,44.18875],[19.0737,44.18244],[19.08832,44.17284],[19.09593,44.16333],[19.11973,44.15571],[19.12829,44.14619],[19.18254,44.10622],[19.24917,44.09004],[19.28534,44.09385],[19.33483,44.08623],[19.37195,44.07005],[19.43191,44.05577],[19.5071,44.02437],[19.56802,44.01294]]}},{"type":"Feature","properties":{"id":1439,"name":null,"kind":"Secondary Road","period":"RL","known":"0"},"geometry":{"type":"LineString","coordinates":[[19.56707,43.992],[19.56897,43.97316],[19.59276,43.95317],[19.6118,43.94365],[19.62608,43.92747],[19.62132,43.87893],[19.63326,43.85612],[19.63998,43.85858],[19.78489,43.8543],[19.83486,43.86465],[19.86091,43.85608]]}},{"type":"Feature","properties":{"id":1440,"name":null,"kind":"Secondary Road","period":"RL","known":"0"},"geometry":{"type":"LineString","coordinates":[[19.61509,44.97606],[19.62937,44.95036],[19.63127,44.93846],[19.62794,44.90087],[19.6308,44.8647],[19.65269,44.81425],[19.68648,44.75477],[19.74725,44.72521],[19.77378,44.69121],[19.78886,44.66452],[19.80137,44.62842],[19.82037,44.59389],[19.84705,44.53004],[19.89062,44.4573],[19.90902,44.40039],[19.91806,44.33835],[19.91037,44.30036],[19.91039,44.2796],[19.86212,44.23014],[19.85308,44.20682],[19.84879,44.18541],[19.84737,44.16066],[19.86259,44.10593],[19.86164,44.08404],[19.86497,44.05787],[19.87782,44.03455],[19.90114,44.01218],[19.90447,44.00504],[19.90971,43.97697],[19.91209,43.93366],[19.91946,43.90963],[19.92993,43.89154],[19.95182,43.87441],[20.02522,43.83279]]}},{"type":"Feature","properties":{"id":1444,"name":null,"kind":"Secondary Road","period":"R","known":"0"},"geometry":{"type":"LineString","coordinates":[[22.68802,45.69453],[22.72894,45.67787],[22.80604,45.67692],[22.82365,45.66883],[22.85172,45.6674],[22.866,45.67169],[22.87599,45.68358],[22.89265,45.71499],[22.89265,45.75259],[22.89693,45.7702],[22.95499,45.8411],[22.96403,45.85966],[22.96356,45.88512],[22.9469,45.91177],[22.94643,45.93224],[22.96451,45.97221]]}},{"type":"Feature","properties":{"id":1451,"name":null,"kind":"Secondary Road","known":"0"},"geometry":{"type":"LineString","coordinates":[[23.11209,44.9689],[23.11719,44.95473],[23.12719,44.94545],[23.19857,44.9169],[23.28423,44.86765],[23.32777,44.82267],[23.36846,44.77485],[23.41058,44.70418],[23.44556,44.66492],[23.4634,44.63422],[23.50766,44.57533],[23.51195,44.56177],[23.51148,44.54954]]}},{"type":"Feature","properties":{"id":1452,"name":null,"kind":"Main Road","known":"0"},"geometry":{"type":"LineString","coordinates":[[23.63219,43.59072],[23.50638,43.53514],[23.49305,43.52638],[23.46735,43.52733],[23.44946,43.53571],[23.40187,43.53932],[23.39083,43.51762]]}},{"type":"Feature","properties":{"id":1453,"name":null,"kind":"Main Road","known":"0"},"geometry":{"type":"LineString","coordinates":[[23.40187,43.53932],[23.38531,43.53514],[23.32497,43.50811],[23.27281,43.47822],[23.22655,43.42083],[23.17516,43.37533],[23.08055,43.31927],[23.05142,43.30728],[22.86925,43.25426],[22.76132,43.20591],[22.62464,43.17327],[22.60123,43.17079],[22.57068,43.15788]]}},{"type":"Feature","properties":{"id":1454,"name":null,"kind":"Secondary Road","period":"RL","known":"0"},"geometry":{"type":"LineString","coordinates":[[22.57068,43.15788],[22.55954,43.15023],[22.53841,43.14414],[22.41849,43.11607],[22.35853,43.08751],[22.31836,43.06143],[22.29742,43.04183],[22.282,43.00956],[22.25859,42.98672],[22.18987,42.97587],[22.16208,42.96625],[22.09031,42.96321],[22.04577,42.94512],[22.03168,42.93446]]}},{"type":"Feature","properties":{"id":1455,"name":null,"kind":"Secondary Road","period":"RL","known":"0"},"geometry":{"type":"LineString","coordinates":[[22.0081,43.30215],[22.00205,43.2902],[21.99878,43.26967],[22.00145,43.2316],[22.02406,43.20394],[22.04309,43.19472],[22.09961,43.18044],[22.12638,43.16111],[22.19568,43.09776],[22.22066,43.06638],[22.24832,43.04229],[22.28521,43.01628]]}},{"type":"Feature","properties":{"id":1457,"name":null,"kind":"Secondary Road","known":"1"},"geometry":{"type":"LineString","coordinates":[[21.82094,43.20775],[21.82494,43.19962],[21.82375,43.18832],[21.8184,43.17286],[21.80531,43.15739],[21.77081,43.12824],[21.74821,43.11396],[21.70121,43.06697],[21.69883,43.05269],[21.68515,43.03604],[21.66849,42.97952],[21.66493,42.95216],[21.65719,42.93788],[21.63221,42.90874],[21.60306,42.88375],[21.56499,42.8082],[21.55071,42.79214],[21.5287,42.785],[21.49182,42.78352],[21.4472,42.77578],[21.42698,42.76924],[21.35959,42.72352]]}},{"type":"Feature","properties":{"id":1458,"name":null,"kind":"Secondary Road","known":"0"},"geometry":{"type":"LineString","coordinates":[[21.63816,42.91494],[21.71906,42.92985],[21.75535,42.93997],[21.80115,42.88762]]}},{"type":"Feature","properties":{"id":1459,"name":null,"kind":"Secondary Road","known":"0"},"geometry":{"type":"LineString","coordinates":[[21.75535,42.93997],[21.8071,42.95722],[21.91001,43.03039],[21.96771,43.06459]]}},{"type":"Feature","properties":{"id":1297,"name":null,"kind":"Secondary Road","known":"1"},"geometry":{"type":"LineString","coordinates":[[22.71433,44.19054],[22.84853,44.07918],[22.89993,44.02493],[22.89973,44.00884]]}},{"type":"Feature","properties":{"id":1298,"name":null,"kind":"Main Road","period":"RL","known":"0"},"geometry":{"type":"LineString","coordinates":[[22.91537,43.82183],[22.88894,43.80778],[22.83468,43.79065],[22.8047,43.77709],[22.77686,43.75567],[22.74403,43.73854],[22.71476,43.72855],[22.65908,43.72141],[22.62838,43.68072],[22.62481,43.66145],[22.55414,43.63361],[22.52845,43.61576],[22.48276,43.60862],[22.41566,43.60934],[22.34213,43.60006],[22.27361,43.5765],[22.22758,43.56469]]}},{"type":"Feature","properties":{"id":1299,"name":null,"kind":"Secondary Road","period":"RL","known":"0"},"geometry":{"type":"LineString","coordinates":[[22.13926,44.29712],[22.23492,44.27713],[22.32843,44.26571],[22.42337,44.24786],[22.50518,44.24287]]}},{"type":"Feature","properties":{"id":1300,"name":null,"kind":"Secondary Road","known":"1"},"geometry":{"type":"LineString","coordinates":[[22.29102,44.01087],[22.35099,44.04585],[22.33385,44.07297],[22.32529,44.10652],[22.32172,44.14293],[22.32743,44.16435],[22.34385,44.18291],[22.37811,44.20575],[22.39953,44.21574],[22.50518,44.24287]]}},{"type":"Feature","properties":{"id":1302,"name":null,"kind":"Secondary Road","known":"0"},"geometry":{"type":"LineString","coordinates":[[22.29102,44.01087],[22.31487,44.01444],[22.34842,44.02943],[22.36412,44.04014],[22.4248,44.06869],[22.47477,44.09939],[22.5283,44.11509],[22.58969,44.14793],[22.61182,44.16649],[22.63411,44.19859]]}},{"type":"Feature","properties":{"id":1305,"name":null,"kind":"Secondary Road","period":"RL","known":"0"},"geometry":{"type":"LineString","coordinates":[[22.13926,44.29712],[22.15325,44.31461],[22.16467,44.33959],[22.17181,44.37172],[22.1661,44.41383],[22.17181,44.45809]]}},{"type":"Feature","properties":{"id":1307,"name":null,"kind":"Secondary Road","period":"RL","known":"0"},"geometry":{"type":"LineString","coordinates":[[21.98586,44.03098],[21.99538,44.05537],[22.01203,44.07083],[22.03583,44.07976],[22.08758,44.09106],[22.12625,44.10712]]}},{"type":"Feature","properties":{"id":1308,"name":null,"kind":"Secondary Road","period":"RL","known":"0"},"geometry":{"type":"LineString","coordinates":[[21.43138,44.30539],[21.47993,44.29968],[21.51704,44.28826],[21.55416,44.28397],[21.6127,44.26256],[21.63126,44.26256],[21.64982,44.25685],[21.66981,44.244],[21.69408,44.23686],[21.70264,44.22972],[21.76546,44.21973],[21.78402,44.21973],[21.84541,44.20688],[21.86825,44.18689],[21.87967,44.15834],[21.88967,44.15263],[21.94206,44.09302],[21.99082,44.02271],[22.0208,43.99415],[22.02615,43.97167],[22.03543,43.95525],[22.04757,43.94419],[22.06113,43.93455],[22.10789,43.94561],[22.15043,43.94811],[22.19326,43.93812],[22.23895,43.91635],[22.27985,43.91242],[22.28985,43.90635],[22.29948,43.86359],[22.30484,43.8561],[22.31483,43.85289]]}},{"type":"Feature","properties":{"id":1310,"name":null,"kind":"Secondary Road","period":"RL","known":"1"},"geometry":{"type":"LineString","coordinates":[[22.33513,43.80835],[22.3234,43.81505],[22.31305,43.86752],[22.33196,43.93177],[22.3366,43.96175],[22.33018,43.97816],[22.30626,44.00119],[22.29102,44.01087],[22.28414,44.02082],[22.2488,44.0483],[22.23988,44.06186],[22.23452,44.10755],[22.22846,44.12432],[22.20062,44.17151],[22.17363,44.19935],[22.16685,44.21934],[22.16757,44.24468],[22.16043,44.26466],[22.14686,44.29172],[22.13926,44.29712],[22.13651,44.30707],[22.12188,44.31849],[22.05442,44.35668],[21.95663,44.40558],[21.93214,44.42406],[21.91037,44.44833],[21.87468,44.47475],[21.82678,44.48938],[21.80465,44.48831],[21.78609,44.48153],[21.73791,44.44477],[21.6636,44.48688],[21.6536,44.49902],[21.64682,44.53007],[21.63469,44.53935],[21.61862,44.54256],[21.57972,44.56183],[21.53132,44.57468],[21.51562,44.59146],[21.50777,44.61109],[21.5017,44.69204],[21.50562,44.76414]]}},{"type":"Feature","properties":{"id":1313,"name":null,"kind":"Secondary Road","period":"R","known":"1"},"geometry":{"type":"LineString","coordinates":[[21.33443,44.83672],[21.40224,44.85528],[21.47548,44.86885],[21.59077,44.89562],[21.62889,44.90525],[21.65101,44.91667],[21.66565,44.90026],[21.70134,44.87848],[21.72847,44.87384],[21.76095,44.87741],[21.78457,44.87634],[21.83169,44.83708],[21.84703,44.8278],[21.87594,44.82495],[21.89807,44.83423],[21.95275,44.86635],[21.95597,44.89419],[22.00094,44.92453],[22.06654,44.94237],[22.07653,44.93987],[22.09438,44.92917],[22.10616,44.93274],[22.11294,44.9513],[22.12293,44.95986],[22.13721,44.96664],[22.15613,44.96843],[22.1729,44.96843],[22.20681,44.95879],[22.37313,44.92488]]}},{"type":"Feature","properties":{"id":1317,"name":null,"kind":"Secondary Road","period":"R","known":"0"},"geometry":{"type":"LineString","coordinates":[[21.65101,44.91667],[21.68851,44.94931],[21.7022,44.96775],[21.70934,45.00463],[21.6784,44.98857],[21.64806,44.97786],[21.60285,44.97429],[21.54277,44.9856],[21.48805,45.02248],[21.47615,45.03378]]}},{"type":"Feature","properties":{"id":1318,"name":null,"kind":"Secondary Road","period":"R","known":"0"},"geometry":{"type":"LineString","coordinates":[[21.76466,45.3722],[21.76763,45.34008],[21.76287,45.30914],[21.7367,45.23478],[21.67781,45.18125],[21.64331,45.15626],[21.59929,45.13128],[21.55586,45.11462]]}},{"type":"Feature","properties":{"id":1319,"name":null,"kind":"Secondary Road","period":"R","known":"0"},"geometry":{"type":"LineString","coordinates":[[21.76466,45.3722],[21.73908,45.33948],[21.59929,45.29249],[21.58263,45.27464]]}},{"type":"Feature","properties":{"id":1320,"name":null,"kind":"Main Road","period":"R","known":"1"},"geometry":{"type":"LineString","coordinates":[[21.33443,44.83672],[21.32731,44.8627],[21.29043,44.8859],[21.2821,44.8966],[21.27913,44.9204],[21.28567,44.92694],[21.34754,44.95966],[21.37193,44.97929],[21.3981,44.99476],[21.47615,45.03378],[21.49387,45.059],[21.526,45.08101],[21.55586,45.11462],[21.56169,45.13645],[21.55931,45.18345],[21.56347,45.212],[21.5724,45.22687],[21.57954,45.25364],[21.57656,45.27744],[21.59619,45.31462],[21.60214,45.34376],[21.59976,45.36696],[21.60571,45.39135],[21.62237,45.43299],[21.63248,45.4443],[21.6646,45.45084],[21.70565,45.44846],[21.7348,45.45798],[21.75205,45.47226],[21.76335,45.48772],[21.81034,45.51092],[21.82819,45.5139],[21.83949,45.50973],[21.86448,45.47344],[21.89422,45.44965],[21.95145,45.41277],[22.06209,45.37589],[22.09421,45.37053],[22.1254,45.36988],[22.15146,45.38059],[22.17038,45.43377],[22.18251,45.45768]]}},{"type":"Feature","properties":{"id":1322,"name":null,"kind":"Secondary Road","period":"R","known":"0"},"geometry":{"type":"LineString","coordinates":[[22.69836,46.17944],[22.72572,46.17528],[22.74476,46.16755],[22.76558,46.15386],[22.77807,46.1378],[22.81971,46.11698],[22.82685,46.09854],[22.82864,46.0801],[22.85719,46.05631],[22.88872,45.9992],[22.89348,45.98314],[22.89467,45.92841],[22.88931,45.90224]]}},{"type":"Feature","properties":{"id":1326,"name":null,"kind":"Secondary Road","period":"R","known":"0"},"geometry":{"type":"LineString","coordinates":[[23.35735,45.96315],[23.36687,45.93995],[23.36401,45.90997],[23.36687,45.88284],[23.37758,45.855]]}},{"type":"Feature","properties":{"id":1327,"name":null,"kind":"Secondary Road","period":"R","known":"0"},"geometry":{"type":"LineString","coordinates":[[23.3376,45.64456],[23.29049,45.61744],[23.24837,45.61744],[23.22267,45.626],[23.19912,45.63957],[23.16557,45.67098],[23.15557,45.69025],[23.15415,45.70881],[23.15843,45.72094],[23.18341,45.74664],[23.21054,45.81232],[23.21268,45.83873],[23.21696,45.85158],[23.21554,45.87085],[23.21054,45.88441],[23.18587,45.90283]]}},{"type":"Feature","properties":{"id":1331,"name":null,"kind":"Secondary Road","period":"RL","known":"0"},"geometry":{"type":"LineString","coordinates":[[24.77836,42.39345],[24.71079,42.43342],[24.69294,42.46435],[24.68938,42.4979],[24.71554,42.53084],[24.72602,42.5374],[24.78693,42.54797],[24.80097,42.55406]]}},{"type":"Feature","properties":{"id":1334,"name":null,"kind":"Secondary Road","period":"RL","known":"0"},"geometry":{"type":"MultiLineString","coordinates":[[[23.98015,42.04224],[24.02774,42.05223],[24.05058,42.06508],[24.07818,42.09935],[24.12435,42.14693],[24.141,42.18881],[24.15433,42.20261],[24.19335,42.22831],[24.17455,42.24109],[24.14838,42.25239],[24.11902,42.25829],[24.04573,42.24878],[23.96918,42.2562],[23.95561,42.25477],[23.91369,42.27499],[23.88633,42.29581],[23.85004,42.3089],[23.82244,42.30819],[23.73118,42.32163],[23.69288,42.31485],[23.6435,42.30116]],[[24.19573,41.84117],[24.18288,41.88781],[24.18811,41.90161],[24.18859,41.91779],[24.2062,41.96015],[24.20477,41.97823],[24.19763,41.99203],[24.16956,42.0163],[24.13386,42.02725],[24.10103,42.04295],[24.08151,42.06579],[24.06937,42.08858]]]}},{"type":"Feature","properties":{"id":1338,"name":null,"kind":"Main Road","period":"RL","known":"0"},"geometry":{"type":"LineString","coordinates":[[24.73527,42.14591],[24.72721,42.17073],[24.72671,42.2029],[24.73289,42.27856],[24.75383,42.35328],[24.77836,42.39345],[24.78952,42.42157],[24.79143,42.4506],[24.82236,42.51675],[24.81855,42.5315],[24.79143,42.56386],[24.78714,42.58099],[24.7743,42.60098],[24.75621,42.62025],[24.711,42.6826],[24.67293,42.71853],[24.6458,42.73851],[24.6351,42.76778],[24.64295,42.80276],[24.6508,42.81704],[24.68221,42.83774],[24.68292,42.87271],[24.70434,42.89627],[24.71505,42.91997],[24.67864,42.97065],[24.67436,42.99635],[24.69363,43.02062],[24.71433,43.06988],[24.71862,43.11663],[24.71076,43.15589],[24.71076,43.18659],[24.69506,43.26654],[24.69078,43.35077],[24.67436,43.37147],[24.65151,43.38646],[24.63438,43.41502],[24.61511,43.49854],[24.62011,43.53266],[24.61154,43.55122],[24.62867,43.57406],[24.6251,43.59048],[24.60155,43.63117],[24.60297,43.64616]]}},{"type":"Feature","properties":{"id":2281,"name":null,"kind":"Secondary Road","known":"0"},"geometry":{"type":"LineString","coordinates":[[13.38374,45.96169],[13.39587,46.00309],[13.40159,46.03878],[13.41586,46.07305],[13.43157,46.1016],[13.44227,46.11374],[13.46797,46.13301],[13.47582,46.14657],[13.47297,46.17084],[13.46155,46.1894],[13.46869,46.21296],[13.50866,46.24865],[13.52365,46.25508],[13.57933,46.25722]]}},{"type":"Feature","properties":{"id":2283,"name":null,"kind":"Secondary Road","known":"1"},"geometry":{"type":"LineString","coordinates":[[14.38954,46.68052],[14.38811,46.66696],[14.36669,46.60843],[14.35313,46.58772],[14.34028,46.57702],[14.32815,46.55774],[14.32529,46.51705],[14.31815,46.49207],[14.29031,46.47208],[14.28175,46.44781],[14.27747,46.42354],[14.28032,46.40855],[14.29174,46.38714],[14.31673,46.36287],[14.32172,46.34645],[14.31673,46.30861],[14.36669,46.24008],[14.41095,46.19369],[14.43451,46.153],[14.46806,46.12016],[14.5166,46.09303],[14.46812,46.12046],[14.43421,46.15288],[14.38537,46.16335],[14.29543,46.17548],[14.27616,46.18619],[14.25974,46.20189],[14.19192,46.23259],[14.17122,46.23402],[14.12411,46.2226],[14.05415,46.21831],[14.02703,46.20546],[14.01917,46.20546],[14.01275,46.21689],[13.99419,46.22331],[13.96635,46.22045],[13.93851,46.20832],[13.90353,46.17977],[13.87783,46.16906],[13.84643,46.16692],[13.79646,46.16906],[13.74649,46.16263],[13.73864,46.15478],[13.67939,46.11838],[13.63227,46.09411],[13.62942,46.08197],[13.61728,46.06912],[13.59801,46.05556],[13.58944,46.04271],[13.59087,46.03271],[13.61728,46.00844],[13.62299,45.99774],[13.62299,45.98417],[13.60015,45.96204],[13.55732,45.90993]]}},{"type":"Feature","properties":{"id":2284,"name":null,"kind":"Secondary Road","known":"1"},"geometry":{"type":"LineString","coordinates":[[14.25474,45.88067],[14.2526,45.84854],[14.24475,45.83427],[14.23333,45.82998],[14.20549,45.83355],[14.16551,45.82499],[14.12696,45.82213],[14.10912,45.81357],[14.09698,45.80072],[14.08913,45.78073],[14.07628,45.76645],[14.05201,45.75575],[13.97634,45.73719],[13.95921,45.72362],[13.94494,45.70078],[13.89782,45.6658],[13.88926,45.65224],[13.83884,45.63829],[13.7859,45.63948],[13.83884,45.63829],[13.87007,45.6487],[13.89952,45.65405],[13.92629,45.65019],[13.99165,45.66304],[14.07517,45.65804],[14.113,45.64876],[14.1644,45.62734],[14.18724,45.62734],[14.23007,45.64091],[14.24863,45.64019],[14.26505,45.6352],[14.29075,45.64662],[14.3243,45.64733],[14.34786,45.67803],[14.36856,45.68659],[14.40496,45.68731],[14.42566,45.69659],[14.50133,45.6973],[14.55059,45.73371],[14.55487,45.74941],[14.55344,45.7694],[14.54202,45.78867],[14.53702,45.81723],[14.53702,45.82793],[14.55059,45.85292],[14.55415,45.86648],[14.54273,45.93429],[14.54916,45.95],[14.56058,45.9657],[14.56986,45.9914]]}},{"type":"Feature","properties":{"id":2285,"name":null,"kind":"Secondary Road","known":"0"},"geometry":{"type":"LineString","coordinates":[[13.7568,45.53455],[13.70326,45.54454],[13.68113,45.54097],[13.64544,45.52955],[13.60047,45.5217],[13.57834,45.52812],[13.57691,45.52384],[13.60118,45.51456],[13.60903,45.50742],[13.60761,45.49671],[13.59476,45.48172],[13.57905,45.4753],[13.54836,45.47672],[13.52623,45.48529],[13.5091,45.50314],[13.51338,45.46744],[13.52266,45.45317],[13.53265,45.41034],[13.54693,45.38464],[13.52896,45.42259],[13.617,45.39493],[13.68898,45.39315],[13.65656,45.39582],[13.63961,45.39344],[13.62208,45.37213],[13.61066,45.35214],[13.58496,45.32977],[13.56402,45.31788]]}},{"type":"Feature","properties":{"id":2289,"name":null,"kind":"Main Road","period":"RL","known":"1"},"geometry":{"type":"LineString","coordinates":[[15.88107,46.41806],[15.79914,46.4277],[15.64962,46.42832],[15.60798,46.41524],[15.53065,46.40334],[15.49853,46.39382],[15.45522,46.3798],[15.40534,46.35532],[15.3204,46.29322],[15.27757,46.2511],[15.26543,46.23397],[15.24259,46.21684],[15.21332,46.21041],[15.05414,46.22397],[15.02273,46.22397],[14.98204,46.21255],[14.88424,46.17615],[14.83142,46.16615],[14.71863,46.16473],[14.69864,46.15473],[14.67509,46.1376],[14.65296,46.1119],[14.62298,46.10191],[14.60299,46.10119],[14.55588,46.10762],[14.53303,46.10548],[14.51376,46.09049],[14.50733,46.05694],[14.40811,46.0191],[14.34886,46.00911],[14.31032,45.96771],[14.28961,45.95343],[14.24893,45.94344],[14.18397,45.89275],[14.15684,45.8849],[14.14756,45.87348],[14.1133,45.86063],[14.04762,45.86349],[13.94983,45.88347],[13.91913,45.88704],[13.87702,45.88776],[13.84632,45.88276],[13.80349,45.88347],[13.73782,45.89918],[13.66786,45.90203],[13.61789,45.89989],[13.55008,45.91131],[13.50225,45.90061],[13.46513,45.88205],[13.41088,45.84278],[13.37804,45.81352],[13.37019,45.77925],[13.3759,45.7664]]}},{"type":"Feature","properties":{"id":2302,"name":null,"kind":"Main Road","period":"RL","known":"1"},"geometry":{"type":"LineString","coordinates":[[10.99419,45.44171],[10.96081,45.44861],[10.87058,45.44783],[10.73406,45.43861],[10.71413,45.44396],[10.69093,45.44247],[10.63442,45.46091],[10.61151,45.46508],[10.5669,45.4621],[10.50384,45.47935],[10.43543,45.49036],[10.31854,45.51743],[10.2769,45.52397],[10.23685,45.53792]]}},{"type":"Feature","properties":{"id":2304,"name":null,"kind":"Main Road","period":"RL","known":"0"},"geometry":{"type":"LineString","coordinates":[[9.70015,45.06149],[9.69348,45.06483],[9.64304,45.07006],[9.62971,45.08386],[9.59783,45.10147],[9.58213,45.15334],[9.57118,45.16714],[9.44628,45.26639],[9.43771,45.29994],[9.38953,45.32528],[9.32671,45.36918],[9.24248,45.43843],[9.17837,45.47689]]}},{"type":"Feature","properties":{"id":2306,"name":null,"kind":"Main Road","period":"RL","known":"1"},"geometry":{"type":"LineString","coordinates":[[9.42091,46.16517],[9.39735,46.17731],[9.37736,46.18088],[9.35452,46.17802],[9.28885,46.14304],[9.27457,46.12948],[9.271,46.11592],[9.27045,46.07937],[9.2503,46.05917],[9.24601,46.04989],[9.23405,46.04261],[9.22834,46.00085],[9.22227,45.99371],[9.198,45.98586],[9.18658,45.97872],[9.16638,45.97552],[9.13554,45.96266],[9.12395,45.95316],[9.12198,45.9416],[9.12554,45.93232],[9.12626,45.90912],[9.13501,45.89677],[9.1343,45.88963],[9.09092,45.867],[9.08307,45.85558],[9.07343,45.85058],[9.07201,45.83916],[9.06399,45.82967],[9.06344,45.8206],[9.08129,45.81275],[9.07915,45.72709],[9.08414,45.7146],[9.11591,45.67819],[9.13999,45.63123],[9.14803,45.57004],[9.1664,45.53343],[9.17837,45.47689],[9.18658,45.58361],[9.19871,45.62287],[9.19764,45.65499],[9.1905,45.68497],[9.18372,45.69818],[9.11162,45.76064],[9.08914,45.78634],[9.08093,45.8049]]}},{"type":"Feature","properties":{"id":2307,"name":null,"kind":"Main Road","period":"RL","known":"1"},"geometry":{"type":"LineString","coordinates":[[10.02591,45.14222],[10.03126,45.14829],[10.05482,45.21646],[10.07802,45.26179],[10.13762,45.3603],[10.18902,45.43561],[10.21515,45.49673],[10.23685,45.53792]]}},{"type":"Feature","properties":{"id":2308,"name":null,"kind":"Secondary Road","period":"R","known":"1"},"geometry":{"type":"LineString","coordinates":[[13.61091,45.31197],[13.62162,45.31554],[13.62234,45.31982],[13.65018,45.32625],[13.66945,45.34052],[13.70443,45.34338],[13.72727,45.35551]]}},{"type":"Feature","properties":{"id":2309,"name":null,"kind":"Main Road","period":"R","known":"0"},"geometry":{"type":"LineString","coordinates":[[14.33903,45.36836],[14.32047,45.38478],[14.29977,45.42547],[14.27978,45.45331],[14.24837,45.48115],[14.17556,45.50042],[14.16057,45.51327],[13.99853,45.57395],[13.96997,45.58751],[13.87718,45.61606],[13.85076,45.63391],[13.83149,45.68102],[13.81507,45.70458],[13.78723,45.72956],[13.7544,45.74812],[13.72085,45.75812],[13.67088,45.77025],[13.64732,45.77382],[13.62805,45.77239]]}},{"type":"Feature","properties":{"id":2163,"name":null,"kind":"Secondary Road","period":"R","known":"1"},"geometry":{"type":"LineString","coordinates":[[15.86176,41.00867],[15.85018,40.99878],[15.83947,40.97469],[15.81538,40.96219]]}},{"type":"Feature","properties":{"id":2164,"name":null,"kind":"Main Road","period":"R","known":"1"},"geometry":{"type":"LineString","coordinates":[[15.81538,40.96219],[15.80616,40.9729],[15.76839,40.98153],[15.71515,41.00562],[15.63603,41.0196],[15.61432,41.02882],[15.5465,41.06853],[15.53341,41.0718],[15.50575,41.07537],[15.46411,41.0718],[15.43229,41.06139],[15.42069,41.05395]]}},{"type":"Feature","properties":{"id":2165,"name":null,"kind":"Secondary Road","period":"R","known":"0"},"geometry":{"type":"LineString","coordinates":[[15.42069,41.05395],[15.43199,41.06704],[15.50367,41.12444],[15.51944,41.14616]]}},{"type":"Feature","properties":{"id":2166,"name":null,"kind":"Secondary Road","period":"R","known":"1"},"geometry":{"type":"LineString","coordinates":[[15.55334,41.20909],[15.51307,41.19568],[15.43098,41.15166]]}},{"type":"Feature","properties":{"id":2167,"name":null,"kind":"Secondary Road","period":"R","known":"0"},"geometry":{"type":"LineString","coordinates":[[15.55334,41.20909],[15.5542,41.21254],[15.53984,41.22215],[15.49909,41.2397]]}},{"type":"Feature","properties":{"id":2168,"name":null,"kind":"Secondary Road","period":"R","known":"1"},"geometry":{"type":"LineString","coordinates":[[15.51944,41.14616],[15.53568,41.16831],[15.55334,41.20909]]}},{"type":"Feature","properties":{"id":2169,"name":"Via_Herculia","kind":"Main Road","period":"R","known":"0"},"geometry":{"type":"LineString","coordinates":[[15.42069,41.05395],[15.38666,41.05752],[15.33788,41.09232],[15.29565,41.10243],[15.25044,41.12087],[15.21415,41.14913],[15.19333,41.15062],[15.17876,41.15567],[15.16032,41.18051],[15.09934,41.24594],[15.08001,41.25457]]}},{"type":"Feature","properties":{"id":2170,"name":"Via_Aurelis_Aeclanensis_?","kind":"Secondary Road","period":"R","known":"0"},"geometry":{"type":"LineString","coordinates":[[15.15228,41.18973],[15.15823,41.19717],[15.16686,41.22126],[15.17935,41.23077],[15.20612,41.23524],[15.23854,41.23434],[15.2894,41.24148],[15.34324,41.25992],[15.37149,41.26587],[15.40897,41.29175],[15.42473,41.29413]]}},{"type":"Feature","properties":{"id":2171,"name":"Via_Minucia_/_Traiana","kind":"Main Road","period":"R","known":"1"},"geometry":{"type":"LineString","coordinates":[[14.86539,41.17569],[14.89826,41.19911],[14.92776,41.20958],[14.95458,41.21422],[15.03803,41.24287],[15.06768,41.25812],[15.10384,41.26717],[15.12989,41.29007],[15.15708,41.30765],[15.2102,41.32639],[15.23147,41.33675],[15.24614,41.3483],[15.30362,41.36461],[15.35552,41.36878],[15.48624,41.35569],[15.52342,41.34216],[15.62056,41.31587],[15.73504,41.3023],[15.77297,41.28765],[15.85937,41.26148],[15.96585,41.25152],[16.04378,41.22928],[16.32515,41.19349],[16.41081,41.16756],[16.43532,41.15566],[16.47506,41.12128],[16.50028,41.10986],[16.55763,41.10629],[16.63139,41.11224],[16.76393,41.10748],[16.79343,41.10914],[16.85958,41.12651]]}},{"type":"Feature","properties":{"id":2172,"name":null,"kind":"Secondary Road","period":"R","known":"1"},"geometry":{"type":"LineString","coordinates":[[16.05416,41.22823],[16.11341,41.26571]]}},{"type":"Feature","properties":{"id":2173,"name":null,"kind":"Secondary Road","period":"R","known":"0"},"geometry":{"type":"LineString","coordinates":[[16.11341,41.26571],[16.15374,41.29641]]}},{"type":"Feature","properties":{"id":2174,"name":null,"kind":"Secondary Road","period":"R","known":"1"},"geometry":{"type":"LineString","coordinates":[[16.15374,41.29641],[16.1623,41.30033],[16.26046,41.31318],[16.27716,41.32001]]}},{"type":"Feature","properties":{"id":2175,"name":null,"kind":"Secondary Road","period":"R","known":"1"},"geometry":{"type":"LineString","coordinates":[[16.05416,41.22823],[16.04554,41.21576],[16.04026,41.19435],[16.02865,41.17294]]}},{"type":"Feature","properties":{"id":2176,"name":null,"kind":"Secondary Road","period":"R","known":"1"},"geometry":{"type":"LineString","coordinates":[[15.86176,41.00867],[15.8702,41.01467],[15.87062,41.03751],[15.87462,41.04807],[15.89118,41.06306],[15.92388,41.10725],[15.94758,41.12467],[15.98784,41.14965],[16.01882,41.16443],[16.02865,41.17294]]}},{"type":"Feature","properties":{"id":2177,"name":null,"kind":"Main Road","period":"R","known":"1"},"geometry":{"type":"LineString","coordinates":[[15.84066,40.95166],[15.81538,40.96219]]}},{"type":"Feature","properties":{"id":2178,"name":null,"kind":"Main Road","period":"R","known":"1"},"geometry":{"type":"LineString","coordinates":[[15.81538,40.96219],[15.81914,40.93744],[15.82728,40.92131],[15.82592,40.91347],[15.81733,40.90352],[15.81431,40.89281]]}},{"type":"Feature","properties":{"id":2179,"name":null,"kind":"Main Road","period":"R","known":"0"},"geometry":{"type":"LineString","coordinates":[[15.81431,40.89281],[15.80949,40.86454],[15.822,40.80597],[15.82306,40.75532],[15.78838,40.62204],[15.76727,40.5698],[15.76546,40.54116],[15.76803,40.51967],[15.76366,40.50234],[15.75114,40.46269],[15.7329,40.42266],[15.73245,40.41331],[15.73727,40.39771],[15.76652,40.37509],[15.78446,40.36605]]}},{"type":"Feature","properties":{"id":1346,"name":null,"kind":"Secondary Road","known":"1"},"geometry":{"type":"LineString","coordinates":[[23.64457,43.27758],[23.68454,43.2909],[23.69882,43.29947],[23.71024,43.31089],[23.70739,43.35372],[23.715,43.36895],[23.76259,43.43177],[23.80066,43.49554],[23.80827,43.52504],[23.80352,43.55074],[23.80161,43.59928],[23.82612,43.66257],[23.85468,43.70398],[23.86934,43.74501]]}},{"type":"Feature","properties":{"id":1347,"name":null,"kind":"Main Road","period":"RL","known":"0"},"geometry":{"type":"LineString","coordinates":[[23.63219,43.59072],[23.80827,43.69637],[23.82826,43.73158],[23.8497,43.75185]]}},{"type":"Feature","properties":{"id":1349,"name":null,"kind":"Secondary Road","known":"1"},"geometry":{"type":"LineString","coordinates":[[23.65504,43.11787],[23.68454,43.12548],[23.75878,43.13405],[23.77591,43.14347]]}},{"type":"Feature","properties":{"id":1351,"name":null,"kind":"Secondary Road","period":"RL","known":"0"},"geometry":{"type":"LineString","coordinates":[[25.38437,43.02845],[25.41231,43.06431],[25.44569,43.08511],[25.48293,43.11406],[25.546,43.14745],[25.58403,43.17254],[25.61617,43.20095],[25.63994,43.21686],[25.63989,43.27606],[25.44839,43.51781],[25.38176,43.6168]]}},{"type":"Feature","properties":{"id":1352,"name":null,"kind":"Secondary Road","known":"0"},"geometry":{"type":"LineString","coordinates":[[25.44839,43.51781],[25.4008,43.45785],[25.38176,43.42073],[25.32371,43.36267]]}},{"type":"Feature","properties":{"id":1357,"name":null,"kind":"Secondary Road","period":"R","known":"1"},"geometry":{"type":"LineString","coordinates":[[25.58699,45.69449],[25.57509,45.66475],[25.57241,45.64581],[25.59335,45.59155],[25.59525,45.563],[25.56914,45.45893],[25.55748,45.42395],[25.55391,45.39063],[25.55813,45.36408],[25.57985,45.33044]]}},{"type":"Feature","properties":{"id":1363,"name":null,"kind":"Main Road","period":"RL","known":"0"},"geometry":{"type":"LineString","coordinates":[[24.47066,43.70442],[24.4891,43.74037],[24.48712,43.81251],[24.47998,43.85034],[24.46713,43.87461],[24.44072,43.89031],[24.42859,43.90316],[24.42145,43.92601],[24.41003,44.00239],[24.41003,44.04772],[24.40146,44.12481],[24.40574,44.17906],[24.36934,44.22475],[24.3622,44.24188],[24.36077,44.25687],[24.31866,44.27258],[24.30581,44.30256],[24.30581,44.31826],[24.28725,44.39286],[24.28011,44.43569],[24.26583,44.46781],[24.26583,44.5242],[24.27725,44.58631],[24.27939,44.61772],[24.27511,44.68446],[24.25798,44.72515],[24.24085,44.78583],[24.23728,44.88933],[24.24442,44.94287],[24.30795,45.02553],[24.3672,45.08906],[24.38576,45.13689],[24.36791,45.18115],[24.36149,45.20899],[24.37005,45.22327],[24.37219,45.23611],[24.36077,45.25682],[24.30152,45.2868],[24.29296,45.31249],[24.31366,45.35854],[24.32365,45.48631],[24.31723,45.51701],[24.29224,45.54342],[24.28511,45.56626],[24.28296,45.5941],[24.2901,45.62194],[24.29182,45.68176],[24.27468,45.7096],[24.25113,45.73958],[24.24113,45.76528],[24.21472,45.8124],[24.18117,45.81811],[24.15262,45.81739],[24.12335,45.79955],[24.07053,45.79241],[24.04483,45.80954],[24.02341,45.81668],[23.96845,45.87022],[23.94203,45.87878],[23.9092,45.89734],[23.86337,45.90234],[23.8184,45.90234],[23.7463,45.92304],[23.69419,45.93161],[23.63637,45.93089],[23.60068,45.94517],[23.56284,46.01406],[23.53286,46.0269],[23.50259,46.02609],[23.51758,46.04101],[23.57504,46.05493],[23.58611,46.06064],[23.59218,46.0692],[23.5917,46.07908],[23.5867,46.08693],[23.57243,46.09478],[23.53281,46.13476],[23.52745,46.14332],[23.52603,46.15724],[23.53138,46.16188],[23.55993,46.16581],[23.6159,46.16759],[23.6341,46.18044],[23.66158,46.19401],[23.67086,46.2065],[23.67408,46.23005],[23.67979,46.23998],[23.68121,46.25782],[23.69228,46.2646],[23.70584,46.29423],[23.73011,46.31493],[23.72761,46.3317],[23.71262,46.35026],[23.71369,46.36169],[23.7294,46.37168],[23.76937,46.38167],[23.78258,46.38203],[23.82826,46.39988],[23.89582,46.41111],[23.87202,46.44371],[23.77773,46.5283],[23.75238,46.57077],[23.75131,46.59789],[23.75917,46.62199],[23.7663,46.66624],[23.74525,46.68284],[23.70277,46.70533],[23.7067,46.72496],[23.73811,46.78992]]}},{"type":"Feature","properties":{"id":1365,"name":null,"kind":"Secondary Road","period":"R","known":"0"},"geometry":{"type":"LineString","coordinates":[[23.76865,45.91506],[23.74615,45.90247],[23.6909,45.89341],[23.6762,45.88319]]}},{"type":"Feature","properties":{"id":1367,"name":null,"kind":"Main Road","period":"R","known":"1"},"geometry":{"type":"LineString","coordinates":[[23.86337,45.90234],[23.86865,45.91769],[23.86437,45.94196],[23.85009,45.96766],[23.77942,46.0112],[23.69733,46.02191],[23.67734,46.01834],[23.63808,45.98336],[23.60953,45.97337],[23.58565,45.97104]]}},{"type":"Feature","properties":{"id":1369,"name":null,"kind":"Secondary Road","known":"0"},"geometry":{"type":"LineString","coordinates":[[18.41126,40.29433],[18.34047,40.2509],[18.29348,40.21759],[18.20246,40.17952],[18.16558,40.17238],[18.07873,40.17178],[18.03055,40.18011]]}},{"type":"Feature","properties":{"id":1370,"name":null,"kind":"Secondary Road","known":"0"},"geometry":{"type":"LineString","coordinates":[[18.04899,40.06114],[18.1406,40.07185],[18.18343,40.07244],[18.21734,40.07839],[18.35296,40.13431],[18.39579,40.13728]]}},{"type":"Feature","properties":{"id":1374,"name":null,"kind":"Secondary Road","period":"RL","known":"0"},"geometry":{"type":"LineString","coordinates":[[18.99308,42.75784],[19.01943,42.77196],[19.04679,42.79635],[19.06107,42.82431],[19.10509,42.87665],[19.09498,42.93852],[19.09735,42.95993],[19.15982,42.96826],[19.17112,42.97659],[19.17766,42.98908],[19.18004,43.00039],[19.17528,43.01526],[19.15268,43.03132],[19.14375,43.04262],[19.13959,43.05452],[19.14078,43.07236],[19.20205,43.11014],[19.26154,43.15416],[19.32281,43.18212],[19.32876,43.18866],[19.32935,43.19401],[19.30913,43.22257],[19.30496,43.23565],[19.30734,43.25707],[19.31448,43.27551],[19.32816,43.29693],[19.324,43.32607],[19.33173,43.34243],[19.37367,43.35909],[19.43018,43.35611],[19.48669,43.36563],[19.51168,43.37158],[19.57117,43.39716],[19.65772,43.39835],[19.67259,43.39419],[19.7413,43.38943],[19.77818,43.3805],[19.87395,43.35314],[19.9376,43.32816],[19.97984,43.3002],[20.01791,43.28592],[20.04527,43.28176],[20.09881,43.26332],[20.13093,43.25796],[20.1815,43.26926],[20.20946,43.26689],[20.23622,43.26034],[20.26299,43.26034],[20.28917,43.24606],[20.30106,43.23119],[20.35758,43.18658],[20.40993,43.16754],[20.54853,43.14077],[20.59195,43.11638],[20.63776,43.08158],[20.67107,43.06969],[20.72758,43.04292],[20.79659,42.99473],[20.80789,42.97391],[20.82038,42.93584],[20.83228,42.92811],[20.87822,42.88141]]}},{"type":"Feature","properties":{"id":1375,"name":null,"kind":"Secondary Road","period":"RL","known":"0"},"geometry":{"type":"LineString","coordinates":[[21.19023,42.61171],[21.16852,42.6225],[21.10814,42.67306],[21.08375,42.70578],[21.03973,42.75456],[20.98709,42.78252],[20.89994,42.84052],[20.88477,42.85494],[20.87822,42.88141],[20.83613,42.92384],[20.84537,42.93465],[20.85013,42.94715],[20.84715,42.95964],[20.83347,42.98046],[20.82574,43.00485],[20.83109,43.01318],[20.84001,43.01853],[20.8299,43.03994],[20.8299,43.07385],[20.81384,43.10538],[20.79123,43.13274],[20.76506,43.1488],[20.74662,43.17498],[20.72461,43.19223],[20.70617,43.23149],[20.65144,43.28324],[20.63419,43.29098],[20.63062,43.30704],[20.6562,43.34303],[20.66036,43.38407],[20.67702,43.4037],[20.67523,43.41501],[20.67761,43.42928],[20.6907,43.4507],[20.69368,43.462],[20.68654,43.47033],[20.65977,43.47509],[20.65441,43.47985],[20.65739,43.49591],[20.64609,43.51881],[20.65025,43.52773],[20.64966,43.5551],[20.64252,43.5664],[20.60385,43.589],[20.58184,43.63124],[20.56221,43.65384],[20.56281,43.66693],[20.56875,43.67823],[20.59017,43.69786],[20.63895,43.72225],[20.67345,43.72939],[20.72044,43.72939],[20.78802,43.74189],[20.81598,43.75616],[20.8255,43.77401],[20.82193,43.79245],[20.80825,43.81505],[20.80527,43.83528],[20.78862,43.8903],[20.77672,43.96228],[20.77493,43.99203],[20.75709,44.00987],[20.68392,44.04735],[20.53461,44.10535],[20.50368,44.12022],[20.49654,44.12795],[20.50768,44.14824],[20.57335,44.2044],[20.60761,44.24628],[20.63369,44.28816],[20.64083,44.30624],[20.65178,44.39847],[20.64987,44.43035],[20.56421,44.58906],[20.48236,44.6752],[20.44762,44.72231],[20.44,44.75429],[20.42811,44.76952],[20.44667,44.77856],[20.45714,44.78998],[20.46836,44.81751]]}},{"type":"Feature","properties":{"id":1376,"name":null,"kind":"Secondary Road","period":"RL","known":"0"},"geometry":{"type":"MultiLineString","coordinates":[[[19.91039,44.2796],[19.84578,44.28679],[19.77856,44.29987],[19.71015,44.31891],[19.64353,44.35222],[19.56084,44.41171],[19.53288,44.44443],[19.50195,44.46882],[19.45139,44.50213],[19.42343,44.53128],[19.4038,44.54258],[19.37286,44.5515],[19.29791,44.56281],[19.25746,44.56459],[19.24207,44.56208]],[[19.90574,44.27993],[20.05381,44.26772],[20.12448,44.25559],[20.20919,44.23346],[20.36814,44.20776],[20.44024,44.18575],[20.46879,44.16838],[20.48997,44.14625],[20.49654,44.12795],[20.48448,44.084],[20.47163,43.99655],[20.48305,43.96764],[20.47555,43.95836],[20.46699,43.95551],[20.452,43.94301],[20.44593,43.92481],[20.44379,43.89733]]]}},{"type":"Feature","properties":{"id":1378,"name":null,"kind":"Secondary Road","period":"RL","known":"0"},"geometry":{"type":"LineString","coordinates":[[20.42811,44.76952],[20.39127,44.76048],[20.35939,44.72431],[20.34844,44.70242],[20.31846,44.66482],[20.27896,44.65245],[20.23423,44.64864],[20.19568,44.65578],[20.14571,44.67625],[20.10574,44.68672],[20.08242,44.68053],[20.04815,44.66387],[20.02055,44.6396],[19.99866,44.62628],[19.97249,44.61819],[19.94631,44.61533],[19.91205,44.61771],[19.8873,44.63437],[19.86684,44.65721],[19.85542,44.67625],[19.82591,44.69385],[19.81735,44.70337],[19.75691,44.72812],[19.73359,44.7324],[19.68648,44.75477],[19.65269,44.81425],[19.6308,44.8647],[19.62794,44.90087],[19.63127,44.93846],[19.62937,44.95036],[19.61509,44.97606]]}},{"type":"Feature","properties":{"id":1379,"name":null,"kind":"Main Road","period":"RL","known":"1"},"geometry":{"type":"LineString","coordinates":[[18.80393,45.27484],[18.87521,45.24215],[18.91137,45.24024],[18.99894,45.21931],[19.08079,45.18599],[19.28257,45.13364],[19.47388,45.00325],[19.58333,44.98612],[19.63675,44.97112],[19.7111,44.9616],[19.78725,44.95744],[20.02055,44.95744],[20.10443,44.94495],[20.15487,44.93186],[20.34642,44.86761],[20.38465,44.85867],[20.41796,44.83963],[20.42939,44.81917],[20.46365,44.82155],[20.46836,44.81751]]}},{"type":"Feature","properties":{"id":1461,"name":null,"kind":"Secondary Road","known":"0"},"geometry":{"type":"LineString","coordinates":[[23.39083,43.51762],[23.38009,43.4858],[23.38544,43.46914],[23.45087,43.43464],[23.46515,43.42393],[23.47943,43.40966],[23.48359,43.39479],[23.4824,43.37813],[23.47467,43.36326],[23.44552,43.324],[23.42827,43.3121],[23.42232,43.29128],[23.42946,43.28236],[23.47407,43.25321],[23.52404,43.22822],[23.53594,43.2193],[23.54427,43.20681],[23.54962,43.20562]]}},{"type":"Feature","properties":{"id":1462,"name":null,"kind":"Secondary Road","known":"1"},"geometry":{"type":"LineString","coordinates":[[23.64457,43.27758],[23.62795,43.27429],[23.6101,43.26524],[23.58964,43.24811],[23.55252,43.20599],[23.53063,43.19184],[23.51992,43.18065],[23.4847,43.1176],[23.47209,43.10451],[23.46257,43.10154],[23.45329,43.10463],[23.43045,43.10439],[23.38619,43.07703],[23.37953,43.06799],[23.36621,43.01944],[23.36692,43.00921],[23.3712,42.98387],[23.39619,42.94199],[23.40333,42.91142],[23.39523,42.88334],[23.36121,42.84432],[23.35645,42.82826],[23.35455,42.79328],[23.34003,42.76496],[23.3346,42.72858]]}},{"type":"Feature","properties":{"id":1463,"name":null,"kind":"Secondary Road","known":"0"},"geometry":{"type":"LineString","coordinates":[[23.3346,42.72858],[23.34684,42.73308],[23.47247,42.74093],[23.66931,42.76666]]}},{"type":"Feature","properties":{"id":1464,"name":null,"kind":"Secondary Road","known":"1"},"geometry":{"type":"LineString","coordinates":[[23.65504,43.11787],[23.54547,43.08742],[23.48907,43.08456],[23.48193,43.08635],[23.46257,43.10154]]}},{"type":"Feature","properties":{"id":1465,"name":null,"kind":"Main Road","known":"1"},"geometry":{"type":"LineString","coordinates":[[23.31609,42.70889],[23.3346,42.72858]]}},{"type":"Feature","properties":{"id":1467,"name":"Via_Aemilia","kind":"Main Road","known":"1"},"geometry":{"type":"LineString","coordinates":[[12.55414,44.07591],[12.44706,44.06818],[12.40899,44.09376],[12.36378,44.09673],[12.26027,44.13897],[12.18188,44.16551],[12.08575,44.21119],[12.05767,44.21738],[11.60414,44.40107],[11.39856,44.47983],[11.20201,44.54503],[11.07114,44.59357],[11.007,44.62152],[10.9794,44.62961],[10.92181,44.65816],[10.90421,44.6615],[10.88612,44.66007],[10.86566,44.65245],[10.83901,44.65674],[10.7938,44.65578],[10.75287,44.6653],[10.69529,44.68148],[10.63723,44.70718],[10.44878,44.76429],[10.38189,44.78981],[10.19332,44.8352],[10.10004,44.8628],[10.03247,44.8785],[9.9687,44.90134],[9.91778,44.92895],[9.73027,45.03935],[9.71314,45.05268]]}},{"type":"Feature","properties":{"id":1468,"name":null,"kind":"Secondary Road","period":"ACHRL","known":"1"},"geometry":{"type":"LineString","coordinates":[[11.31271,44.50801],[11.29223,44.49804],[11.28688,44.48227],[11.27349,44.47781],[11.2729,44.45104],[11.25832,44.41773],[11.24375,44.40048],[11.20241,44.3639],[11.20033,44.36003],[11.20556,44.3397],[11.18736,44.33506],[11.17736,44.32364]]}},{"type":"Feature","properties":{"id":1469,"name":null,"kind":"Main Road","period":"RL","known":"1"},"geometry":{"type":"LineString","coordinates":[[11.34791,44.49632],[11.34577,44.48721],[11.35737,44.46966],[11.35678,44.46342],[11.32703,44.39352],[11.31751,44.35575],[11.30978,44.34831],[11.28688,44.33671],[11.27296,44.28692],[11.25476,44.26577],[11.25327,44.23692],[11.26516,44.20688],[11.2607,44.18814],[11.28718,44.09743],[11.28539,44.08939],[11.25476,44.06976],[11.24655,44.02158],[11.23721,44.00552]]}},{"type":"Feature","properties":{"id":1471,"name":null,"kind":"Secondary Road","known":"0"},"geometry":{"type":"LineString","coordinates":[[11.38587,43.98449],[11.3741,43.99399],[11.37551,44.01176],[11.36897,44.02842],[11.38176,44.03407],[11.38087,44.04418],[11.39723,44.05578],[11.39842,44.06292],[11.39009,44.08107],[11.38116,44.0891],[11.37373,44.10189],[11.37611,44.14501],[11.3886,44.21238]]}},{"type":"Feature","properties":{"id":1472,"name":null,"kind":"Secondary Road","known":"0"},"geometry":{"type":"LineString","coordinates":[[11.3886,44.21238],[11.38295,44.2103],[11.36391,44.18948],[11.34458,44.18204],[11.32346,44.14814],[11.31543,44.14278],[11.30859,44.1291],[11.30264,44.12434],[11.28837,44.12107],[11.28321,44.10761]]}},{"type":"Feature","properties":{"id":1473,"name":null,"kind":"Secondary Road","known":"1"},"geometry":{"type":"LineString","coordinates":[[11.3886,44.21238],[11.42667,44.25343],[11.42727,44.26919],[11.42281,44.28154],[11.42191,44.30414],[11.42548,44.3208],[11.42013,44.3321]]}},{"type":"Feature","properties":{"id":1474,"name":null,"kind":"Secondary Road","period":"RL","known":"0"},"geometry":{"type":"LineString","coordinates":[[11.50975,44.43581],[11.50787,44.42175],[11.48646,44.39319],[11.47307,44.38635],[11.45998,44.35661],[11.42013,44.3321]]}},{"type":"Feature","properties":{"id":1475,"name":null,"kind":"Secondary Road","known":"0"},"geometry":{"type":"LineString","coordinates":[[11.42013,44.3321],[11.40228,44.34471],[11.4002,44.35453],[11.41567,44.37892],[11.41775,44.39171],[11.41061,44.39855],[11.38741,44.40955],[11.37313,44.44167],[11.37046,44.46324],[11.37811,44.48649]]}},{"type":"Feature","properties":{"id":1476,"name":null,"kind":"Secondary Road","period":"RL","known":"1"},"geometry":{"type":"MultiLineString","coordinates":[[[11.53207,44.04352],[11.49762,44.04809],[11.47135,44.04371],[11.41043,44.00687]],[[11.88397,44.28924],[11.87912,44.28539],[11.84937,44.27825],[11.78572,44.23235],[11.71481,44.20189],[11.69435,44.18905],[11.6777,44.16763],[11.68448,44.13715],[11.68293,44.13023],[11.66746,44.11076],[11.65295,44.10291],[11.6244,44.09625],[11.61345,44.08958],[11.60821,44.08292],[11.60917,44.07607],[11.60479,44.07188],[11.56405,44.06826],[11.54711,44.06331],[11.53721,44.04504]]]}},{"type":"Feature","properties":{"id":1480,"name":"Via_Flaminia","kind":"Main Road","known":"1"},"geometry":{"type":"LineString","coordinates":[[12.6555,44.0075],[12.55616,44.07353]]}},{"type":"Feature","properties":{"id":1482,"name":null,"kind":"Main Road","known":"0"},"geometry":{"type":"LineString","coordinates":[[12.55711,44.07651],[12.53986,44.09019],[12.51904,44.09971],[12.46491,44.1354],[12.3852,44.17793],[12.21863,44.28977]]}},{"type":"Feature","properties":{"id":1483,"name":null,"kind":"Secondary Road","period":"RL","known":"1"},"geometry":{"type":"LineString","coordinates":[[12.22875,44.14819],[12.21506,44.36769],[12.22577,44.39744]]}},{"type":"Feature","properties":{"id":1485,"name":"Via_Popillia","kind":"Main Road","known":"1"},"geometry":{"type":"LineString","coordinates":[[12.22637,44.40624],[12.16867,44.48357],[12.13709,44.5431],[12.10454,44.58697],[12.09902,44.60982],[12.09807,44.62105],[12.10739,44.65103],[12.11596,44.66321],[12.11615,44.66987],[12.10397,44.69024],[12.10244,44.69919],[12.11234,44.71632],[12.12605,44.77676],[12.17916,44.92448],[12.17973,44.94694],[12.1546,44.96683],[12.15365,44.98739],[12.14737,44.99215],[12.11939,44.99881],[12.07831,45.02144],[12.05868,45.04285],[12.05297,45.05891],[12.05511,45.08604],[12.06831,45.15796],[12.07973,45.17616],[12.09565,45.21275]]}},{"type":"Feature","properties":{"id":1486,"name":null,"kind":"Secondary Road","period":"RL","known":"0"},"geometry":{"type":"LineString","coordinates":[[12.22577,44.39744],[12.24863,44.36676],[12.29478,44.32058],[12.39888,44.20339],[12.42446,44.179],[12.53238,44.09336]]}},{"type":"Feature","properties":{"id":1489,"name":null,"kind":"Secondary Road","known":"0"},"geometry":{"type":"LineString","coordinates":[[12.85424,45.74875],[12.86223,45.804],[12.87218,45.82385]]}},{"type":"Feature","properties":{"id":1492,"name":"Via_Postumia","kind":"Main Road","period":"RL","known":"1"},"geometry":{"type":"MultiLineString","coordinates":[[[13.34771,45.77846],[13.24836,45.81237],[13.22516,45.81653],[13.14486,45.81713],[12.98365,45.78025],[12.93487,45.7737],[12.85811,45.74875],[12.83134,45.74994],[12.72903,45.77671],[12.70583,45.77671]],[[9.69931,45.06088],[9.71442,45.05267],[9.75154,45.04696],[9.80187,45.05053],[9.82578,45.04838],[9.85112,45.0516],[9.86968,45.05731],[9.92215,45.09157],[9.97783,45.10478],[9.98497,45.10906],[9.98997,45.12655],[9.99925,45.13476],[10.02601,45.14261],[10.14987,45.14475],[10.29585,45.12369],[10.42648,45.12905],[10.49286,45.1551],[10.56675,45.19579],[10.71523,45.28788],[10.80695,45.33535],[10.95793,45.42065],[10.99362,45.44099],[10.99826,45.44849],[11.00576,45.45027],[11.07006,45.42352],[11.25613,45.41162],[11.27897,45.41162],[11.32656,45.42162],[11.39319,45.45636],[11.45839,45.50775],[11.55378,45.5553],[11.60399,45.59575],[11.66109,45.63001],[11.70511,45.65393],[11.75175,45.66844],[12.53574,45.75826],[12.61694,45.76362],[12.68832,45.77492],[12.70706,45.77522]]]}},{"type":"Feature","properties":{"id":1493,"name":"Via_Claudia_Augusta","kind":"Main Road","known":"1"},"geometry":{"type":"LineString","coordinates":[[12.40745,45.54331],[12.29066,45.72997],[12.2739,45.76179],[12.24725,45.82675],[12.24106,45.83246]]}},{"type":"Feature","properties":{"id":1494,"name":null,"kind":"Main Road","known":"0"},"geometry":{"type":"LineString","coordinates":[[12.24028,45.8327],[12.19418,45.85858],[12.168,45.86393],[12.0523,45.85947],[12.03594,45.86453],[11.98419,45.8678],[11.96367,45.87494],[11.94136,45.89665],[11.93868,45.92193],[11.91637,45.94304],[11.9183,45.96468],[11.92901,45.98134],[11.95518,45.99383],[11.95934,46.00335],[11.94507,46.01287],[11.92306,46.0206],[11.89272,46.02655]]}},{"type":"Feature","properties":{"id":1495,"name":"Via_Aurelia","kind":"Secondary Road","known":"1"},"geometry":{"type":"LineString","coordinates":[[11.91816,45.79746],[11.92946,45.76563],[11.95236,45.66673],[11.95355,45.6129],[11.90121,45.47727]]}},{"type":"Feature","properties":{"id":1496,"name":"Via_Aurelia","kind":"Secondary Road","known":"0"},"geometry":{"type":"LineString","coordinates":[[11.90061,45.47563],[11.88306,45.43816],[11.8792,45.42061],[11.88187,45.40797]]}},{"type":"Feature","properties":{"id":1497,"name":null,"kind":"Secondary Road","period":"RL","known":"0"},"geometry":{"type":"MultiLineString","coordinates":[[[11.88187,45.40797],[11.74327,45.23338],[11.68884,45.231],[11.56749,45.23694]],[[11.66369,45.23291],[11.60258,45.23367],[11.49283,45.2417],[11.46933,45.26936],[11.44227,45.29405],[11.41698,45.30892],[11.26619,45.35949]]]}},{"type":"Feature","properties":{"id":1498,"name":null,"kind":"Secondary Road","known":"1"},"geometry":{"type":"LineString","coordinates":[[11.56749,45.23694],[11.49283,45.2417]]}},{"type":"Feature","properties":{"id":1500,"name":null,"kind":"Secondary Road","known":"1"},"geometry":{"type":"LineString","coordinates":[[11.26619,45.35949],[11.21057,45.37882]]}},{"type":"Feature","properties":{"id":1501,"name":null,"kind":"Secondary Road","known":"0"},"geometry":{"type":"LineString","coordinates":[[11.21057,45.37882],[11.11152,45.42106]]}},{"type":"Feature","properties":{"id":1502,"name":null,"kind":"Secondary Road","period":"RL","known":"0"},"geometry":{"type":"LineString","coordinates":[[11.49283,45.2417],[11.48563,45.24138],[11.44601,45.21853],[11.37106,45.15679],[11.34929,45.13376],[11.34536,45.12341],[11.31502,45.10057],[11.29397,45.07737],[11.26613,45.02419],[11.11479,44.84448],[11.09588,44.8195],[11.08374,44.79719],[11.03913,44.75864]]}},{"type":"Feature","properties":{"id":2449,"name":null,"kind":"Secondary Road","known":"0"},"geometry":{"type":"LineString","coordinates":[[15.79035,40.35822],[15.75615,40.35286],[15.69369,40.35851],[15.67168,40.34959],[15.65859,40.35138],[15.62357,40.36547]]}},{"type":"Feature","properties":{"id":2450,"name":null,"kind":"Main Road","known":"1"},"geometry":{"type":"LineString","coordinates":[[15.78446,40.36605],[15.79035,40.35822],[15.79946,40.35581],[15.88958,40.30405],[15.91962,40.28056],[15.98684,40.26539]]}},{"type":"Feature","properties":{"id":2451,"name":null,"kind":"Main Road","known":"0"},"geometry":{"type":"LineString","coordinates":[[15.78265,40.61164],[15.79931,40.59549],[15.81454,40.58712],[15.84956,40.58179],[15.89259,40.55476],[15.90686,40.54981],[15.92038,40.53991],[15.94265,40.51145],[15.96321,40.49546],[15.97082,40.48366],[15.97387,40.47319],[15.97292,40.46082],[15.96644,40.4395],[15.94988,40.40999],[15.94912,40.37144],[15.94398,40.36002],[15.93408,40.34879]]}},{"type":"Feature","properties":{"id":2452,"name":null,"kind":"Main Road","known":"1"},"geometry":{"type":"LineString","coordinates":[[15.93408,40.34879],[15.92361,40.33042],[15.91924,40.31253],[15.91943,40.30777],[15.93389,40.29978],[15.93256,40.29292],[15.89068,40.25333],[15.87679,40.22658]]}},{"type":"Feature","properties":{"id":2453,"name":null,"kind":"Main Road","known":"0"},"geometry":{"type":"LineString","coordinates":[[15.87679,40.22658],[15.87226,40.21642],[15.87549,40.19871],[15.91014,40.16807],[15.92651,40.14199],[15.92784,40.12857],[15.92194,40.08688],[15.92422,40.07755],[15.9642,40.04624],[15.97048,40.03329],[15.97086,40.01274]]}},{"type":"Feature","properties":{"id":2454,"name":null,"kind":"Secondary Road","known":"0"},"geometry":{"type":"LineString","coordinates":[[15.81179,40.07934],[15.82326,40.08148],[15.86419,40.07601],[15.91297,40.08314],[15.92309,40.08217],[15.94699,40.07267],[15.96817,40.06958],[16.00196,40.07148],[16.03765,40.06292],[16.07049,40.07006],[16.10951,40.06744],[16.13592,40.08172],[16.17994,40.08291],[16.21801,40.0879],[16.23348,40.09409],[16.24657,40.10361],[16.28155,40.11051],[16.32485,40.12502],[16.34175,40.13775],[16.36269,40.18177],[16.41194,40.15869],[16.43145,40.16345],[16.45977,40.18439],[16.48618,40.197],[16.48785,40.20533],[16.48499,40.22175],[16.49165,40.22722],[16.52639,40.23412],[16.55019,40.23269],[16.55994,40.23103],[16.61253,40.20795],[16.63347,40.20985],[16.65655,40.21865],[16.68654,40.21816]]}},{"type":"Feature","properties":{"id":2455,"name":null,"kind":"Main Road","known":"0"},"geometry":{"type":"LineString","coordinates":[[16.67725,40.21984],[16.54764,40.24307],[16.51046,40.25378],[16.48845,40.25378],[16.37959,40.26954],[16.32902,40.26657],[16.22135,40.24307],[16.14848,40.23712],[16.10208,40.24039],[15.98684,40.26539]]}},{"type":"Feature","properties":{"id":2456,"name":null,"kind":"Secondary Road","known":"0"},"geometry":{"type":"LineString","coordinates":[[16.02048,40.78515],[15.95511,40.77619],[15.93548,40.77827],[15.91615,40.78124],[15.8293,40.81485],[15.82028,40.81582]]}},{"type":"Feature","properties":{"id":2457,"name":null,"kind":"Secondary Road","known":"0"},"geometry":{"type":"LineString","coordinates":[[16.78692,40.38236],[16.7674,40.39265],[16.75015,40.39295],[16.64486,40.41168],[16.62642,40.42685],[16.61214,40.42775],[16.59251,40.43518],[16.57139,40.43667],[16.55414,40.44529],[16.52737,40.46493],[16.46194,40.49437],[16.42506,40.50166],[16.41405,40.50671],[16.30995,40.52545],[16.23619,40.54806],[16.15023,40.53557],[16.09223,40.54419],[16.06873,40.54419],[16.04167,40.56531],[16.00954,40.57512],[15.95035,40.60992],[15.9444,40.61492],[15.9444,40.6289],[15.94054,40.63544],[15.93013,40.64199],[15.92537,40.64913],[15.91674,40.65269],[15.90425,40.64972],[15.88343,40.65359],[15.85755,40.64318],[15.82811,40.63961],[15.80759,40.6292],[15.78871,40.62492]]}},{"type":"Feature","properties":{"id":2458,"name":null,"kind":"Secondary Road","known":"0"},"geometry":{"type":"LineString","coordinates":[[17.06458,40.57472],[17.0573,40.59332],[17.02989,40.6371],[16.98478,40.7694],[16.95337,40.83507],[16.92596,40.88409],[16.86904,41.00668],[16.8679,41.0122],[16.87837,41.03466],[16.87818,41.04246]]}},{"type":"Feature","properties":{"id":2459,"name":null,"kind":"Main Road","known":"1"},"geometry":{"type":"LineString","coordinates":[[16.87818,41.04246],[16.86961,41.05322],[16.85971,41.08272],[16.85648,41.10728],[16.85958,41.12651]]}},{"type":"Feature","properties":{"id":2460,"name":null,"kind":"Main Road","known":"1"},"geometry":{"type":"LineString","coordinates":[[17.29827,40.95352],[17.1994,40.95459],[17.12516,40.96423],[17.10732,40.9703],[17.03665,41.0117],[16.92386,41.0481],[16.87247,41.07166],[16.85105,41.07773],[16.77467,41.08915],[16.68683,41.10986]]}},{"type":"Feature","properties":{"id":2461,"name":"Via_Minucia_/_Traiana","kind":"Main Road","known":"1"},"geometry":{"type":"LineString","coordinates":[[16.85958,41.12651],[16.89923,41.10974],[16.9128,41.10903],[16.99525,41.07976],[17.03129,41.07548],[17.08305,41.06227],[17.29827,40.95352],[17.32968,40.91772],[17.3593,40.89648],[17.38076,40.88718],[17.40963,40.8665],[17.44282,40.84866],[17.46923,40.82617],[17.52813,40.80404],[17.60201,40.76799],[17.6841,40.75158],[17.71408,40.74158],[17.76119,40.71499],[17.8133,40.69465],[17.87291,40.6611],[17.94844,40.64005]]}},{"type":"Feature","properties":{"id":2462,"name":null,"kind":"Main Road","known":"0"},"geometry":{"type":"LineString","coordinates":[[15.88062,41.61072],[15.81307,41.574]]}},{"type":"Feature","properties":{"id":2463,"name":null,"kind":"Main Road","known":"1"},"geometry":{"type":"LineString","coordinates":[[15.81307,41.574],[15.77988,41.56436],[15.75454,41.56972],[15.71385,41.60612],[15.70135,41.6129],[15.65281,41.62504],[15.58678,41.66394],[15.55502,41.67465],[15.54502,41.68108],[15.51611,41.71159]]}},{"type":"Feature","properties":{"id":2464,"name":null,"kind":"Main Road","known":"1"},"geometry":{"type":"LineString","coordinates":[[15.30362,41.36461],[15.31267,41.39822]]}},{"type":"Feature","properties":{"id":2465,"name":null,"kind":"Secondary Road","known":"0"},"geometry":{"type":"LineString","coordinates":[[15.30362,41.36461],[15.31835,41.36684],[15.34444,41.37859],[15.36442,41.39322],[15.37799,41.41713],[15.41154,41.44033],[15.4201,41.44212]]}},{"type":"Feature","properties":{"id":2466,"name":null,"kind":"Main Road","known":"1"},"geometry":{"type":"LineString","coordinates":[[15.32909,41.511],[15.33373,41.45675],[15.32873,41.43676],[15.32195,41.42392]]}},{"type":"Feature","properties":{"id":2467,"name":null,"kind":"Main Road","known":"0"},"geometry":{"type":"LineString","coordinates":[[15.32195,41.42392],[15.31267,41.39822]]}},{"type":"Feature","properties":{"id":2468,"name":null,"kind":"Main Road","known":"1"},"geometry":{"type":"LineString","coordinates":[[15.32909,41.511],[15.47971,41.51957],[15.4922,41.5235]]}},{"type":"Feature","properties":{"id":2469,"name":null,"kind":"Secondary Road","known":"0"},"geometry":{"type":"LineString","coordinates":[[15.4201,41.44212],[15.45401,41.45782]]}},{"type":"Feature","properties":{"id":2470,"name":null,"kind":"Secondary Road","known":"1"},"geometry":{"type":"LineString","coordinates":[[15.45401,41.45782],[15.49363,41.46532],[15.50326,41.47032],[15.52539,41.49066],[15.55645,41.52992]]}},{"type":"Feature","properties":{"id":2471,"name":null,"kind":"Main Road","known":"0"},"geometry":{"type":"LineString","coordinates":[[15.4922,41.5235],[15.52432,41.53599]]}},{"type":"Feature","properties":{"id":2472,"name":null,"kind":"Main Road","known":"1"},"geometry":{"type":"LineString","coordinates":[[15.52432,41.53599],[15.53717,41.53849],[15.55645,41.52992],[15.61676,41.52814],[15.72527,41.56347],[15.74927,41.57445]]}},{"type":"Feature","properties":{"id":2473,"name":null,"kind":"Secondary Road","known":"0"},"geometry":{"type":"LineString","coordinates":[[15.78091,41.82579],[15.83177,41.84126]]}},{"type":"Feature","properties":{"id":2474,"name":null,"kind":"Secondary Road","known":"1"},"geometry":{"type":"LineString","coordinates":[[15.83177,41.84126],[15.87401,41.84453],[15.87936,41.85316],[15.89602,41.8603],[15.92844,41.8826]]}},{"type":"Feature","properties":{"id":2475,"name":null,"kind":"Secondary Road","known":"1"},"geometry":{"type":"LineString","coordinates":[[15.49601,41.71848],[15.52419,41.72571],[15.56511,41.72819],[15.61346,41.71677],[15.65135,41.71943],[15.69494,41.70992],[15.72482,41.70839],[15.78307,41.71144],[15.83199,41.7221],[15.91632,41.71905]]}},{"type":"Feature","properties":{"id":2476,"name":null,"kind":"Secondary Road","known":"1"},"geometry":{"type":"LineString","coordinates":[[15.23618,41.78339],[15.26901,41.79862],[15.38608,41.81956],[15.42606,41.83336],[15.48317,41.86858],[15.50173,41.87476],[15.54122,41.87952],[15.59167,41.87952],[15.67447,41.86953],[15.69351,41.86287],[15.71493,41.84573],[15.77536,41.8248],[15.80756,41.83577]]}},{"type":"Feature","properties":{"id":2477,"name":null,"kind":"Main Road","known":"0"},"geometry":{"type":"LineString","coordinates":[[15.51611,41.71159],[15.4686,41.73124]]}},{"type":"Feature","properties":{"id":2478,"name":null,"kind":"Main Road","known":"1"},"geometry":{"type":"LineString","coordinates":[[15.4686,41.73124],[15.44367,41.73695],[15.39246,41.73999],[15.32469,41.75122],[15.20915,41.79006],[15.15071,41.80014],[14.98129,41.81851],[14.94455,41.81014],[14.91638,41.80747]]}},{"type":"Feature","properties":{"id":2479,"name":null,"kind":"Secondary Road","known":"0"},"geometry":{"type":"LineString","coordinates":[[14.84028,41.68228],[14.84284,41.69314],[14.84043,41.72194],[14.8442,41.74576],[14.87134,41.76536],[14.87646,41.77953],[14.91159,41.80683],[14.91638,41.80747]]}},{"type":"Feature","properties":{"id":2480,"name":null,"kind":"Secondary Road","known":"0"},"geometry":{"type":"LineString","coordinates":[[14.91159,41.80683],[14.9308,41.83336],[14.93984,41.85922],[14.94406,41.88922],[14.93939,41.9493]]}},{"type":"Feature","properties":{"id":2481,"name":null,"kind":"Secondary Road","known":"1"},"geometry":{"type":"LineString","coordinates":[[14.94339,41.89345],[14.90954,41.89442],[14.88768,41.91025]]}},{"type":"Feature","properties":{"id":2482,"name":null,"kind":"Secondary Road","known":"0"},"geometry":{"type":"LineString","coordinates":[[14.93272,41.83716],[14.87293,41.86404],[14.83615,41.86269]]}},{"type":"Feature","properties":{"id":2483,"name":null,"kind":"Secondary Road","known":"1"},"geometry":{"type":"LineString","coordinates":[[14.93272,41.83716],[14.98682,41.81827]]}},{"type":"Feature","properties":{"id":2484,"name":null,"kind":"Secondary Road","known":"1"},"geometry":{"type":"LineString","coordinates":[[14.94339,41.89345],[14.99673,41.8738],[15.03243,41.86696],[15.06812,41.85417],[15.10946,41.84673],[15.19899,41.80807],[15.21208,41.80063],[15.21752,41.78682]]}},{"type":"Feature","properties":{"id":2485,"name":null,"kind":"Secondary Road","known":"0"},"geometry":{"type":"LineString","coordinates":[[15.23049,41.78228],[15.24699,41.7512],[15.27412,41.71146],[15.30267,41.67672],[15.31409,41.64162],[15.32433,41.56096],[15.32742,41.55406],[15.32909,41.511],[15.30767,41.53217],[15.25532,41.56548],[15.20202,41.6045],[15.163,41.62972],[15.08424,41.67327],[15.0564,41.70028],[15.00714,41.7086],[14.97359,41.73049],[14.94123,41.74144],[14.88413,41.75262],[14.86636,41.76038]]}},{"type":"Feature","properties":{"id":2486,"name":null,"kind":"Secondary Road","known":"0"},"geometry":{"type":"LineString","coordinates":[[15.32909,41.511],[15.26927,41.50347],[15.16428,41.50079],[15.13275,41.50614],[15.12413,41.51239],[15.11491,41.51358],[15.0929,41.50376],[15.01854,41.48235],[15.01051,41.48503],[14.99266,41.50376],[14.98404,41.52102],[14.97868,41.52518],[14.95786,41.52994],[14.91473,41.52577],[14.90135,41.52875],[14.88916,41.53351],[14.85465,41.56028],[14.84127,41.56206]]}},{"type":"Feature","properties":{"id":2487,"name":null,"kind":"Main Road","known":"1"},"geometry":{"type":"LineString","coordinates":[[15.403,40.57796],[15.38249,40.56953],[15.36607,40.57239],[15.32931,40.57025],[15.30754,40.5731],[15.27363,40.58238],[15.26149,40.58881]]}},{"type":"Feature","properties":{"id":2488,"name":null,"kind":"Secondary Road","known":"0"},"geometry":{"type":"LineString","coordinates":[[15.27909,40.58089],[15.2879,40.60986],[15.29826,40.61843],[15.35965,40.63806],[15.37963,40.65698],[15.40426,40.65805],[15.42425,40.64948],[15.45851,40.64913],[15.48457,40.6452],[15.5017,40.65484],[15.5067,40.68232],[15.51134,40.68696],[15.54239,40.69624],[15.54988,40.6966],[15.5713,40.68553],[15.58379,40.67126],[15.60521,40.66233],[15.64411,40.62486],[15.6566,40.61558],[15.67159,40.61058],[15.68837,40.60665],[15.73013,40.60487],[15.78871,40.62492]]}},{"type":"Feature","properties":{"id":2489,"name":null,"kind":"Main Road","known":"0"},"geometry":{"type":"LineString","coordinates":[[15.26149,40.58881],[15.21723,40.59023],[15.18083,40.60344],[15.11266,40.60059],[15.06947,40.617],[15.00951,40.617],[14.87209,40.65234]]}},{"type":"Feature","properties":{"id":1505,"name":null,"kind":"Secondary Road","period":"RL","known":"0"},"geometry":{"type":"LineString","coordinates":[[10.93919,44.64907],[10.94526,44.65871],[11.00462,44.71479],[11.03913,44.75864],[11.04198,44.79219],[11.06804,44.91729],[11.12015,45.07559]]}},{"type":"Feature","properties":{"id":1508,"name":null,"kind":"Main Road","known":"0"},"geometry":{"type":"LineString","coordinates":[[11.12015,45.07559],[11.09909,45.11342]]}},{"type":"Feature","properties":{"id":1509,"name":"Via_Claudia_Augusta","kind":"Main Road","known":"1"},"geometry":{"type":"LineString","coordinates":[[11.09909,45.11342],[11.06982,45.16125],[11.02235,45.19872],[11.01455,45.20707],[11.01038,45.21926],[11.01127,45.23265],[10.99878,45.33972],[10.9964,45.41676],[10.99313,45.42419],[10.99469,45.4492],[10.98956,45.4581],[10.96749,45.47369],[10.94037,45.48297],[10.85756,45.49724],[10.83472,45.51081],[10.82758,45.52722],[10.82829,45.54436],[10.839,45.56006],[10.839,45.57719],[10.86684,45.60146],[10.87255,45.61503],[10.89111,45.63144],[10.92252,45.68355],[10.93894,45.70354],[10.94179,45.72139],[10.95536,45.73138],[10.9782,45.73566],[11.0039,45.75208],[11.0246,45.77493],[11.02888,45.7892],[11.01175,45.83846],[11.01318,45.85488],[11.02817,45.87629],[11.03388,45.89128],[11.05387,45.91412],[11.10598,45.93768],[11.12311,45.96124],[11.12739,45.98479],[11.13881,46.0055],[11.13881,46.03262],[11.12953,46.07117],[11.11811,46.10186],[11.11668,46.12399],[11.11026,46.14327],[11.11097,46.15683],[11.1431,46.18895],[11.15809,46.21322],[11.17236,46.22536],[11.21733,46.23606],[11.24161,46.26319],[11.25445,46.28675],[11.27087,46.29817],[11.29812,46.33509],[11.30371,46.35813],[11.31511,46.37919],[11.3237,46.41381],[11.3187,46.44379],[11.30799,46.45593],[11.30942,46.46735],[11.31941,46.48163],[11.28515,46.49733],[11.25445,46.52303],[11.19235,46.61797],[11.17807,46.65509],[11.1588,46.68436],[11.14595,46.68364],[11.12025,46.67222],[11.09884,46.67151],[11.07814,46.68079],[11.05172,46.67864],[11.02388,46.66722],[10.97606,46.65366],[10.85756,46.62868],[10.75191,46.62511],[10.71693,46.61868],[10.62128,46.63653],[10.5399,46.68436],[10.53633,46.70363],[10.54347,46.79786],[10.53419,46.81427],[10.51349,46.83712],[10.50992,46.88994],[10.5035,46.9292],[10.53633,46.96561],[10.57774,46.98845],[10.62271,47.02628],[10.66811,47.07268],[10.67168,47.10338],[10.66525,47.11908],[10.61528,47.12836],[10.58816,47.14121],[10.58602,47.15477],[10.59601,47.16762],[10.63598,47.18975],[10.67239,47.20189],[10.70665,47.21973],[10.72165,47.24543],[10.78589,47.28755],[10.80731,47.30539],[10.81444,47.32253],[10.83443,47.33038],[10.83515,47.3368],[10.8199,47.34834],[10.81944,47.35322],[10.82801,47.36107],[10.8637,47.3675],[10.88369,47.3882],[10.88226,47.41104],[10.87227,47.41675],[10.81801,47.42318],[10.76733,47.43817],[10.73735,47.45459],[10.72664,47.476],[10.72736,47.50027],[10.71351,47.51308],[10.71094,47.5324],[10.67844,47.54968],[10.67525,47.56523],[10.69523,47.57523],[10.70023,47.5895],[10.72165,47.6102],[10.73378,47.63733],[10.73878,47.66303],[10.76233,47.68587],[10.78946,47.703],[10.80302,47.71728],[10.81659,47.75725],[10.86941,47.80722],[10.90153,47.87432],[10.91081,47.90074],[10.84228,47.95427],[10.82847,47.98852],[10.80731,48.162],[10.81516,48.18342],[10.87369,48.26265],[10.89011,48.29477],[10.89868,48.31905],[10.89582,48.3476],[10.88868,48.36116],[10.88511,48.38543],[10.87798,48.40328],[10.87441,48.43183],[10.86156,48.46039],[10.84443,48.4868],[10.83871,48.56603],[10.83229,48.59673],[10.79374,48.64099]]}},{"type":"Feature","properties":{"id":1516,"name":null,"kind":"Secondary Road","period":"RL","known":"0"},"geometry":{"type":"LineString","coordinates":[[12.51996,45.75602],[12.44738,45.76367],[12.37505,45.77914],[12.3415,45.79651],[12.31746,45.79841],[12.2813,45.81007],[12.20845,45.85174],[12.18109,45.86185],[12.10852,45.86363],[12.0523,45.85947],[12.02583,45.86453]]}},{"type":"Feature","properties":{"id":1517,"name":"Via_Popillia","kind":"Main Road","known":"0"},"geometry":{"type":"LineString","coordinates":[[12.16006,45.42033],[12.15205,45.41458],[12.12813,45.38318],[12.10208,45.32999],[12.09601,45.28163],[12.09494,45.25843],[12.09851,45.2438],[12.09565,45.21275]]}},{"type":"Feature","properties":{"id":1518,"name":"Via_Popillia","kind":"Main Road","known":"0"},"geometry":{"type":"LineString","coordinates":[[12.11003,45.34778],[12.10707,45.41762]]}},{"type":"Feature","properties":{"id":1519,"name":"Via_Annia","kind":"Main Road","known":"0"},"geometry":{"type":"LineString","coordinates":[[12.05297,45.05891],[12.04012,45.07087],[12.04083,45.1005],[12.03762,45.11263],[12.02798,45.12477],[11.95588,45.1899],[11.94767,45.24273],[11.94054,45.26521],[11.91484,45.32125],[11.89878,45.37978],[11.88187,45.40797],[11.96659,45.40298],[12.05297,45.41012],[12.09591,45.41719],[12.16006,45.42033],[12.20639,45.45897],[12.38062,45.53426],[12.44137,45.55296],[12.63435,45.64522],[12.65425,45.65804],[12.69104,45.70945],[12.74335,45.72596],[12.78526,45.74359],[12.83134,45.74994]]}},{"type":"Feature","properties":{"id":1523,"name":null,"kind":"Secondary Road","period":"RL","known":"0"},"geometry":{"type":"LineString","coordinates":[[12.08302,45.17759],[12.20651,45.11513],[12.23292,45.10514],[12.20294,45.00895],[12.1876,44.97397],[12.17973,44.94694]]}},{"type":"Feature","properties":{"id":1524,"name":null,"kind":"Main Road","known":"1"},"geometry":{"type":"LineString","coordinates":[[12.55414,44.07591],[12.55711,44.07651]]}},{"type":"Feature","properties":{"id":1525,"name":null,"kind":"Main Road","known":"1"},"geometry":{"type":"LineString","coordinates":[[12.55616,44.07353],[12.55711,44.07651]]}},{"type":"Feature","properties":{"id":1526,"name":null,"kind":"Secondary Road","known":"0"},"geometry":{"type":"LineString","coordinates":[[11.41043,44.00687],[11.40078,44.00185],[11.3865,43.98549],[11.37565,43.96631],[11.37237,43.95039],[11.32434,43.86436],[11.28166,43.8112]]}},{"type":"Feature","properties":{"id":1527,"name":null,"kind":"Main Road","known":"0"},"geometry":{"type":"LineString","coordinates":[[11.23721,44.00552],[11.22975,43.98406],[11.2247,43.94385],[11.21928,43.9271],[11.19406,43.89317],[11.17797,43.8599],[11.22413,43.7998],[11.24897,43.77243]]}},{"type":"Feature","properties":{"id":1530,"name":null,"kind":"Main Road","known":"0"},"geometry":{"type":"LineString","coordinates":[[11.25021,43.77213],[11.33402,43.7757],[11.35772,43.7854],[11.365,43.7914],[11.38256,43.79411],[11.40511,43.79197],[11.45208,43.77669],[11.47064,43.7637],[11.47864,43.71273],[11.48549,43.68739],[11.49092,43.67854],[11.586,43.59195],[11.62226,43.5679],[11.66252,43.54748],[11.69879,43.5342],[11.74476,43.52385]]}},{"type":"Feature","properties":{"id":1531,"name":null,"kind":"Main Road","known":"1"},"geometry":{"type":"LineString","coordinates":[[11.74476,43.52385],[11.79241,43.51115],[11.84038,43.49216]]}},{"type":"Feature","properties":{"id":1532,"name":null,"kind":"Main Road","known":"0"},"geometry":{"type":"LineString","coordinates":[[11.84038,43.49216],[11.87822,43.4686]]}},{"type":"Feature","properties":{"id":1533,"name":null,"kind":"Secondary Road","known":"0"},"geometry":{"type":"LineString","coordinates":[[11.87822,43.4686],[11.8815,43.50729],[11.88764,43.52514],[11.9032,43.5387],[11.92847,43.54698]]}},{"type":"Feature","properties":{"id":1534,"name":null,"kind":"Main Road","known":"0"},"geometry":{"type":"LineString","coordinates":[[11.87822,43.4686],[11.85595,43.44926],[11.84652,43.43498],[11.85837,43.3082],[11.8548,43.28193],[11.8588,43.20955],[11.89135,43.16522],[11.93104,43.09334],[11.9349,43.03937],[11.9596,42.93329],[11.97701,42.91024],[12.01613,42.87754],[12.03555,42.85063],[12.0591,42.77803],[12.09608,42.75291]]}},{"type":"Feature","properties":{"id":1535,"name":null,"kind":"Main Road","known":"1"},"geometry":{"type":"LineString","coordinates":[[12.07724,42.71072],[12.09879,42.73071],[12.09951,42.75069],[12.09608,42.75291]]}},{"type":"Feature","properties":{"id":1536,"name":null,"kind":"Main Road","known":"0"},"geometry":{"type":"LineString","coordinates":[[12.07724,42.71072],[12.03198,42.68359]]}},{"type":"Feature","properties":{"id":1537,"name":null,"kind":"Main Road","known":"1"},"geometry":{"type":"LineString","coordinates":[[12.03198,42.68359],[11.98294,42.652]]}},{"type":"Feature","properties":{"id":1538,"name":null,"kind":"Main Road","known":"0"},"geometry":{"type":"LineString","coordinates":[[11.98294,42.652],[11.99686,42.62906],[12.02884,42.58837]]}},{"type":"Feature","properties":{"id":1539,"name":null,"kind":"Main Road","known":"1"},"geometry":{"type":"LineString","coordinates":[[12.02884,42.58837],[12.03498,42.57145],[12.03526,42.52776],[12.03803,42.51582]]}},{"type":"Feature","properties":{"id":1540,"name":null,"kind":"Secondary Road","known":"0"},"geometry":{"type":"LineString","coordinates":[[11.72426,42.49782],[11.7037,42.50423],[11.64088,42.53688],[11.54132,42.62663],[11.49983,42.66946]]}},{"type":"Feature","properties":{"id":1541,"name":null,"kind":"Secondary Road","known":"0"},"geometry":{"type":"LineString","coordinates":[[11.58986,42.35917],[11.59984,42.37311],[11.6134,42.40273],[11.62875,42.41915]]}},{"type":"Feature","properties":{"id":1542,"name":null,"kind":"Secondary Road","known":"0"},"geometry":{"type":"LineString","coordinates":[[12.03728,42.12451],[11.99802,42.18019],[11.98767,42.18447],[11.97089,42.20303],[11.92913,42.21731],[11.91842,42.22802],[11.90879,42.23194],[11.81527,42.24372],[11.76638,42.26942]]}},{"type":"Feature","properties":{"id":1543,"name":null,"kind":"Secondary Road","known":"0"},"geometry":{"type":"LineString","coordinates":[[12.18825,42.09792],[12.15221,42.11077]]}},{"type":"Feature","properties":{"id":1544,"name":null,"kind":"Secondary Road","known":"1"},"geometry":{"type":"LineString","coordinates":[[12.15221,42.11077],[12.04299,42.11898],[12.03728,42.12451]]}},{"type":"Feature","properties":{"id":1545,"name":null,"kind":"Main Road","known":"1"},"geometry":{"type":"LineString","coordinates":[[12.17168,42.13275],[12.17362,42.11826],[12.18364,42.09956],[12.19325,42.09507],[12.20574,42.08293]]}},{"type":"Feature","properties":{"id":1546,"name":"Via_Ciminia","kind":"Secondary Road","known":"1"},"geometry":{"type":"LineString","coordinates":[[12.23243,42.23528],[12.20967,42.25996],[12.19075,42.30172]]}},{"type":"Feature","properties":{"id":1547,"name":"Via_Caminia","kind":"Secondary Road","known":"0"},"geometry":{"type":"LineString","coordinates":[[12.19254,42.30136],[12.20182,42.31707],[12.20289,42.33491],[12.19753,42.34705]]}},{"type":"Feature","properties":{"id":1548,"name":null,"kind":"Secondary Road","period":"HRL","known":"0"},"geometry":{"type":"LineString","coordinates":[[12.38781,42.50742],[12.38573,42.53402],[12.39569,42.54785],[12.41949,42.55365],[12.44432,42.57343],[12.44135,42.59715],[12.43123,42.63343],[12.40848,42.69627],[12.40982,42.72207],[12.39896,42.73426],[12.40149,42.74913],[12.39956,42.7643],[12.41116,42.79687],[12.4125,42.81814],[12.39643,42.89339],[12.41354,42.94343],[12.41383,42.96574],[12.42558,43.00671],[12.44581,43.01682],[12.47942,43.01682]]}},{"type":"Feature","properties":{"id":1549,"name":null,"kind":"Secondary Road","known":"0"},"geometry":{"type":"LineString","coordinates":[[12.47942,43.01682],[12.47522,43.02081],[12.45113,43.07807],[12.44385,43.08349],[12.41618,43.08587],[12.4028,43.09138],[12.38704,43.10878]]}},{"type":"Feature","properties":{"id":1550,"name":"Via_Flaminia","kind":"Main Road","period":"HRL","known":"1"},"geometry":{"type":"LineString","coordinates":[[12.46507,41.94009],[12.47576,41.94257],[12.49075,41.97419],[12.49066,41.9951],[12.49339,42.0021],[12.48168,42.03073],[12.48117,42.04495],[12.48623,42.08948],[12.50435,42.11971],[12.4887,42.16658],[12.48848,42.20974],[12.49383,42.2287],[12.46078,42.26274],[12.47183,42.28404],[12.4364,42.37983],[12.44414,42.39589],[12.46525,42.41374],[12.47299,42.42742],[12.47596,42.44973],[12.49351,42.47679],[12.51552,42.49821],[12.51463,42.5223],[12.53723,42.57257],[12.55032,42.62283],[12.55627,42.65942],[12.55567,42.70701],[12.55303,42.71968],[12.53842,42.73853],[12.52593,42.76441],[12.52028,42.79326],[12.52325,42.81884],[12.53247,42.84234],[12.59107,42.91134],[12.60207,42.92919],[12.60981,42.93484],[12.63449,42.94257],[12.70197,42.9597],[12.70498,42.96637],[12.73413,42.99284],[12.73294,43.0095],[12.74692,43.02496],[12.75019,43.03478],[12.75198,43.06809],[12.76209,43.09397],[12.78024,43.11122],[12.79154,43.11508],[12.79094,43.17219],[12.77604,43.20483],[12.74822,43.28222],[12.74454,43.30663],[12.66061,43.40852],[12.6574,43.41809],[12.63135,43.43058],[12.62444,43.46165],[12.6261,43.47379],[12.61944,43.4883],[12.62967,43.49925],[12.63253,43.51329],[12.64609,43.52685],[12.65013,43.56064],[12.66988,43.58134],[12.67488,43.61013],[12.67168,43.62135],[12.68245,43.63702],[12.71082,43.64455],[12.75865,43.6856],[12.7941,43.69095],[12.84371,43.70969],[12.87762,43.73224],[12.93556,43.7643],[12.94894,43.7803],[12.97988,43.80715],[13.01249,43.84812],[12.90292,43.91765],[12.88852,43.92407],[12.88103,43.92371],[12.8539,43.93799],[12.71089,43.9744],[12.68412,43.98671],[12.6555,44.0075]]}},{"type":"Feature","properties":{"id":1555,"name":null,"kind":"Secondary Road","known":"0"},"geometry":{"type":"LineString","coordinates":[[12.97113,43.60879],[12.99398,43.63913],[13.01468,43.65733],[13.0857,43.6891]]}},{"type":"Feature","properties":{"id":1556,"name":null,"kind":"Secondary Road","known":"0"},"geometry":{"type":"LineString","coordinates":[[12.97113,43.60879],[12.95293,43.5963],[12.93044,43.58845],[12.90439,43.58523]]}},{"type":"Feature","properties":{"id":1557,"name":null,"kind":"Secondary Road","known":"1"},"geometry":{"type":"LineString","coordinates":[[13.01249,43.84812],[13.04204,43.83341],[13.09844,43.79201]]}},{"type":"Feature","properties":{"id":1558,"name":null,"kind":"Secondary Road","known":"0"},"geometry":{"type":"LineString","coordinates":[[13.09844,43.79201],[13.19588,43.72884]]}},{"type":"Feature","properties":{"id":1559,"name":null,"kind":"Main Road","known":"1"},"geometry":{"type":"LineString","coordinates":[[13.19588,43.72884],[13.28118,43.67655],[13.4259,43.6161],[13.44446,43.61039],[13.48944,43.60504],[13.50121,43.60754],[13.51079,43.62164],[13.51543,43.62164]]}},{"type":"Feature","properties":{"id":1560,"name":null,"kind":"Secondary Road","known":"0"},"geometry":{"type":"LineString","coordinates":[[13.51543,43.62164],[13.52043,43.59844],[13.52721,43.5888],[13.51829,43.54597],[13.52507,43.53651],[13.53935,43.52045],[13.56219,43.5101],[13.6168,43.51082],[13.62037,43.50867],[13.63465,43.47227],[13.65499,43.44015],[13.66677,43.4273]]}},{"type":"Feature","properties":{"id":1561,"name":null,"kind":"Secondary Road","known":"1"},"geometry":{"type":"LineString","coordinates":[[13.66677,43.4273],[13.68247,43.39749],[13.70424,43.34396],[13.72423,43.31433],[13.74029,43.28257],[13.75921,43.25722],[13.77813,43.21886],[13.78134,43.19994],[13.82988,43.11232],[13.8388,43.0909],[13.84309,43.0652],[13.86736,42.9824],[13.89163,42.91904],[13.90983,42.89085],[13.92625,42.82625],[13.97372,42.72827]]}},{"type":"Feature","properties":{"id":1562,"name":null,"kind":"Secondary Road","known":"0"},"geometry":{"type":"LineString","coordinates":[[13.97372,42.72827],[13.98871,42.70329],[14.03832,42.63654],[14.09721,42.57069],[14.12276,42.54572],[14.13558,42.53724]]}},{"type":"Feature","properties":{"id":1563,"name":null,"kind":"Secondary Road","known":"0"},"geometry":{"type":"LineString","coordinates":[[14.13558,42.53724],[14.14481,42.52462],[14.18059,42.49188],[14.24265,42.45114],[14.25274,42.44067],[14.38941,42.36463],[14.39912,42.35644],[14.42653,42.31904],[14.49164,42.27487],[14.50477,42.24956],[14.68866,42.16123],[14.70331,42.14981],[14.70883,42.13801],[14.71626,42.10203],[14.73263,42.08594],[14.76042,42.07034]]}},{"type":"Feature","properties":{"id":1564,"name":null,"kind":"Secondary Road","known":"0"},"geometry":{"type":"LineString","coordinates":[[14.57834,42.21331],[14.54683,42.21258],[14.52631,42.20782],[14.49657,42.18551],[14.48883,42.17123],[14.44957,42.19979],[14.3883,42.23369],[14.38384,42.24619],[14.38771,42.25927],[14.41537,42.28009],[14.42489,42.2914],[14.43351,42.30508],[14.43225,42.31466]]}},{"type":"Feature","properties":{"id":1565,"name":null,"kind":"Main Road","known":"0"},"geometry":{"type":"LineString","coordinates":[[14.2179,42.46656],[14.21767,42.46116],[14.17747,42.38938],[14.17366,42.37891],[14.17236,42.35892],[14.16784,42.34917],[14.09661,42.3291],[14.0485,42.30848],[14.02899,42.28944],[14.02025,42.27344],[14.01502,42.27011],[13.97843,42.26934],[13.94619,42.26089],[13.93347,42.25385],[13.92633,42.23273],[13.91027,42.2253],[13.89663,42.20908],[13.87379,42.19819],[13.85004,42.19585]]}},{"type":"Feature","properties":{"id":1566,"name":null,"kind":"Secondary Road"},"geometry":{"type":"LineString","coordinates":[[13.8472,42.19426],[13.83768,42.18617],[13.83388,42.16904]]}},{"type":"Feature","properties":{"id":1569,"name":null,"kind":"Main Road","known":"0"},"geometry":{"type":"LineString","coordinates":[[13.85004,42.19585],[13.83071,42.17503],[13.83725,42.15927],[13.83576,42.14707],[13.84082,42.12982],[13.83725,42.11763],[13.82178,42.10573],[13.79561,42.10365],[13.76538,42.08952],[13.74771,42.085]]}},{"type":"Feature","properties":{"id":1570,"name":null,"kind":"Secondary Road","known":"1"},"geometry":{"type":"LineString","coordinates":[[13.79405,42.10864],[13.73294,42.15242],[13.72571,42.16365]]}},{"type":"Feature","properties":{"id":1571,"name":null,"kind":"Secondary Road","known":"1"},"geometry":{"type":"LineString","coordinates":[[13.75331,42.14024],[13.74894,42.14237],[13.7337,42.13795],[13.7299,42.13243]]}},{"type":"Feature","properties":{"id":1572,"name":null,"kind":"Secondary Road","known":"1"},"geometry":{"type":"LineString","coordinates":[[13.83725,42.11763],[13.84182,42.10826],[13.8679,42.08084]]}},{"type":"Feature","properties":{"id":1574,"name":null,"kind":"Main Road","known":"0"},"geometry":{"type":"LineString","coordinates":[[13.85004,42.19585],[13.82203,42.20172],[13.78872,42.20401],[13.75544,42.21991]]}},{"type":"Feature","properties":{"id":1575,"name":null,"kind":"Main Road","known":"1"},"geometry":{"type":"LineString","coordinates":[[15.89204,41.61536],[15.88062,41.61072],[15.88098,41.59144]]}},{"type":"Feature","properties":{"id":1576,"name":null,"kind":"Main Road","known":"0"},"geometry":{"type":"LineString","coordinates":[[15.88098,41.59144],[15.87384,41.58466],[15.85778,41.57752],[15.82494,41.54968],[15.82244,41.54433],[15.82423,41.53755],[15.85314,41.52613],[15.86991,41.51435],[15.89418,41.51542],[15.92881,41.45349],[15.92881,41.44207]]}},{"type":"Feature","properties":{"id":2507,"name":null,"kind":"Secondary Road","known":"1"},"geometry":{"type":"LineString","coordinates":[[13.8679,42.08084],[13.87172,42.07408],[13.89695,42.0579],[13.9186,42.05147],[13.92764,42.02911],[13.93335,42.02435],[13.95286,41.98913]]}},{"type":"Feature","properties":{"id":2508,"name":null,"kind":"Secondary Road","known":"0"},"geometry":{"type":"LineString","coordinates":[[13.95286,41.98913],[13.96357,41.96248],[13.97095,41.93036],[13.99094,41.89657],[14.0183,41.87254],[14.03519,41.86968],[14.0647,41.84874],[14.0735,41.82602],[14.08778,41.81317],[14.09278,41.8046],[14.09439,41.78888]]}},{"type":"Feature","properties":{"id":2528,"name":null,"kind":"Secondary Road","known":"0"},"geometry":{"type":"LineString","coordinates":[[14.11561,41.48228],[14.15206,41.46292],[14.16824,41.45016],[14.173,41.43703],[14.16462,41.40524],[14.16501,41.39306],[14.17034,41.38601],[14.1928,41.3725],[14.24876,41.35089],[14.29026,41.34689],[14.34908,41.31986],[14.3961,41.30521],[14.42732,41.2995],[14.46596,41.28455]]}},{"type":"Feature","properties":{"id":2529,"name":null,"kind":"Secondary Road","known":"1"},"geometry":{"type":"LineString","coordinates":[[14.46767,41.27846],[14.47243,41.256],[14.48914,41.2255]]}},{"type":"Feature","properties":{"id":2530,"name":null,"kind":"Secondary Road","known":"1"},"geometry":{"type":"LineString","coordinates":[[14.46767,41.27846],[14.46596,41.28455]]}},{"type":"Feature","properties":{"id":2531,"name":"Via_Appia","kind":"Main Road","known":"1"},"geometry":{"type":"LineString","coordinates":[[14.34365,41.05285],[14.38096,41.04159],[14.45853,41.03541],[14.47805,41.03921],[14.55419,41.04302],[14.62795,41.06777],[14.67031,41.06063],[14.68839,41.06158],[14.69791,41.07015],[14.69981,41.08775],[14.7179,41.09537],[14.73883,41.12107],[14.74788,41.13963],[14.75719,41.13877]]}},{"type":"Feature","properties":{"id":2532,"name":"Via_Traiana","kind":"Main Road","known":"1"},"geometry":{"type":"LineString","coordinates":[[14.77453,41.14248],[14.80689,41.14772],[14.84734,41.15914],[14.87875,41.18722],[14.89826,41.19911],[14.92776,41.20958],[14.94918,41.21196],[15.03246,41.23956],[15.06768,41.25812],[15.10384,41.26717],[15.13335,41.29334],[15.16333,41.31142],[15.21711,41.32856],[15.24614,41.3483]]}},{"type":"Feature","properties":{"id":2533,"name":null,"kind":"Main Road","known":"1"},"geometry":{"type":"LineString","coordinates":[[15.40559,38.22967],[15.37525,38.2211],[15.34206,38.20682],[15.30601,38.20147],[15.28299,38.20076],[15.25765,38.20611],[15.24159,38.21932],[15.22374,38.18933],[15.17698,38.14472],[15.14504,38.13829],[15.12362,38.12438],[15.10328,38.11866],[15.0683,38.12366],[15.06473,38.12723],[15.05617,38.1233],[15.04796,38.12438],[15.04474,38.13401],[15.04903,38.14293]]}},{"type":"Feature","properties":{"id":2534,"name":null,"kind":"Main Road","known":"1"},"geometry":{"type":"LineString","coordinates":[[15.04903,38.14293],[15.04256,38.12535],[15.03412,38.13018],[15.01934,38.13078],[15.00442,38.13636],[14.99356,38.14797],[14.9714,38.14978],[14.96205,38.15626],[14.95632,38.16561],[14.92723,38.17857],[14.92316,38.18958],[14.91924,38.19063],[14.9114,38.18928],[14.89828,38.1742],[14.84597,38.16636],[14.83195,38.15867],[14.80089,38.15174],[14.74164,38.15837],[14.73108,38.135],[14.6952,38.10108],[14.65344,38.07779],[14.63927,38.07462],[14.63565,38.0704],[14.61651,38.06241],[14.57776,38.0603],[14.54444,38.04756],[14.48414,38.03429],[14.45926,38.03263],[14.44268,38.03987],[14.43438,38.0367],[14.43318,38.02796],[14.42187,38.03278],[14.3786,38.01439],[14.33684,38.01288],[14.30277,38.00519],[14.26553,38.00972],[14.26839,38.00354],[14.25965,37.99524]]}},{"type":"Feature","properties":{"id":2535,"name":null,"kind":"Main Road","known":"1"},"geometry":{"type":"LineString","coordinates":[[14.26553,38.00972],[14.21367,38.01016],[14.18972,38.01998],[14.16801,38.01968],[14.14719,38.0263],[14.12756,38.01544],[14.11328,38.01485],[14.08771,38.02154],[14.05915,38.02332],[14.02926,38.04072],[13.99833,38.03225],[13.97721,38.0324],[13.94717,38.02689],[13.92218,38.01083],[13.86701,37.98778],[13.83385,37.97856],[13.78061,37.96837],[13.75488,37.96822],[13.7174,37.97863],[13.70803,37.9825],[13.69956,37.99068],[13.65405,37.99484],[13.63427,38.00778],[13.62044,38.0115],[13.61047,38.01894],[13.55857,38.0431],[13.5376,38.06303],[13.53493,38.08631],[13.52749,38.09434],[13.52823,38.10133],[13.52541,38.1046]]}},{"type":"Feature","properties":{"id":2536,"name":null,"kind":"Main Road","known":"1"},"geometry":{"type":"LineString","coordinates":[[13.5269,38.09597],[13.45123,38.09448],[13.41717,38.09761],[13.39814,38.10162],[13.35129,38.13181]]}},{"type":"Feature","properties":{"id":2537,"name":null,"kind":"Main Road","known":"0"},"geometry":{"type":"LineString","coordinates":[[13.35129,38.13181],[13.33001,38.12775],[13.2857,38.12864],[13.2741,38.13102],[13.27588,38.13875],[13.27053,38.14083],[13.26607,38.13608],[13.25803,38.13578],[13.24733,38.13013],[13.23394,38.13191],[13.23008,38.13637],[13.22264,38.13816],[13.1807,38.13786],[13.1807,38.13042],[13.17118,38.1215],[13.17386,38.11228],[13.16821,38.10336],[13.17059,38.09592],[13.1584,38.08046],[13.1581,38.07361],[13.16286,38.07052],[13.15185,38.03721],[13.13876,38.00955],[13.10575,37.9804],[13.10367,37.95363],[13.09177,37.94322]]}},{"type":"Feature","properties":{"id":2538,"name":null,"kind":"Main Road","known":"0"},"geometry":{"type":"LineString","coordinates":[[13.09177,37.94322],[13.09058,37.93028],[13.08047,37.92285],[13.05727,37.92017],[13.04507,37.91571],[13.03526,37.90797],[13.02752,37.88031],[13.01265,37.8702],[12.96239,37.86871],[12.94543,37.85934],[12.93562,37.84685],[12.92104,37.84269],[12.83181,37.83823],[12.81248,37.84061],[12.79136,37.83406],[12.80029,37.82811]]}},{"type":"Feature","properties":{"id":2539,"name":null,"kind":"Main Road","known":"0"},"geometry":{"type":"LineString","coordinates":[[12.79136,37.83406],[12.77792,37.83049],[12.7687,37.83258],[12.73211,37.82454],[12.70445,37.8064],[12.6875,37.80313],[12.59857,37.80908],[12.56288,37.80432],[12.54503,37.807],[12.43766,37.80432]]}},{"type":"Feature","properties":{"id":2540,"name":null,"kind":"Main Road","known":"0"},"geometry":{"type":"LineString","coordinates":[[12.43766,37.80432],[12.44807,37.81651],[12.45729,37.81919],[12.46918,37.82901],[12.50577,37.91615],[12.50755,37.93406],[12.52748,38.00217],[12.52123,38.01437],[12.49744,38.02091]]}},{"type":"Feature","properties":{"id":2541,"name":null,"kind":"Main Road","known":"0"},"geometry":{"type":"LineString","coordinates":[[12.5096,38.01768],[12.57864,38.01466],[12.60927,38.00485],[12.65984,37.97838],[12.70326,37.94387],[12.73866,37.93019],[12.86745,37.96826],[12.8841,37.97778],[12.89422,37.97927],[12.90849,38.00128],[12.9073,38.00931],[12.89719,38.02775]]}},{"type":"Feature","properties":{"id":2542,"name":null,"kind":"Main Road","known":"0"},"geometry":{"type":"LineString","coordinates":[[12.89422,37.97927],[12.93675,37.97629],[12.95608,37.98879],[13.01676,38.00039],[13.04144,38.0102],[13.07059,38.01526],[13.09052,38.02418],[13.09706,38.03459],[13.11223,38.04441],[13.14733,38.05987],[13.1581,38.07361]]}},{"type":"Feature","properties":{"id":2543,"name":null,"kind":"Main Road","known":"0"},"geometry":{"type":"LineString","coordinates":[[13.35129,38.13181],[13.31309,38.05366],[13.31357,38.04581],[13.32499,38.03415],[13.32333,38.02916],[13.31238,38.02202],[13.30857,38.01417],[13.30072,38.0125],[13.29787,37.99941],[13.32261,37.98264],[13.31976,37.97122],[13.3238,37.96432],[13.31547,37.94219],[13.31333,37.89912],[13.32285,37.87021],[13.34736,37.83333],[13.35688,37.82405]]}},{"type":"Feature","properties":{"id":2544,"name":null,"kind":"Main Road","known":"1"},"geometry":{"type":"LineString","coordinates":[[13.35688,37.82405],[13.37068,37.80703],[13.37901,37.77277],[13.38638,37.76254],[13.394,37.75635],[13.41541,37.74945],[13.42945,37.72351],[13.43849,37.7178],[13.463,37.71923]]}},{"type":"Feature","properties":{"id":2545,"name":null,"kind":"Main Road","known":"0"},"geometry":{"type":"LineString","coordinates":[[13.463,37.71923],[13.48023,37.70614],[13.48166,37.69948],[13.47476,37.6883],[13.48832,37.67307],[13.49974,37.65201],[13.4995,37.64654],[13.48927,37.63179],[13.47285,37.58194],[13.48166,37.5629],[13.48689,37.55719],[13.51187,37.5491],[13.52496,37.54053],[13.52544,37.53292],[13.54257,37.50458],[13.54733,37.48745],[13.55637,37.47555],[13.5597,37.44747],[13.58088,37.43224],[13.63561,37.40786],[13.64227,37.39025],[13.64417,37.36955],[13.61467,37.34599],[13.60229,37.34385],[13.60325,37.33195],[13.58968,37.31577],[13.58611,37.29838],[13.58778,37.28505],[13.57755,37.27982],[13.57184,37.2822],[13.56327,37.29552],[13.54471,37.29885],[13.52734,37.29671],[13.50973,37.29885],[13.48308,37.30956],[13.43526,37.33716],[13.41218,37.34097],[13.39576,37.34977],[13.36887,37.38427],[13.34317,37.40022],[13.33984,37.40438],[13.3377,37.42032],[13.29772,37.44459],[13.24062,37.49361],[13.22729,37.50051],[13.21635,37.5017],[13.20183,37.49813],[13.15329,37.51039],[13.12926,37.51205],[13.03955,37.5111],[12.99268,37.5663],[12.97245,37.57796],[12.96151,37.5832],[12.91201,37.59224],[12.85372,37.61687],[12.81493,37.62543],[12.82707,37.5964],[12.84777,37.60069],[12.90583,37.59498]]}},{"type":"Feature","properties":{"id":2546,"name":null,"kind":"Main Road","known":"0"},"geometry":{"type":"LineString","coordinates":[[12.81493,37.62543],[12.79515,37.62838],[12.76243,37.62778],[12.71752,37.64295],[12.65595,37.64236],[12.6036,37.65514]]}},{"type":"Feature","properties":{"id":2547,"name":null,"kind":"Main Road","known":"1"},"geometry":{"type":"LineString","coordinates":[[12.6036,37.65514],[12.59349,37.65604],[12.5917,37.66556],[12.57951,37.6724],[12.57118,37.68727],[12.5105,37.7295],[12.47124,37.76564],[12.43766,37.80432]]}},{"type":"Feature","properties":{"id":2548,"name":null,"kind":"Main Road","known":"0"},"geometry":{"type":"LineString","coordinates":[[13.83861,37.98049],[13.87228,37.92228],[13.88313,37.87898],[13.88313,37.8331],[13.90026,37.81549],[13.93148,37.79265],[13.94804,37.77398],[13.98668,37.75608],[13.98992,37.73039],[13.99887,37.70726],[14.01809,37.67947],[14.04589,37.68365],[14.06625,37.66329],[14.1167,37.6433],[14.13021,37.6294],[14.1403,37.61246],[14.15325,37.60361],[14.16067,37.59371],[14.1837,37.58667],[14.20693,37.57277],[14.22368,37.56782],[14.25699,37.56497],[14.29049,37.57201],[14.2962,37.58533],[14.316,37.59162],[14.3339,37.60513],[14.35769,37.60608]]}},{"type":"Feature","properties":{"id":2549,"name":null,"kind":"Main Road","known":"0"},"geometry":{"type":"LineString","coordinates":[[14.35769,37.60608],[14.3942,37.6088],[14.39915,37.61899],[14.39763,37.62679],[14.40429,37.62984],[14.40772,37.64183],[14.45626,37.6544],[14.46673,37.66011],[14.50347,37.66125],[14.52345,37.65478],[14.58894,37.65154],[14.60397,37.64507],[14.62168,37.64278],[14.63672,37.64374],[14.64852,37.65078],[14.66698,37.64983],[14.68545,37.63822],[14.70505,37.64031],[14.71762,37.63327],[14.73856,37.63498],[14.74693,37.62984]]}},{"type":"Feature","properties":{"id":2550,"name":null,"kind":"Main Road","known":"1"},"geometry":{"type":"LineString","coordinates":[[14.74693,37.62984],[14.7507,37.62356],[14.7646,37.62299],[14.76802,37.62813]]}},{"type":"Feature","properties":{"id":2551,"name":null,"kind":"Main Road","known":"1"},"geometry":{"type":"LineString","coordinates":[[14.76802,37.62813],[14.76802,37.63555],[14.77488,37.63612],[14.81561,37.62889],[14.81961,37.62184],[14.82266,37.59862],[14.83807,37.57749],[14.8809,37.57292],[14.9283,37.56055],[14.95781,37.54142],[14.9778,37.53476],[15.01815,37.51458],[15.10115,37.50696]]}},{"type":"Feature","properties":{"id":2552,"name":null,"kind":"Secondary Road","known":"0"},"geometry":{"type":"LineString","coordinates":[[14.76802,37.63555],[14.78062,37.64649],[14.80798,37.65512],[14.82315,37.66582],[14.83951,37.66136],[14.85706,37.64828],[14.86657,37.64738]]}},{"type":"Feature","properties":{"id":2553,"name":null,"kind":"Secondary Road","known":"0"},"geometry":{"type":"LineString","coordinates":[[14.86657,37.64738],[14.87996,37.6453],[14.89543,37.62567],[14.90078,37.61377],[14.90881,37.60693],[14.91238,37.58463],[14.9066,37.56588]]}},{"type":"Feature","properties":{"id":2554,"name":null,"kind":"Main Road","known":"1"},"geometry":{"type":"LineString","coordinates":[[13.58921,37.31027],[13.6389,37.30926],[13.67566,37.29748]]}},{"type":"Feature","properties":{"id":2555,"name":null,"kind":"Main Road","known":"1"},"geometry":{"type":"LineString","coordinates":[[13.65137,37.30526],[13.68387,37.32461],[13.706,37.3321],[13.70992,37.33782],[13.73134,37.34531],[13.74026,37.34424],[13.77595,37.35209],[13.82557,37.3553],[13.85483,37.35388],[13.89731,37.35887]]}},{"type":"Feature","properties":{"id":2556,"name":null,"kind":"Main Road","known":"0"},"geometry":{"type":"LineString","coordinates":[[13.67566,37.29748],[13.70493,37.2882],[13.73241,37.28499],[13.7499,37.2907],[13.76204,37.29035],[13.7681,37.29534],[13.79095,37.29784],[13.81557,37.29177],[13.86019,37.28713],[13.92729,37.26929],[13.9562,37.26715],[13.9719,37.26822],[13.98368,37.27357],[13.98761,37.27857],[14.00403,37.28392],[14.02473,37.28321],[14.04686,37.28713],[14.10753,37.27678],[14.12538,37.26893],[14.13502,37.26857],[14.15964,37.27179],[14.17178,37.28178],[14.19962,37.2907],[14.20711,37.29713],[14.20925,37.31319],[14.2453,37.31926]]}},{"type":"Feature","properties":{"id":2557,"name":null,"kind":"Main Road","known":"0"},"geometry":{"type":"LineString","coordinates":[[13.89731,37.35887],[13.92979,37.36209],[13.9487,37.36851],[13.9744,37.38243],[14.00688,37.38564],[14.06542,37.37351],[14.07934,37.37422],[14.08969,37.36958],[14.10218,37.35673],[14.14537,37.36137],[14.17428,37.33996],[14.19926,37.3346]]}},{"type":"Feature","properties":{"id":2558,"name":null,"kind":"Main Road","known":"1"},"geometry":{"type":"LineString","coordinates":[[14.19926,37.3346],[14.25565,37.33639],[14.27279,37.33032],[14.29277,37.32818],[14.32311,37.31711],[14.34381,37.31854]]}},{"type":"Feature","properties":{"id":2559,"name":null,"kind":"Main Road","known":"1"},"geometry":{"type":"LineString","coordinates":[[14.2453,37.31926],[14.28492,37.32068],[14.30205,37.31783],[14.31205,37.32033]]}},{"type":"Feature","properties":{"id":2560,"name":null,"kind":"Main Road","known":"1"},"geometry":{"type":"LineString","coordinates":[[14.34381,37.31854],[14.37686,37.30891]]}},{"type":"Feature","properties":{"id":2561,"name":null,"kind":"Main Road","known":"0"},"geometry":{"type":"LineString","coordinates":[[14.37686,37.30891],[14.40328,37.29142],[14.43004,37.29249],[14.44753,37.28642],[14.46003,37.28713],[14.50678,37.29963],[14.54355,37.3214],[14.55675,37.32461],[14.57281,37.33496],[14.59887,37.36209],[14.611,37.36637],[14.66061,37.35887],[14.69845,37.34353],[14.71165,37.3603],[14.7295,37.37458],[14.75199,37.38243],[14.78696,37.38172],[14.86013,37.38814],[14.88726,37.39492],[14.8919,37.40563],[14.91617,37.42133],[14.96078,37.44007],[14.99326,37.45935],[15.0336,37.46863],[15.07143,37.48219]]}},{"type":"Feature","properties":{"id":2562,"name":"Via_Pompeia_?","kind":"Main Road","known":"1"},"geometry":{"type":"LineString","coordinates":[[15.07143,37.48219],[15.09356,37.49861],[15.1139,37.52288],[15.1189,37.53394],[15.13853,37.54501],[15.17886,37.58231],[15.18065,37.58552],[15.17494,37.60979],[15.17779,37.63477],[15.18671,37.65654],[15.19706,37.66832],[15.19742,37.68474],[15.21027,37.70651],[15.21134,37.724]]}},{"type":"Feature","properties":{"id":2563,"name":null,"kind":"Main Road","known":"1"},"geometry":{"type":"LineString","coordinates":[[15.21134,37.724],[15.20777,37.73708],[15.20905,37.74679],[15.22504,37.76999],[15.23432,37.79512],[15.24446,37.81225],[15.25959,37.81967],[15.26559,37.82553],[15.26545,37.8301],[15.29214,37.85258],[15.30342,37.85429],[15.29957,37.86229],[15.30557,37.87814],[15.33098,37.8982],[15.34925,37.92461],[15.38723,37.96423],[15.3908,37.97293],[15.41721,37.9972],[15.46204,38.0471],[15.47803,38.06024],[15.49787,38.08515],[15.52971,38.1419],[15.56126,38.18273],[15.56155,38.19908],[15.57183,38.22863],[15.58425,38.24576],[15.5991,38.25297],[15.63179,38.25997],[15.64878,38.26768],[15.60852,38.27053],[15.58111,38.28153],[15.55627,38.29666],[15.53271,38.2948],[15.50515,38.28381],[15.45718,38.24726],[15.40559,38.22967]]}},{"type":"Feature","properties":{"id":2564,"name":null,"kind":"Secondary Road","known":"0"},"geometry":{"type":"LineString","coordinates":[[15.06653,37.39739],[15.01983,37.34653],[15.01983,37.32452],[15.00645,37.30132],[15.01121,37.27455],[15.03679,37.26949],[15.05404,37.25849],[15.09151,37.25328],[15.10995,37.24198],[15.14511,37.23692],[15.15552,37.22681]]}},{"type":"Feature","properties":{"id":2565,"name":null,"kind":"Main Road","known":"1"},"geometry":{"type":"LineString","coordinates":[[15.07836,37.48746],[15.06897,37.45619],[15.07045,37.41842],[15.06653,37.39739],[15.07967,37.3744],[15.09574,37.31432],[15.10198,37.30807],[15.12637,37.30182],[15.13767,37.26836],[15.15225,37.25438],[15.1582,37.22077],[15.16742,37.20798],[15.18169,37.19832],[15.18318,37.18731],[15.18824,37.18285],[15.20936,37.14121],[15.24832,37.10998],[15.27152,37.10433],[15.28877,37.07696]]}},{"type":"Feature","properties":{"id":2566,"name":null,"kind":"Secondary Road","known":"0"},"geometry":{"type":"LineString","coordinates":[[14.36889,36.98884],[14.39625,36.98813],[14.43694,37.00978],[14.50118,37.03048],[14.57257,37.03476],[14.60255,37.04357],[14.64038,37.04285],[14.66227,37.03762],[14.72699,37.04737],[14.80504,37.05261],[14.80718,37.0488],[14.79957,37.02572],[14.79481,36.9955],[14.77316,36.97076],[14.77292,36.9629],[14.75912,36.93518],[14.74698,36.92186],[14.73604,36.91972],[14.71962,36.92281],[14.64752,36.91567],[14.60421,36.91496],[14.5759,36.90544],[14.52545,36.87689],[14.46906,36.85392]]}},{"type":"Feature","properties":{"id":2567,"name":null,"kind":"Main Road","known":"1"},"geometry":{"type":"LineString","coordinates":[[14.80504,37.05261],[14.82684,37.05347],[14.83969,37.043],[14.85039,37.04585],[14.86253,37.03871],[14.87633,37.04538],[14.87895,37.05442],[14.88799,37.05918],[14.91964,37.06275]]}},{"type":"Feature","properties":{"id":2699,"name":null,"kind":"Main Road","period":"RL","known":"0"},"geometry":{"type":"LineString","coordinates":[[10.10044,33.88014],[10.05761,33.87823],[9.97956,33.88299],[9.79206,33.88109],[9.6274,33.84302],[9.49796,33.80114],[9.40278,33.76497],[9.35424,33.73451],[9.32283,33.72975],[9.17816,33.73642],[9.10487,33.74308],[9.04967,33.74118],[9.02397,33.73071],[8.97924,33.72024],[8.9237,33.72108],[8.91013,33.71323],[8.90228,33.70252],[8.9177,33.70673],[8.93983,33.70388],[8.98876,33.65742],[9.00874,33.58794],[9.07727,33.60221],[9.13057,33.60602],[9.17816,33.60602],[9.22861,33.59841],[9.34853,33.57081],[9.44085,33.52322],[9.47226,33.48705],[9.48749,33.50323],[9.51509,33.51655],[9.58553,33.54225],[9.6236,33.55177],[9.64929,33.55558],[9.7578,33.56034],[9.80063,33.56034],[9.82347,33.55463],[9.84917,33.55463],[9.91199,33.567],[9.96434,33.56795],[10.00241,33.58699],[10.02906,33.60793],[10.08616,33.62791],[10.2099,33.64124],[10.25844,33.65837],[10.27582,33.66111],[10.30127,33.62696],[10.33077,33.5965],[10.35171,33.55558],[10.39454,33.49371],[10.425,33.45659],[10.44023,33.42233],[10.48115,33.36427],[10.52113,33.31858],[10.54588,33.29764],[10.54968,33.27195],[10.54683,33.2491],[10.55349,33.21579],[10.54968,33.19295],[10.55254,33.15868],[10.55063,33.11205],[10.54112,33.08825],[10.5335,33.05208],[10.5316,33.00545],[10.50495,32.96642],[10.48211,32.95405],[10.45355,32.92264],[10.44879,32.9017],[10.47259,32.87981],[10.48782,32.85792],[10.49448,32.84079],[10.49829,32.74275],[10.50685,32.69802],[10.50495,32.63615],[10.49638,32.60855],[10.49733,32.57619],[10.48972,32.55049],[10.46783,32.52004],[10.44594,32.47816],[10.42881,32.42962],[10.41167,32.36109],[10.38217,32.30588],[10.42214,32.2859],[10.52874,32.26972],[10.54302,32.2621],[10.56301,32.23355],[10.56967,32.21261],[10.62392,32.16216],[10.64581,32.14694],[10.65057,32.10791],[10.6639,32.06889],[10.69721,32.00607],[10.74861,31.98228],[10.77621,31.92707],[10.84474,31.88424],[10.87424,31.88234],[10.91802,31.90613],[10.94943,31.91089],[10.97703,31.89757],[10.99456,31.87837],[11.01891,31.81952],[11.0389,31.78526],[11.07316,31.76432],[11.12075,31.74623],[11.16168,31.75385],[11.25496,31.79287],[11.29112,31.80144],[11.37583,31.80525],[11.43865,31.79097],[11.52336,31.79573],[11.57095,31.79287],[11.7613,31.74052],[11.80223,31.74528],[11.82412,31.75766],[11.87457,31.84237],[11.97355,31.90042],[12.0811,31.91756],[12.15154,31.91565],[12.21245,31.92232],[12.36882,31.95767],[12.4897,31.99289],[12.58107,32.01192],[12.61886,32.01668],[12.67692,32.01573],[12.71213,31.9986],[12.74735,31.97671],[12.77876,31.96814],[12.82825,31.96814],[12.87965,32.01097],[12.90249,32.04143],[12.92819,32.06141],[13.149,32.15279],[13.1766,32.1585],[13.20421,32.15088],[13.23942,32.15088],[13.29272,32.17944],[13.35459,32.2156],[13.4569,32.28508],[13.63584,32.41643],[13.69675,32.4564],[13.74038,32.45022],[13.81842,32.44546],[13.93169,32.44356],[14.0478,32.51494],[14.08968,32.55016],[14.11253,32.56253],[14.23245,32.58823],[14.2808,32.62439],[14.29603,32.64058]]}},{"type":"Feature","properties":{"id":2702,"name":null,"kind":"Main Road","period":"RL","known":"0"},"geometry":{"type":"LineString","coordinates":[[13.18212,32.90392],[13.20715,32.8906],[13.28139,32.8668],[13.32137,32.84491],[13.35182,32.82017],[13.38727,32.80428],[13.43866,32.75669],[13.47293,32.71006],[13.51385,32.6282],[13.54241,32.58442],[13.56525,32.55682],[13.58333,32.52446],[13.60332,32.47877],[13.63283,32.45878],[13.69675,32.4564],[13.74038,32.45022],[13.81842,32.44546],[13.93169,32.44356],[14.0478,32.51494],[14.08968,32.55016],[14.11253,32.56253],[14.23245,32.58823],[14.2808,32.62439],[14.29603,32.64058]]}},{"type":"Feature","properties":{"id":2704,"name":null,"kind":"Main Road","period":"RL","known":"1"},"geometry":{"type":"LineString","coordinates":[[12.26895,31.93587],[12.33816,31.8322],[12.38956,31.76462],[12.42001,31.73893],[12.53518,31.69514],[12.59705,31.67896],[12.68842,31.6704],[12.69698,31.65993],[12.69984,31.62186],[12.71412,31.60377],[12.7855,31.56951],[12.83975,31.51145],[12.85688,31.48099],[12.86831,31.44578],[12.89876,31.43626],[12.9473,31.44387],[12.99299,31.46481],[13.01013,31.46387]]}},{"type":"Feature","properties":{"id":2706,"name":null,"kind":"Secondary Road","known":"0"},"geometry":{"type":"LineString","coordinates":[[13.33546,31.00063],[13.35551,30.98219],[13.39239,30.93281],[13.41083,30.9227],[13.4263,30.90842],[13.46021,30.85786],[13.52564,30.78053],[13.53456,30.75971],[13.53516,30.73472],[13.57977,30.68416],[13.58632,30.65501],[13.58453,30.54258],[13.57026,30.43075],[13.55973,30.40338]]}},{"type":"Feature","properties":{"id":2707,"name":null,"kind":"Secondary Road","known":"0"},"geometry":{"type":"LineString","coordinates":[[15.09653,30.52735],[15.07868,30.53164],[15.03656,30.53378],[15.00944,30.52735],[14.98374,30.53306],[14.9509,30.54734],[14.91592,30.55734],[14.87595,30.56376],[14.85025,30.56233],[14.81741,30.53021],[14.75888,30.5038],[14.74817,30.48524],[14.72319,30.46668],[14.69249,30.45383],[14.6154,30.40743],[14.54116,30.35461],[14.52117,30.3439],[14.51689,30.32962],[14.4969,30.32105],[14.47948,30.27466],[14.47306,30.24325],[14.46021,30.23825],[14.43523,30.23539],[14.40739,30.2204],[14.36598,30.18186],[14.33957,30.12618],[14.32958,30.06907],[14.31277,30.01732],[14.29246,29.99554],[14.27318,29.96628],[14.26462,29.94058]]}},{"type":"Feature","properties":{"id":2708,"name":null,"kind":"Secondary Road","period":"R","known":"0"},"geometry":{"type":"LineString","coordinates":[[15.40096,30.58711],[15.37336,30.59377],[15.30959,30.59472],[15.29162,30.58889],[15.25236,30.5877],[15.20596,30.57759],[15.16908,30.56807],[15.07509,30.51394],[15.0507,30.49252],[15.03821,30.47111],[15.03107,30.44434],[15.03881,30.38842],[15.03524,30.36522],[15.01263,30.34381],[15.00192,30.32834],[14.99717,30.30336],[14.99776,30.28492],[14.98824,30.2635],[14.97813,30.25398]]}},{"type":"Feature","properties":{"id":2711,"name":null,"kind":"Main Road","period":"HRL","known":"0"},"geometry":{"type":"LineString","coordinates":[[14.57209,32.46415],[14.68887,32.43702],[14.7524,32.43773],[14.79309,32.42703],[14.96156,32.40775],[15.02366,32.39562],[15.05079,32.3949],[15.08577,32.38562],[15.1543,32.3742],[15.21569,32.37563],[15.22211,32.36778],[15.17214,32.31852],[15.13288,32.27355],[15.10218,32.25142],[15.02366,32.18289],[14.99511,32.16148],[14.96941,32.15148],[14.96798,32.14506],[15.04651,32.0437],[15.05507,32.01942],[15.04722,31.9616],[15.04222,31.94804],[15.04079,31.90878],[15.05222,31.88308],[15.07577,31.80385],[15.08791,31.73246],[15.11189,31.6568],[15.12688,31.55115],[15.17614,31.4819],[15.19755,31.46192],[15.22325,31.4198],[15.24395,31.3991],[15.26751,31.39553],[15.33033,31.39553],[15.36531,31.40124],[15.41742,31.40195],[15.50736,31.38625],[15.62329,31.3447],[15.72394,31.31401],[15.77962,31.29045],[15.82031,31.27975],[15.93166,31.29117],[15.96236,31.28903]]}},{"type":"Feature","properties":{"id":2712,"name":null,"kind":"Secondary Road","known":"0"},"geometry":{"type":"LineString","coordinates":[[15.24395,31.3991],[15.25759,31.38682],[15.27543,31.32186],[15.28614,31.29688],[15.29114,31.27903],[15.29542,31.23477],[15.29542,31.16839],[15.28685,31.11199],[15.28828,31.08344],[15.31041,31.02919],[15.31113,31.0142],[15.28814,30.95209],[15.28743,30.91569],[15.29385,30.89713],[15.30741,30.875],[15.33168,30.85358],[15.36024,30.80147]]}},{"type":"Feature","properties":{"id":2713,"name":null,"kind":"Main Road","period":"HRL","known":"0"},"geometry":{"type":"LineString","coordinates":[[14.7524,32.43773],[14.75961,32.41189],[14.78674,32.37906],[14.80459,32.34551],[14.83028,32.28055],[14.83243,32.25342]]}},{"type":"Feature","properties":{"id":2714,"name":null,"kind":"Main Road","period":"HRL","known":"0"},"geometry":{"type":"LineString","coordinates":[[14.57209,32.46415],[14.64469,32.39333],[14.68466,32.37263],[14.72678,32.34265],[14.75747,32.32837],[14.78103,32.30196],[14.88596,32.20417],[14.94593,32.16919],[14.96941,32.15148],[14.96092,32.13564],[14.99375,32.015],[15.03373,31.94076],[15.06371,31.91006],[15.15294,31.79728],[15.19077,31.71447],[15.19289,31.68854],[15.20633,31.6306],[15.24203,31.54613],[15.25154,31.51341],[15.26463,31.49913],[15.30389,31.48307],[15.37171,31.46701],[15.43238,31.44619],[15.60311,31.398],[15.71941,31.39384]]}},{"type":"Feature","properties":{"id":2715,"name":null,"kind":"Main Road","period":"HRL","known":"0"},"geometry":{"type":"LineString","coordinates":[[15.19077,31.71447],[15.21228,31.6887],[15.23608,31.653],[15.26285,31.60541],[15.28902,31.58221],[15.314,31.56615],[15.33423,31.55723],[15.39491,31.55128],[15.51447,31.54831],[15.53529,31.54057],[15.5573,31.5263],[15.58467,31.49655],[15.71941,31.39384],[15.89293,31.31869],[15.93576,31.30501],[15.96236,31.28903]]}},{"type":"Feature","properties":{"id":2716,"name":"Iter Praeter Caput Saxi","kind":"Secondary Road","period":"RL","known":"0"},"geometry":{"type":"LineString","coordinates":[[14.26462,29.94058],[14.25463,29.91074],[14.26176,29.88278],[14.2695,29.86077],[14.28794,29.82746],[14.29151,29.80545],[14.30697,29.7763],[14.30935,29.7293],[14.28734,29.68171],[14.28258,29.62758],[14.28972,29.56334],[14.29091,29.47946],[14.29567,29.46221],[14.29627,29.37595],[14.2927,29.36049],[14.304,29.27185],[14.304,29.185],[14.31768,29.15109],[14.32482,29.08625],[14.29686,28.98989],[14.29329,28.96609],[14.29627,28.93754],[14.29151,28.89649],[14.28496,28.87805],[14.28258,28.85604],[14.29091,28.83165],[14.33315,28.78823],[14.33791,28.76681],[14.33136,28.73231],[14.32125,28.70673],[14.29508,28.61096],[14.2814,28.5479],[14.28021,28.51875],[14.28437,28.47116],[14.29032,28.44439],[14.29032,28.40632],[14.26295,28.29984],[14.22191,28.23262],[14.20168,28.18087],[14.19454,28.14934],[14.1886,28.11603],[14.19157,28.00241],[14.2112,27.90961],[14.20882,27.83704],[14.21239,27.80135],[14.20763,27.77339],[14.21715,27.69962],[14.24035,27.65501],[14.24451,27.58362],[14.25344,27.54674],[14.26831,27.52116],[14.30816,27.48309],[14.33969,27.46822],[14.41643,27.4123],[14.42416,27.39327],[14.41583,27.35817],[14.41881,27.30523],[14.4313,27.23801],[14.42595,27.15711],[14.41881,27.12558],[14.42416,27.07323],[14.4551,26.98043],[14.45093,26.94117],[14.4313,26.86979],[14.4319,26.80257],[14.43844,26.74249],[14.39977,26.57295],[14.38669,26.54142],[14.36884,26.52298],[14.34445,26.50811],[14.32482,26.49026],[14.30162,26.4629],[14.27307,26.41828],[14.25284,26.39746],[14.24451,26.37426],[14.16659,26.23269],[14.15029,26.20889],[14.13125,26.18867],[14.1021,26.09825],[14.03964,26.02865],[13.98253,25.95131],[13.95874,25.93347],[13.92477,25.91682]]}},{"type":"Feature","properties":{"id":2717,"name":"Dedris?","kind":"Secondary Road","period":"R","known":"0"},"geometry":{"type":"LineString","coordinates":[[13.23984,27.53068],[13.16588,27.5435],[13.10937,27.54647],[13.07308,27.54469],[13.01538,27.53398],[12.98385,27.53219],[12.95113,27.53636],[12.87083,27.59287],[12.84287,27.62678],[12.83811,27.65533],[12.84108,27.75586],[12.81693,27.81594],[12.78184,27.84926],[12.75745,27.88614],[12.74079,27.90398],[12.72592,27.91469],[12.69737,27.92243],[12.63134,27.96288],[12.62539,27.97775],[12.63193,27.995],[12.65453,28.00809],[12.67536,28.00809],[12.72413,28.00035],[12.74555,28.01879],[12.74614,28.06995],[12.73603,28.11159],[12.75745,28.13301],[12.79492,28.14728],[12.82824,28.18119],[12.84727,28.22402],[12.86571,28.23592],[12.89427,28.2728],[12.91687,28.2847],[12.92639,28.3079],[12.9246,28.32277],[12.91806,28.33526],[12.87285,28.35965],[12.84549,28.37928],[12.83121,28.40248],[12.81158,28.45245],[12.81217,28.48041],[12.81991,28.52145],[12.81693,28.54703],[12.7741,28.63864],[12.7402,28.67969],[12.73187,28.70467],[12.71283,28.72371],[12.66703,28.80164],[12.63788,28.84209],[12.59981,28.87897],[12.56471,28.89206],[12.54448,28.90455],[12.44431,28.93964],[12.25336,28.99794],[12.13438,29.02531],[12.08001,29.03244],[12.02588,29.05148],[11.96521,29.06338],[11.87479,29.09788]]}},{"type":"Feature","properties":{"id":2718,"name":"Baracum?","kind":"Secondary Road","known":"0"},"geometry":{"type":"LineString","coordinates":[[15.10645,27.72077],[14.94941,27.70827],[14.92799,27.71422],[14.89944,27.71482],[14.85304,27.70173],[14.81735,27.68507],[14.76083,27.69043],[14.68469,27.63035],[14.65709,27.60239],[14.63329,27.58692],[14.58868,27.57383],[14.51016,27.56313],[14.47982,27.55539],[14.44651,27.55301],[14.39059,27.53517],[14.34538,27.52743],[14.28827,27.52625],[14.24526,27.52981],[14.20481,27.52506],[14.12986,27.52862],[14.08406,27.52743],[14.02338,27.51018],[13.99483,27.49055],[13.93118,27.48401],[13.8122,27.48341],[13.70435,27.50721],[13.66628,27.50899],[13.5943,27.50305],[13.4212,27.5197],[13.33851,27.51911],[13.23984,27.53068]]}},{"type":"Feature","properties":{"id":2719,"name":null,"kind":"Secondary Road","known":"0"},"geometry":{"type":"LineString","coordinates":[[14.33315,28.78823],[14.39742,28.747],[14.53662,28.67561],[14.57945,28.64587],[14.61395,28.59352],[14.6544,28.54831],[14.67819,28.50072],[14.73768,28.46503],[14.8162,28.45194],[14.89829,28.41744],[14.9554,28.3877],[15.00656,28.34011],[15.05891,28.2723],[15.10888,28.25088],[15.20048,28.25683],[15.34325,28.25326]]}},{"type":"Feature","properties":{"id":2720,"name":null,"kind":"Secondary Road","period":"RL","known":"0"},"geometry":{"type":"LineString","coordinates":[[15.77542,29.06725],[15.70742,28.99964],[15.67253,28.9391],[15.61061,28.84392],[15.59678,28.83046],[15.58321,28.82689],[15.56465,28.81118],[15.53685,28.74565],[15.49041,28.67841],[15.464,28.60917],[15.43977,28.57147],[15.40761,28.50209],[15.4017,28.47534],[15.36744,28.36969],[15.36406,28.28937],[15.3503,28.26024],[15.29653,28.16839],[15.27662,28.11305],[15.24307,28.04309],[15.21077,27.93663],[15.14385,27.7754],[15.10645,27.72077],[15.11464,27.69393],[15.11369,27.66537],[15.09941,27.60446],[15.09031,27.58195],[15.04962,27.51771],[14.97609,27.45418],[14.93683,27.40421],[14.91827,27.38779],[14.904,27.36852],[14.89288,27.33796],[14.89573,27.26658]]}},{"type":"Feature","properties":{"id":2721,"name":null,"kind":"Secondary Road","period":"RL","known":"0"},"geometry":{"type":"LineString","coordinates":[[15.77542,29.06725],[15.75537,29.12488],[15.751,29.16348],[15.75323,29.2291],[15.75109,29.27336],[15.75672,29.36812],[15.75395,29.39257],[15.68748,29.53158],[15.67757,29.57603],[15.68256,29.60958],[15.67105,29.66602],[15.66725,29.71361],[15.6701,29.77167],[15.66829,29.80445],[15.66201,29.83615],[15.64773,29.8866],[15.63155,29.92324],[15.60119,29.96221],[15.58976,29.98363],[15.56683,30.00414],[15.52543,30.06387],[15.5359,30.11622],[15.53209,30.14668],[15.47879,30.32656],[15.44929,30.45981],[15.40096,30.58711]]}},{"type":"Feature","properties":{"id":2722,"name":null,"kind":"Secondary Road","period":"RL","known":"0"},"geometry":{"type":"LineString","coordinates":[[14.42946,27.0594],[14.41093,27.03789],[14.2758,26.94652],[14.23154,26.91226],[14.18871,26.873],[14.14731,26.84587],[14.12804,26.82089],[14.03881,26.75593],[13.98884,26.73166],[13.90889,26.71881],[13.88319,26.71952],[13.8268,26.7031],[13.76612,26.67312],[13.74185,26.65099],[13.71587,26.64029],[13.67232,26.62887],[13.53669,26.57247],[13.42676,26.54963],[13.40249,26.53821],[13.35895,26.52893],[13.31041,26.52964],[13.23588,26.56605],[13.20876,26.58746],[13.14523,26.61959],[13.11953,26.6253],[13.04743,26.62744],[13.01317,26.63243],[12.93536,26.65171],[12.91323,26.66099],[12.84613,26.6617],[12.80116,26.67312],[12.75233,26.67384],[12.70307,26.66242],[12.66096,26.64814],[12.54888,26.63529],[12.51248,26.61744],[12.47393,26.60388],[12.42967,26.58104],[12.36257,26.55891],[12.30689,26.52893],[12.25107,26.50894],[12.20039,26.49895],[12.13614,26.47539],[12.1083,26.45969],[12.05262,26.42042],[11.93555,26.32406]]}},{"type":"Feature","properties":{"id":2723,"name":null,"kind":"Secondary Road","period":"R","known":"0"},"geometry":{"type":"LineString","coordinates":[[12.7419,26.6716],[12.78573,26.75736],[12.84173,26.8334],[12.87671,26.87766],[12.94096,26.93262],[12.98346,26.98293],[13.02198,27.03827],[13.07055,27.13569],[13.10981,27.27417],[13.12765,27.39553],[13.16762,27.48404],[13.21594,27.53544]]}},{"type":"Feature","properties":{"id":2724,"name":null,"kind":"Secondary Road","period":"RL","known":"0"},"geometry":{"type":"LineString","coordinates":[[15.12484,26.16547],[15.13769,26.13454],[15.15672,26.05459],[15.16179,26.00783],[15.1572,25.97607],[15.14197,25.94561],[15.05782,25.87886],[15.03378,25.85292],[14.99587,25.82854],[14.94376,25.76382],[14.91331,25.71385],[14.87674,25.61855],[14.84478,25.56871],[14.83145,25.53349],[14.80528,25.37502],[14.78513,25.29732],[14.77482,25.21036],[14.7653,25.18276],[14.7615,25.15135],[14.74866,25.12089],[14.70422,25.07246],[14.64932,24.99954],[14.62255,24.93886]]}},{"type":"Feature","properties":{"id":2725,"name":null,"kind":"Secondary Road","period":"RL","known":"0"},"geometry":{"type":"LineString","coordinates":[[16.194,26.52946],[16.17973,26.51233],[16.12548,26.47236],[16.09264,26.44237],[16.0648,26.42381],[16.04053,26.41239],[15.99984,26.36956],[15.967,26.35886],[15.8171,26.34315],[15.75285,26.34815],[15.71145,26.34743],[15.60266,26.33744],[15.52414,26.31817],[15.35282,26.26606],[15.27572,26.23179],[15.14695,26.16755],[15.08841,26.16541],[15.00703,26.17397],[14.97277,26.17254],[14.86855,26.18397],[14.83,26.18397],[14.77718,26.16469],[14.72721,26.15613],[14.69152,26.13471],[14.66354,26.10901],[14.56431,26.05619],[14.50007,26.00122],[14.44867,25.98409],[14.42012,25.96553],[14.39799,25.95839],[14.35159,25.95197],[14.25522,25.95197],[14.22809,25.94697],[14.20525,25.9384],[14.13101,25.92413],[13.97552,25.94605]]}},{"type":"Feature","properties":{"id":2726,"name":null,"kind":"Secondary Road","period":"RL","known":"0"},"geometry":{"type":"LineString","coordinates":[[13.92477,25.91682],[13.9339,25.90524],[13.95095,25.8954],[14.00243,25.8774],[14.04954,25.85313],[14.06873,25.82878],[14.13432,25.69073],[14.20297,25.58532],[14.29339,25.46837],[14.341,25.41412],[14.36527,25.37843],[14.3874,25.32418],[14.42737,25.26279],[14.4388,25.23923],[14.48591,25.11931],[14.5266,25.07433],[14.54858,25.03579],[14.56952,25.01924],[14.61184,24.94957],[14.62255,24.93886]]}},{"type":"Feature","properties":{"id":2727,"name":null,"kind":"Secondary Road","period":"RL","known":"0"},"geometry":{"type":"LineString","coordinates":[[13.92477,25.91682],[13.87183,25.93823],[13.8058,25.95548],[13.7362,25.94478],[13.69821,25.93558],[13.66752,25.93487],[13.60399,25.94914],[13.57615,25.96056],[13.50048,25.97341],[13.27491,25.947],[13.06989,25.92773],[12.9464,25.9056],[12.89786,25.88775],[12.8436,25.87776],[12.75937,25.85206],[12.56271,25.76711],[12.45064,25.70501],[12.33856,25.6736],[12.30144,25.64933],[12.25576,25.60293],[12.23863,25.57795],[12.22007,25.55867],[12.19894,25.52512],[12.19037,25.44089],[12.14254,25.37165],[12.06616,25.31097],[11.98336,25.25458],[11.94552,25.23245]]}},{"type":"Feature","properties":{"id":2728,"name":null,"kind":"Secondary Road","known":"0"},"geometry":{"type":"LineString","coordinates":[[13.31041,26.52964],[13.31801,26.50397],[13.36084,26.4126],[13.37298,26.37334],[13.39011,26.33836],[13.40795,26.31052],[13.43936,26.26769],[13.4722,26.23557],[13.52574,26.20416],[13.54001,26.19274],[13.54644,26.18346],[13.53216,26.12421],[13.53216,26.06568],[13.51217,26.00786],[13.50789,25.98287],[13.50048,25.97341]]}},{"type":"Feature","properties":{"id":2729,"name":null,"kind":"Secondary Road","known":"0"},"geometry":{"type":"LineString","coordinates":[[13.74299,26.25314],[13.71562,26.16704],[13.66779,26.08781],[13.64994,26.04997],[13.60426,25.99858],[13.5907,25.97431],[13.57615,25.96056]]}},{"type":"Feature","properties":{"id":2730,"name":null,"kind":"Secondary Road","period":"RL","known":"0"},"geometry":{"type":"LineString","coordinates":[[16.02923,29.69084],[15.99097,29.74099],[15.94338,29.78501],[15.92435,29.83379],[15.79824,29.95514],[15.76195,30.0063],[15.72626,30.06341],[15.66915,30.25733],[15.62394,30.31206],[15.58587,30.35251],[15.55969,30.37512],[15.43596,30.55358],[15.40096,30.58711]]}},{"type":"Feature","properties":{"id":2732,"name":null,"kind":"Secondary Road","period":"RL","known":"0"},"geometry":{"type":"LineString","coordinates":[[16.14485,29.16158],[16.18445,29.16724],[16.24415,29.16588],[16.37026,29.10401],[16.46927,29.06944],[16.50925,29.06373],[16.53423,29.07729],[16.55707,29.10584],[16.57706,29.11727],[16.60582,29.12305],[16.70341,29.13868],[16.84186,29.14993],[16.87874,29.15588],[16.90802,29.17182],[16.99037,29.15581],[17.03392,29.15439],[17.04959,29.15755],[17.09837,29.17896],[17.13528,29.18651],[17.16024,29.1861],[17.26375,29.21466],[17.384,29.23276],[17.39827,29.23157],[17.42564,29.22086],[17.44949,29.20305],[17.51433,29.17509],[17.54607,29.16945],[17.62578,29.16945],[17.70168,29.16064],[17.75641,29.1416],[17.78987,29.13511],[17.92321,29.1278],[18.05257,29.13868],[18.15393,29.1601],[18.27386,29.19936],[18.34128,29.21466],[18.50856,29.20847],[18.71724,29.15636],[18.7921,29.16581],[18.83431,29.18039],[18.89737,29.19467],[18.9647,29.20276],[19.08406,29.2065],[19.1533,29.21863],[19.19756,29.21649]]}},{"type":"Feature","properties":{"id":2733,"name":null,"kind":"Secondary Road","period":"R","known":"0"},"geometry":{"type":"LineString","coordinates":[[19.19756,29.21649],[19.2019,29.23264],[19.17921,29.30032],[19.1804,29.36813],[19.22323,29.53993],[19.21859,29.56611],[19.22085,29.60013],[19.22906,29.64701],[19.2613,29.76074],[19.27796,29.79524],[19.28807,29.83261],[19.28902,29.87259],[19.25857,30.00964],[19.25286,30.04867],[19.24334,30.07056],[19.18349,30.17239],[19.11972,30.25924]]}},{"type":"Feature","properties":{"id":2490,"name":null,"kind":"Main Road","known":"0"},"geometry":{"type":"LineString","coordinates":[[15.02014,40.44563],[15.01919,40.47827],[15.00872,40.50468],[14.9854,40.53799],[14.93329,40.59879],[14.87209,40.65234]]}},{"type":"Feature","properties":{"id":2491,"name":null,"kind":"Secondary Road","known":"0"},"geometry":{"type":"LineString","coordinates":[[15.51528,40.07555],[15.49059,40.10203],[15.47378,40.13519],[15.43095,40.19847],[15.41266,40.24048],[15.40523,40.27045],[15.37563,40.30421],[15.36024,40.36689],[15.34147,40.39946]]}},{"type":"Feature","properties":{"id":2492,"name":null,"kind":"Main Road","known":"0"},"geometry":{"type":"LineString","coordinates":[[15.54881,40.08583],[15.58043,40.08755],[15.61327,40.07803],[15.63088,40.07969]]}},{"type":"Feature","properties":{"id":2493,"name":null,"kind":"Main Road","known":"1"},"geometry":{"type":"LineString","coordinates":[[15.63088,40.07969],[15.63968,40.07767],[15.63683,40.05959],[15.64992,40.04983],[15.67657,40.04222],[15.68109,40.03793],[15.69084,40.01057]]}},{"type":"Feature","properties":{"id":2494,"name":null,"kind":"Secondary Road","known":"0"},"geometry":{"type":"LineString","coordinates":[[15.63968,40.07767],[15.67918,40.07624],[15.72082,40.081],[15.74747,40.07839],[15.78435,40.06982],[15.81179,40.07934]]}},{"type":"Feature","properties":{"id":2495,"name":null,"kind":"Secondary Road","known":"0"},"geometry":{"type":"LineString","coordinates":[[11.8057,43.35674],[11.78131,43.39005],[11.74621,43.42039],[11.7135,43.43407],[11.66888,43.42931],[11.66174,43.43407],[11.65639,43.44359],[11.61594,43.44894],[11.61415,43.45668],[11.61653,43.46263],[11.56657,43.52806],[11.50648,43.58695]]}},{"type":"Feature","properties":{"id":2496,"name":null,"kind":"Main Road","known":"0"},"geometry":{"type":"LineString","coordinates":[[11.365,43.7914],[11.32824,43.79082],[11.28969,43.80367],[11.28166,43.8112],[11.25021,43.77213]]}},{"type":"Feature","properties":{"id":2497,"name":null,"kind":"Secondary Road","known":"0"},"geometry":{"type":"LineString","coordinates":[[12.69036,42.18647],[12.68263,42.1829],[12.67222,42.16416],[12.64396,42.15672],[12.64143,42.11937]]}},{"type":"Feature","properties":{"id":2498,"name":null,"kind":"Main Road","known":"0"},"geometry":{"type":"LineString","coordinates":[[12.86027,42.40588],[12.86971,42.40671],[12.88548,42.39868],[12.91581,42.39958],[12.92057,42.39601],[12.93693,42.3963],[12.94705,42.38798],[12.97738,42.37757],[12.99999,42.37519],[13.01783,42.38322],[13.04639,42.40642],[13.06453,42.41445],[13.08119,42.41772],[13.09517,42.41118],[13.11837,42.41118],[13.13829,42.39898],[13.14603,42.38619],[13.17701,42.36329]]}},{"type":"Feature","properties":{"id":2499,"name":null,"kind":"Main Road","known":"0"},"geometry":{"type":"LineString","coordinates":[[13.08565,42.41623],[13.07078,42.44821],[13.07762,42.46219],[13.0797,42.47527],[13.07613,42.4839],[13.07554,42.50085],[13.09725,42.53654],[13.14008,42.5596],[13.14573,42.57328],[13.16744,42.59439],[13.19629,42.60778],[13.23764,42.63663],[13.26441,42.67991],[13.25846,42.7043],[13.26292,42.71828],[13.27214,42.72898],[13.26976,42.74058],[13.29207,42.76289],[13.30396,42.77062],[13.31318,42.77033],[13.34769,42.75843],[13.37029,42.75843],[13.40063,42.76557],[13.41074,42.77062],[13.42799,42.79025],[13.4967,42.80364],[13.50265,42.80751],[13.5312,42.8481],[13.58742,42.85673],[13.7049,42.85643],[13.76409,42.86476],[13.81644,42.88647],[13.85451,42.89034],[13.88158,42.89659],[13.90983,42.89085]]}},{"type":"Feature","properties":{"id":2500,"name":null,"kind":"Secondary Road","known":"0"},"geometry":{"type":"LineString","coordinates":[[14.0267,42.65121],[13.99889,42.62706],[13.95439,42.6047],[13.94939,42.60018],[13.94892,42.59494],[13.96286,42.58462],[13.99569,42.57249],[14.07957,42.55714],[14.12311,42.53751],[14.13558,42.53724]]}},{"type":"Feature","properties":{"id":2501,"name":null,"kind":"Secondary Road","known":"0"},"geometry":{"type":"LineString","coordinates":[[14.76042,42.07034],[14.85465,42.02229],[14.91677,41.98573],[14.92958,41.97344],[14.93939,41.9493]]}},{"type":"Feature","properties":{"id":2502,"name":null,"kind":"Secondary Road","known":"0"},"geometry":{"type":"LineString","coordinates":[[14.83615,41.86269],[14.8287,41.86193],[14.80776,41.87144],[14.78825,41.87573],[14.7616,41.87715]]}},{"type":"Feature","properties":{"id":2503,"name":null,"kind":"Secondary Road","known":"1"},"geometry":{"type":"LineString","coordinates":[[14.09439,41.78888],[14.08012,41.76651],[14.07298,41.7608],[14.01659,41.74509],[14.01088,41.75152],[14.00374,41.74914],[13.98684,41.75937],[13.92759,41.7796],[13.84146,41.78198],[13.80362,41.78792],[13.78459,41.79459],[13.77459,41.80815],[13.7765,41.83337],[13.77245,41.84824],[13.74818,41.87014],[13.71773,41.88798],[13.71511,41.90535],[13.70036,41.92843],[13.67037,41.96044],[13.65277,41.96924],[13.63207,42.00255],[13.61327,42.01611],[13.56758,42.06073]]}},{"type":"Feature","properties":{"id":2504,"name":"Via_Claudia_Valeria","kind":"Main Road","known":"1"},"geometry":{"type":"LineString","coordinates":[[13.3777,42.09],[13.38674,42.09142],[13.4053,42.08762],[13.42719,42.06906],[13.45432,42.06002],[13.51714,42.06858],[13.56758,42.06073],[13.6066,42.06192],[13.64253,42.07049],[13.69155,42.06477],[13.71344,42.07858],[13.74771,42.085]]}},{"type":"Feature","properties":{"id":2509,"name":null,"kind":"Secondary Road","known":"0"},"geometry":{"type":"LineString","coordinates":[[14.09439,41.78888],[14.15357,41.73646],[14.16591,41.72152],[14.16904,41.70813],[14.18391,41.69951],[14.1903,41.6769],[14.20176,41.66411],[14.20592,41.64552],[14.21202,41.63578],[14.21752,41.60395]]}},{"type":"Feature","properties":{"id":2510,"name":null,"kind":"Secondary Road","known":"1"},"geometry":{"type":"LineString","coordinates":[[14.15757,41.53888],[14.16185,41.5428],[14.16827,41.56493],[14.19254,41.58099],[14.2111,41.60027],[14.21752,41.60395],[14.25286,41.60384]]}},{"type":"Feature","properties":{"id":2511,"name":null,"kind":"Secondary Road","known":"0"},"geometry":{"type":"LineString","coordinates":[[14.25286,41.60384],[14.29284,41.59277],[14.3039,41.58635],[14.3139,41.57278],[14.34816,41.54887],[14.51984,41.4575],[14.57445,41.44965],[14.59479,41.43965],[14.61407,41.42466],[14.65975,41.40093],[14.77468,41.32865],[14.80502,41.30152],[14.82429,41.27833],[14.83393,41.27476],[14.8764,41.27226],[14.88996,41.26726],[14.9178,41.23442]]}},{"type":"Feature","properties":{"id":2512,"name":null,"kind":"Secondary Road","known":"0"},"geometry":{"type":"LineString","coordinates":[[14.9178,41.23442],[14.93172,41.22871],[15.01025,41.23335]]}},{"type":"Feature","properties":{"id":2513,"name":null,"kind":"Main Road","known":"1"},"geometry":{"type":"LineString","coordinates":[[14.85496,41.12378],[14.79145,41.13877],[14.75719,41.13877]]}},{"type":"Feature","properties":{"id":2514,"name":null,"kind":"Secondary Road","known":"0"},"geometry":{"type":"LineString","coordinates":[[14.81573,41.28725],[14.81073,41.27119],[14.79824,41.25477]]}},{"type":"Feature","properties":{"id":2515,"name":null,"kind":"Secondary Road","known":"0"},"geometry":{"type":"LineString","coordinates":[[14.75719,41.13877],[14.75291,41.14341],[14.73114,41.15269],[14.72221,41.16197],[14.71757,41.17196],[14.71864,41.17874],[14.7115,41.20658],[14.69544,41.22158],[14.68652,41.2255],[14.58337,41.23121],[14.48914,41.2255],[14.46666,41.21444],[14.43311,41.21515],[14.38064,41.20587],[14.35637,41.19302],[14.33781,41.17625],[14.30105,41.16375],[14.28463,41.16268],[14.24787,41.14377],[14.24144,41.13556],[14.24109,41.12574]]}},{"type":"Feature","properties":{"id":2516,"name":null,"kind":"Main Road","known":"1"},"geometry":{"type":"LineString","coordinates":[[14.24373,40.91156],[14.24109,41.12574]]}},{"type":"Feature","properties":{"id":2517,"name":null,"kind":"Secondary Road","known":"1"},"geometry":{"type":"LineString","coordinates":[[14.34365,41.05285],[14.17921,41.05289]]}},{"type":"Feature","properties":{"id":2518,"name":null,"kind":"Secondary Road","known":"0"},"geometry":{"type":"LineString","coordinates":[[14.39634,40.99816],[14.36005,40.95652],[14.31663,40.92083]]}},{"type":"Feature","properties":{"id":2519,"name":null,"kind":"Secondary Road","known":"0"},"geometry":{"type":"LineString","coordinates":[[14.36921,41.0339],[14.40407,40.99102],[14.45821,40.97853]]}},{"type":"Feature","properties":{"id":2520,"name":null,"kind":"Main Road","known":"1"},"geometry":{"type":"LineString","coordinates":[[14.24172,41.0743],[14.1641,40.96841],[14.15816,40.95592],[14.15697,40.93927],[14.13733,40.92677],[14.13733,40.91785],[14.12722,40.90655],[14.12544,40.89465],[14.11532,40.89108],[14.11057,40.85747],[14.09986,40.83784]]}},{"type":"Feature","properties":{"id":2521,"name":null,"kind":"Secondary Road","known":"0"},"geometry":{"type":"LineString","coordinates":[[14.13733,40.92677],[14.11354,40.9116]]}},{"type":"Feature","properties":{"id":2522,"name":null,"kind":"Main Road","known":"0"},"geometry":{"type":"LineString","coordinates":[[14.24373,40.91156],[14.2456,40.89971],[14.2575,40.87353]]}},{"type":"Feature","properties":{"id":2523,"name":null,"kind":"Secondary Road","known":"0"},"geometry":{"type":"LineString","coordinates":[[14.25333,40.8545],[14.27951,40.88067]]}},{"type":"Feature","properties":{"id":2524,"name":null,"kind":"Main Road","known":"1"},"geometry":{"type":"LineString","coordinates":[[14.04599,40.85381],[14.07378,40.84867],[14.09986,40.83784],[14.10062,40.82887],[14.11147,40.83135],[14.15697,40.82354],[14.19313,40.8382],[14.23387,40.84029],[14.2432,40.85019],[14.25333,40.8545],[14.28774,40.84619]]}},{"type":"Feature","properties":{"id":2525,"name":null,"kind":"Secondary Road","known":"1"},"geometry":{"type":"LineString","coordinates":[[14.15757,41.53888],[14.15439,41.53443],[14.11245,41.52283],[14.06099,41.49606],[14.02233,41.4913],[14.01162,41.48714],[13.99556,41.47138],[13.99883,41.45383],[13.99615,41.45026],[13.9911,41.44966],[13.9792,41.45651],[13.94589,41.44788],[13.94284,41.44452]]}},{"type":"Feature","properties":{"id":2526,"name":null,"kind":"Secondary Road","known":"0"},"geometry":{"type":"LineString","coordinates":[[14.11895,41.56699],[14.11514,41.59459],[14.10848,41.60221],[14.08563,41.60982],[14.03995,41.61696],[13.99712,41.60839],[13.96666,41.61173]]}},{"type":"Feature","properties":{"id":2527,"name":null,"kind":"Secondary Road","known":"1"},"geometry":{"type":"LineString","coordinates":[[14.11895,41.56699],[14.11419,41.53701],[14.11668,41.52412],[14.10419,41.50227],[14.10848,41.49037],[14.11561,41.48228]]}},{"type":"Feature","properties":{"id":1577,"name":null,"kind":"Main Road","known":"1"},"geometry":{"type":"LineString","coordinates":[[15.92881,41.44207],[15.92095,41.42815],[15.92702,41.4178],[15.98913,41.40138],[16.07479,41.36355],[16.13867,41.34463],[16.20435,41.33393],[16.22969,41.32572],[16.30607,41.31465],[16.416,41.27985],[16.45419,41.25844],[16.50951,41.23417]]}},{"type":"Feature","properties":{"id":1610,"name":null,"kind":"Main Road","period":"RL","known":"0"},"geometry":{"type":"LineString","coordinates":[[9.80879,36.66529],[9.79832,36.66291],[9.76787,36.67053],[9.67031,36.67814],[9.62129,36.66006],[9.60844,36.6534],[9.60178,36.64483],[9.58417,36.59914],[9.52992,36.5882],[9.35336,36.51872],[9.32624,36.4935],[9.27674,36.4578],[9.25533,36.43306],[9.23487,36.39308],[9.17709,36.36872],[9.12094,36.33303],[9.06335,36.30352],[8.98578,36.26926],[8.87395,36.23356],[8.77211,36.19073],[8.72404,36.17979],[8.67122,36.17503],[8.3952,36.22643],[8.32667,36.24308],[8.0754,36.28163],[7.98451,36.29162]]}},{"type":"Feature","properties":{"id":3302,"name":null,"kind":"Secondary Road","known":"0"},"geometry":{"type":"LineString","coordinates":[[9.2915,36.05472],[9.28436,36.13229],[9.28912,36.17322],[9.29483,36.20225],[9.30197,36.22033],[9.30577,36.25079],[9.32195,36.306],[9.32767,36.31456],[9.34718,36.32551],[9.43998,36.41069],[9.46425,36.444],[9.48804,36.48588],[9.4909,36.50111],[9.48852,36.51063],[9.45092,36.55584]]}},{"type":"Feature","properties":{"id":3322,"name":null,"kind":"Main Road","period":"RL","known":"1"},"geometry":{"type":"MultiLineString","coordinates":[[[8.87885,36.10355],[8.88409,36.10879],[8.91169,36.12021],[8.93072,36.16637],[8.94833,36.17113]],[[8.88028,36.1045],[8.85982,36.08356],[8.84839,36.07738],[8.80701,35.99524],[8.78131,35.97025],[8.76632,35.94884],[8.7392,35.92457],[8.71778,35.8953],[8.7085,35.8746]],[[10.12241,36.78617],[10.14144,36.8033],[10.17047,36.81377],[10.21663,36.83804],[10.26755,36.84899],[10.31083,36.85415]],[[10.12288,36.78665],[10.03389,36.74524],[10.00058,36.71812],[9.94061,36.70289],[9.88018,36.69194],[9.80879,36.66529],[9.80451,36.65673],[9.78214,36.64769],[9.71694,36.59819],[9.70219,36.58868],[9.65841,36.57202],[9.6251,36.54347],[9.60892,36.53347],[9.56085,36.52157],[9.53611,36.50682],[9.48328,36.50587],[9.46329,36.49445],[9.42855,36.48398],[9.40714,36.47399],[9.36098,36.4402],[9.30673,36.41402],[9.26056,36.41117],[9.25057,36.40688],[9.23487,36.39308],[9.17709,36.36872],[9.12094,36.33303],[9.07478,36.29686],[9.02433,36.24689],[8.96247,36.1736],[8.94676,36.17027]]]}},{"type":"Feature","properties":{"id":2271,"name":null,"kind":"Secondary Road","period":"RL","known":"0"},"geometry":{"type":"LineString","coordinates":[[9.17837,45.47689],[9.02657,45.48643],[8.95804,45.49429],[8.89451,45.48715],[8.81851,45.47319],[8.72653,45.44907],[8.69226,45.44479],[8.6209,45.44892],[8.55252,45.42179],[8.50231,45.39526],[8.4687,45.37027],[8.44818,45.3438],[8.43509,45.33488],[8.41722,45.33104]]}},{"type":"Feature","properties":{"id":2273,"name":null,"kind":"Secondary Road","period":"RL","known":"0"},"geometry":{"type":"LineString","coordinates":[[10.33344,45.99556],[10.326,45.98902],[10.31797,45.97355],[10.28489,45.95614],[10.26057,45.94856],[10.1871,45.89979],[10.11732,45.82336],[10.11215,45.81621],[10.11405,45.78738],[10.10947,45.771],[10.0946,45.75375],[10.0946,45.74661],[10.10845,45.73258],[10.11487,45.71688],[10.10988,45.70355],[10.09774,45.68856],[10.03951,45.65775],[10.03237,45.65133],[10.03166,45.64348],[10.03808,45.63563],[10.0598,45.62526],[10.09668,45.597],[10.16479,45.55328]]}},{"type":"Feature","properties":{"id":2274,"name":null,"kind":"Secondary Road","period":"RL","known":"0"},"geometry":{"type":"LineString","coordinates":[[10.31854,45.51743],[10.3581,45.52605],[10.42978,45.56918],[10.43722,45.57691],[10.44257,45.59208],[10.4512,45.6013],[10.50146,45.63075],[10.50979,45.63908],[10.51029,45.64669],[10.50529,45.65525],[10.49046,45.65692],[10.45536,45.65395],[10.42651,45.66198],[10.40212,45.69113],[10.39082,45.69648],[10.38725,45.70421],[10.39023,45.70897],[10.42294,45.72622],[10.43811,45.73961],[10.44692,45.74502],[10.46155,45.74145]]}},{"type":"Feature","properties":{"id":2275,"name":null,"kind":"Secondary Road","period":"RL","known":"0"},"geometry":{"type":"LineString","coordinates":[[11.55499,45.55639],[11.56692,45.54748],[11.59976,45.5357],[11.65937,45.49894],[11.7047,45.47752],[11.73753,45.45075],[11.84461,45.41256],[11.88187,45.40797]]}},{"type":"Feature","properties":{"id":2277,"name":null,"kind":"Secondary Road","known":"1"},"geometry":{"type":"LineString","coordinates":[[13.13418,46.26792],[13.20699,46.23794],[13.21699,46.22938],[13.24054,46.22295],[13.26267,46.20368],[13.3776,46.12444],[13.43399,46.09946],[13.45684,46.07447],[13.4654,46.05449],[13.4704,46.02665],[13.47397,45.95741],[13.47183,45.88531]]}},{"type":"Feature","properties":{"id":2568,"name":null,"kind":"Main Road","known":"0"},"geometry":{"type":"LineString","coordinates":[[14.91964,37.06275],[14.94172,37.05799],[14.95885,37.04466],[15.00787,37.03419],[15.03214,37.01801],[15.03761,37.01801],[15.04546,37.02872],[15.05569,37.03134],[15.05807,37.03919],[15.0821,37.02943],[15.1216,37.02301],[15.15111,37.02348],[15.17467,37.02848],[15.20536,37.04585]]}},{"type":"Feature","properties":{"id":2569,"name":null,"kind":"Main Road","known":"1"},"geometry":{"type":"LineString","coordinates":[[15.20536,37.04585],[15.27556,37.07512],[15.28674,37.07441],[15.28877,37.07696]]}},{"type":"Feature","properties":{"id":2570,"name":null,"kind":"Main Road","known":"1"},"geometry":{"type":"LineString","coordinates":[[15.28674,37.07441],[15.28959,37.06965],[15.27793,37.06441],[15.27365,37.05632],[15.27175,37.04871],[15.27508,37.03372],[15.27222,37.02158],[15.25057,36.98541],[15.24391,36.97851],[15.21964,36.97185],[15.18276,36.94865],[15.18014,36.9427],[15.15563,36.92271],[15.14231,36.90749],[15.12279,36.87822]]}},{"type":"Feature","properties":{"id":2571,"name":null,"kind":"Main Road","known":"1"},"geometry":{"type":"LineString","coordinates":[[15.12279,36.87822],[15.10304,36.84693]]}},{"type":"Feature","properties":{"id":2572,"name":null,"kind":"Main Road","known":"1"},"geometry":{"type":"LineString","coordinates":[[15.10304,36.84693],[15.09355,36.82163],[15.08917,36.78832],[15.11316,36.73997],[15.11449,36.72865],[15.11011,36.70809],[15.11773,36.69743],[15.13238,36.6921],[15.14076,36.68125],[15.10288,36.6881],[15.06633,36.7178],[15.04977,36.72351],[15.00998,36.73283],[14.99533,36.7334],[14.95097,36.74654],[14.93841,36.74768],[14.87293,36.73474],[14.81867,36.71989],[14.79393,36.70961],[14.7728,36.71361],[14.74463,36.72389],[14.70636,36.72332],[14.68676,36.74311],[14.64716,36.76538],[14.58282,36.7829],[14.52286,36.79413],[14.48993,36.81117],[14.47413,36.83629],[14.4667,36.8578],[14.38447,36.97145],[14.35439,37.00171],[14.27597,37.06615],[14.20211,37.08728],[14.17908,37.10022],[14.16746,37.1027],[14.16347,37.11183],[14.15738,37.11564],[14.13453,37.1185],[14.07685,37.11774],[14.03459,37.11164],[13.97178,37.11526],[13.94494,37.09927],[13.93313,37.11088],[13.92019,37.11279],[13.89544,37.12335],[13.88307,37.13363],[13.83586,37.15495],[13.79113,37.16047],[13.78047,37.15819],[13.75001,37.17494],[13.72165,37.17855],[13.67577,37.19683],[13.66854,37.20282],[13.66454,37.21996],[13.64817,37.24489],[13.58921,37.31027]]}},{"type":"Feature","properties":{"id":2573,"name":null,"kind":"Main Road","known":"0"},"geometry":{"type":"LineString","coordinates":[[15.97086,40.01274],[15.9658,39.98049],[16.01149,39.97157],[16.04504,39.958],[16.07145,39.93338],[16.08573,39.92624],[16.13855,39.88162],[16.14426,39.87484],[16.14069,39.83986],[16.14533,39.83558]]}},{"type":"Feature","properties":{"id":2574,"name":null,"kind":"Main Road","known":"1"},"geometry":{"type":"LineString","coordinates":[[15.9658,39.98049],[15.89941,39.9937],[15.88906,39.99976],[15.88341,40.01271]]}},{"type":"Feature","properties":{"id":2575,"name":null,"kind":"Main Road","known":"1"},"geometry":{"type":"LineString","coordinates":[[16.14533,39.83522],[16.16996,39.83183],[16.24848,39.79328],[16.27025,39.77544],[16.29274,39.72707],[16.29774,39.6946],[16.29559,39.67996],[16.28953,39.66354],[16.2417,39.5736],[16.21065,39.49918],[16.20958,39.48276],[16.21636,39.45028],[16.23991,39.41424],[16.24848,39.39318],[16.25276,39.35124],[16.25348,39.29128]]}},{"type":"Feature","properties":{"id":2576,"name":null,"kind":"Main Road","known":"0"},"geometry":{"type":"LineString","coordinates":[[16.25348,39.29128],[16.25872,39.28058],[16.26978,39.27023],[16.28156,39.24739],[16.29405,39.20813],[16.29405,39.18814],[16.28228,39.17386],[16.23909,39.16458],[16.22517,39.13889],[16.20518,39.11711]]}},{"type":"Feature","properties":{"id":2577,"name":null,"kind":"Main Road","known":"0"},"geometry":{"type":"LineString","coordinates":[[16.25765,38.91895],[16.26729,38.98926],[16.26479,39.00961],[16.27835,39.0271],[16.27014,39.09384],[16.25158,39.11561],[16.25051,39.12382],[16.25658,39.13507],[16.26871,39.14363],[16.26479,39.15327],[16.25158,39.16851]]}},{"type":"Feature","properties":{"id":2578,"name":null,"kind":"Main Road","known":"0"},"geometry":{"type":"LineString","coordinates":[[16.20518,39.11711],[16.1545,39.08581],[16.11738,39.05583]]}},{"type":"Feature","properties":{"id":2579,"name":null,"kind":"Main Road","known":"1"},"geometry":{"type":"LineString","coordinates":[[16.11738,39.05583],[16.12666,39.03781],[16.13094,39.01532],[16.16092,38.96142],[16.17734,38.95286],[16.21196,38.94572],[16.25372,38.92323],[16.28156,38.90253],[16.28656,38.88362],[16.2812,38.86773],[16.23659,38.80706],[16.22374,38.79564],[16.20661,38.76316],[16.18519,38.74424],[16.16521,38.73353],[16.1495,38.71997],[16.1263,38.71319],[16.11738,38.70462],[16.10025,38.67375]]}},{"type":"Feature","properties":{"id":2580,"name":null,"kind":"Main Road","known":"0"},"geometry":{"type":"LineString","coordinates":[[16.10384,38.68013],[16.24887,38.72372],[16.32275,38.74977],[16.38521,38.7562],[16.4077,38.7694],[16.48051,38.79403],[16.52798,38.80509],[16.57224,38.80902]]}},{"type":"Feature","properties":{"id":2581,"name":null,"kind":"Main Road","known":"0"},"geometry":{"type":"LineString","coordinates":[[16.57224,38.80902],[16.59087,38.80799]]}},{"type":"Feature","properties":{"id":2582,"name":null,"kind":"Secondary Road","known":"0"},"geometry":{"type":"LineString","coordinates":[[16.59087,38.80799],[16.52484,38.90864],[16.51092,38.94022],[16.47237,38.92095],[16.43168,38.90774],[16.31533,38.88526],[16.28656,38.88362]]}},{"type":"Feature","properties":{"id":2583,"name":null,"kind":"Main Road","known":"0"},"geometry":{"type":"LineString","coordinates":[[16.10025,38.67375],[16.07871,38.64396],[16.05373,38.6204],[16.02303,38.59649],[15.94451,38.55223]]}},{"type":"Feature","properties":{"id":2584,"name":null,"kind":"Main Road","known":"1"},"geometry":{"type":"LineString","coordinates":[[15.94451,38.55223],[15.94166,38.51886],[15.9181,38.45354],[15.88134,38.39411],[15.84564,38.34771],[15.84029,38.31559],[15.8203,38.28454],[15.79675,38.26848],[15.76641,38.25331],[15.69681,38.23868],[15.66826,38.2244],[15.65969,38.21726],[15.65612,38.20977],[15.65755,38.18157],[15.66719,38.16015],[15.66861,38.14302],[15.66504,38.12375],[15.65148,38.09555],[15.65148,38.08841],[15.65898,38.07003],[15.66326,38.04398],[15.66219,38.03113],[15.64684,38.01507],[15.64434,38.00757],[15.68967,37.96081],[15.72322,37.94261],[15.76855,37.92548],[15.78818,37.92084],[15.79782,37.92459],[15.89062,37.93351],[15.93273,37.93422],[15.98734,37.92352],[16.01268,37.92316],[16.0573,37.93315],[16.08942,37.94814],[16.10298,37.96171],[16.12832,38.01382],[16.14332,38.06218],[16.15331,38.12214],[16.16402,38.14034],[16.19257,38.17318],[16.2404,38.20816],[16.25646,38.23011],[16.32285,38.29293],[16.3439,38.30435],[16.4367,38.33255],[16.47882,38.35253],[16.56734,38.42588],[16.57947,38.44123],[16.5834,38.45408],[16.56948,38.53349],[16.56769,38.55955],[16.55342,38.62486],[16.5527,38.6602],[16.55556,38.6709],[16.55127,38.68465],[16.53521,38.70106],[16.53236,38.71855],[16.55163,38.7364],[16.55627,38.74853],[16.56305,38.75389],[16.56555,38.76674],[16.59087,38.80799],[16.61552,38.82313]]}},{"type":"Feature","properties":{"id":2585,"name":null,"kind":"Main Road","known":"1"},"geometry":{"type":"LineString","coordinates":[[16.61552,38.82313],[16.62808,38.83138],[16.65557,38.84066],[16.67056,38.85315],[16.70054,38.8685],[16.73587,38.89187],[16.82439,38.92757],[16.90184,38.94434],[16.92718,38.9422],[16.9643,38.94684],[17.0132,38.93899],[17.03319,38.94363],[17.04032,38.95219]]}},{"type":"Feature","properties":{"id":2586,"name":null,"kind":"Main Road","known":"0"},"geometry":{"type":"LineString","coordinates":[[17.04032,38.95219],[17.05253,38.96611],[17.06895,39.02143],[17.08929,39.03928],[17.10464,39.04785],[17.11713,39.06623]]}},{"type":"Feature","properties":{"id":2587,"name":null,"kind":"Secondary Road","known":"0"},"geometry":{"type":"LineString","coordinates":[[17.12463,39.06908],[17.12748,39.05873],[17.13462,39.05195],[17.15996,39.03625],[17.18566,39.02697],[17.20672,39.0259]]}},{"type":"Feature","properties":{"id":2588,"name":null,"kind":"Main Road","known":"1"},"geometry":{"type":"LineString","coordinates":[[17.11713,39.06623],[17.12891,39.07872],[17.11,39.09121],[17.10357,39.10692],[17.10143,39.14475],[17.11071,39.17509],[17.11035,39.2065]]}},{"type":"Feature","properties":{"id":2589,"name":null,"kind":"Secondary Road","known":"0"},"geometry":{"type":"LineString","coordinates":[[17.12463,39.06908],[17.12606,39.07694]]}},{"type":"Feature","properties":{"id":2590,"name":null,"kind":"Main Road","known":"1"},"geometry":{"type":"LineString","coordinates":[[17.11035,39.2065],[17.1,39.26164],[17.10072,39.29591],[17.11856,39.3846],[17.11499,39.39317],[17.00649,39.46883],[16.87122,39.53004],[16.82874,39.55253],[16.7984,39.59108],[16.77984,39.60214],[16.66849,39.60428],[16.5996,39.61356],[16.52572,39.64854],[16.50288,39.69441],[16.4811,39.72938],[16.47825,39.76865],[16.4861,39.80184],[16.51216,39.84877],[16.55963,39.89517],[16.60852,39.93372],[16.61816,39.95299],[16.62458,39.95942],[16.59817,40.00385],[16.59765,40.01555]]}},{"type":"Feature","properties":{"id":2591,"name":null,"kind":"Secondary Road","known":"0"},"geometry":{"type":"LineString","coordinates":[[16.48681,39.71761],[16.46592,39.71169],[16.45379,39.70063],[16.44415,39.69849],[16.42916,39.70277],[16.40703,39.70099],[16.31923,39.70777],[16.28961,39.70206],[16.27033,39.69635],[16.22857,39.66851],[16.20252,39.6578],[16.16468,39.65102],[16.12542,39.63388],[16.04083,39.60961],[16.01442,39.62603],[16.00014,39.62675],[15.99086,39.63424],[15.98051,39.63353],[15.94125,39.60926],[15.91912,39.60569],[15.89949,39.60497],[15.87165,39.60961],[15.85416,39.61675]]}},{"type":"Feature","properties":{"id":2592,"name":null,"kind":"Main Road","known":"1"},"geometry":{"type":"LineString","coordinates":[[15.69084,40.01057],[15.6939,40.00105],[15.71103,39.9864],[15.7255,39.96736],[15.73235,39.96355],[15.74168,39.93747],[15.76909,39.93462],[15.7925,39.8738],[15.79669,39.84905],[15.78565,39.83449],[15.78813,39.81698],[15.81744,39.79804],[15.82791,39.77919],[15.82734,39.76358],[15.83362,39.74816],[15.83,39.73598],[15.81763,39.72209],[15.81344,39.71162],[15.81668,39.68392],[15.81991,39.6763],[15.83476,39.66698],[15.86027,39.60292],[15.87264,39.58617],[15.87645,39.55248],[15.88711,39.54372],[15.91148,39.53477],[15.93242,39.51945],[15.9623,39.47624],[15.98895,39.45054],[16.01998,39.40305],[16.03407,39.37478],[16.06034,39.28636],[16.07252,39.14197],[16.08432,39.12113],[16.09251,39.0941],[16.10926,39.07411],[16.11738,39.05583]]}},{"type":"Feature","properties":{"id":2593,"name":null,"kind":"Secondary Road","known":"0"},"geometry":{"type":"LineString","coordinates":[[15.93511,38.49864],[15.95424,38.49257],[15.98934,38.48871],[16.02176,38.49198],[16.03127,38.4896],[16.04377,38.48067],[16.05864,38.45391],[16.06072,38.4313],[16.07143,38.41256],[16.07381,38.38133],[16.0857,38.35605],[16.09968,38.34356],[16.11456,38.33612],[16.11872,38.3275],[16.1556,38.29835],[16.17404,38.26429],[16.21122,38.24585],[16.2404,38.20816]]}},{"type":"Feature","properties":{"id":2594,"name":null,"kind":"Secondary Road","known":"0"},"geometry":{"type":"LineString","coordinates":[[16.0866,38.35486],[16.06369,38.35085],[16.00332,38.35293],[15.95721,38.36423],[15.93342,38.38178],[15.91766,38.41286],[15.90082,38.42582]]}},{"type":"Feature","properties":{"id":2595,"name":null,"kind":"Secondary Road","known":"0"},"geometry":{"type":"LineString","coordinates":[[16.29441,39.19332],[16.32923,39.17363],[16.38634,39.17506],[16.40537,39.16935],[16.52339,39.19267],[16.55004,39.1941],[16.60144,39.18601],[16.65522,39.19505],[16.68996,39.19362],[16.72375,39.18791],[16.75563,39.18125],[16.78418,39.16983],[16.80893,39.16412],[16.82939,39.16602],[16.85842,39.18172],[16.87365,39.18505],[16.94932,39.16031],[17.07257,39.16507],[17.11071,39.17509]]}},{"type":"Feature","properties":{"id":2596,"name":null,"kind":"Secondary Road","known":"0"},"geometry":{"type":"LineString","coordinates":[[16.26087,39.60986],[16.31947,39.62538],[16.33851,39.63585],[16.34946,39.64858],[16.37182,39.65762],[16.43225,39.70194]]}},{"type":"Feature","properties":{"id":2597,"name":null,"kind":"Secondary Road","known":"0"},"geometry":{"type":"LineString","coordinates":[[16.29642,39.70339],[16.277,39.70599],[16.25035,39.70361],[16.21466,39.70789],[16.14661,39.72502],[16.12186,39.73597],[16.1033,39.75881],[16.07855,39.77166],[16.01526,39.78736],[15.99813,39.80021],[15.98052,39.80116],[15.96767,39.79831],[15.94911,39.80164],[15.93246,39.7945],[15.89438,39.79641],[15.88915,39.80116],[15.89581,39.82591],[15.89581,39.84828],[15.90343,39.8578],[15.9453,39.86541],[15.98623,39.88064],[16.02811,39.88349],[16.05761,39.87826],[16.07475,39.85018],[16.08141,39.82448],[16.09616,39.80925],[16.10235,39.79688],[16.10996,39.74977]]}},{"type":"Feature","properties":{"id":2598,"name":null,"kind":"Secondary Road","known":"0"},"geometry":{"type":"LineString","coordinates":[[16.14053,39.63982],[16.09597,39.63889],[16.06789,39.6465],[16.05457,39.65649],[16.03363,39.66363],[15.95796,39.67934],[15.93845,39.69028],[15.92798,39.71122],[15.91942,39.7136],[15.898,39.70932],[15.86278,39.72217],[15.81763,39.72209]]}},{"type":"Feature","properties":{"id":2599,"name":null,"kind":"Secondary Road","known":"0"},"geometry":{"type":"LineString","coordinates":[[15.8262,39.78471],[15.87095,39.80549],[15.8901,39.8083]]}},{"type":"Feature","properties":{"id":2600,"name":null,"kind":"Main Road","known":"1"},"geometry":{"type":"LineString","coordinates":[[14.87209,40.65234],[14.84663,40.65948],[14.82355,40.65686],[14.81332,40.66328],[14.81165,40.66852],[14.79975,40.67423],[14.77501,40.67589],[14.72742,40.69184],[14.70695,40.7355],[14.69982,40.74383],[14.67055,40.7493],[14.60416,40.75477]]}},{"type":"Feature","properties":{"id":2601,"name":null,"kind":"Secondary Road","known":"0"},"geometry":{"type":"LineString","coordinates":[[14.52943,40.92884],[14.58963,40.96335],[14.62627,40.95169],[14.67814,40.91671],[14.70527,40.906],[14.78546,40.91433],[14.81448,40.92028],[14.80877,40.93146],[14.80735,40.94241],[14.81187,40.96691],[14.82115,40.98547],[14.8221,40.9963],[14.81139,41.01272],[14.77808,41.02628],[14.77308,41.03247],[14.76927,41.0565],[14.77546,41.11087],[14.77332,41.12539],[14.76433,41.13948]]}},{"type":"Feature","properties":{"id":2602,"name":null,"kind":"Secondary Road","known":"0"},"geometry":{"type":"LineString","coordinates":[[14.7892,40.9151],[14.78236,40.89101],[14.75619,40.86745],[14.75167,40.85817],[14.74786,40.82093],[14.73739,40.80119],[14.73572,40.78619],[14.72621,40.77858],[14.6533,40.751]]}},{"type":"Feature","properties":{"id":2603,"name":null,"kind":"Main Road","known":"0"},"geometry":{"type":"LineString","coordinates":[[14.64223,40.7521],[14.64197,40.77501],[14.63008,40.80666],[14.55655,40.83378],[14.53537,40.85187],[14.53228,40.85901],[14.53323,40.90838],[14.52943,40.92884],[14.50991,40.94431]]}},{"type":"Feature","properties":{"id":2604,"name":null,"kind":"Main Road","known":"0"},"geometry":{"type":"LineString","coordinates":[[14.28774,40.84619],[14.33442,40.81445],[14.35655,40.7972],[14.36107,40.78935],[14.39914,40.76508],[14.4572,40.76222]]}},{"type":"Feature","properties":{"id":2605,"name":null,"kind":"Secondary Road","known":"1"},"geometry":{"type":"LineString","coordinates":[[14.4572,40.76222],[14.6063,40.81478]]}},{"type":"Feature","properties":{"id":2606,"name":null,"kind":"Main Road","known":"1"},"geometry":{"type":"LineString","coordinates":[[14.4572,40.76222],[14.50393,40.7577]]}},{"type":"Feature","properties":{"id":2607,"name":null,"kind":"Secondary Road","known":"0"},"geometry":{"type":"LineString","coordinates":[[14.4605,40.7619],[14.4837,40.74069],[14.49275,40.7226],[14.49013,40.71261],[14.47466,40.70095],[14.43992,40.69191],[14.43374,40.68763],[14.42541,40.67287],[14.41208,40.66312],[14.40566,40.66193],[14.40375,40.65003],[14.39899,40.64361],[14.36616,40.63099]]}},{"type":"Feature","properties":{"id":2608,"name":null,"kind":"Main Road","known":"0"},"geometry":{"type":"LineString","coordinates":[[14.81448,40.92028],[14.8523,40.92866],[14.86067,40.92593]]}},{"type":"Feature","properties":{"id":2145,"name":null,"kind":"Main Road","known":"0"},"geometry":{"type":"LineString","coordinates":[[18.36492,40.00207],[18.3773,40.033],[18.39681,40.05394],[18.41584,40.06822],[18.4582,40.08868],[18.44535,40.05299],[18.42774,40.02253],[18.42013,40.0016]]}},{"type":"Feature","properties":{"id":2146,"name":null,"kind":"Main Road","known":"1"},"geometry":{"type":"LineString","coordinates":[[18.4582,40.08868],[18.49114,40.13309],[18.49322,40.14201],[18.41232,40.13874]]}},{"type":"Feature","properties":{"id":2147,"name":null,"kind":"Main Road","known":"0"},"geometry":{"type":"LineString","coordinates":[[18.41172,40.13874],[18.39579,40.13728],[18.3918,40.14053],[18.37395,40.1435],[18.33261,40.16313],[18.30346,40.19183],[18.28323,40.23853],[18.22166,40.2885],[18.16991,40.35289]]}},{"type":"Feature","properties":{"id":2148,"name":null,"kind":"Main Road","known":"0"},"geometry":{"type":"LineString","coordinates":[[18.07313,40.00586],[18.04899,40.06114],[18.03922,40.09212],[18.03,40.13197],[18.03,40.18462],[17.98866,40.22313],[17.94821,40.2499],[17.88634,40.28292],[17.82774,40.30195],[17.75458,40.33824],[17.68736,40.36635],[17.63382,40.39758],[17.58593,40.40145],[17.51633,40.41513],[17.44078,40.44011],[17.39825,40.45915]]}},{"type":"Feature","properties":{"id":2149,"name":null,"kind":"Secondary Road","known":"0"},"geometry":{"type":"LineString","coordinates":[[17.66796,40.30624],[17.6544,40.3179],[17.64179,40.33598],[17.63227,40.3643],[17.6318,40.39047],[17.64012,40.45008],[17.63822,40.491],[17.63275,40.50932],[17.59254,40.56584],[17.55494,40.61128],[17.50164,40.66066],[17.43478,40.73478],[17.41408,40.75334],[17.38505,40.80045],[17.37386,40.82877],[17.3722,40.85363],[17.38076,40.88718]]}},{"type":"Feature","properties":{"id":2150,"name":null,"kind":"Main Road","known":"1"},"geometry":{"type":"LineString","coordinates":[[18.16991,40.35289],[18.16474,40.36076],[18.15474,40.36433],[18.11976,40.39823],[18.04624,40.48389],[18.02625,40.51352],[18.00948,40.54814],[17.94844,40.64005],[17.80318,40.56152],[17.72858,40.54582],[17.62864,40.50085],[17.44519,40.493],[17.38701,40.46694],[17.39825,40.45915]]}},{"type":"Feature","properties":{"id":2151,"name":"Via_Appia","kind":"Main Road","known":"1"},"geometry":{"type":"LineString","coordinates":[[17.38701,40.46694],[17.25638,40.46783],[17.23068,40.47569],[17.06971,40.5733],[17.0358,40.58722],[16.91588,40.61292],[16.73813,40.70144],[16.65068,40.72945],[16.53754,40.77657],[16.44439,40.81083]]}},{"type":"Feature","properties":{"id":2152,"name":null,"kind":"Main Road","known":"1"},"geometry":{"type":"LineString","coordinates":[[16.59765,40.01555],[16.59622,40.0384],[16.59979,40.07052],[16.61264,40.12263],[16.62763,40.13619],[16.63986,40.14181],[16.66861,40.17988],[16.67755,40.19473],[16.70725,40.26678]]}},{"type":"Feature","properties":{"id":2153,"name":null,"kind":"Main Road","known":"0"},"geometry":{"type":"LineString","coordinates":[[16.70725,40.26678],[16.71696,40.29967]]}},{"type":"Feature","properties":{"id":2154,"name":null,"kind":"Main Road","known":"1"},"geometry":{"type":"LineString","coordinates":[[16.71696,40.29967],[16.74243,40.3326],[16.8437,40.44634]]}},{"type":"Feature","properties":{"id":2155,"name":null,"kind":"Main Road","known":"0"},"geometry":{"type":"LineString","coordinates":[[17.08223,40.5654],[17.01969,40.54321],[16.90109,40.48791],[16.86531,40.46602],[16.8437,40.44634]]}},{"type":"Feature","properties":{"id":2156,"name":null,"kind":"Secondary Road","known":"1"},"geometry":{"type":"LineString","coordinates":[[16.83342,40.43511],[16.84319,40.4609],[16.84771,40.53485],[16.84665,40.64746]]}},{"type":"Feature","properties":{"id":2157,"name":null,"kind":"Main Road","known":"0"},"geometry":{"type":"LineString","coordinates":[[16.8136,40.4121],[16.78437,40.44424],[16.75189,40.46891],[16.72884,40.48018],[16.67323,40.49614],[16.65595,40.5047],[16.62811,40.52986],[16.60819,40.56213],[16.58392,40.58446],[16.55126,40.60317],[16.45183,40.64209],[16.38549,40.68231],[16.24196,40.72804],[16.15773,40.76349],[16.11823,40.7763],[16.08635,40.77915],[16.0577,40.78619],[16.02048,40.78515]]}},{"type":"Feature","properties":{"id":2158,"name":"Via_Herdonitana","kind":"Main Road","known":"1"},"geometry":{"type":"LineString","coordinates":[[15.61997,41.31647],[15.58903,41.2662],[15.56316,41.24062],[15.55602,41.22843],[15.55334,41.20909]]}},{"type":"Feature","properties":{"id":2159,"name":null,"kind":"Secondary Road","known":"0"},"geometry":{"type":"LineString","coordinates":[[15.62056,41.31587],[15.64228,41.28999],[15.67559,41.26025],[15.6863,41.24389],[15.71009,41.21653],[15.72556,41.20404],[15.74489,41.17875]]}},{"type":"Feature","properties":{"id":2160,"name":null,"kind":"Secondary Road","known":"1"},"geometry":{"type":"LineString","coordinates":[[15.62056,41.31587],[15.63157,41.29118],[15.63841,41.2659],[15.63662,41.25073],[15.60896,41.18173],[15.60569,41.15377],[15.61253,41.13146],[15.63246,41.10395],[15.63305,41.08283],[15.64763,41.06618],[15.67351,41.04803],[15.74073,41.02126],[15.75917,41.00758],[15.7901,40.99613],[15.80229,40.97442]]}},{"type":"Feature","properties":{"id":2161,"name":null,"kind":"Secondary Road","known":"0"},"geometry":{"type":"LineString","coordinates":[[15.77939,41.1267],[15.8017,41.04997],[15.81538,41.03599],[15.85464,41.0116],[15.97867,40.96996],[16.04321,40.95568],[16.15416,40.95033],[16.19372,40.96698],[16.21543,40.96431],[16.3118,40.9188],[16.33143,40.90512],[16.37099,40.87671],[16.42661,40.81633]]}},{"type":"Feature","properties":{"id":2162,"name":null,"kind":"Main Road","known":"0"},"geometry":{"type":"LineString","coordinates":[[16.44439,40.81083],[16.42661,40.81633],[16.42155,40.81366],[16.39894,40.81425],[16.38199,40.8196],[16.35016,40.83596],[16.33262,40.83983],[16.27135,40.84816],[16.21721,40.84964],[16.18122,40.8547],[16.10032,40.89396],[16.045,40.91627],[15.92127,40.95672],[15.87814,40.95077],[15.84066,40.95166]]}},{"type":"Feature","properties":{"id":2201,"name":null,"kind":"Main Road","period":"RL","known":"1"},"geometry":{"type":"MultiLineString","coordinates":[[[8.41695,45.3316],[8.55258,45.24356],[8.59541,45.20758],[8.62664,45.19151],[8.75186,45.14601],[8.79053,45.12727],[8.82711,45.13322],[8.98118,45.17694],[8.9951,45.17902],[9.06738,45.16891],[9.09266,45.1698],[9.14084,45.18259],[9.14335,45.19189]],[[7.12327,45.71469],[7.15256,45.70799],[7.20217,45.70647],[7.21858,45.71004],[7.29354,45.7393],[7.32947,45.74549],[7.43648,45.74791],[7.4924,45.75386],[7.59739,45.75356],[7.62476,45.75624],[7.64974,45.75297],[7.67027,45.73423],[7.67473,45.72322],[7.6774,45.68902],[7.68395,45.67415],[7.73868,45.634],[7.75117,45.61972],[7.80381,45.59741],[7.82969,45.56529],[7.8404,45.54685],[7.86092,45.49569],[7.86657,45.48587],[7.87579,45.47933],[7.90336,45.46877],[8.01865,45.41059],[8.03649,45.4056],[8.3513,45.32957],[8.41722,45.33104]]]}},{"type":"Feature","properties":{"id":2620,"name":null,"kind":"Main Road","period":"RL","known":"0"},"geometry":{"type":"LineString","coordinates":[[7.26317,36.09436],[7.30543,36.07282],[7.33612,36.06283],[7.3918,36.03713],[7.44962,36.00429],[7.47032,35.99573],[7.55955,35.98502],[7.66377,35.96289],[7.71588,35.92006],[7.76442,35.87009],[7.77799,35.86081],[7.81368,35.85724],[7.82296,35.85224],[7.83652,35.8344],[7.88649,35.81798],[7.89291,35.80584],[7.89363,35.79442],[7.90862,35.77087],[7.93503,35.75159],[8.00213,35.69327],[8.02569,35.66044],[8.05067,35.61297],[8.10421,35.47805],[8.11349,35.44593],[8.14048,35.40452]]}},{"type":"Feature","properties":{"id":2623,"name":null,"kind":"Main Road","period":"RL","known":"0"},"geometry":{"type":"LineString","coordinates":[[8.79323,34.40796],[8.80877,34.42635],[8.81876,34.45205],[8.81448,34.49988],[8.81876,34.53486],[8.80092,34.59824],[8.8002,34.66178],[8.79235,34.70603],[8.77593,34.75172],[8.74524,34.8024],[8.63816,34.94196],[8.61389,34.96908],[8.59176,34.9855],[8.54536,34.99799],[8.48611,35.02012],[8.40902,35.06795],[8.35834,35.09008],[8.29266,35.12434],[8.24341,35.16503],[8.23127,35.18074],[8.21414,35.21643],[8.212,35.24926],[8.21486,35.28067],[8.212,35.29923],[8.19844,35.3235],[8.19058,35.34849],[8.14048,35.40452]]}},{"type":"Feature","properties":{"id":2626,"name":null,"kind":"Main Road","period":"RL","known":"1"},"geometry":{"type":"LineString","coordinates":[[8.79306,34.40779],[8.79092,34.39851],[8.80092,34.35996],[8.81091,34.3464],[8.85017,34.31357],[8.8566,34.29144],[8.8566,34.26788],[8.86588,34.24075],[8.86302,34.07764],[8.85517,34.05337],[8.85303,34.02696],[8.85517,33.98627],[8.86159,33.96771],[8.8566,33.92631],[8.85874,33.91132],[8.88158,33.846],[8.87516,33.78033],[8.87944,33.75891],[8.89229,33.73321],[8.90228,33.70252]]}},{"type":"Feature","properties":{"id":2628,"name":null,"kind":"Secondary Road","known":"0"},"geometry":{"type":"LineString","coordinates":[[8.90228,33.70252],[8.83589,33.73154],[8.70955,33.79721],[8.61532,33.8404],[8.53822,33.89251],[8.51538,33.90179],[8.40973,33.96121],[8.36298,33.97799],[8.25376,34.03296],[8.26697,34.05294],[8.28731,34.0997],[8.30694,34.12986],[8.32586,34.15163],[8.33514,34.17019],[8.42579,34.24497],[8.49432,34.3085],[8.56535,34.35061],[8.64316,34.38309],[8.69848,34.39951],[8.74559,34.40736],[8.77843,34.40986],[8.79306,34.40779]]}},{"type":"Feature","properties":{"id":2630,"name":null,"kind":"Secondary Road","known":"0"},"geometry":{"type":"LineString","coordinates":[[8.25376,34.03296],[8.21295,33.99477],[8.138,33.93623],[8.09731,33.91553],[8.05519,33.90411],[7.87673,33.86842]]}},{"type":"Feature","properties":{"id":2631,"name":null,"kind":"Secondary Road","period":"RL","known":"1"},"geometry":{"type":"LineString","coordinates":[[8.79306,34.40779],[8.78561,34.41533],[8.77466,34.42009],[8.73183,34.42866],[8.69329,34.44436],[8.67282,34.44579],[8.62856,34.44008],[8.54861,34.41058],[8.51768,34.40582],[8.41013,34.39915],[8.31543,34.38678],[8.25499,34.38916],[8.21597,34.38726],[8.15315,34.40677],[8.12888,34.4101],[8.10365,34.40867],[8.01276,34.39202],[7.95137,34.38726],[7.94566,34.39582],[7.92757,34.4082],[7.85429,34.4477],[7.82145,34.46102],[7.76672,34.46768],[7.67916,34.47292],[7.58922,34.4891],[7.51117,34.46911],[7.4869,34.45293]]}},{"type":"Feature","properties":{"id":2635,"name":null,"kind":"Main Road","period":"RL","known":"1"},"geometry":{"type":"LineString","coordinates":[[8.14048,35.40452],[8.1526,35.40894],[8.17878,35.43154],[8.1996,35.46961],[8.24064,35.49757],[8.30013,35.52553],[8.37865,35.54457],[8.46134,35.57443],[8.51273,35.60584],[8.55521,35.63939],[8.59982,35.69881],[8.62141,35.7329],[8.62213,35.77359],[8.63212,35.79358],[8.65782,35.81571],[8.66496,35.83641],[8.68994,35.84854],[8.70279,35.85925],[8.7085,35.8746]]}},{"type":"Feature","properties":{"id":2637,"name":null,"kind":"Main Road","period":"RL","known":"0"},"geometry":{"type":"LineString","coordinates":[[9.08691,35.55662],[9.17676,35.57233],[9.41947,35.59231],[9.44802,35.59327],[9.46602,35.59039],[9.61839,35.60183],[9.68597,35.60183],[9.72737,35.5985]]}},{"type":"Feature","properties":{"id":2638,"name":null,"kind":"Main Road","known":"0"},"geometry":{"type":"LineString","coordinates":[[9.02077,36.00933],[9.0197,36.05288],[8.99292,36.13458],[8.9953,36.146],[9.02005,36.18169],[9.0329,36.21405],[9.05812,36.25593],[9.08572,36.28924],[9.12753,36.33094],[9.13141,36.33969]]}},{"type":"Feature","properties":{"id":2641,"name":null,"kind":"Main Road","period":"RL","known":"0"},"geometry":{"type":"LineString","coordinates":[[8.46134,35.57443],[8.47436,35.65581],[8.50934,35.77288],[8.54075,35.8307],[8.55431,35.87852],[8.56645,35.90351],[8.61285,35.94991],[8.63712,36.00701],[8.64997,36.01915],[8.65711,36.03485],[8.67138,36.04663],[8.70529,36.17741]]}},{"type":"Feature","properties":{"id":2643,"name":null,"kind":"Secondary Road","known":"0"},"geometry":{"type":"LineString","coordinates":[[8.59176,34.9855],[8.57873,35.00336],[8.54089,35.04048],[8.39027,35.16611],[8.36458,35.19966],[8.34102,35.22036],[8.31032,35.25748],[8.29605,35.28318],[8.2418,35.32601],[8.17702,35.36205]]}},{"type":"Feature","properties":{"id":2646,"name":null,"kind":"Main Road","period":"RL","known":"0"},"geometry":{"type":"LineString","coordinates":[[8.59176,34.9855],[8.61085,34.99765],[8.65225,35.01478],[8.68323,35.03263],[8.69465,35.05119],[8.70322,35.05904],[8.7175,35.06475],[8.73035,35.07617],[8.76818,35.09758],[8.78388,35.14827],[8.80002,35.16683]]}},{"type":"Feature","properties":{"id":2648,"name":null,"kind":"Main Road","known":"0"},"geometry":{"type":"MultiLineString","coordinates":[[[9.12989,35.258],[9.12608,35.31082],[9.11275,35.35937],[9.10276,35.42171],[9.09943,35.46977],[9.09324,35.49785],[9.09182,35.54591],[9.08658,35.55734]],[[9.12864,35.25751],[9.17718,35.22562],[9.32957,35.09867],[9.33705,35.06823],[9.34594,35.0507],[9.36147,35.03197],[9.49632,34.99178],[9.56152,34.96418],[9.59341,34.948],[9.61149,34.9342],[9.64385,34.91944],[9.66431,34.88518],[9.73522,34.85425],[9.77662,34.84711],[9.79614,34.83806],[9.82802,34.82902],[9.95889,34.72766],[9.98792,34.71481],[10.10975,34.64485],[10.18161,34.6163],[10.19065,34.60964],[10.3239,34.54777],[10.35959,34.53492],[10.42955,34.49923],[10.46733,34.52064],[10.49351,34.52683],[10.53301,34.54492],[10.57298,34.58061],[10.60344,34.59964],[10.62248,34.61678],[10.62676,34.62487],[10.6358,34.6282],[10.64151,34.63819],[10.65008,34.64485],[10.69316,34.66051]],[[9.02077,36.00933],[9.01256,35.82374],[9.02434,35.7834],[9.02886,35.74793],[9.08691,35.55662]]]}},{"type":"Feature","properties":{"id":2649,"name":null,"kind":"Secondary Road","period":"RL","known":"1"},"geometry":{"type":"MultiLineString","coordinates":[[[8.32213,35.00212],[8.40494,34.98891],[8.45848,34.98642],[8.54128,34.9882],[8.58943,34.98119]],[[7.69327,34.94457],[7.75181,34.95385],[7.87816,34.98668],[7.94883,35.01167],[8.02449,35.02237],[8.09302,35.02023],[8.15441,35.01309],[8.19153,35.01309],[8.32359,35.00239]]]}},{"type":"Feature","properties":{"id":2650,"name":null,"kind":"Secondary Road","period":"RL","known":"1"},"geometry":{"type":"LineString","coordinates":[[8.24481,35.16321],[8.27624,35.07626],[8.33341,34.984],[8.32984,34.9727],[8.31892,34.95893],[8.27752,34.9286],[8.26289,34.90932],[8.25717,34.89469],[8.25289,34.88148],[8.25396,34.87077],[8.26645,34.83365],[8.27431,34.82562],[8.27217,34.80742],[8.25075,34.79279],[8.20721,34.77958],[8.15724,34.76709],[8.10513,34.76066],[8.05516,34.74853],[8.04624,34.74068],[8.02411,34.7007],[8.00769,34.66126],[7.99163,34.6427],[7.97342,34.62771],[7.67504,34.5185],[7.59152,34.49262],[7.58922,34.4891]]}},{"type":"Feature","properties":{"id":2652,"name":null,"kind":"Secondary Road","known":"1"},"geometry":{"type":"LineString","coordinates":[[7.53349,34.47615],[7.52844,34.49309],[7.53094,34.52058],[7.54093,34.55627],[7.57734,34.63747],[7.59019,34.67816],[7.61196,34.71956],[7.62659,34.73848],[7.61981,34.75115],[7.60696,34.76364],[7.60268,34.78755],[7.60446,34.79683],[7.62802,34.8443],[7.64729,34.86643],[7.67977,34.91729],[7.69762,34.95513],[7.69548,35.00509],[7.67977,35.05399],[7.68334,35.06131],[7.72796,35.09415],[7.77614,35.14947],[7.8022,35.17338],[7.86858,35.21675],[7.92819,35.24709],[8.10201,35.3124],[8.12128,35.32597],[8.13877,35.3572],[8.14048,35.40452]]}},{"type":"Feature","properties":{"id":2653,"name":null,"kind":"Secondary Road","known":"1"},"geometry":{"type":"LineString","coordinates":[[8.14048,35.40452],[8.12592,35.39182],[8.09487,35.38147],[8.04776,35.37326],[7.94711,35.36326],[7.85574,35.36398],[7.82048,35.37349]]}},{"type":"Feature","properties":{"id":2668,"name":null,"kind":"Main Road","period":"RL","known":"1"},"geometry":{"type":"LineString","coordinates":[[6.2735,35.48327],[6.30513,35.49297],[6.33725,35.49714],[6.39019,35.51736],[6.40625,35.51736],[6.51456,35.49603],[6.53598,35.48919],[6.59695,35.48146],[6.63503,35.48086],[6.70462,35.50079],[6.75876,35.50882],[6.81111,35.5115],[6.9396,35.49216],[6.97499,35.48324],[7.06006,35.47313],[7.08831,35.45915],[7.11449,35.45439],[7.15249,35.4301],[7.18297,35.42321],[7.21747,35.42619],[7.31979,35.42381],[7.43757,35.40656],[7.55179,35.40061],[7.64459,35.39109],[7.68563,35.39466],[7.7588,35.37919],[7.81234,35.37265],[7.85279,35.37681],[7.8974,35.38574],[7.91347,35.39942],[7.94556,35.44687],[7.95332,35.45177],[7.97117,35.45236],[8.0485,35.42738],[8.11215,35.41251],[8.13562,35.41024],[8.14048,35.40452]]}},{"type":"Feature","properties":{"id":2674,"name":null,"kind":"Secondary Road","known":"1"},"geometry":{"type":"LineString","coordinates":[[8.99637,33.72309],[9.01541,33.76497],[9.02873,33.80399],[9.0925,33.88014],[9.13057,33.95152],[9.15342,33.99911],[9.15056,34.02957],[9.1696,34.06002],[9.16293,34.07715],[9.17721,34.10095],[9.18007,34.1276],[9.15056,34.18471],[9.12867,34.25038]]}},{"type":"Feature","properties":{"id":2675,"name":null,"kind":"Secondary Road","period":"R","known":"0"},"geometry":{"type":"LineString","coordinates":[[9.78128,33.87846],[9.77112,33.8611],[9.77017,33.83635],[9.77017,33.81351],[9.78254,33.78496],[9.77874,33.76402],[9.7597,33.74118],[9.71306,33.71548],[9.57696,33.62411],[9.52651,33.61744],[9.42467,33.58889],[9.34853,33.54035],[9.201,33.50133],[9.16293,33.49847],[9.12391,33.48324],[9.03254,33.42804],[8.9859,33.41091]]}},{"type":"Feature","properties":{"id":2676,"name":null,"kind":"Secondary Road","period":"RL","known":"0"},"geometry":{"type":"LineString","coordinates":[[9.47835,33.49352],[9.50653,33.49181],[9.51985,33.488],[9.54936,33.46611],[9.58457,33.43375],[9.61122,33.41566],[9.64549,33.36998],[9.6769,33.34999],[9.69022,33.3281],[9.76636,33.25101],[9.80919,33.23387],[9.87487,33.21674],[9.971,33.14345],[9.98718,33.11776],[10.02144,33.08254],[10.02525,33.06826]]}},{"type":"Feature","properties":{"id":2680,"name":null,"kind":"Secondary Road","period":"R","known":"0"},"geometry":{"type":"LineString","coordinates":[[10.54588,33.29764],[10.56206,33.28432],[10.57348,33.23958],[10.59727,33.10919],[10.6125,33.06826],[10.62868,33.05684],[10.66104,33.04161]]}},{"type":"Feature","properties":{"id":2682,"name":null,"kind":"Secondary Road","period":"RL","known":"0"},"geometry":{"type":"LineString","coordinates":[[10.46878,32.93787],[10.41834,32.93311],[10.35362,32.96262],[10.32792,32.97023],[10.30222,32.97499],[10.26891,32.97404],[10.2375,32.9826],[10.18134,33.01401],[10.11662,33.04447],[10.05476,33.05779],[10.03667,33.06731],[9.97481,33.07017],[9.93388,33.06731],[9.90342,33.05303],[9.85964,33.06446],[9.82918,33.07683],[9.80444,33.07778],[9.79111,33.06826],[9.76351,33.05875],[9.70831,33.0616],[9.6531,33.02543],[9.6274,33.00449]]}},{"type":"Feature","properties":{"id":2684,"name":null,"kind":"Secondary Road","period":"HRL","known":"0"},"geometry":{"type":"LineString","coordinates":[[10.38217,32.30588],[10.35742,32.23831],[10.34981,32.19072],[10.33648,32.14884],[10.33363,32.08412],[10.3441,32.03653],[10.33172,32.01369],[10.31554,31.95753],[10.31079,31.92136],[10.31745,31.81667],[10.31554,31.78811],[10.30507,31.76051],[10.32697,31.69198],[10.33553,31.60347],[10.33553,31.52161],[10.34124,31.4902],[10.3441,31.25987],[10.33458,31.22466],[10.33077,31.18373],[10.30412,31.10759],[10.28128,31.01431],[10.27842,30.9829],[10.28223,30.94674],[10.28128,30.90105],[10.27462,30.83347],[10.18229,30.67262],[10.10044,30.56126],[10.05856,30.51653],[10.04036,30.48956],[9.98337,30.42992],[9.92722,30.37757],[9.89771,30.3652],[9.82823,30.32237],[9.65881,30.2367],[9.55888,30.17579],[9.51956,30.14835]]}},{"type":"Feature","properties":{"id":2685,"name":null,"kind":"Secondary Road","period":"HRL","known":"0"},"geometry":{"type":"LineString","coordinates":[[9.51956,30.14835],[9.70259,30.16818],[9.80634,30.16627],[10.11186,30.17103],[10.23084,30.17008],[10.30888,30.17865],[10.41643,30.21577],[10.44403,30.23861],[10.45296,30.26684],[10.4526,30.29096],[10.44213,30.37186],[10.43357,30.51938],[10.44154,30.56856],[10.45677,30.60949],[10.46117,30.6612],[10.45772,30.69324],[10.44499,30.75067],[10.45677,30.79889],[10.48877,30.88963],[10.49294,30.90835],[10.49448,30.94769],[10.5059,30.97434],[10.53065,31.00194],[10.56813,31.03208],[10.64962,31.10854],[10.70768,31.17516],[10.75336,31.25607],[10.76574,31.27225],[10.80857,31.36077],[10.84284,31.41312],[10.88376,31.4883],[10.89708,31.53494],[10.89613,31.63868],[10.9047,31.66247],[10.9047,31.68913],[10.90946,31.71292],[10.9856,31.86997],[11.03022,31.91533],[11.07602,31.95087],[11.15407,32.00226],[11.26542,32.10601],[11.37964,32.20595],[11.4396,32.26496],[11.48243,32.30208],[11.51765,32.32778],[11.57951,32.36394],[11.63662,32.38393],[11.75464,32.41058],[11.82032,32.41344],[11.88789,32.43342],[12.04922,32.49862],[12.17723,32.55525],[12.25814,32.60094],[12.29122,32.63369],[12.3833,32.76076],[12.46848,32.81223]]}},{"type":"Feature","properties":{"id":2688,"name":null,"kind":"Secondary Road","known":"0"},"geometry":{"type":"LineString","coordinates":[[11.80223,31.74528],[11.79271,31.76813],[11.74703,31.79763],[11.7061,31.84141],[11.68897,31.86711],[11.67564,31.93278],[11.71943,32.03843],[11.73275,32.08507],[11.75083,32.18406],[11.75464,32.31159],[11.77939,32.36585],[11.79902,32.39242],[11.82032,32.41344]]}},{"type":"Feature","properties":{"id":2689,"name":null,"kind":"Main Road","period":"HRL","known":"1"},"geometry":{"type":"LineString","coordinates":[[10.10044,33.88014],[10.17944,33.79828],[10.23179,33.76497],[10.26605,33.73166],[10.36218,33.65742],[10.45641,33.59841],[10.47541,33.59348],[10.54366,33.62966],[10.57697,33.62966],[10.6769,33.68795],[10.72925,33.70342],[10.71974,33.62728],[10.68404,33.57255],[10.67341,33.54416],[10.67334,33.52139],[10.68166,33.49879],[10.69475,33.4738],[10.71379,33.45715],[10.76732,33.44168],[10.79826,33.44882],[10.83359,33.48213],[10.92401,33.52734],[10.95257,33.55351],[10.95494,33.58326],[10.94067,33.62133],[10.96922,33.60467],[11.0061,33.55827],[11.03466,33.50355],[11.03835,33.47737],[11.09664,33.43692],[11.11092,33.40599],[11.11092,33.37149],[11.1252,33.35483],[11.15494,33.33817],[11.2525,33.30248],[11.29652,33.28107],[11.34411,33.26441],[11.39169,33.23705],[11.41668,33.21087],[11.45356,33.19422],[11.4726,33.17756],[11.4726,33.15377],[11.49877,33.16328],[11.52732,33.15971],[11.69984,33.08119],[11.83356,33.06692],[11.86449,33.05502],[11.92279,33.03122],[11.97038,32.99196],[12.0144,32.96222],[12.07151,32.94199],[12.12623,32.90868],[12.25056,32.85157],[12.33741,32.81945],[12.39333,32.81588],[12.43735,32.81707],[12.59439,32.79447],[12.64912,32.79447],[12.70504,32.76115],[12.74073,32.75402],[12.80973,32.77543],[12.87874,32.80636],[12.95726,32.81707],[13.0691,32.85752],[13.11074,32.86704],[13.17022,32.88608],[13.18212,32.90392],[13.22174,32.90154],[13.2729,32.90868],[13.38949,32.89202],[13.48943,32.82897],[13.58818,32.79566],[13.61792,32.77186],[13.64885,32.75402],[13.67265,32.74688],[13.71191,32.74688],[13.79162,32.73855],[13.83207,32.71951],[13.87728,32.70286],[13.95583,32.71256],[14.0592,32.69186],[14.14057,32.65545],[14.14914,32.6476],[14.1677,32.63975],[14.20553,32.63475],[14.27477,32.64475],[14.29603,32.64058]]}},{"type":"Feature","properties":{"id":2691,"name":null,"kind":"Main Road","period":"RL","known":"0"},"geometry":{"type":"LineString","coordinates":[[10.91461,33.6939],[10.93674,33.72032],[10.97719,33.7572],[10.98361,33.77239],[10.98362,33.79265],[10.95982,33.82953],[10.93365,33.86166],[10.91699,33.87117],[10.84323,33.87117],[10.82088,33.84955],[10.78994,33.82932],[10.76947,33.79812],[10.74091,33.7296],[10.80278,33.75101],[10.82824,33.75244],[10.85204,33.72865],[10.88367,33.70386],[10.91699,33.69271]]}},{"type":"Feature","properties":{"id":2694,"name":null,"kind":"Main Road","known":"0"},"geometry":{"type":"LineString","coordinates":[[11.1252,33.35483],[11.1158,33.33127],[11.11675,33.30938],[11.13388,33.27226],[11.14911,33.24847],[11.16814,33.22087],[11.19099,33.19517],[11.24143,33.17899],[11.29473,33.17994],[11.35469,33.16852],[11.39181,33.15805],[11.44892,33.12949],[11.46986,33.12664],[11.49175,33.10665],[11.57646,33.05716],[11.62976,33.03908],[11.66117,33.04669],[11.68877,33.06858],[11.69984,33.08119]]}},{"type":"Feature","properties":{"id":2696,"name":null,"kind":"Main Road","known":"0"},"geometry":{"type":"LineString","coordinates":[[12.48834,32.80909],[12.53272,32.7583],[12.57555,32.72594],[12.61552,32.71357],[12.75068,32.71166],[12.82682,32.72784],[12.93627,32.76211],[13.04478,32.83063],[13.07961,32.85992]]}},{"type":"Feature","properties":{"id":2698,"name":null,"kind":"Main Road","period":"RL","known":"0"},"geometry":{"type":"LineString","coordinates":[[13.18212,32.90392],[13.18336,32.88393],[13.1786,32.84301],[13.15671,32.74022],[13.14814,32.69263],[13.14624,32.65551],[13.13386,32.59745],[13.13577,32.56414],[13.12149,32.4918],[13.12149,32.46515],[13.0977,32.37187],[13.07581,32.25385],[13.0701,32.23101],[13.05487,32.1977],[13.05011,32.11299],[13.03678,32.01971],[13.03964,31.97974],[13.03107,31.93691],[13.02727,31.89503],[13.02441,31.70087],[13.01108,31.57523],[13.01299,31.52193],[13.01013,31.46387],[13.02916,31.44673],[13.04124,31.42774],[13.07515,31.40038],[13.10787,31.36231],[13.12631,31.32483],[13.14534,31.26296],[13.16795,31.21419],[13.17985,31.19574],[13.20424,31.17017],[13.23993,31.14221],[13.30988,31.04941],[13.33546,31.00063],[13.33308,30.98338],[13.34141,30.87452],[13.33368,30.84656],[13.33308,30.82931],[13.34855,30.77815],[13.35985,30.72283],[13.37948,30.66215],[13.38543,30.63003],[13.41815,30.57887],[13.42291,30.52236],[13.41755,30.43134],[13.48358,30.42599],[13.52701,30.41766],[13.55973,30.40338]]}},{"type":"Feature","properties":{"id":2734,"name":null,"kind":"Secondary Road","period":"R","known":"0"},"geometry":{"type":"LineString","coordinates":[[17.3953,29.03764],[17.3613,29.15547],[17.35187,29.22919]]}},{"type":"Feature","properties":{"id":2735,"name":null,"kind":"Main Road","period":"HRL","known":"0"},"geometry":{"type":"LineString","coordinates":[[15.96236,31.28903],[15.99607,31.27357],[16.03784,31.26667],[16.07139,31.26524],[16.16561,31.23598],[16.25662,31.22503],[16.28489,31.20861],[16.34485,31.18648],[16.39696,31.18363],[16.49476,31.19933],[16.55401,31.20148],[16.58477,31.21031],[16.61111,31.20647],[16.73033,31.20076],[16.7703,31.19362],[16.80456,31.19148],[16.98688,31.1565],[17.04113,31.12866],[17.08467,31.11796],[17.13464,31.11938],[17.24315,31.08369],[17.2767,31.08369],[17.33951,31.0737],[17.40761,31.05086],[17.43117,31.03515],[17.49613,31.00945],[17.53325,31.0016],[17.68958,30.94521],[17.75882,30.9138],[17.82764,30.87097],[17.94042,30.83171],[18.10532,30.79816],[18.13223,30.78531],[18.1772,30.7489],[18.22503,30.71821],[18.3628,30.60542],[18.41848,30.56687],[18.44061,30.54046],[18.48558,30.51762],[18.51342,30.49906],[18.53341,30.47407],[18.56732,30.44124],[18.60943,30.41197],[18.64941,30.39127],[18.69367,30.37913],[18.7572,30.36771],[18.78432,30.36771],[18.81145,30.32916],[18.84785,30.30704],[18.89211,30.29062],[18.9378,30.27991],[18.9635,30.26278],[19.00012,30.25278],[19.0508,30.25136],[19.11972,30.25924],[19.15645,30.25421],[19.31171,30.28062],[19.34526,30.29062],[19.37381,30.30561],[19.41521,30.31774],[19.43877,30.31917],[19.45804,30.32488],[19.50016,30.35201],[19.57369,30.37628],[19.61794,30.40198],[19.64935,30.43481],[19.66648,30.44124],[19.69361,30.44409],[19.73144,30.46265],[19.80283,30.52761],[19.81853,30.55474],[19.88099,30.61256],[19.9224,30.63826],[19.96737,30.6768],[19.99092,30.69965],[20.00591,30.72677],[20.06088,30.7746],[20.14083,30.88524],[20.16082,30.93379],[20.18906,30.98599]]}},{"type":"Feature","properties":{"id":2736,"name":null,"kind":"Secondary Road","known":"0"},"geometry":{"type":"LineString","coordinates":[[16.58477,31.21031],[16.59525,31.19888],[16.62083,31.1852],[16.66485,31.17211],[16.7059,31.15367],[16.76836,31.11917],[16.81536,31.08466],[16.86651,31.03826],[16.90042,30.98413]]}},{"type":"Feature","properties":{"id":2737,"name":null,"kind":"Secondary Road","known":"0"},"geometry":{"type":"LineString","coordinates":[[17.13464,31.11938],[17.09494,31.04659]]}},{"type":"Feature","properties":{"id":2738,"name":null,"kind":"Main Road","known":"0"},"geometry":{"type":"LineString","coordinates":[[16.98688,31.1565],[17.00691,31.15843],[17.13464,31.11938]]}},{"type":"Feature","properties":{"id":2739,"name":null,"kind":"Main Road","known":"0"},"geometry":{"type":"LineString","coordinates":[[18.10532,30.79816],[18.09837,30.78146],[18.0998,30.76576],[18.10622,30.75505],[18.1205,30.73863],[18.1669,30.70222],[18.18832,30.66511],[18.20616,30.64797],[18.229,30.61656],[18.25684,30.59586],[18.27326,30.57944],[18.29967,30.56231],[18.35036,30.54447],[18.41103,30.53162],[18.44875,30.53639]]}},{"type":"Feature","properties":{"id":2740,"name":null,"kind":"Main Road","known":"0"},"geometry":{"type":"LineString","coordinates":[[18.78432,30.36771],[18.78323,30.30105],[18.84785,30.30704],[18.86374,30.30114]]}},{"type":"Feature","properties":{"id":2741,"name":null,"kind":"Main Road","known":"0"},"geometry":{"type":"LineString","coordinates":[[19.20203,30.26079],[19.23259,30.24615],[19.30326,30.23188],[19.39963,30.23973],[19.4703,30.24972],[19.58523,30.28541],[19.73299,30.35323],[19.92094,30.46602],[20.02516,30.51741],[20.06157,30.55025],[20.09227,30.57238],[20.11297,30.59451],[20.12367,30.61735],[20.16151,30.67446],[20.20362,30.72014],[20.21647,30.74584],[20.21869,30.75759]]}},{"type":"Feature","properties":{"id":2742,"name":null,"kind":"Secondary Road","known":"0"},"geometry":{"type":"LineString","coordinates":[[17.88352,30.85186],[17.87985,30.8166],[17.86914,30.77591],[17.87842,30.75164],[17.89484,30.74236],[17.98121,30.75021],[18.04189,30.77877],[18.10532,30.79816]]}},{"type":"Feature","properties":{"id":2743,"name":null,"kind":"Secondary Road","period":"RL","known":"0"},"geometry":{"type":"LineString","coordinates":[[20.21869,30.75759],[20.22903,30.7521],[20.23813,30.74234],[20.26204,30.69201],[20.42516,30.55745],[20.50796,30.46822],[20.53348,30.44944],[20.59451,30.41731],[20.61789,30.39684],[20.64787,30.36614],[20.70141,30.29904],[20.75584,30.20745],[20.78939,30.13035],[20.77922,30.07418],[20.78529,30.05812],[20.81527,30.04099],[20.83062,30.02635],[20.84704,29.99851],[20.85614,29.96189],[20.86345,29.89858],[20.86417,29.84647],[20.86845,29.82648],[20.88843,29.78365],[20.92206,29.73582],[20.93062,29.71227],[20.92502,29.66885],[20.92823,29.65922],[20.96418,29.60234],[20.98845,29.55594],[21.02671,29.43315],[21.04923,29.37475],[21.0649,29.35142],[21.10384,29.31229],[21.16059,29.28909],[21.22091,29.27731],[21.23697,29.27053],[21.25585,29.25184],[21.26053,29.23698],[21.30162,29.18589]]}},{"type":"Feature","properties":{"id":2744,"name":null,"kind":"Secondary Road","known":"0"},"geometry":{"type":"LineString","coordinates":[[21.54631,29.03912],[21.54866,29.06721],[21.54033,29.08744],[21.53795,29.10648],[21.54985,29.16239],[21.56294,29.19095],[21.58792,29.33133],[21.6022,29.4396],[21.61291,29.47648],[21.62362,29.49314]]}},{"type":"Feature","properties":{"id":2746,"name":null,"kind":"Secondary Road","period":"RL","known":"0"},"geometry":{"type":"MultiLineString","coordinates":[[[22.28324,32.14878],[22.30933,32.15636],[22.35216,32.15922],[22.44734,32.18016],[22.4828,32.18421],[22.60986,32.22846],[22.63223,32.23037],[22.69909,32.22347],[22.79617,32.21847],[22.88611,32.23417],[22.93109,32.25916],[23.01446,32.29556],[23.06871,32.33697]],[[22.28395,32.14878],[22.30608,32.13093],[22.31964,32.10524],[22.3275,32.06383],[22.32385,32.03859],[22.30537,32.01315],[22.2761,31.99531],[22.21314,31.96747],[22.12153,31.9075],[21.95901,31.83755],[21.90262,31.8197],[21.8448,31.78901],[21.73422,31.74592],[21.54791,31.69192],[21.48247,31.67834],[21.32923,31.63741],[21.31115,31.63551],[21.16457,31.59363],[21.06697,31.58286],[21.02485,31.58609],[20.94852,31.54081],[20.89565,31.47902],[20.86952,31.44277],[20.83497,31.41406],[20.7634,31.33474],[20.73865,31.28716],[20.66508,31.21204],[20.63581,31.18991],[20.57007,31.09212],[20.55579,31.0657],[20.50487,31.00003],[20.4687,30.94221],[20.4041,30.87027],[20.3602,30.83228],[20.29435,30.79493],[20.21869,30.75759]]]}},{"type":"Feature","properties":{"id":2747,"name":null,"kind":"Secondary Road","period":"RL","known":"0"},"geometry":{"type":"LineString","coordinates":[[20.17185,31.57057],[20.20565,31.59686],[20.24086,31.65016],[20.30558,31.72916],[20.34841,31.84052],[20.36555,31.92522],[20.3941,31.97757],[20.42646,32.04896],[20.47786,32.03468],[20.49118,32.03563],[20.52354,32.06514],[20.54924,32.10321],[20.56923,32.14223],[20.61866,32.25669]]}},{"type":"Feature","properties":{"id":2748,"name":null,"kind":"Secondary Road","period":"ACHRL","known":"0"},"geometry":{"type":"LineString","coordinates":[[20.08667,32.12891],[20.10755,32.11583],[20.13111,32.10655],[20.17822,32.10369],[20.21035,32.10512],[20.26436,32.09679],[20.316,32.09655],[20.36077,32.1111],[20.39981,32.10987],[20.46852,32.13391],[20.50356,32.15175],[20.56447,32.18982],[20.57916,32.20387],[20.58678,32.22481],[20.60962,32.25241],[20.61866,32.25669],[20.63389,32.27382],[20.65769,32.29001],[20.68243,32.31332],[20.73526,32.34806],[20.76119,32.37709],[20.8224,32.43253],[20.84352,32.46133],[20.87138,32.49195],[20.91092,32.55061],[20.92758,32.56607],[20.95018,32.59938],[20.9597,32.64103],[20.95768,32.66363],[20.94935,32.6898],[20.9503,32.70884]]}},{"type":"Feature","properties":{"id":2749,"name":null,"kind":"Main Road","period":"RL","known":"0"},"geometry":{"type":"LineString","coordinates":[[20.21869,30.75759],[20.22632,30.79938],[20.21975,30.84679],[20.20134,30.90003],[20.18906,30.98599],[20.21136,31.05934],[20.22659,31.15142],[20.21707,31.21995],[20.18406,31.31507],[20.17043,31.38366],[20.16377,31.44077],[20.16186,31.5112],[20.17185,31.57057],[20.17233,31.59781],[20.15424,31.66481],[20.14532,31.75107],[20.13937,31.77902],[20.09619,31.91761],[20.08477,31.95854],[20.07811,31.99661],[20.07691,32.0717],[20.08774,32.09732],[20.08667,32.12891]]}},{"type":"Feature","properties":{"id":2750,"name":null,"kind":"Main Road","period":"ACHRL","known":"1"},"geometry":{"type":"LineString","coordinates":[[20.08667,32.12891],[20.07572,32.12999],[20.07691,32.13654],[20.09356,32.14427],[20.13401,32.17342],[20.16792,32.22339],[20.25669,32.30195],[20.30665,32.35668],[20.3364,32.36382],[20.359,32.38047],[20.42206,32.41379],[20.48155,32.45424],[20.52676,32.49231],[20.54936,32.53276],[20.68208,32.5893],[20.78731,32.62794],[20.83371,32.64935],[20.87297,32.65649],[20.90271,32.6791],[20.9503,32.70884]]}},{"type":"Feature","properties":{"id":2751,"name":null,"kind":"Main Road","period":"RL","known":"0"},"geometry":{"type":"LineString","coordinates":[[20.95768,32.66363],[20.98028,32.65292],[21.05012,32.57202],[21.11912,32.52205],[21.21192,32.50064],[21.33327,32.49945],[21.39871,32.50421],[21.5617,32.5054],[21.6319,32.51848],[21.65452,32.52595],[21.70592,32.56807],[21.74304,32.60448],[21.80586,32.63874],[21.83584,32.65873],[21.9008,32.68443],[21.91365,32.69585],[21.91436,32.72083],[21.9048,32.769],[21.89223,32.80007],[21.86796,32.82719]]}},{"type":"Feature","properties":{"id":2753,"name":null,"kind":"Secondary Road","period":"RL","known":"0"},"geometry":{"type":"LineString","coordinates":[[21.33016,32.76937],[21.33373,32.74296],[21.34729,32.71512],[21.36942,32.688],[21.39297,32.6316],[21.40368,32.61733],[21.43224,32.61019],[21.53717,32.60947],[21.58642,32.57806],[21.61069,32.57307],[21.63853,32.57307],[21.72773,32.58946]]}},{"type":"Feature","properties":{"id":2754,"name":null,"kind":"Main Road","period":"RL","known":"0"},"geometry":{"type":"LineString","coordinates":[[20.9503,32.70884],[20.94935,32.6898],[20.95768,32.66363],[20.98028,32.65292],[21.03784,32.64945],[21.11279,32.6523],[21.21559,32.67515],[21.24057,32.71012],[21.28626,32.74653],[21.32195,32.76224],[21.33016,32.76937],[21.35978,32.7708],[21.3919,32.77723],[21.42331,32.78936],[21.50255,32.8015],[21.52325,32.80078],[21.61662,32.75724],[21.63232,32.75438],[21.69229,32.75867],[21.75974,32.77437],[21.82827,32.78294],[21.85254,32.80792],[21.85397,32.81934],[21.86796,32.82719]]}},{"type":"Feature","properties":{"id":2755,"name":null,"kind":"Main Road","known":"1"},"geometry":{"type":"LineString","coordinates":[[21.86796,32.82719],[21.9175,32.80863],[21.99888,32.82077],[22.04742,32.82077],[22.06598,32.80935],[22.15378,32.78222],[22.17663,32.77794],[22.263,32.78008],[22.31368,32.79579],[22.48422,32.78722],[22.60343,32.76723],[22.64373,32.77267]]}},{"type":"Feature","properties":{"id":2756,"name":null,"kind":"Secondary Road","known":"0"},"geometry":{"type":"LineString","coordinates":[[21.71132,32.76348],[21.71306,32.77865],[21.71877,32.79007],[21.71734,32.80364],[21.70164,32.82148],[21.69664,32.83862],[21.68593,32.8479],[21.67951,32.86003],[21.67951,32.87502],[21.67523,32.89144],[21.6431,32.90143],[21.62526,32.91428]]}},{"type":"Feature","properties":{"id":2757,"name":null,"kind":"Secondary Road","period":"CHRL","known":"0"},"geometry":{"type":"LineString","coordinates":[[21.62473,32.75576],[21.61717,32.76557],[21.60004,32.7727],[21.55483,32.80174],[21.5296,32.83148],[21.52389,32.8429]]}},{"type":"Feature","properties":{"id":2758,"name":null,"kind":"Secondary Road","known":"0"},"geometry":{"type":"LineString","coordinates":[[22.07461,32.80693],[22.09191,32.78165],[22.10857,32.77332],[22.16078,32.77151],[22.17663,32.77794]]}},{"type":"Feature","properties":{"id":2759,"name":null,"kind":"Secondary Road","known":"0"},"geometry":{"type":"LineString","coordinates":[[22.16078,32.77151],[22.18576,32.76009],[22.21503,32.7551],[22.25358,32.7658],[22.27499,32.76795],[22.30283,32.77865],[22.31368,32.79579]]}},{"type":"Feature","properties":{"id":2760,"name":null,"kind":"Main Road","period":"ACHRL","known":"0"},"geometry":{"type":"LineString","coordinates":[[22.64373,32.77267],[22.66018,32.71369],[22.68017,32.69014],[22.70662,32.6728],[22.74798,32.6623],[22.84007,32.6209],[22.89147,32.61447],[22.93644,32.60162],[22.96499,32.58877],[23.00211,32.55808],[23.01639,32.5388],[23.04708,32.47956],[23.05565,32.41602],[23.06493,32.39175],[23.06921,32.36677],[23.06942,32.33697]]}},{"type":"Feature","properties":{"id":2761,"name":null,"kind":"Main Road","period":"RL?","known":"0"},"geometry":{"type":"LineString","coordinates":[[22.51869,32.59107],[22.57532,32.5787],[22.6329,32.55633],[22.68167,32.54808],[22.72164,32.53595],[22.75533,32.50954],[22.83029,32.47099],[22.88988,32.43069],[23.01089,32.36463],[23.06942,32.33697]]}},{"type":"Feature","properties":{"id":2762,"name":null,"kind":"Main Road","known":"1"},"geometry":{"type":"LineString","coordinates":[[21.9175,32.80863],[21.96633,32.77437],[21.98346,32.75438],[22.04628,32.71369],[22.07737,32.70034]]}},{"type":"Feature","properties":{"id":2763,"name":null,"kind":"Main Road","known":"1"},"geometry":{"type":"LineString","coordinates":[[23.06942,32.33697],[23.08113,32.29753]]}},{"type":"Feature","properties":{"id":2764,"name":null,"kind":"Main Road","known":"0"},"geometry":{"type":"LineString","coordinates":[[23.08113,32.29753],[23.08356,32.28325],[23.09783,32.26826],[23.11925,32.25612],[23.20991,32.19116],[23.27629,32.15761],[23.34918,32.1412],[23.50622,32.13406],[23.61901,32.11978],[23.63757,32.11336]]}},{"type":"Feature","properties":{"id":2765,"name":null,"kind":"Main Road","known":"1"},"geometry":{"type":"LineString","coordinates":[[23.63757,32.11336],[23.65254,32.10315],[23.67158,32.07841]]}},{"type":"Feature","properties":{"id":2766,"name":null,"kind":"Main Road","known":"0"},"geometry":{"type":"LineString","coordinates":[[23.67158,32.07841],[23.69823,32.04795],[23.72869,32.02796],[23.83148,31.97847],[23.90762,31.95467],[23.98852,31.92231],[24.1351,31.87187],[24.1627,31.86997],[24.1903,31.86045],[24.24455,31.8338],[24.33022,31.80905],[24.50915,31.77574],[24.65972,31.72815],[24.74919,31.70721],[24.94145,31.64439],[24.96049,31.63392],[24.99475,31.62155]]}},{"type":"Feature","properties":{"id":2767,"name":null,"kind":"Main Road","known":"0"},"geometry":{"type":"LineString","coordinates":[[23.65254,32.10315],[23.76038,32.08602],[23.86889,32.0746],[23.96502,32.08602],[23.96597,32.06032],[23.97834,32.03177],[24.0088,32.00988],[24.13253,31.94992],[24.18678,31.93088],[24.23437,31.90709],[24.28482,31.889],[24.54675,31.82047],[24.59909,31.80239],[24.82276,31.71768],[24.97124,31.64915]]}},{"type":"Feature","properties":{"id":2768,"name":null,"kind":"Main Road","known":"1"},"geometry":{"type":"LineString","coordinates":[[24.97124,31.64915],[24.99228,31.63297],[24.99475,31.62155],[25.01893,31.60823]]}},{"type":"Feature","properties":{"id":2769,"name":null,"kind":"Secondary Road","known":"0"},"geometry":{"type":"LineString","coordinates":[[25.11953,31.57777],[25.09383,31.56635],[25.05481,31.54065],[25.03101,31.5121],[25.01198,31.47878],[24.98723,31.45784],[24.91394,31.41596],[24.84732,31.37028],[24.83304,31.34934],[24.82257,31.31317],[24.82924,31.2751],[24.82638,31.2456],[24.83304,31.21038],[24.83114,31.17897],[24.84827,31.09712],[24.86636,31.05048],[24.90348,30.9791],[24.94726,30.90962],[24.94726,30.87345],[24.89396,30.75067],[24.88634,30.72402],[24.78355,30.45942],[24.69694,30.36424],[24.68076,30.33093],[24.6188,30.23766],[24.58453,30.1558],[24.57787,30.12154],[24.5655,30.09108],[24.55979,30.05777]]}},{"type":"Feature","properties":{"id":2770,"name":null,"kind":"Secondary Road","known":"0"},"geometry":{"type":"LineString","coordinates":[[23.97045,32.04998],[23.96511,32.01749],[23.93693,31.94282],[23.92133,31.84807],[23.93751,31.78811],[23.93941,31.76432],[23.95845,31.68532],[23.97273,31.65772],[23.97939,31.62536],[23.97939,31.593],[24.00699,31.53874],[24.03364,31.45023],[24.07076,31.3817],[24.08028,31.33982],[24.07742,31.30936],[24.07933,31.28843],[24.13167,31.19515],[24.23161,30.97719],[24.25731,30.91057],[24.28586,30.81444],[24.30775,30.75352],[24.3325,30.66215],[24.36105,30.59172],[24.39722,30.51653],[24.41245,30.46894],[24.43624,30.41849],[24.44767,30.38233],[24.47622,30.33664],[24.48669,30.2862],[24.50192,30.24622],[24.52571,30.14819],[24.55979,30.05777],[24.56474,30.02541],[24.56664,29.97591],[24.56188,29.9169],[24.55141,29.87598],[24.5181,29.79127],[24.51334,29.75225],[24.53428,29.71227],[24.53428,29.69799],[24.55617,29.67991],[24.56664,29.64755],[24.57996,29.63137],[24.61042,29.60472],[24.6285,29.57141]]}},{"type":"Feature","properties":{"id":2771,"name":null,"kind":"Main Road","known":"0"},"geometry":{"type":"LineString","coordinates":[[25.01893,31.60823],[25.04455,31.59138],[25.07596,31.57901],[25.10745,31.5724],[25.11953,31.57777],[25.14639,31.57615],[25.16353,31.56568],[25.15306,31.54474],[25.15115,31.52666],[25.18256,31.50572],[25.29963,31.46574],[25.34722,31.45908],[25.55233,31.44956],[25.57708,31.45432],[25.66654,31.43719],[25.76553,31.43624],[25.94637,31.41911],[26.23476,31.41149],[26.36344,31.40293],[26.42816,31.3915],[26.62423,31.38294],[26.66325,31.3896]]}},{"type":"Feature","properties":{"id":2772,"name":null,"kind":"Main Road","known":"0"},"geometry":{"type":"LineString","coordinates":[[25.4405,31.45527],[25.553,31.50191],[25.61772,31.51619],[25.82711,31.57805],[25.91753,31.60946],[25.94894,31.60661],[26.00414,31.58662],[26.31157,31.50572],[26.49098,31.43719],[26.55856,31.42101],[26.62804,31.39626]]}},{"type":"Feature","properties":{"id":2773,"name":null,"kind":"Main Road","known":"1"},"geometry":{"type":"LineString","coordinates":[[26.62804,31.39626],[26.6899,31.38389]]}},{"type":"Feature","properties":{"id":2774,"name":null,"kind":"Main Road","known":"0"},"geometry":{"type":"LineString","coordinates":[[26.6899,31.38389],[26.86456,31.35438],[26.95688,31.34867],[27.15199,31.34391],[27.19387,31.34867],[27.21957,31.35629],[27.22795,31.35058],[27.30028,31.27158],[27.34882,31.22399],[27.41545,31.19258],[27.45923,31.17735],[27.5487,31.13643],[27.63531,31.11834],[27.87421,31.08313],[27.91818,31.06599],[28.04286,31.05267],[28.10092,31.05933],[28.14375,31.06028],[28.30556,31.05743],[28.42739,31.02792],[28.46831,31.02792],[28.6246,30.98224],[28.66248,30.97843],[28.7272,30.96035],[28.82904,30.90609],[28.88424,30.8804],[28.92898,30.85279],[29.01654,30.81758],[29.08412,30.80996],[29.12885,30.80996],[29.25068,30.83947],[29.32492,30.84994],[29.36013,30.86802],[29.40106,30.88135],[29.45817,30.92513],[29.50338,30.94226],[29.54526,30.9632],[29.6728,31.03458],[29.71372,31.06123],[29.75655,31.0955],[29.78891,31.11168],[29.85173,31.1507],[29.89266,31.18497]]}},{"type":"Feature","properties":{"id":2775,"name":null,"kind":"Main Road","known":"0"},"geometry":{"type":"LineString","coordinates":[[28.6246,30.98224],[28.65039,30.96225],[28.69417,30.9375],[28.82361,30.84613],[28.90356,30.8014],[28.96353,30.78331],[29.10058,30.7776],[29.26429,30.80425],[29.3766,30.83471],[29.43371,30.84423],[29.45941,30.86136],[29.58142,30.89848],[29.63663,30.92703],[29.70516,30.97462],[29.77368,31.0146],[29.80414,31.04601]]}},{"type":"Feature","properties":{"id":2776,"name":null,"kind":"Secondary Road","known":"0"},"geometry":{"type":"LineString","coordinates":[[28.92905,30.79371],[28.90375,30.75666],[28.84379,30.69289],[28.79715,30.64721],[28.69722,30.56345],[28.66866,30.54632],[28.62298,30.50063],[28.57444,30.4578],[28.53351,30.40355]]}},{"type":"Feature","properties":{"id":2777,"name":null,"kind":"Secondary Road","known":"0"},"geometry":{"type":"LineString","coordinates":[[26.51135,29.64957],[26.57488,29.68669],[26.60558,29.69954],[26.63199,29.72024],[26.72764,29.77949],[26.76048,29.80305],[26.81616,29.83517],[26.83614,29.85516],[26.89825,29.88585],[26.91824,29.89942],[26.9682,29.96009],[27.00468,30.0379],[27.02324,30.06788],[27.03752,30.07787],[27.05536,30.09858],[27.08535,30.11285],[27.12818,30.16425],[27.18528,30.19566],[27.21384,30.19566],[27.21669,30.22278],[27.2713,30.35556],[27.28772,30.42837],[27.29057,30.54044],[27.27487,30.59041],[27.27059,30.62468],[27.25917,30.66679],[27.25345,30.71176],[27.25274,30.75459],[27.25845,30.79671],[27.27059,30.84168],[27.27344,30.88308],[27.26702,30.90807],[27.26845,30.93163],[27.2713,30.96446],[27.28701,31.01443],[27.28986,31.04013],[27.28843,31.07225],[27.33769,31.18147],[27.34016,31.23248]]}},{"type":"Feature","properties":{"id":2778,"name":null,"kind":"Secondary Road","known":"0"},"geometry":{"type":"LineString","coordinates":[[27.21384,30.19566],[27.22776,30.20779],[27.25845,30.21993],[27.27701,30.22207],[27.31627,30.21493],[27.34982,30.22564],[27.41407,30.25562],[27.44762,30.2649],[27.52471,30.27275],[27.53756,30.28917],[27.5654,30.30916],[27.63179,30.31558],[27.64749,30.30987],[27.66248,30.31772],[27.71531,30.3577],[27.75957,30.37555],[27.80511,30.36841],[27.83366,30.38268],[27.86222,30.3834],[27.92503,30.36912],[27.93646,30.37126],[27.95644,30.38839],[27.98143,30.40053],[28.01212,30.40339],[28.04068,30.39339],[28.13105,30.38126],[28.16888,30.36484],[28.21171,30.37126],[28.29666,30.39625],[28.32521,30.39696],[28.37018,30.39268],[28.41373,30.39482],[28.433,30.39268],[28.44871,30.38697],[28.51795,30.39696],[28.53351,30.40355],[28.60432,30.40124],[28.66,30.41338],[28.69841,30.41623],[28.80263,30.43551],[28.84189,30.43479],[28.87829,30.4405],[28.98608,30.43979],[29.03105,30.43337],[29.08859,30.43337],[29.17496,30.41695],[29.2385,30.39553],[29.3727,30.36769],[29.41339,30.35484]]}},{"type":"Feature","properties":{"id":2779,"name":null,"kind":"Main Road","known":"0"},"geometry":{"type":"LineString","coordinates":[[27.21957,31.35629],[27.2081,31.3306],[27.16051,31.29919],[27.07866,31.20401],[27.0225,31.15452],[26.97777,31.13453],[26.94065,31.10598],[26.88925,31.07838],[26.84071,31.04126],[26.79217,30.97273],[26.77885,30.9004],[26.78646,30.8785],[26.79027,30.84805],[26.7817,30.79951],[26.77314,30.77095],[26.77218,30.74811],[26.76267,30.691],[26.74934,30.66911],[26.71984,30.59678],[26.70746,30.58155],[26.69604,30.5549],[26.68748,30.54348],[26.67796,30.51207],[26.6751,30.47495],[26.65702,30.36644],[26.63513,30.2884],[26.6456,30.24462],[26.63608,30.2094],[26.63037,30.17133],[26.618,30.13326],[26.59706,30.02571],[26.59886,29.97241],[26.60743,29.93243],[26.62171,29.90483],[26.61885,29.862],[26.59506,29.81155],[26.53414,29.70686],[26.49607,29.61834],[26.46276,29.5717],[26.43421,29.54696],[26.38757,29.4889],[26.3495,29.45749],[26.31143,29.43179],[26.28668,29.41942],[26.25717,29.41561],[26.15324,29.42227],[26.01999,29.43655],[25.99144,29.4356],[25.95432,29.41561],[25.91149,29.37944],[25.80393,29.29854],[25.76586,29.27475],[25.7335,29.26333],[25.69638,29.25952],[25.66022,29.26333],[25.56742,29.26333],[25.54553,29.25286],[25.5322,29.21669]]}},{"type":"Feature","properties":{"id":2780,"name":null,"kind":"Secondary Road","known":"0"},"geometry":{"type":"LineString","coordinates":[[24.29393,29.61929],[24.40933,29.59026],[24.59065,29.56813],[24.65489,29.57456],[24.70772,29.57385],[24.79124,29.56171],[24.83192,29.56671],[24.89046,29.56742],[24.94128,29.55386]]}},{"type":"Feature","properties":{"id":2781,"name":null,"kind":"Secondary Road","known":"0"},"geometry":{"type":"LineString","coordinates":[[24.15114,29.58027],[24.29393,29.61929],[24.32674,29.64666],[24.41169,29.70733],[24.49878,29.74088],[24.55874,29.7416],[24.57302,29.74731],[24.62441,29.74874],[24.68223,29.76587],[24.70222,29.76872],[24.7529,29.75659],[24.77575,29.7573],[24.79716,29.76872],[24.80501,29.778],[24.82514,29.78657],[24.84513,29.78942],[24.86583,29.78443],[24.87583,29.7573],[24.89867,29.67164],[24.91723,29.63238],[24.93793,29.57313],[24.94128,29.55386],[24.95292,29.54529],[24.96577,29.52673],[25.01217,29.48247],[25.06856,29.43536],[25.14123,29.38682],[25.16836,29.35969],[25.20262,29.33471],[25.24902,29.31401],[25.27186,29.31115],[25.28971,29.29616],[25.34682,29.2619],[25.37823,29.23763],[25.39821,29.22621],[25.41035,29.2412],[25.4232,29.25048],[25.44033,29.25333],[25.4596,29.24976],[25.5322,29.21669],[25.50743,29.31758],[25.50743,29.36683],[25.516,29.40467],[25.54169,29.46463],[25.5731,29.51174],[25.59702,29.54172],[25.63271,29.57456],[25.71551,29.67592],[25.7355,29.71376],[25.76477,29.78586],[25.81331,29.83725],[25.88719,29.8808],[25.91646,29.9222],[25.96643,29.97074],[26.00426,30.00286],[26.03853,30.02642],[26.08635,30.07853],[26.12918,30.11422],[26.17059,30.15562],[26.26481,30.22772],[26.31193,30.26841],[26.40865,30.37477],[26.46005,30.44544],[26.5193,30.5775],[26.54499,30.65246],[26.57783,30.73241],[26.60067,30.77024],[26.63637,30.80093],[26.66278,30.81664],[26.67634,30.84091],[26.70775,30.87946],[26.76271,30.93442],[26.79015,30.96627]]}},{"type":"Feature","properties":{"id":2782,"name":null,"kind":"Secondary Road","known":"0"},"geometry":{"type":"LineString","coordinates":[[25.64496,29.26375],[25.72965,29.19555],[25.75915,29.17746],[25.80008,29.14415],[25.8096,29.12987],[25.82958,29.12511],[25.95046,29.12797],[26.00471,29.11464],[26.05611,29.10798],[26.11988,29.08895],[26.24171,29.03755],[26.27883,28.97949],[26.30738,28.94237],[26.34164,28.92334],[26.3721,28.91858],[26.38447,28.89954],[26.4056,28.78152],[26.42083,28.74059],[26.42845,28.69586],[26.44558,28.68444],[26.47033,28.69586],[26.50269,28.69205],[26.54647,28.69205],[26.57312,28.69586],[26.60833,28.68444],[26.64165,28.68158],[26.66163,28.6911],[26.69304,28.72156],[26.71493,28.72822],[26.73207,28.72536],[26.74444,28.70823],[26.76443,28.70347],[26.80155,28.70633],[26.87483,28.69491],[26.95002,28.69586],[27.02522,28.70252],[27.12896,28.69967],[27.31418,28.70252],[27.40555,28.69586],[27.48455,28.70157],[27.68633,28.69396],[27.71869,28.68253],[27.74438,28.65588],[27.76056,28.61876],[27.78436,28.59307],[27.81291,28.56927],[27.85574,28.56071],[27.89191,28.53977],[27.9395,28.52359],[28.03763,28.48266],[28.07665,28.47219],[28.11853,28.47124],[28.16231,28.48171],[28.22703,28.5055],[28.29366,28.52359],[28.36409,28.52644],[28.43062,28.51216],[28.58862,28.46267],[28.62288,28.43888],[28.75423,28.397],[28.78088,28.39319],[28.86559,28.34751],[28.93583,28.33418],[28.972,28.33608],[29.0272,28.3456],[29.14903,28.35322],[29.18995,28.3456],[29.27276,28.3437]]}},{"type":"Feature","properties":{"id":2783,"name":null,"kind":"Secondary Road","known":"0"},"geometry":{"type":"LineString","coordinates":[[28.86559,28.34751],[28.92821,28.40842],[28.99865,28.45791],[29.1357,28.52073],[29.1871,28.53596],[29.2385,28.55595],[29.26229,28.57118],[29.2937,28.58545]]}},{"type":"Feature","properties":{"id":2784,"name":null,"kind":"Secondary Road","known":"0"},"geometry":{"type":"LineString","coordinates":[[26.40402,28.79191],[26.44263,28.77391],[26.48165,28.772],[26.51496,28.75011],[26.5616,28.7463],[26.63774,28.75868],[26.71389,28.7444],[26.73207,28.72536]]}},{"type":"Feature","properties":{"id":2850,"name":"Via Postumia","kind":"Main Road","known":"1"},"geometry":{"type":"LineString","coordinates":[[8.85485,44.88513],[8.84914,44.85515],[8.85009,44.84277],[8.86389,44.79328],[8.86532,44.77425],[8.86008,44.76378],[8.84676,44.75378],[8.842,44.74522],[8.842,44.73427],[8.85961,44.71238],[8.86675,44.7081],[8.83248,44.67145],[8.82725,44.66003],[8.82867,44.64956],[8.86341,44.60626],[8.86579,44.59483],[8.88245,44.58056],[8.88102,44.54296],[8.88673,44.51869],[8.89577,44.50537],[8.89102,44.49157],[8.89673,44.4711],[8.88673,44.45445],[8.87531,44.44683]]}},{"type":"Feature","properties":{"id":2853,"name":null,"kind":"Main Road","period":"RL","known":"0"},"geometry":{"type":"LineString","coordinates":[[8.4771,44.31434],[8.46663,44.32577],[8.45759,44.32862],[8.42142,44.32672],[8.39763,44.34004],[8.34766,44.34242],[8.32815,44.34623],[8.31911,44.35575],[8.25208,44.36308],[8.23305,44.36879],[8.21496,44.36545],[8.19688,44.37021],[8.17404,44.36641],[8.13454,44.38544],[8.11265,44.38877],[8.086,44.38068],[8.06315,44.37783],[8.04031,44.37926],[8.0327,44.39782],[8.00938,44.41638],[7.98653,44.41923],[7.96036,44.43589],[7.90896,44.4416],[7.88565,44.45159],[7.88279,44.46349],[7.88707,44.46777],[7.87184,44.4811],[7.8352,44.54487],[7.83425,44.55534],[7.85757,44.59817],[7.85566,44.65242],[7.8766,44.67478],[7.89576,44.68287]]}},{"type":"Feature","properties":{"id":2856,"name":null,"kind":"Secondary Road","period":"RL","known":"0"},"geometry":{"type":"LineString","coordinates":[[8.41722,45.33104],[8.30538,45.22682],[8.29206,45.20017]]}},{"type":"Feature","properties":{"id":2860,"name":null,"kind":"Secondary Road","known":"0"},"geometry":{"type":"LineString","coordinates":[[31.29531,30.12557],[31.27628,30.10225],[31.22869,30.0223],[31.23059,30.00469],[31.24487,29.97233],[31.28342,29.93426],[31.30103,29.88001],[31.31149,29.86764],[31.3153,29.8486],[31.31245,29.80672],[31.30388,29.77151],[31.30626,29.7539],[31.3153,29.73867],[31.30912,29.71821],[31.31673,29.67823],[31.31387,29.66158],[31.32054,29.63493],[31.31292,29.61875],[31.31149,29.60685],[31.29103,29.58067],[31.29103,29.57163],[31.29674,29.56402],[31.30055,29.54403],[31.27771,29.48026],[31.27104,29.47455],[31.26533,29.46265],[31.27247,29.45409],[31.27866,29.43695],[31.25915,29.40983],[31.25819,29.39603],[31.26724,29.34701],[31.26391,29.33131],[31.2601,29.32464],[31.22821,29.30751],[31.2225,29.29609],[31.22108,29.28039],[31.22869,29.25612],[31.22917,29.23232],[31.21394,29.21662],[31.20727,29.19996],[31.18396,29.16332],[31.17587,29.13619],[31.16159,29.10906],[31.1416,29.08146],[31.12732,29.06719],[31.11923,29.05101],[31.07736,29.03149],[31.06689,29.02198],[31.05927,29.00056],[31.03548,28.96249],[31.02644,28.94012],[30.99741,28.903],[30.97742,28.89396],[30.94244,28.86874],[30.92436,28.83828],[30.91769,28.81163],[30.92293,28.78926],[30.92245,28.77784],[30.89961,28.72074],[30.89438,28.69313],[30.87439,28.66601],[30.87534,28.63603],[30.8801,28.62508],[30.85821,28.59177],[30.85916,28.56512],[30.87058,28.53371],[30.85345,28.48422],[30.85345,28.449],[30.83441,28.41236],[30.78635,28.37809],[30.77017,28.33764],[30.75256,28.31861],[30.7459,28.29957],[30.75684,28.24294],[30.7716,28.20011],[30.77064,28.13063],[30.77778,28.10112]]}},{"type":"Feature","properties":{"id":2861,"name":"Via Hadriana","kind":"Main Road","known":"1"},"geometry":{"type":"LineString","coordinates":[[30.88045,27.80656],[30.90686,27.82012],[30.91507,27.83118],[30.95255,27.85974],[30.96576,27.86366],[30.97718,27.8601],[30.99074,27.86045],[31.00038,27.85581],[31.01572,27.85653],[31.02643,27.86117],[31.04642,27.85831],[31.05784,27.86331],[31.09639,27.86152],[31.10388,27.86224],[31.11281,27.86938],[31.15892,27.8808],[31.19354,27.88115],[31.26207,27.89293],[31.31382,27.88829],[31.32018,27.904],[31.3573,27.92291],[31.39013,27.94576],[31.45545,27.97752],[31.48043,28.00929],[31.52683,28.04819],[31.55253,28.05854],[31.56574,28.05819],[31.57002,28.06675],[31.61874,28.10209],[31.66942,28.13064],[31.70725,28.14135],[31.73117,28.16562],[31.81843,28.22165],[31.85341,28.25128],[31.88768,28.26448],[31.89803,28.27876],[31.9133,28.28126],[31.96756,28.28055],[32.00824,28.29197],[32.05357,28.29125],[32.11454,28.31838],[32.18556,28.31945],[32.22661,28.30125],[32.27586,28.26734],[32.33743,28.23772],[32.36134,28.21487],[32.38383,28.20559],[32.4263,28.19953],[32.43847,28.19346],[32.45739,28.17454],[32.46346,28.1724],[32.48523,28.17668],[32.54841,28.21594],[32.5584,28.23022],[32.58945,28.25806],[32.61586,28.27162],[32.64163,28.28269],[32.6684,28.28733],[32.70695,28.28876],[32.7562,28.27733],[32.79975,28.24664],[32.859,28.22415],[32.95151,28.18061],[33.09692,28.1028],[33.14403,28.06175],[33.16438,28.04105],[33.18365,28.00929],[33.20614,27.99465],[33.23826,27.95361],[33.25254,27.94254],[33.28145,27.89936],[33.31,27.8758],[33.38356,27.7805],[33.41247,27.73339],[33.43567,27.7084],[33.43642,27.69841],[33.45784,27.66665],[33.49067,27.60704],[33.50745,27.58919],[33.52137,27.56385],[33.54742,27.54137]]}},{"type":"Feature","properties":{"id":2862,"name":"Via Hadriana","kind":"Main Road","known":"0"},"geometry":{"type":"LineString","coordinates":[[33.54742,27.54137],[33.56962,27.50103],[33.5889,27.47783],[33.59746,27.43786]]}},{"type":"Feature","properties":{"id":2863,"name":"Via Hadriana","kind":"Main Road","known":"1"},"geometry":{"type":"LineString","coordinates":[[33.59746,27.43786],[33.61716,27.39753],[33.65143,27.36326],[33.64393,27.32757],[33.65607,27.29545],[33.66107,27.24976],[33.67606,27.20229],[33.67927,27.16339],[33.68962,27.14626],[33.69283,27.12805],[33.69961,27.12199],[33.69854,27.10628],[33.70354,27.07951],[33.70461,27.04382],[33.71139,27.03347],[33.7171,26.99885],[33.73281,26.97958],[33.7353,26.94353],[33.74309,26.92639],[33.75629,26.91283],[33.81518,26.87928],[33.82982,26.8675],[33.84516,26.8468],[33.88228,26.81004],[33.88728,26.80076],[33.91084,26.77577],[33.91905,26.77114],[33.92404,26.76257]]}},{"type":"Feature","properties":{"id":2864,"name":"Via Hadriana","kind":"Main Road","known":"0"},"geometry":{"type":"LineString","coordinates":[[33.92404,26.76257],[33.92768,26.71153],[33.92554,26.6737],[33.92947,26.65906],[33.93732,26.64978],[33.94482,26.64621]]}},{"type":"Feature","properties":{"id":2865,"name":"Via Hadriana","kind":"Main Road","known":"1"},"geometry":{"type":"LineString","coordinates":[[33.94482,26.64621],[33.97301,26.63729],[33.97266,26.63015],[34.00728,26.6148],[34.01227,26.60731]]}},{"type":"Feature","properties":{"id":2866,"name":"Via Hadriana","kind":"Main Road","known":"0"},"geometry":{"type":"LineString","coordinates":[[34.01227,26.60731],[34.02841,26.56198],[34.05089,26.5345],[34.06695,26.49345],[34.0773,26.45348],[34.09729,26.40958]]}},{"type":"Feature","properties":{"id":2867,"name":"Via Hadriana","kind":"Main Road","known":"1"},"geometry":{"type":"LineString","coordinates":[[34.09729,26.40958],[34.09793,26.40065],[34.11721,26.38423],[34.12006,26.36639],[34.12649,26.36246],[34.1272,26.35425],[34.12363,26.3464]]}},{"type":"Feature","properties":{"id":2868,"name":"Via Hadriana","kind":"Main Road","known":"0"},"geometry":{"type":"LineString","coordinates":[[34.12363,26.3464],[34.12934,26.34105],[34.16432,26.32784],[34.17182,26.31892],[34.18038,26.29929],[34.18467,26.27894],[34.19644,26.25396],[34.20608,26.20899]]}},{"type":"Feature","properties":{"id":2869,"name":null,"kind":"Main Road","known":"1"},"geometry":{"type":"LineString","coordinates":[[31.31561,27.89277],[31.41189,27.88877],[31.41635,27.8852],[31.4336,27.89026],[31.45323,27.88817],[31.47435,27.89293],[31.50736,27.88698],[31.52104,27.89085],[31.57161,27.94825]]}},{"type":"Feature","properties":{"id":2870,"name":null,"kind":"Main Road","known":"0"},"geometry":{"type":"LineString","coordinates":[[31.57161,27.94825],[31.59481,27.9777],[31.59986,27.99198]]}},{"type":"Feature","properties":{"id":2871,"name":null,"kind":"Secondary Road","known":"1"},"geometry":{"type":"LineString","coordinates":[[31.41189,27.88877],[31.43895,27.95123],[31.45737,27.97961]]}},{"type":"Feature","properties":{"id":2872,"name":null,"kind":"Secondary Road","known":"0"},"geometry":{"type":"LineString","coordinates":[[30.98123,27.30374],[30.94982,27.29161],[30.94054,27.27983],[30.91734,27.26734],[30.91413,27.25877],[30.91484,27.24806],[30.92019,27.23843],[30.92019,27.22772],[30.90235,27.22022],[30.86737,27.19809],[30.84453,27.17597],[30.7927,27.11529],[30.76129,27.09423],[30.72596,27.06247],[30.67135,26.98858],[30.64708,26.95039],[30.63066,26.93397],[30.58569,26.87651],[30.56427,26.85759],[30.50752,26.77729],[30.4854,26.7316],[30.46648,26.67699],[30.39474,26.56563],[30.36618,26.53708],[30.34477,26.52352],[30.30658,26.48675],[30.28081,26.44892],[30.24726,26.40859],[30.15981,26.33828],[30.14018,26.32757],[30.09857,26.2826],[30.08857,26.26975],[30.08215,26.25262],[30.06109,26.12555],[30.02825,26.07201],[30.01755,26.06381],[29.98899,26.05381],[29.984,26.04774],[29.97936,26.01741]]}},{"type":"Feature","properties":{"id":2873,"name":null,"kind":"Secondary Road","known":"0"},"geometry":{"type":"LineString","coordinates":[[31.17468,27.17739],[31.1215,27.17275],[31.10401,27.17704],[31.0933,27.17561],[31.07081,27.17097],[31.05083,27.15955],[31.04797,27.15027],[31.0544,27.13635],[31.05225,27.1235],[31.04405,27.11279],[31.03726,27.10922],[31.01513,27.02035],[30.97252,26.93255],[30.96288,26.89329],[30.87222,26.71947],[30.8476,26.65415],[30.82975,26.58669],[30.82083,26.5717],[30.81904,26.55992],[30.81655,26.53672],[30.82333,26.47962],[30.81869,26.445],[30.80298,26.40716],[30.76658,26.35362],[30.75337,26.31972],[30.73874,26.22835],[30.73588,26.18159],[30.7216,26.1177],[30.71197,26.0895],[30.71018,26.07416],[30.71661,26.05988],[30.75266,26.00063]]}},{"type":"Feature","properties":{"id":2363,"name":null,"kind":"Main Road","period":"RL","known":"1"},"geometry":{"type":"LineString","coordinates":[[7.68863,45.07453],[7.69767,45.10594],[7.70909,45.11689],[7.87756,45.20302],[7.89659,45.20683],[7.93752,45.20683],[7.96512,45.19779],[7.98891,45.19446],[8.09313,45.19827],[8.18546,45.19303],[8.29634,45.20017],[8.37915,45.19636],[8.61233,45.19922]]}},{"type":"Feature","properties":{"id":2834,"name":"Via Iulia Augusta","kind":"Main Road","known":"1"},"geometry":{"type":"LineString","coordinates":[[7.27148,43.70602],[7.27076,43.73172],[7.27933,43.74457],[7.28754,43.74992],[7.30753,43.75456],[7.33965,43.75099],[7.41782,43.75599],[7.45476,43.77098],[7.4776,43.76777],[7.51222,43.78954],[7.57682,43.80239],[7.5936,43.80275],[7.66195,43.79204],[7.67658,43.79561],[7.70478,43.81024],[7.7319,43.80846],[7.74404,43.81167],[7.77473,43.82666],[7.79722,43.83094],[7.82863,43.82809],[7.88199,43.84558],[7.89412,43.84272],[7.9109,43.84379],[7.94552,43.85236],[7.95837,43.85593],[7.97479,43.87163],[8.00513,43.87913],[8.03314,43.89091],[8.06777,43.89805],[8.08632,43.91625],[8.12987,43.93445],[8.13772,43.94159],[8.14522,43.95551],[8.1677,43.96158],[8.16199,43.97478],[8.16342,44.00048],[8.16984,44.00976],[8.21963,44.05009],[8.22642,44.08793],[8.23677,44.10898],[8.24605,44.12326],[8.28031,44.1561],[8.30869,44.16859],[8.3947,44.18822],[8.41112,44.19572],[8.41576,44.20607],[8.41469,44.2207],[8.41755,44.23212],[8.44646,44.25032],[8.45145,44.25782],[8.45038,44.26317],[8.43718,44.27174],[8.43396,44.27852],[8.45859,44.30065],[8.47572,44.30922],[8.47737,44.31494]]}},{"type":"Feature","properties":{"id":2836,"name":"Via Postumia/Via Iulia Augusta","kind":"Main Road","known":"1"},"geometry":{"type":"LineString","coordinates":[[9.69969,45.06114],[9.56549,45.0659],[9.44842,45.06352],[9.35063,45.07875],[9.32541,45.07304],[9.31398,45.07684],[9.30875,45.0835],[9.29209,45.08826],[9.27306,45.08826],[9.26687,45.06923],[9.19311,45.0421],[9.10578,45.01783],[9.03773,45.00355],[9.00346,44.99975],[8.97919,44.99261],[8.93636,44.97072],[8.86189,44.90314],[8.8557,44.89362],[8.85475,44.88458]]}},{"type":"Feature","properties":{"id":2837,"name":"Via Aemilia Scauri/Via Iulia Augusta","kind":"Main Road","known":"0"},"geometry":{"type":"MultiLineString","coordinates":[[[8.4771,44.31434],[8.46663,44.32577],[8.45759,44.32862],[8.42142,44.32672],[8.39763,44.34004],[8.34766,44.34242],[8.32815,44.34623],[8.31911,44.35575],[8.29682,44.35736]],[[8.29674,44.35765],[8.28627,44.37193],[8.28342,44.38525],[8.2758,44.39667],[8.2758,44.40857],[8.28342,44.41952],[8.30673,44.43094],[8.30435,44.43998],[8.30721,44.44617],[8.31625,44.45188],[8.31625,44.45711],[8.29151,44.46139],[8.30293,44.48947],[8.29722,44.49613],[8.29769,44.49994],[8.30864,44.51041],[8.29769,44.5185],[8.29864,44.52516],[8.30769,44.52945],[8.31197,44.53801],[8.33481,44.54706],[8.35194,44.56181],[8.35242,44.58227],[8.35956,44.6113],[8.35861,44.62129],[8.36574,44.6351],[8.36241,44.66032],[8.36479,44.66555],[8.39049,44.66412],[8.43618,44.68031],[8.49947,44.68649],[8.51422,44.6922],[8.52089,44.69934],[8.52755,44.71885],[8.54325,44.73979],[8.57038,44.76454],[8.5937,44.77977],[8.68388,44.81308],[8.8552,44.88494]]]}},{"type":"Feature","properties":{"id":2838,"name":"Via Aemilia Scauri","kind":"Main Road","known":"1"},"geometry":{"type":"LineString","coordinates":[[8.47734,44.31434],[8.48353,44.32339],[8.50114,44.33433],[8.53635,44.34195],[8.54587,44.35004],[8.5592,44.35384],[8.56538,44.36384],[8.62059,44.37954],[8.64057,44.39477],[8.67531,44.40286],[8.68864,44.41666],[8.70054,44.42142],[8.75955,44.43665],[8.83141,44.42903],[8.85139,44.43284],[8.87614,44.44569],[8.9242,44.41999],[8.94205,44.40572],[8.96442,44.39905],[8.99392,44.4],[9.01343,44.39144],[9.0772,44.38478],[9.11956,44.37573],[9.14621,44.36812],[9.16334,44.35479],[9.1957,44.35051],[9.22116,44.35194],[9.2421,44.35717],[9.25923,44.34718],[9.32538,44.32719],[9.35156,44.3153]]}},{"type":"Feature","properties":{"id":2839,"name":"Via Aemilia Scauri/ Via Aurelia","kind":"Main Road","known":"0"},"geometry":{"type":"LineString","coordinates":[[11.18017,42.56068],[11.16589,42.60637],[11.15114,42.63635],[11.13163,42.66585],[11.1026,42.68965],[11.05692,42.71725],[10.89464,42.76912],[10.87608,42.77103],[10.85228,42.77864],[10.83848,42.78673],[10.83325,42.79672],[10.83087,42.82242],[10.78304,42.91332],[10.76829,42.92521],[10.67501,42.97804],[10.58578,43.03705],[10.57055,43.05133],[10.55675,43.07369],[10.54486,43.1051],[10.55057,43.19552],[10.5439,43.24168],[10.52677,43.28404],[10.51249,43.30212],[10.46205,43.34019],[10.45539,43.35304],[10.45777,43.36589],[10.48156,43.39444],[10.4887,43.41015],[10.47918,43.42585],[10.48109,43.44679],[10.47775,43.47582],[10.46728,43.51151],[10.4216,43.62668],[10.41303,43.66808],[10.39638,43.72186],[10.39543,43.74803],[10.39923,43.79277],[10.39543,43.80086],[10.35307,43.82989],[10.33594,43.86225],[10.24814,43.93506],[10.20554,43.96266],[10.11846,44.01834],[10.07372,44.03737],[10.02566,44.0626],[10.00805,44.07687],[9.99044,44.09734],[9.93952,44.12684],[9.92048,44.15111],[9.91525,44.17348],[9.90954,44.17586],[9.90145,44.173],[9.88908,44.17776],[9.87527,44.18871],[9.85386,44.19775],[9.81579,44.19585],[9.79533,44.20299],[9.78057,44.20061],[9.77677,44.19727],[9.7701,44.20013],[9.76392,44.21345],[9.75368,44.2225],[9.70181,44.22678],[9.68373,44.23344],[9.66945,44.23297],[9.65422,44.24867],[9.64708,44.25057],[9.59807,44.252],[9.58284,44.24677],[9.57237,44.25391],[9.51265,44.26247],[9.48933,44.26057],[9.39796,44.28008],[9.39938,44.29198],[9.3951,44.30387],[9.38606,44.30911],[9.35084,44.31482]]}},{"type":"Feature","properties":{"id":2840,"name":null,"kind":"Secondary Road","known":"0"},"geometry":{"type":"LineString","coordinates":[[9.72489,44.79214],[9.72185,44.80042],[9.72727,44.82212],[9.72442,44.83307],[9.73584,44.84734],[9.75583,44.89684],[9.75392,44.91778],[9.74583,44.93586],[9.73156,44.95252]]}},{"type":"Feature","properties":{"id":2841,"name":null,"kind":"Secondary Road","known":"1"},"geometry":{"type":"LineString","coordinates":[[9.73108,44.95347],[9.72013,44.96489],[9.71395,44.97679],[9.69919,45.06149],[9.69015,45.03818],[9.66303,45.00344],[9.65636,44.98535],[9.64494,44.9687],[9.59069,44.91159],[9.5826,44.8935],[9.56595,44.88541],[9.50789,44.83021],[9.49218,44.82212],[9.45268,44.81831],[9.42698,44.80499],[9.40795,44.80023],[9.3951,44.79309],[9.3813,44.77501]]}},{"type":"Feature","properties":{"id":2842,"name":null,"kind":"Main Road","period":"RL","known":"0"},"geometry":{"type":"LineString","coordinates":[[9.43793,45.29944],[9.52264,45.26327],[9.54643,45.26137],[9.58355,45.26375],[9.61306,45.25899],[9.63495,45.25138],[9.6597,45.23805],[9.72727,45.21521],[9.77035,45.18933]]}},{"type":"Feature","properties":{"id":2843,"name":null,"kind":"Secondary Road","period":"RL","known":"0"},"geometry":{"type":"LineString","coordinates":[[9.19013,45.46983],[9.21236,45.37987],[9.21141,45.30039],[9.2076,45.27231],[9.20379,45.26185],[9.18809,45.24995],[9.17714,45.23282],[9.17333,45.21806],[9.16334,45.20617],[9.14335,45.19189]]}},{"type":"Feature","properties":{"id":2844,"name":null,"kind":"Secondary Road","period":"RL","known":"0"},"geometry":{"type":"LineString","coordinates":[[9.41772,45.31172],[9.47981,45.32371],[9.50836,45.33466],[9.60021,45.34989],[9.63447,45.3594],[9.70681,45.3694],[9.7287,45.37987],[9.78248,45.38129],[9.8196,45.37511],[9.83197,45.37987],[9.84815,45.39319],[9.86338,45.40033],[9.90097,45.40223],[9.93286,45.40937],[9.97331,45.42698],[10.00234,45.44459],[10.06801,45.49503],[10.13416,45.52311],[10.21693,45.53954],[10.23685,45.53792]]}},{"type":"Feature","properties":{"id":2845,"name":null,"kind":"Secondary Road","period":"RL","known":"0"},"geometry":{"type":"LineString","coordinates":[[10.02591,45.14222],[10.04993,45.13145],[10.09466,45.11955],[10.14796,45.11622],[10.28883,45.08005],[10.36306,45.0396],[10.43812,44.98679],[10.48965,44.95585],[10.50203,44.94585],[10.51678,44.92158]]}},{"type":"Feature","properties":{"id":2846,"name":null,"kind":"Secondary Road","known":"0"},"geometry":{"type":"LineString","coordinates":[[33.60354,37.44327],[33.62548,37.43819]]}},{"type":"Feature","properties":{"id":2874,"name":null,"kind":"Secondary Road"},"geometry":{"type":"LineString","coordinates":[[32.59714,29.90887],[32.60749,29.91672],[32.63818,29.91672],[32.65674,29.926],[32.72456,29.93671],[32.74169,29.93635],[32.77631,29.92886],[32.79416,29.92993],[32.85555,29.95134],[32.86804,29.95313],[32.87411,29.95384],[32.89695,29.94563],[32.90409,29.94706],[33.00859,30.00309],[33.03679,30.01202],[33.07784,30.01452],[33.11174,29.9981],[33.14636,29.99239],[33.17099,29.99239],[33.17428,29.99703],[33.18677,30.00131],[33.23781,30.01416],[33.26172,30.02736],[33.29706,30.05735],[33.34595,30.1116]]}},{"type":"Feature","properties":{"id":2875,"name":null,"kind":"Secondary Road","known":"0"},"geometry":{"type":"LineString","coordinates":[[33.17099,29.99239],[33.34845,29.96169],[33.46302,29.93528],[33.57767,29.93207],[33.64905,29.9335],[33.71793,29.92029],[33.7799,29.89281],[33.80631,29.88602],[33.8702,29.8514],[33.88626,29.84212],[33.90482,29.82071],[33.95943,29.78466],[34.03224,29.7504],[34.0997,29.71113],[34.19642,29.68472],[34.21991,29.67973],[34.27166,29.6783],[34.31734,29.66331],[34.35661,29.65688],[34.37195,29.66117],[34.39301,29.67901],[34.42513,29.69115],[34.45547,29.69793],[34.50259,29.6965],[34.55398,29.68651],[34.58289,29.66902],[34.60038,29.66545],[34.64535,29.66581],[34.66605,29.66224],[34.69746,29.6551],[34.71317,29.64546],[34.75314,29.62976],[34.8523,29.61726],[34.88549,29.60513],[34.93332,29.57872],[34.95437,29.5623],[34.95901,29.55373],[34.984,29.54303],[35.00149,29.53018],[35.00434,29.51697],[34.99114,29.48199],[34.98293,29.46879],[34.9815,29.44737],[34.98578,29.42667],[34.98364,29.41097],[34.97579,29.40026],[34.97329,29.38991],[34.97365,29.37099],[34.96008,29.34958],[34.95473,29.33209],[34.95759,29.31781],[34.94866,29.25785],[34.9558,29.23286],[34.96008,29.22358],[34.97543,29.20788],[34.99149,29.19646],[35.03111,29.17647],[35.04467,29.15684],[35.05217,29.13935],[35.08715,29.09938],[35.10856,29.06404],[35.14033,29.02871],[35.15746,29.00087],[35.1621,28.9873],[35.16246,28.96018],[35.16781,28.93733],[35.17352,28.92912],[35.21243,28.91735],[35.32664,28.90414],[35.35662,28.89665],[35.40195,28.87559],[35.47369,28.85738]]}},{"type":"Feature","properties":{"id":2876,"name":null,"kind":"Secondary Road","known":"1"},"geometry":{"type":"LineString","coordinates":[[35.1774,28.92761],[35.17452,28.91842],[35.16381,28.90842],[35.1606,28.89807],[35.16596,28.87916],[35.16274,28.87166],[35.13169,28.84739],[35.12812,28.83204],[35.1142,28.8117],[35.10885,28.79635],[35.10564,28.75602],[35.09957,28.7446],[35.10885,28.72318],[35.10921,28.70891],[35.08458,28.66536],[35.07994,28.65144],[35.05745,28.62896],[35.0571,28.61753],[35.06352,28.60897],[35.05924,28.60112],[35.03747,28.58755],[35.03283,28.53152],[35.02819,28.52117],[35.01534,28.50653],[35.01855,28.46156]]}},{"type":"Feature","properties":{"id":2877,"name":null,"kind":"Secondary Road","known":"0"},"geometry":{"type":"LineString","coordinates":[[35.01855,28.46156],[35.01641,28.44907],[35.02033,28.42194],[35.04425,28.37126],[35.04282,28.3552],[35.0339,28.33307],[35.03639,28.32022],[35.02711,28.26418],[35.04425,28.24277],[35.05531,28.211],[35.05281,28.15996],[35.06423,28.13034],[35.08494,28.10714],[35.11206,28.08822],[35.13776,28.07787],[35.16596,28.07252],[35.18844,28.07537],[35.24198,28.07537],[35.26375,28.05896],[35.26304,28.04289],[35.25019,28.02505],[35.24876,28.0172],[35.25269,28.0072],[35.28231,27.98579],[35.33335,27.93725],[35.37725,27.88549],[35.38689,27.86622],[35.41651,27.8266],[35.44221,27.7802],[35.45185,27.75058],[35.47398,27.70739],[35.48647,27.6617],[35.49075,27.65564],[35.49753,27.651],[35.56064,27.64743]]}},{"type":"Feature","properties":{"id":2878,"name":null,"kind":"Secondary Road","known":"0"},"geometry":{"type":"LineString","coordinates":[[34.74484,28.39767],[34.75388,28.40719],[34.78624,28.42432],[34.79481,28.43194],[34.79814,28.4405],[34.81004,28.44574],[34.82479,28.44669],[34.86334,28.4662],[34.96137,28.48476],[35.01855,28.4687]]}},{"type":"Feature","properties":{"id":2879,"name":null,"kind":"Secondary Road","known":"1"},"geometry":{"type":"LineString","coordinates":[[34.9966,29.53378],[35.01391,29.58049],[35.02914,29.59286],[35.03437,29.61665]]}},{"type":"Feature","properties":{"id":2880,"name":null,"kind":"Secondary Road","known":"0"},"geometry":{"type":"LineString","coordinates":[[35.03437,29.61665],[35.03723,29.66044],[35.04722,29.70089],[35.04627,29.74277],[35.0515,29.78322],[35.03723,29.84032],[35.06816,29.91456],[35.07387,29.93788],[35.07244,29.95406],[35.07577,29.96168]]}},{"type":"Feature","properties":{"id":2881,"name":null,"kind":"Secondary Road","known":"1"},"geometry":{"type":"LineString","coordinates":[[35.07577,29.96168],[35.09195,30.0007],[35.12622,30.06161]]}},{"type":"Feature","properties":{"id":2882,"name":null,"kind":"Secondary Road","known":"0"},"geometry":{"type":"LineString","coordinates":[[35.12291,30.05655],[35.14811,30.10064],[35.16088,30.15017],[35.16028,30.17783],[35.13292,30.28401],[35.1347,30.30513],[35.14928,30.35361],[35.15374,30.43422],[35.16177,30.50619],[35.15909,30.51601],[35.16207,30.52999],[35.15939,30.55676],[35.17039,30.58442],[35.17515,30.64866],[35.19508,30.72808],[35.21501,30.7599],[35.23806,30.81047],[35.26751,30.86222],[35.27554,30.92914],[35.26959,31.01124]]}},{"type":"Feature","properties":{"id":3255,"name":null,"kind":"Main Road","known":"0"},"geometry":{"type":"LineString","coordinates":[[10.93114,34.97607],[10.95941,35.0013],[10.99891,35.02081],[11.00795,35.0327],[11.01985,35.07554],[11.01842,35.0979],[11.02508,35.1217],[11.04364,35.15311],[11.09075,35.20974],[11.12454,35.23686],[11.16261,35.23877],[11.14215,35.2459],[11.1036,35.2716],[11.07267,35.2973],[11.04078,35.33442],[11.03365,35.35298],[11.03174,35.37963],[11.03555,35.39153],[11.04174,35.39867],[11.04174,35.44102],[11.04697,35.48385],[11.05792,35.4986],[11.07362,35.51193],[11.08742,35.51574],[11.0603,35.5124],[11.04745,35.51669],[11.03317,35.54239],[11.02508,35.56951],[11.02651,35.58474],[11.03412,35.60282],[11.04201,35.61307],[11.04534,35.62164],[11.04391,35.6264],[11.03011,35.63258],[11.00489,35.63687],[10.98205,35.64924],[10.95349,35.65828],[10.87192,35.6797]]}},{"type":"Feature","properties":{"id":3256,"name":null,"kind":"Main Road","known":"1"},"geometry":{"type":"LineString","coordinates":[[10.82024,35.71281],[10.79978,35.76203]]}},{"type":"Feature","properties":{"id":3257,"name":null,"kind":"Secondary Road","known":"0"},"geometry":{"type":"LineString","coordinates":[[10.76286,35.44483],[10.87613,35.49813],[11.00129,35.54762],[11.02841,35.55476]]}},{"type":"Feature","properties":{"id":3261,"name":null,"kind":"Secondary Road","known":"0"},"geometry":{"type":"LineString","coordinates":[[8.82008,34.46068],[8.88147,34.49257],[8.95333,34.54158],[8.98855,34.5768],[9.1613,34.72861],[9.2817,34.82664],[9.31358,34.84901],[9.37116,34.89946],[9.48395,34.97988],[9.50061,34.99559],[9.51679,35.0051],[9.57389,35.02461],[9.65194,35.03556],[9.68049,35.04889],[9.77662,35.12598],[9.84277,35.19974],[9.90321,35.25828],[10.00125,35.3625],[10.04217,35.41865],[10.07501,35.45482],[10.10166,35.49004],[10.1383,35.52573],[10.19255,35.58902],[10.24538,35.6328],[10.27821,35.66517],[10.26775,35.70276],[10.2449,35.75463],[10.21016,35.81555]]}},{"type":"Feature","properties":{"id":3262,"name":null,"kind":"Secondary Road","period":"RL","known":"0"},"geometry":{"type":"LineString","coordinates":[[9.21888,35.86456],[9.20793,35.82554]]}},{"type":"Feature","properties":{"id":3263,"name":null,"kind":"Secondary Road","known":"0"},"geometry":{"type":"LineString","coordinates":[[9.21935,35.86456],[9.27551,35.84791],[9.30882,35.83363],[9.3626,35.82031],[9.38972,35.82602],[9.41019,35.83839],[9.45635,35.85314],[9.51869,35.86885],[9.51012,35.87837],[9.48633,35.88646],[9.42161,35.8855],[9.37164,35.90168],[9.35736,35.91739],[9.34309,35.93976],[9.32643,35.95165]]}},{"type":"Feature","properties":{"id":3264,"name":null,"kind":"Secondary Road","known":"0"},"geometry":{"type":"LineString","coordinates":[[9.51869,35.86932],[9.54296,35.87646],[9.56295,35.88788],[9.59864,35.90121],[9.62672,35.9093],[9.63195,35.91548],[9.63291,35.92262],[9.62862,35.93357],[9.63433,35.94785],[9.65765,35.97164],[9.66907,35.98068],[9.69192,35.98925],[9.72428,35.99401],[9.75331,35.96974],[9.80232,35.94166],[9.82992,35.93262],[9.89084,35.87789],[9.97555,35.82269],[10.01838,35.80175],[10.10451,35.74654],[10.17399,35.70895],[10.26346,35.66802],[10.27821,35.66564],[10.28155,35.63471],[10.24871,35.55857],[10.20731,35.48909],[10.18875,35.42912],[10.16733,35.37868],[10.15639,35.33442],[10.08453,35.10409],[10.07882,35.01224],[10.10547,34.97988]]}},{"type":"Feature","properties":{"id":3265,"name":null,"kind":"Secondary Road","known":"0"},"geometry":{"type":"LineString","coordinates":[[10.07691,34.27366],[10.08833,34.35979],[10.09119,34.48257],[10.08881,34.50399],[10.0988,34.54349],[10.10499,34.60916],[10.11022,34.63296],[10.10499,34.67293],[10.10547,34.75907],[10.09976,34.8038],[10.09595,34.90183],[10.08453,34.96132],[10.07882,35.01224]]}},{"type":"Feature","properties":{"id":3266,"name":null,"kind":"Secondary Road","known":"0"},"geometry":{"type":"LineString","coordinates":[[10.19446,34.42309],[10.17733,34.49447],[10.17066,34.55205],[10.17399,34.60297],[10.17019,34.62201]]}},{"type":"Feature","properties":{"id":3267,"name":null,"kind":"Secondary Road","known":"0"},"geometry":{"type":"LineString","coordinates":[[8.9343,34.52778],[9.06136,34.55396],[9.08896,34.55538],[9.17129,34.57109],[9.31168,34.59346],[9.335,34.59393],[9.44493,34.61392],[9.51679,34.62391],[9.59816,34.62772],[9.69525,34.63819],[9.91225,34.64295],[9.97555,34.63914],[10.03741,34.63962],[10.18827,34.64723],[10.36863,34.63962],[10.41527,34.6301]]}},{"type":"Feature","properties":{"id":3268,"name":null,"kind":"Secondary Road","known":"0"},"geometry":{"type":"LineString","coordinates":[[9.91368,34.7624],[10.1778,34.98083],[10.23396,35.02366],[10.34294,35.09505],[10.42241,35.15644],[10.48428,35.19594],[10.56423,35.23877],[10.64656,35.27827],[10.71508,35.30444]]}},{"type":"Feature","properties":{"id":3270,"name":null,"kind":"Secondary Road","known":"0"},"geometry":{"type":"LineString","coordinates":[[10.34032,35.67274],[10.32699,35.63657]]}},{"type":"Feature","properties":{"id":3271,"name":null,"kind":"Secondary Road","known":"0"},"geometry":{"type":"LineString","coordinates":[[9.20103,35.6361],[9.21436,35.57423]]}},{"type":"Feature","properties":{"id":3274,"name":null,"kind":"Main Road","period":"RL","known":"0"},"geometry":{"type":"LineString","coordinates":[[10.69316,34.66051],[10.701,34.66484],[10.74097,34.70529],[10.75325,34.72738],[10.66807,34.79972],[10.61857,34.83255],[10.47676,34.87919],[10.38872,34.91393],[10.36254,34.91821],[10.27974,34.94819],[10.24119,34.95391],[10.20788,34.96247],[10.19075,34.97009],[10.15363,34.9777],[10.10271,35.00292],[9.98326,35.04528],[9.78529,35.09239],[9.76149,35.09382],[9.67726,35.11095],[9.64585,35.11428],[9.61968,35.13617],[9.59636,35.14759],[9.52117,35.16853],[9.48928,35.18138],[9.38839,35.2028],[9.29179,35.22754],[9.13017,35.2578],[9.03833,35.31063],[8.96885,35.34251],[8.90888,35.36488],[8.79581,35.42008],[8.74346,35.43864],[8.6835,35.44863],[8.65733,35.44578],[8.55453,35.42436],[8.49552,35.42008]]}},{"type":"Feature","properties":{"id":3275,"name":null,"kind":"Secondary Road","known":"0"},"geometry":{"type":"LineString","coordinates":[[8.81447,34.55606],[8.82589,34.577],[8.89727,34.65838],[8.9777,34.73833],[9.05527,34.82589],[9.19851,34.95295],[9.27941,35.03243],[9.33705,35.06823]]}},{"type":"Feature","properties":{"id":3276,"name":null,"kind":"Secondary Road","known":"0"},"geometry":{"type":"LineString","coordinates":[[9.32899,35.09903],[9.34184,35.11188],[9.35755,35.1352],[9.38134,35.18898],[9.40704,35.23561],[9.42417,35.28368]]}},{"type":"Feature","properties":{"id":3277,"name":null,"kind":"Main Road","period":"RL","known":"0"},"geometry":{"type":"LineString","coordinates":[[10.71485,35.30392],[10.58992,35.36583],[10.53044,35.40105],[10.48047,35.42532],[10.45382,35.43436],[10.3496,35.45625],[10.25537,35.46815],[10.07215,35.4829],[9.9646,35.50241],[9.92225,35.5124],[9.88751,35.52621],[9.86086,35.53287],[9.81898,35.55523],[9.74855,35.58379],[9.72737,35.5985],[9.72541,35.58968],[9.68686,35.5359],[9.65736,35.51068],[9.64356,35.49069],[9.60644,35.45024],[9.58645,35.41836],[9.57217,35.4036],[9.32262,35.32463],[9.30264,35.30178],[9.2955,35.29798],[9.2146,35.27228],[9.12864,35.25751],[9.00072,35.24198],[8.9042,35.21291],[8.80002,35.16683],[8.77717,35.2118],[8.72435,35.2632],[8.70079,35.29103],[8.65796,35.3253],[8.61799,35.346],[8.57016,35.36242],[8.4938,35.3717],[8.46166,35.36813],[8.35458,35.3767],[8.18612,35.39954],[8.1526,35.40894]]}},{"type":"Feature","properties":{"id":3280,"name":null,"kind":"Secondary Road","known":"0"},"geometry":{"type":"LineString","coordinates":[[10.14182,36.39499],[10.20892,36.34835],[10.22224,36.33169],[10.2527,36.23889],[10.27221,36.1913],[10.28078,36.18321],[10.29077,36.1637],[10.31219,36.14847],[10.32456,36.13467],[10.36501,36.06757],[10.38643,36.01332],[10.56251,35.88197],[10.5863,35.86675],[10.63056,35.84533]]}},{"type":"Feature","properties":{"id":3281,"name":null,"kind":"Secondary Road","known":"0"},"geometry":{"type":"LineString","coordinates":[[8.67226,35.57978],[8.67179,35.62404],[8.69701,35.71256],[8.70034,35.76538],[8.71985,35.84866],[8.717,35.8934]]}},{"type":"Feature","properties":{"id":3282,"name":null,"kind":"Secondary Road","known":"0"},"geometry":{"type":"LineString","coordinates":[[8.27156,34.80622],[8.21303,34.73151]]}},{"type":"Feature","properties":{"id":3283,"name":null,"kind":"Secondary Road"},"geometry":{"type":"LineString","coordinates":[[8.50618,35.18598],[8.59517,35.17028],[8.63229,35.1698],[8.6932,35.17694],[8.73318,35.17694],[8.76316,35.17599],[8.80002,35.16683]]}},{"type":"Feature","properties":{"id":2883,"name":null,"kind":"Secondary Road","known":"0"},"geometry":{"type":"LineString","coordinates":[[35.05931,29.88998],[35.04827,29.89933],[34.99306,29.92741],[34.9431,29.96786],[34.8522,30.00118],[34.77844,30.00784],[34.68183,29.9988]]}},{"type":"Feature","properties":{"id":2884,"name":null,"kind":"Secondary Road","known":"0"},"geometry":{"type":"LineString","coordinates":[[34.68773,29.97119],[34.67583,30.01593],[34.65775,30.0559],[34.63919,30.07399],[34.63205,30.09826],[34.61778,30.11634],[34.60121,30.15408],[34.56488,30.20969],[34.5167,30.25823],[34.45317,30.28964],[34.41426,30.31819],[34.40106,30.33354],[34.38856,30.36744],[34.36501,30.40992],[34.33521,30.43312],[34.27917,30.45703],[34.22991,30.46667],[34.17887,30.48166],[34.13265,30.50165],[34.09946,30.50878],[34.0784,30.50629],[34.04342,30.49022],[34.02201,30.48737],[34.00059,30.49094],[33.98275,30.49772],[33.95205,30.49986],[33.93206,30.49558],[33.89959,30.4813]]}},{"type":"Feature","properties":{"id":2886,"name":null,"kind":"Secondary Road","known":"0"},"geometry":{"type":"LineString","coordinates":[[34.90405,29.59514],[34.87047,29.59191],[34.85239,29.59667],[34.8305,29.59524],[34.71438,29.57144],[34.70296,29.56193],[34.68488,29.55907],[34.66917,29.55241],[34.65727,29.53861],[34.62967,29.52386],[34.62539,29.51434],[34.59303,29.49102],[34.58256,29.47389],[34.56971,29.43915],[34.56638,29.42201],[34.57114,29.40631],[34.56638,29.38109],[34.54972,29.35111],[34.54496,29.33445],[34.54401,29.3097],[34.54877,29.29781],[34.57304,29.2802],[34.58542,29.25878],[34.5778,29.22833],[34.57304,29.17693],[34.55877,29.14409],[34.54449,29.12934],[34.53878,29.11316],[34.53735,29.09984],[34.54496,29.08699],[34.5483,29.06557],[34.53164,29.03749],[34.51451,29.02464],[34.49785,29.00323],[34.44645,28.96468],[34.42932,28.93042]]}},{"type":"Feature","properties":{"id":2887,"name":null,"kind":"Secondary Road","known":"1"},"geometry":{"type":"LineString","coordinates":[[34.42932,28.93042],[34.39572,28.9071],[34.38954,28.89187],[34.37431,28.88711],[34.36289,28.86237],[34.34052,28.83714],[34.3272,28.82953],[34.31435,28.82715],[34.28151,28.80193],[34.26961,28.79717],[34.24867,28.80145],[34.21108,28.82429],[34.19537,28.82287],[34.18252,28.79622],[34.15778,28.76576],[34.13589,28.75624],[34.11352,28.75196],[34.10305,28.74292],[34.09353,28.70437],[34.07973,28.69485],[34.06593,28.67867],[34.031,28.66297],[33.99626,28.61585],[33.98531,28.5892],[33.97675,28.55351],[33.9915,28.51068],[34.00625,28.49736],[34.02053,28.46119],[34.02243,28.44453],[34.01958,28.40884],[34.00435,28.40265],[34.00435,28.39171],[33.99007,28.35935],[33.97104,28.3465],[33.93392,28.33412],[33.92202,28.30938],[33.88681,28.26179],[33.84302,28.24371],[33.71453,28.22657],[33.67256,28.22848],[33.64638,28.23371],[33.63354,28.24085]]}},{"type":"Feature","properties":{"id":2888,"name":"Via Nova Traiana","kind":"Main Road","known":"1"},"geometry":{"type":"LineString","coordinates":[[35.00149,29.53018],[35.01062,29.55169],[35.0249,29.56597],[35.06012,29.56597],[35.08201,29.56121],[35.12722,29.56216],[35.13721,29.55741],[35.14816,29.56454],[35.17195,29.59119],[35.2086,29.61832],[35.2262,29.64354],[35.27379,29.69589],[35.28759,29.7154],[35.29711,29.74062],[35.3033,29.76823],[35.30377,29.79012],[35.31091,29.80725],[35.30377,29.84532],[35.30663,29.89672],[35.30377,29.92575],[35.31186,29.94906],[35.33138,29.96953],[35.33613,29.98095],[35.33613,30.00284],[35.33994,30.01141],[35.3466,30.01855],[35.43046,30.03187],[35.44426,30.03758],[35.4514,30.04853],[35.44997,30.08089],[35.47947,30.11182],[35.47995,30.12514],[35.49232,30.14942],[35.50512,30.16231],[35.52463,30.19372]]}},{"type":"Feature","properties":{"id":2889,"name":null,"kind":"Main Road","known":"1"},"geometry":{"type":"LineString","coordinates":[[35.4514,30.04853],[35.43236,30.07803],[35.40714,30.08327],[35.42189,30.09278],[35.43474,30.11658],[35.43617,30.12848],[35.43117,30.14613],[35.44306,30.16992],[35.44259,30.17897],[35.44735,30.18753],[35.47644,30.21233]]}},{"type":"Feature","properties":{"id":2890,"name":null,"kind":"Secondary Road","known":"0"},"geometry":{"type":"LineString","coordinates":[[33.73757,29.90994],[33.76214,29.92744],[33.84661,30.0018],[33.86505,30.025],[33.86803,30.03868],[33.87397,30.04701],[33.88528,30.07854],[33.88944,30.08151]]}},{"type":"Feature","properties":{"id":2891,"name":null,"kind":"Secondary Road","known":"1"},"geometry":{"type":"LineString","coordinates":[[32.57532,29.95262],[32.58317,29.94655],[32.58674,29.93727],[32.5846,29.92192],[32.60459,29.8973],[32.65063,29.87017],[32.73593,29.82984],[32.77448,29.80057],[32.79568,29.76881],[32.81317,29.73026],[32.83851,29.65959],[32.85243,29.58356],[32.83815,29.48934],[32.82174,29.4383],[32.81852,29.4126],[32.82352,29.40475],[32.91239,29.3637],[32.93595,29.34514],[32.95936,29.3148],[33.01933,29.21737],[33.0461,29.17953],[33.09164,29.08995],[33.09985,29.05889]]}},{"type":"Feature","properties":{"id":2892,"name":null,"kind":"Secondary Road","known":"0"},"geometry":{"type":"LineString","coordinates":[[33.09985,29.05889],[33.11512,29.04747],[33.12904,29.04248],[33.16759,29.01928],[33.21185,29.00286],[33.22077,28.99679],[33.24183,28.97145],[33.25397,28.93897],[33.27788,28.91755],[33.33142,28.89328],[33.34569,28.89114],[33.35961,28.89328],[33.38174,28.88529],[33.42243,28.85388],[33.43207,28.83996]]}},{"type":"Feature","properties":{"id":2893,"name":null,"kind":"Secondary Road","known":"1"},"geometry":{"type":"LineString","coordinates":[[33.43207,28.83996],[33.44185,28.83104],[33.44363,28.82104],[33.4572,28.80284],[33.47754,28.79998],[33.48646,28.7957],[33.49753,28.78285],[33.52323,28.76572],[33.53893,28.76001],[33.56677,28.73146],[33.60567,28.71968],[33.62066,28.70861],[33.63209,28.70397],[33.66621,28.70754],[33.69083,28.69327],[33.70368,28.6897],[33.73117,28.69719],[33.74045,28.70933],[33.76008,28.71111],[33.78363,28.70861],[33.79648,28.70433],[33.82468,28.68648],[33.84966,28.68506],[33.86608,28.67863],[33.88992,28.65436],[33.93168,28.65222],[33.93989,28.6458],[33.9481,28.64437],[33.96131,28.62509],[33.97701,28.61082],[33.98272,28.60725],[33.99252,28.60713]]}},{"type":"Feature","properties":{"id":2894,"name":null,"kind":"Main Road","known":"0"},"geometry":{"type":"LineString","coordinates":[[32.89864,25.97095],[32.84486,26.0271],[32.82202,26.06136],[32.80013,26.08516],[32.74112,26.14369],[32.72018,26.1594],[32.71733,26.16796],[32.75159,26.22888],[32.75968,26.28646],[32.77634,26.3055],[32.78681,26.33548]]}},{"type":"Feature","properties":{"id":2895,"name":null,"kind":"Main Road","known":"1"},"geometry":{"type":"LineString","coordinates":[[32.78681,26.33548],[32.7968,26.35975],[32.8125,26.4159],[32.80489,26.47158],[32.79394,26.49443],[32.7692,26.58627],[32.7711,26.60721],[32.76682,26.6253],[32.76634,26.67574],[32.77729,26.68954],[32.86152,26.72095],[32.88436,26.73237],[32.90435,26.75855],[32.92148,26.77187],[32.95194,26.80423],[32.96717,26.8128],[32.97288,26.82041],[33.01285,26.84183],[33.01952,26.85039],[33.02142,26.85848],[33.03617,26.86562],[33.03903,26.87133],[33.03903,26.88513],[33.04284,26.89132],[33.06235,26.91607],[33.08186,26.92987],[33.10518,26.96508],[33.10603,26.97984],[33.1284,27.00411],[33.14649,27.01886],[33.1522,27.02885],[33.20788,27.07549],[33.2193,27.08263],[33.24262,27.08691],[33.2626,27.1069],[33.27926,27.11832],[33.31067,27.15068],[33.33446,27.18399],[33.35388,27.20398]]}},{"type":"Feature","properties":{"id":2896,"name":null,"kind":"Secondary Road","known":"1"},"geometry":{"type":"LineString","coordinates":[[33.34769,27.20017],[33.35959,27.22968],[33.36007,27.24729],[33.35388,27.26394],[33.32295,27.28203],[33.29772,27.28536],[33.29106,27.27584],[33.3001,27.25538],[33.30153,27.24205],[33.29725,27.22682],[33.31533,27.20922],[33.34246,27.20969],[33.35293,27.21302]]}},{"type":"Feature","properties":{"id":2897,"name":null,"kind":"Secondary Road","known":"0"},"geometry":{"type":"LineString","coordinates":[[33.35388,27.20398],[33.36673,27.21778],[33.38624,27.22635]]}},{"type":"Feature","properties":{"id":2898,"name":null,"kind":"Secondary Road","known":"1"},"geometry":{"type":"LineString","coordinates":[[33.38624,27.22635],[33.42088,27.23872],[33.46943,27.24824],[33.53462,27.27727],[33.56127,27.30011],[33.58078,27.30344]]}},{"type":"Feature","properties":{"id":2899,"name":null,"kind":"Secondary Road","known":"0"},"geometry":{"type":"LineString","coordinates":[[33.58078,27.30344],[33.61714,27.32153],[33.63713,27.34865],[33.64129,27.3748],[33.68091,27.36864]]}},{"type":"Feature","properties":{"id":2900,"name":null,"kind":"Secondary Road","known":"1"},"geometry":{"type":"LineString","coordinates":[[33.25417,27.09948],[33.25023,27.11166],[33.22215,27.12831],[33.21263,27.13783],[33.20883,27.14925],[33.24547,27.1721]]}},{"type":"Feature","properties":{"id":2901,"name":null,"kind":"Secondary Road","known":"1"},"geometry":{"type":"LineString","coordinates":[[33.23643,27.08596],[33.23881,27.0812],[33.26403,27.07835],[33.2726,27.07311],[33.28116,27.06645],[33.28592,27.05027]]}},{"type":"Feature","properties":{"id":2902,"name":null,"kind":"Secondary Road","known":"1"},"geometry":{"type":"LineString","coordinates":[[33.03617,26.86562],[33.05254,26.85896],[33.07015,26.85896],[33.07824,26.85944],[33.08395,26.86419],[33.10108,26.86134],[33.11013,26.86705],[33.12583,26.86705],[33.14249,26.87181],[33.19388,26.9194],[33.21911,26.95271],[33.23433,26.9608],[33.25194,26.9608],[33.26432,26.95461]]}},{"type":"Feature","properties":{"id":2903,"name":null,"kind":"Secondary Road","known":"0"},"geometry":{"type":"LineString","coordinates":[[33.23433,26.9608],[33.21768,26.98983],[33.21435,27.00791],[33.19103,27.02933],[33.17742,27.05074]]}},{"type":"Feature","properties":{"id":2904,"name":null,"kind":"Secondary Road","known":"0"},"geometry":{"type":"LineString","coordinates":[[33.25194,26.9608],[33.27107,26.96794],[33.28583,26.96889],[33.29011,26.97936],[33.29868,26.98079],[33.31581,26.99078],[33.32009,27.00316],[33.33008,27.00982],[33.34817,27.00458],[33.3634,26.9846],[33.37339,26.97841],[33.38196,26.96461],[33.39766,26.95033],[33.40956,26.92844],[33.39956,26.9056],[33.39719,26.88942],[33.39909,26.8561],[33.40765,26.84088],[33.42859,26.82374],[33.46809,26.80138]]}},{"type":"Feature","properties":{"id":2905,"name":null,"kind":"Secondary Road","known":"1"},"geometry":{"type":"LineString","coordinates":[[33.46809,26.80138],[33.47847,26.80947],[33.48799,26.83469],[33.49941,26.83469],[33.50655,26.84326],[33.51083,26.86229],[33.50655,26.87514],[33.51321,26.88894],[33.51892,26.89608],[33.54366,26.91178],[33.54795,26.92654],[33.57031,26.94938],[33.57507,26.97984],[33.58221,26.98507],[33.59078,26.99982]]}},{"type":"Feature","properties":{"id":2906,"name":null,"kind":"Secondary Road","known":"0"},"geometry":{"type":"LineString","coordinates":[[33.59078,26.99982],[33.59934,27.01172],[33.63742,27.0122],[33.66073,27.01838],[33.67358,27.02695],[33.69167,27.04599],[33.7039,27.05132]]}},{"type":"Feature","properties":{"id":2907,"name":null,"kind":"Secondary Road","known":"1"},"geometry":{"type":"LineString","coordinates":[[33.46809,26.80138],[33.4718,26.79329],[33.4956,26.78091],[33.52273,26.75759],[33.55842,26.7338],[33.62647,26.73951],[33.62695,26.7457],[33.57793,26.76902]]}},{"type":"Feature","properties":{"id":2908,"name":null,"kind":"Secondary Road","known":"0"},"geometry":{"type":"LineString","coordinates":[[33.57793,26.76902],[33.55271,26.77663],[33.54604,26.78662],[33.54557,26.79329],[33.53986,26.79709],[33.53034,26.79757],[33.51273,26.80804],[33.48751,26.80899]]}},{"type":"Feature","properties":{"id":2909,"name":null,"kind":"Secondary Road","known":"0"},"geometry":{"type":"LineString","coordinates":[[33.56889,26.7338],[33.57698,26.7181],[33.59982,26.71048],[33.61314,26.67479],[33.60315,26.55249],[33.58935,26.51013],[33.58792,26.49395],[33.59792,26.4692],[33.60268,26.46159],[33.61552,26.4554],[33.63218,26.45302],[33.64027,26.44303],[33.6436,26.42971],[33.68072,26.39401],[33.6969,26.38592],[33.71451,26.36689],[33.74259,26.37688]]}},{"type":"Feature","properties":{"id":2910,"name":null,"kind":"Secondary Road","known":"0"},"geometry":{"type":"LineString","coordinates":[[33.60268,26.46159],[33.54319,26.43637],[33.51321,26.40258],[33.4799,26.39354],[33.43564,26.38878]]}},{"type":"Feature","properties":{"id":2911,"name":null,"kind":"Secondary Road","known":"1"},"geometry":{"type":"LineString","coordinates":[[33.74259,26.37688],[33.76657,26.38307],[33.7818,26.37974],[33.81702,26.36879],[33.8351,26.35785],[33.85842,26.35451],[33.89411,26.32834],[33.90506,26.32691],[33.93171,26.31549],[33.94265,26.31406],[33.96216,26.31882],[33.99643,26.30502]]}},{"type":"Feature","properties":{"id":2912,"name":null,"kind":"Secondary Road","known":"0"},"geometry":{"type":"LineString","coordinates":[[33.87008,26.34697],[33.87365,26.35927],[33.86889,26.3745],[33.85652,26.38783],[33.85461,26.40163],[33.87603,26.41352],[33.89887,26.44779],[33.89935,26.46111],[33.90648,26.47682],[33.90315,26.50299],[33.91077,26.51108],[33.93599,26.52393],[33.95027,26.54677],[33.98072,26.5463],[33.99167,26.55011],[34.02484,26.57233]]}},{"type":"Feature","properties":{"id":2913,"name":null,"kind":"Secondary Road","known":"1"},"geometry":{"type":"LineString","coordinates":[[33.99643,26.30502],[34.01451,26.31026],[34.05068,26.33881],[34.0759,26.34119],[34.10874,26.35023],[34.11921,26.35118],[34.12363,26.3464]]}},{"type":"Feature","properties":{"id":3224,"name":null,"kind":"Secondary Road","period":"R","known":"0"},"geometry":{"type":"MultiLineString","coordinates":[[[24.34715,45.26422],[24.38664,45.26537],[24.4466,45.27299],[24.49514,45.28726],[24.51608,45.30249],[24.50275,45.31677],[24.47134,45.33485],[24.44089,45.3577],[24.42185,45.38244],[24.39996,45.38815]],[[24.31752,45.39518],[24.36284,45.39577],[24.39996,45.38815],[24.43137,45.40148],[24.45136,45.42242],[24.43518,45.44811],[24.40186,45.48428],[24.34,45.51855],[24.31723,45.51701]]]}},{"type":"Feature","properties":{"id":3226,"name":null,"kind":"Secondary Road","period":"RL","known":"0"},"geometry":{"type":"LineString","coordinates":[[24.1791,44.23507],[24.20765,44.22936],[24.23977,44.21793],[24.30116,44.20508],[24.32258,44.20508],[24.38754,44.18652],[24.42894,44.16939],[24.44465,44.15083],[24.49747,44.12513],[24.52674,44.09658],[24.57385,44.02163],[24.57599,44.00735],[24.62403,43.91098],[24.6376,43.90099],[24.63831,43.87886],[24.67329,43.8189],[24.72254,43.7932],[24.76966,43.74823],[24.77465,43.73395],[24.75467,43.72824],[24.56907,43.78463],[24.52124,43.79034],[24.48817,43.78322]]}},{"type":"Feature","properties":{"id":3227,"name":null,"kind":"Main Road","period":"RL","known":"1"},"geometry":{"type":"LineString","coordinates":[[23.8497,43.75185],[23.86055,43.74591],[23.87911,43.744],[23.91956,43.74543],[23.97715,43.74162],[24.00178,43.73324],[24.02962,43.71325],[24.0696,43.70326],[24.10743,43.69897],[24.18452,43.6747],[24.25948,43.68898],[24.36013,43.69398],[24.38654,43.70683],[24.41509,43.71396],[24.44579,43.71468],[24.58749,43.65614],[24.60297,43.64616],[24.66529,43.63616],[24.69742,43.64615],[24.73311,43.66756],[24.77237,43.68398],[24.80735,43.68113],[24.84732,43.66471],[24.87202,43.66114],[24.88915,43.66685],[24.88416,43.7004],[24.89272,43.70683],[24.94269,43.71182],[24.9741,43.70326],[25.03263,43.654],[25.0926,43.61331],[25.17041,43.57976],[25.22751,43.57191],[25.2632,43.57762],[25.38176,43.6168],[25.49706,43.61617],[25.54417,43.63401],[25.58088,43.63935],[25.60128,43.63901],[25.63983,43.65543],[25.74405,43.67113],[25.80222,43.70754],[25.83149,43.73681],[25.86861,43.74894],[25.92001,43.78463],[25.97926,43.85602],[26.05849,43.89028],[26.13844,43.95595],[26.19027,43.97523],[26.30662,44.00093],[26.36373,44.01877],[26.45082,44.01663],[26.48151,44.02734],[26.54433,44.03947],[26.5893,44.05304],[26.64962,44.05446],[26.7103,44.06018],[26.78382,44.08088],[26.86877,44.11157],[26.90089,44.11871],[26.9812,44.1287],[27.08756,44.13513],[27.1204,44.1337],[27.16466,44.12371],[27.44134,44.11229],[27.5013,44.13227],[27.53342,44.16297],[27.6148,44.19937],[27.68619,44.1958],[27.71688,44.19937],[27.76114,44.21294],[27.7847,44.2265],[27.81468,44.23649],[27.84894,44.2422],[27.93367,44.24292],[27.98293,44.26576],[28.00649,44.2936],[28.03004,44.32929],[28.04289,44.36713],[28.07287,44.38711],[28.09786,44.41353],[28.12284,44.43209],[28.12427,44.48205],[28.05503,44.53916],[28.06502,44.58984],[28.05717,44.61911],[28.02433,44.66194],[27.99078,44.68264],[27.95081,44.69835],[27.96722,44.70691],[28.05717,44.71191],[28.08644,44.73118],[28.09,44.79115],[28.10928,44.83683],[28.1414,44.87395],[28.1828,44.95604],[28.17781,44.98031],[28.15425,45.01172],[28.19137,45.07811],[28.21136,45.13165],[28.19137,45.17376],[28.15853,45.20731],[28.13855,45.24943],[28.13569,45.26585],[28.1721,45.34009],[28.24919,45.30654],[28.36412,45.28155],[28.50724,45.26585],[28.53437,45.25157],[28.56721,45.22516],[28.59576,45.20803],[28.68356,45.17733],[28.73853,45.1652],[28.80349,45.18162],[28.88101,45.15734],[28.93597,45.14378],[28.96524,45.12736],[29.04376,45.11309],[29.07232,45.10238],[29.09873,45.08096],[29.13299,45.05884],[29.15941,45.04599]]}},{"type":"Feature","properties":{"id":3228,"name":null,"kind":"Main Road","known":"0"},"geometry":{"type":"LineString","coordinates":[[29.15941,45.04599],[29.20081,45.03314],[29.18867,45.02172],[29.17297,45.01386],[29.14798,45.01101]]}},{"type":"Feature","properties":{"id":3230,"name":null,"kind":"Secondary Road","period":"RL","known":"0"},"geometry":{"type":"LineString","coordinates":[[28.78909,45.17724],[28.7286,45.13522],[28.69791,45.10666],[28.61939,45.06954],[28.59155,45.04099],[28.58584,45.02528],[28.56371,45.00387],[28.53158,44.98245]]}},{"type":"Feature","properties":{"id":3231,"name":null,"kind":"Secondary Road","period":"RL","known":"0"},"geometry":{"type":"LineString","coordinates":[[28.50724,45.26585],[28.49661,45.24015],[28.46663,45.20089],[28.47376,45.15663],[28.48804,45.11166],[28.49447,45.07026],[28.50232,45.04384],[28.54943,44.95105],[28.57085,44.89465],[28.59226,44.86538],[28.59869,44.82898],[28.57727,44.75974],[28.49304,44.67265],[28.41166,44.61554],[28.34456,44.56129],[28.32957,44.54487],[28.31886,44.51132],[28.29245,44.49062],[28.28602,44.4692],[28.23998,44.39711],[28.21643,44.3657],[28.17359,44.28718],[28.13076,44.2522],[28.07223,44.18081],[28.03868,44.14655],[27.96373,44.08802]]}},{"type":"Feature","properties":{"id":3234,"name":null,"kind":"Secondary Road","period":"RL","known":"0"},"geometry":{"type":"LineString","coordinates":[[28.64366,44.19366],[28.44714,44.14084],[28.34863,44.12085],[28.28224,44.11086],[28.25369,44.10015],[28.21942,44.09444],[28.12948,44.08944],[28.0531,44.09158],[27.99356,44.08587],[27.96373,44.08802],[27.93646,44.09872],[27.86365,44.11585],[27.69804,44.17225],[27.65977,44.19652]]}},{"type":"Feature","properties":{"id":3236,"name":null,"kind":"Secondary Road","period":"RL","known":"0"},"geometry":{"type":"LineString","coordinates":[[25.97926,43.85602],[25.9931,43.84103],[26.02737,43.81533],[26.20583,43.74038],[26.36166,43.66614],[26.42305,43.63259],[26.50443,43.58119],[26.62078,43.51766],[26.73885,43.432],[26.80024,43.39416],[26.83665,43.37775],[26.92941,43.31924]]}},{"type":"Feature","properties":{"id":3239,"name":null,"kind":"Secondary Road","period":"R","known":"0"},"geometry":{"type":"LineString","coordinates":[[25.03427,43.73523],[25.04283,43.75998],[25.04378,43.77235],[25.03807,43.79805],[25.04188,43.83422],[25.03903,43.90465],[25.01047,44.00363],[25.00762,44.0912],[24.99905,44.11785],[24.93243,44.18162],[24.89531,44.19304],[24.8639,44.19875],[24.82773,44.22159],[24.79918,44.23301],[24.80774,44.32819],[24.8106,44.4129],[24.81821,44.43384],[24.8125,44.46049],[24.82011,44.4938],[24.8144,44.58708],[24.79537,44.63276],[24.79822,44.68226],[24.77919,44.72889],[24.80298,44.77743],[24.85438,44.82693],[24.87627,44.87832],[24.88769,44.92877],[24.90102,44.95922],[24.92862,44.99444],[24.97335,45.07058],[24.98858,45.10961],[24.98858,45.14577],[24.99334,45.17623],[25.03141,45.27236],[25.08852,45.33994],[25.14943,45.38277],[25.21035,45.41323],[25.30077,45.46748],[25.31314,45.48461],[25.34169,45.50555],[25.39309,45.55695],[25.41498,45.57408],[25.43973,45.57693],[25.50064,45.6369],[25.53776,45.66069],[25.55775,45.68258],[25.58699,45.69449],[25.6101,45.71113],[25.64246,45.72446],[25.70765,45.7711],[25.77809,45.78537],[25.82568,45.80155],[25.86946,45.83677],[25.92846,45.87508],[25.96547,45.8908],[26.06767,45.95717],[26.10967,45.98859],[26.11882,46.00238],[26.12395,46.02],[26.13037,46.02714]]}},{"type":"Feature","properties":{"id":3240,"name":null,"kind":"Secondary Road"},"geometry":{"type":"LineString","coordinates":[[11.96291,42.01749],[12.02573,42.01606]]}},{"type":"Feature","properties":{"id":3241,"name":null,"kind":"Secondary Road"},"geometry":{"type":"LineString","coordinates":[[12.15821,41.94203],[12.13923,41.95955],[12.13685,41.97406],[12.09782,41.99738]]}},{"type":"Feature","properties":{"id":3243,"name":null,"kind":"Main Road","known":"1"},"geometry":{"type":"LineString","coordinates":[[12.38779,41.68271],[12.41581,41.7008],[12.42071,41.71362]]}},{"type":"Feature","properties":{"id":3244,"name":null,"kind":"Secondary Road","known":"0"},"geometry":{"type":"LineString","coordinates":[[8.49172,39.08925],[8.51028,39.1071],[8.51813,39.13779],[8.51813,39.17848],[8.50957,39.20133],[8.53027,39.22131],[8.57667,39.24202],[8.57881,39.26771],[8.5681,39.29198],[8.54097,39.32768],[8.52099,39.37122],[8.47816,39.38835],[8.47459,39.40263],[8.47958,39.41548],[8.49101,39.42833],[8.48601,39.46259],[8.496,39.47901],[8.55454,39.52041],[8.5888,39.52541],[8.60022,39.53041],[8.60593,39.54254],[8.62735,39.55253],[8.64377,39.55253],[8.65876,39.56396],[8.66804,39.5868],[8.66518,39.61749],[8.65448,39.6332],[8.62092,39.66532],[8.5888,39.68602],[8.56739,39.68031],[8.55025,39.68388],[8.56739,39.68031],[8.61521,39.69459],[8.63306,39.69173],[8.65448,39.68103],[8.6766,39.67817],[8.723,39.66532],[8.73585,39.6589],[8.75441,39.65604],[8.77083,39.65818],[8.77868,39.66889],[8.7794,39.72386],[8.78582,39.7517],[8.80295,39.76597],[8.83293,39.77954],[8.85863,39.79738],[8.88933,39.83236],[8.88933,39.84664],[8.89718,39.85663],[8.92002,39.87233],[8.94572,39.92444],[8.93644,39.948],[8.91574,39.96371],[8.85435,39.99155],[8.83555,39.99274],[8.87077,40.03009],[8.83555,39.99274],[8.80081,39.9944],[8.78225,39.98369],[8.77083,39.96513],[8.7487,39.94586],[8.72372,39.93016],[8.7023,39.9223],[8.6766,39.90446],[8.60165,39.88304]]}},{"type":"Feature","properties":{"id":3245,"name":null,"kind":"Secondary Road","known":"0"},"geometry":{"type":"LineString","coordinates":[[8.57595,39.24202],[8.66804,39.28128],[8.7694,39.28913],[8.8051,39.30626],[8.86006,39.29984],[8.98355,39.29698],[9.00283,39.27771],[9.03923,39.272],[9.07136,39.25201],[9.07921,39.25201],[9.09206,39.23845],[9.08992,39.2463],[9.12418,39.26058],[9.22412,39.28984]]}},{"type":"Feature","properties":{"id":3246,"name":null,"kind":"Secondary Road","known":"0"},"geometry":{"type":"LineString","coordinates":[[9.06922,39.29627],[9.07635,39.30912],[9.07278,39.32768],[9.08349,39.36408],[9.08278,39.39192],[9.09134,39.41191],[9.09134,39.43404],[9.08706,39.44831],[9.08992,39.47615],[9.10277,39.50185],[9.12347,39.51684],[9.13632,39.54968],[9.13417,39.62749],[9.14203,39.65961],[9.14917,39.67532],[9.14988,39.716],[9.13917,39.72885],[9.11847,39.74527],[9.08278,39.76312],[9.05637,39.76312],[9.03995,39.77026],[9.03281,39.7831],[9.05351,39.84949],[9.06279,39.8652],[9.0942,39.87233],[9.11704,39.88447],[9.12418,39.90089],[9.11276,39.91516],[9.07207,39.95014],[9.06707,39.96085],[9.06779,39.98155],[9.07921,40.01153],[9.09848,40.03723],[9.10062,40.05079],[9.09634,40.06864]]}},{"type":"Feature","properties":{"id":3247,"name":null,"kind":"Secondary Road","known":"0"},"geometry":{"type":"LineString","coordinates":[[8.41748,40.81361],[8.43033,40.79933],[8.48101,40.76007],[8.49743,40.75151],[8.51314,40.73366],[8.54169,40.71082],[8.5731,40.70154],[8.61736,40.6944],[8.67803,40.65514],[8.72657,40.59803],[8.74442,40.56305],[8.74727,40.49381],[8.75655,40.45312],[8.80337,40.34289],[8.79338,40.29292],[8.78053,40.27365],[8.77981,40.26152],[8.78195,40.25366],[8.80837,40.22297],[8.80051,40.19013],[8.80051,40.16872],[8.80979,40.15515],[8.81122,40.13802],[8.8462,40.09376],[8.84834,40.06949],[8.86976,40.03023],[8.88832,40.03166],[8.91616,40.04023],[8.96327,40.07306],[8.99468,40.07306],[9.01467,40.06378],[9.04964,40.05736],[9.07534,40.0595],[9.10675,40.07378],[9.13316,40.09234],[9.15101,40.09947],[9.16671,40.10019],[9.19313,40.12803],[9.20954,40.13588],[9.24666,40.1316],[9.26951,40.13873],[9.28164,40.15801],[9.28735,40.18014],[9.28664,40.20155],[9.28378,40.22297],[9.26522,40.26508],[9.25666,40.31291],[9.2538,40.40214],[9.26522,40.43141],[9.28735,40.46139],[9.29592,40.48066],[9.28592,40.5292],[9.27022,40.57489],[9.26808,40.59131],[9.27593,40.61344],[9.28807,40.627],[9.34018,40.65984],[9.36587,40.68554],[9.37159,40.70481],[9.36873,40.7612],[9.35945,40.7819],[9.30591,40.82259],[9.2952,40.83544]]}},{"type":"Feature","properties":{"id":3248,"name":null,"kind":"Secondary Road","known":"0"},"geometry":{"type":"LineString","coordinates":[[8.76696,40.42498],[8.80266,40.43997],[8.83549,40.47353],[8.84263,40.49423],[8.84192,40.5392],[8.84691,40.55348],[8.86405,40.57846],[8.88332,40.63057],[8.91901,40.66198],[8.97184,40.68554],[9.10033,40.72979],[9.13245,40.74907],[9.15529,40.7712],[9.24167,40.79618],[9.27379,40.81188],[9.32519,40.86685],[9.38301,40.90897],[9.4137,40.9161],[9.43012,40.92681]]}},{"type":"Feature","properties":{"id":3249,"name":null,"kind":"Secondary Road","known":"0"},"geometry":{"type":"LineString","coordinates":[[9.67354,40.78262],[9.64213,40.7819],[9.61572,40.78761],[9.58788,40.8026],[9.53862,40.84401],[9.51221,40.88541],[9.50793,40.90326],[9.50721,40.92824],[9.50008,40.93038],[9.45653,40.92681],[9.41584,40.92753],[9.36159,40.91682],[9.33447,40.91896],[9.29735,40.92824],[9.27379,40.94109],[9.25594,40.9418],[9.22739,40.93181],[9.21097,40.92253],[9.17028,40.91396],[9.12103,40.91254],[9.0368,40.90397],[9.02252,40.90611],[8.95399,40.89826],[8.9183,40.9004],[8.88475,40.91182]]}},{"type":"Feature","properties":{"id":3250,"name":null,"kind":"Secondary Road","known":"0"},"geometry":{"type":"LineString","coordinates":[[8.56495,40.79904],[8.58351,40.79047],[8.61706,40.80689],[8.62705,40.80689],[8.65489,40.7819],[8.67559,40.77762],[8.70129,40.77762],[8.7741,40.79975],[8.79052,40.80832],[8.82693,40.8126],[8.86619,40.82902],[8.9597,40.8797],[8.98254,40.89469],[9.0682,40.97607],[9.07035,40.9982],[9.05678,41.01747],[9.03822,41.06458],[9.0575,41.09599],[9.06035,41.10599],[9.05535,41.11598]]}},{"type":"Feature","properties":{"id":3251,"name":null,"kind":"Secondary Road","known":"0"},"geometry":{"type":"LineString","coordinates":[[9.28664,41.1788],[9.27308,41.16381],[9.27022,41.13882],[9.26308,41.12312],[9.21525,41.08885],[9.19527,41.06815],[9.17171,41.03674],[9.09676,40.95894],[9.08819,40.94109],[9.08891,40.92324],[9.10604,40.89183],[9.11532,40.85686],[9.10747,40.84187],[9.08819,40.82616],[9.07106,40.80403],[9.06392,40.78761],[9.06178,40.76334],[9.07963,40.72337]]}},{"type":"Feature","properties":{"id":3252,"name":null,"kind":"Main Road","known":"0"},"geometry":{"type":"LineString","coordinates":[[8.9741,34.14647],[9.03192,34.15647],[9.14471,34.15361]]}},{"type":"Feature","properties":{"id":3253,"name":null,"kind":"Main Road","known":"1"},"geometry":{"type":"LineString","coordinates":[[9.14483,34.15349],[9.20075,34.16718],[9.22038,34.17848],[9.334,34.21893],[9.39289,34.25224]]}},{"type":"Feature","properties":{"id":3254,"name":null,"kind":"Main Road","known":"0"},"geometry":{"type":"LineString","coordinates":[[9.39289,34.25224],[9.45297,34.27901],[9.53209,34.33731],[9.6118,34.40453],[9.64809,34.42237],[9.65701,34.43011],[9.69627,34.44795],[9.85926,34.49554],[9.95504,34.52945],[10.03891,34.5467],[10.06211,34.55503],[10.13885,34.56395],[10.24355,34.59131],[10.35717,34.61214],[10.40238,34.62522],[10.43628,34.6389],[10.47792,34.64902],[10.51837,34.66984],[10.59452,34.69482],[10.75335,34.72754]]}},{"type":"Feature","properties":{"id":3068,"name":null,"kind":"Secondary Road","known":"1"},"geometry":{"type":"LineString","coordinates":[[35.85745,32.61237],[35.87653,32.62053],[35.89973,32.64135]]}},{"type":"Feature","properties":{"id":3069,"name":null,"kind":"Secondary Road","known":"1"},"geometry":{"type":"LineString","coordinates":[[36.11129,32.62563],[36.10377,32.63361],[36.09961,32.65027]]}},{"type":"Feature","properties":{"id":3070,"name":null,"kind":"Secondary Road","known":"0"},"geometry":{"type":"LineString","coordinates":[[35.89103,32.2776],[35.91403,32.29252],[35.94734,32.30798],[35.9759,32.31274],[36.01754,32.30322],[36.02646,32.30441],[36.06513,32.33475],[36.09784,32.33416],[36.11807,32.34011],[36.13889,32.33713],[36.16268,32.33892],[36.19183,32.34606],[36.21087,32.3413],[36.23764,32.35914],[36.27214,32.39008],[36.30248,32.41209],[36.3346,32.42874],[36.38531,32.44708]]}},{"type":"Feature","properties":{"id":3071,"name":null,"kind":"Secondary Road","known":"0"},"geometry":{"type":"LineString","coordinates":[[36.34034,32.38055],[36.35929,32.35795],[36.37773,32.32821],[36.44852,32.32226],[36.47707,32.31572],[36.62192,32.31821]]}},{"type":"Feature","properties":{"id":3072,"name":null,"kind":"Secondary Road","known":"0"},"geometry":{"type":"LineString","coordinates":[[34.93588,32.11398],[34.92421,32.11955],[34.9059,32.12183],[34.87639,32.14492],[34.81236,32.20545]]}},{"type":"Feature","properties":{"id":3073,"name":null,"kind":"Main Road","known":"1"},"geometry":{"type":"LineString","coordinates":[[32.39204,34.848],[32.39145,34.8718],[32.41286,34.89857],[32.41643,34.9414],[32.44618,34.97471],[32.44558,34.99196],[32.42476,35.03776]]}},{"type":"Feature","properties":{"id":3074,"name":null,"kind":"Main Road","known":"0"},"geometry":{"type":"LineString","coordinates":[[32.5435,34.71892],[32.47164,34.74271],[32.43404,34.76318],[32.41643,34.75937],[32.39204,34.848]]}},{"type":"Feature","properties":{"id":3075,"name":null,"kind":"Main Road","known":"1"},"geometry":{"type":"LineString","coordinates":[[32.5435,34.71892],[32.5632,34.7113],[32.58509,34.70797],[32.59604,34.69274],[32.60936,34.68465],[32.69788,34.7094],[32.71596,34.7075],[32.72881,34.7113],[32.80543,34.67799]]}},{"type":"Feature","properties":{"id":3076,"name":null,"kind":"Main Road","known":"0"},"geometry":{"type":"LineString","coordinates":[[32.80543,34.67799],[32.83993,34.69179],[32.85563,34.67418],[32.89513,34.66847],[32.92559,34.65515],[32.94272,34.65229],[32.9846,34.65705],[33.03362,34.668],[33.0774,34.69512],[33.12737,34.71273],[33.14831,34.71606],[33.20375,34.71511],[33.21993,34.73367],[33.27989,34.737],[33.30369,34.75128],[33.31558,34.74747],[33.32939,34.73177],[33.35841,34.73462],[33.45502,34.77317],[33.49166,34.78364],[33.55758,34.82266],[33.57804,34.83789],[33.59041,34.85217],[33.60088,34.87644],[33.60326,34.90071],[33.60945,34.91736],[33.6242,34.92879],[33.63895,34.92974],[33.64895,34.93926],[33.65846,34.9621],[33.69511,34.98351],[33.72081,34.98922],[33.78058,34.99113],[33.80628,35.00493],[33.84911,35.04728],[33.871,35.07774],[33.90812,35.10058],[33.95618,35.122],[33.91621,35.15674],[33.91383,35.17815],[33.90288,35.18577],[33.88004,35.19624],[33.81675,35.20528],[33.79152,35.2167],[33.73775,35.25525],[33.72395,35.26001],[33.64971,35.25763],[33.5562,35.23907],[33.49623,35.24954]]}},{"type":"Feature","properties":{"id":3077,"name":null,"kind":"Main Road","known":"0"},"geometry":{"type":"LineString","coordinates":[[33.63895,34.92974],[33.61663,34.99541],[33.62139,35.04205],[33.6133,35.07441]]}},{"type":"Feature","properties":{"id":3078,"name":null,"kind":"Secondary Road","known":"0"},"geometry":{"type":"LineString","coordinates":[[33.63636,34.93801],[33.60712,34.94925],[33.56476,34.95639],[33.54335,34.96543],[33.52526,34.98304],[33.49243,34.99589],[33.43056,35.01254],[33.42104,35.01968]]}},{"type":"Feature","properties":{"id":3079,"name":null,"kind":"Main Road","known":"0"},"geometry":{"type":"LineString","coordinates":[[33.42104,35.01968],[33.4653,35.04776],[33.49243,35.05632],[33.6133,35.07441],[33.62996,35.07964],[33.68707,35.10582],[33.70991,35.12152],[33.72276,35.12057],[33.76035,35.0944],[33.79105,35.07917],[33.8296,35.0687],[33.8634,35.06664]]}},{"type":"Feature","properties":{"id":3080,"name":null,"kind":"Main Road","known":"1"},"geometry":{"type":"LineString","coordinates":[[33.42104,35.01968],[33.41514,35.04823],[33.38611,35.10011],[33.37088,35.14103],[33.36232,35.15436],[33.3547,35.16007]]}},{"type":"Feature","properties":{"id":3081,"name":null,"kind":"Main Road","known":"1"},"geometry":{"type":"LineString","coordinates":[[33.31711,35.15055],[33.29141,35.11534],[33.26238,35.09297],[33.25286,35.08012],[33.24287,35.04586],[33.24763,35.02825]]}},{"type":"Feature","properties":{"id":3082,"name":null,"kind":"Main Road","known":"0"},"geometry":{"type":"LineString","coordinates":[[33.00088,35.20242],[33.08083,35.14056],[33.16078,35.14056],[33.33638,35.15388],[33.3547,35.16007],[33.37617,35.17435],[33.44898,35.20052],[33.48039,35.22431],[33.49133,35.23954],[33.49623,35.24954],[33.49419,35.26001],[33.49799,35.28666],[33.48657,35.30617],[33.46468,35.31759],[33.43518,35.32616]]}},{"type":"Feature","properties":{"id":3083,"name":null,"kind":"Main Road","known":"1"},"geometry":{"type":"LineString","coordinates":[[33.43518,35.32616],[33.41424,35.33282],[33.36712,35.33234],[33.3262,35.33996]]}},{"type":"Feature","properties":{"id":3084,"name":null,"kind":"Main Road","known":"0"},"geometry":{"type":"LineString","coordinates":[[33.3262,35.33996],[33.27171,35.34709],[33.24077,35.34329],[33.21174,35.35614],[33.18081,35.34995],[33.10895,35.35328],[33.07849,35.33805],[33.06469,35.32806],[33.05089,35.31235],[33.04233,35.27714],[33.00088,35.20242],[32.92792,35.1653],[32.82894,35.13818]]}},{"type":"Feature","properties":{"id":3085,"name":null,"kind":"Secondary Road","known":"0"},"geometry":{"type":"LineString","coordinates":[[33.05743,35.3198],[32.94886,35.30379]]}},{"type":"Feature","properties":{"id":3086,"name":null,"kind":"Main Road","known":"1"},"geometry":{"type":"LineString","coordinates":[[32.82894,35.13818],[32.7735,35.16483],[32.75303,35.16768],[32.74113,35.17625],[32.73019,35.17625],[32.71877,35.18196],[32.69259,35.18244],[32.6569,35.19386],[32.61645,35.18339],[32.61217,35.17768],[32.59837,35.17339],[32.56696,35.16959],[32.55839,35.16626],[32.55125,35.15721]]}},{"type":"Feature","properties":{"id":3087,"name":null,"kind":"Main Road","known":"0"},"geometry":{"type":"LineString","coordinates":[[32.55125,35.15721],[32.52817,35.1377],[32.52056,35.11819],[32.50628,35.09535],[32.48772,35.07441],[32.44442,35.04633],[32.42476,35.03776]]}},{"type":"Feature","properties":{"id":3088,"name":null,"kind":"Secondary Road","known":"1"},"geometry":{"type":"LineString","coordinates":[[32.42476,35.03776],[32.40872,35.03634],[32.36732,35.0411],[32.33877,35.05728],[32.31402,35.06013],[32.29546,35.05395],[32.28642,35.04205],[32.29308,35.02539],[32.31783,35.00636],[32.32306,34.99065],[32.3164,34.95448],[32.33163,34.93307],[32.33353,34.92117],[32.32402,34.90214],[32.3421,34.8831],[32.34686,34.87358],[32.36113,34.86216],[32.36875,34.8574],[32.39139,34.85255]]}},{"type":"Feature","properties":{"id":3089,"name":null,"kind":"Secondary Road","known":"1"},"geometry":{"type":"LineString","coordinates":[[32.3007,35.09106],[32.3016,35.05599],[32.31402,35.06013],[32.32973,35.05918],[32.32592,35.04205],[32.344,35.0054],[32.35495,34.99018],[32.37827,34.97209],[32.4073,34.94068],[32.42205,34.93021],[32.4368,34.91213],[32.53436,34.84884],[32.56244,34.82504],[32.5672,34.81362],[32.56482,34.79363],[32.55054,34.77079],[32.53299,34.72242]]}},{"type":"Feature","properties":{"id":3090,"name":null,"kind":"Secondary Road","known":"1"},"geometry":{"type":"LineString","coordinates":[[32.41465,34.93128],[32.39968,34.91689],[32.37208,34.90594],[32.32402,34.90214]]}},{"type":"Feature","properties":{"id":3091,"name":null,"kind":"Secondary Road","known":"0"},"geometry":{"type":"LineString","coordinates":[[33.78058,34.99113],[33.79828,34.9916],[33.83064,34.98066],[33.88014,34.9778],[33.97531,34.9916],[33.99911,34.99208],[34.04908,34.97875],[34.0743,34.98542],[34.07335,35.00112],[34.06335,35.01635],[34.02957,35.04871],[33.96722,35.0982],[33.95618,35.122]]}},{"type":"Feature","properties":{"id":3092,"name":null,"kind":"Secondary Road","known":"1"},"geometry":{"type":"LineString","coordinates":[[33.90288,35.18577],[33.90775,35.18889],[33.90299,35.20412],[33.90299,35.24695],[33.91346,35.27122],[33.92726,35.29264],[33.96248,35.325],[34.04719,35.38972]]}},{"type":"Feature","properties":{"id":3093,"name":null,"kind":"Secondary Road","known":"0"},"geometry":{"type":"LineString","coordinates":[[34.04719,35.38972],[34.08621,35.41256],[34.08859,35.43826],[34.11477,35.48252],[34.18677,35.55533],[34.19914,35.55771],[34.2296,35.55628],[34.28004,35.57532],[34.31478,35.58246],[34.33905,35.59721],[34.36666,35.62291],[34.38917,35.63433],[34.41582,35.64004],[34.46055,35.65669]]}},{"type":"Feature","properties":{"id":3094,"name":null,"kind":"Secondary Road","known":"0"},"geometry":{"type":"LineString","coordinates":[[34.13544,35.50462],[34.04667,35.47205],[33.98528,35.44587],[33.89819,35.4216],[33.84869,35.41256],[33.80729,35.41066],[33.75828,35.40304],[33.7223,35.38734],[33.68423,35.36545],[33.65662,35.35736],[33.5781,35.34832],[33.49958,35.33309],[33.46579,35.33214],[33.45199,35.33499],[33.42163,35.33047]]}},{"type":"Feature","properties":{"id":3095,"name":null,"kind":"Secondary Road","known":"0"},"geometry":{"type":"LineString","coordinates":[[33.74638,35.39876],[33.72515,35.35165],[33.72468,35.34023],[33.7361,35.30787],[33.73467,35.2755],[33.73775,35.25525]]}},{"type":"Feature","properties":{"id":2438,"name":null,"kind":"Main Road","known":"1"},"geometry":{"type":"LineString","coordinates":[[15.88341,40.01271],[15.87556,40.02295],[15.84058,40.0446],[15.81179,40.07934],[15.76087,40.12395],[15.62857,40.25709],[15.62548,40.27588],[15.65046,40.31705],[15.65569,40.33406],[15.62357,40.36547],[15.6131,40.38141],[15.59192,40.39307],[15.53291,40.48052],[15.52744,40.49051],[15.52316,40.51752],[15.50722,40.52918],[15.47224,40.53965],[15.44678,40.56273],[15.41989,40.56987],[15.403,40.57796],[15.38206,40.59723],[15.39657,40.60365],[15.39586,40.61198],[15.37063,40.63637],[15.33423,40.65898],[15.31472,40.66088],[15.30734,40.67658],[15.29901,40.6842],[15.27117,40.68824],[15.25904,40.69776],[15.25428,40.70847],[15.24333,40.76736],[15.24785,40.77973],[15.25214,40.78259]]}},{"type":"Feature","properties":{"id":2439,"name":null,"kind":"Main Road","known":"0"},"geometry":{"type":"LineString","coordinates":[[15.25214,40.78259],[15.28098,40.79967],[15.3062,40.82275],[15.34046,40.84607],[15.34903,40.85726],[15.38091,40.87701],[15.38401,40.88819],[15.37378,40.90389],[15.36878,40.93614],[15.37568,40.95398],[15.41351,41.01977],[15.42069,41.05395]]}},{"type":"Feature","properties":{"id":2440,"name":null,"kind":"Main Road","known":"0"},"geometry":{"type":"LineString","coordinates":[[15.42069,41.05395],[15.37368,41.0193],[15.35203,41.01049],[15.28635,40.99669],[15.2114,40.98908],[15.16905,40.99503],[15.12788,41.00883]]}},{"type":"Feature","properties":{"id":2441,"name":null,"kind":"Main Road","known":"1"},"geometry":{"type":"LineString","coordinates":[[15.12788,41.00883],[15.03508,41.04928],[14.99582,41.07355],[14.96989,41.07997],[14.91992,41.09856],[14.90493,41.1145],[14.89374,41.11997],[14.87661,41.1195],[14.85496,41.12378]]}},{"type":"Feature","properties":{"id":2442,"name":null,"kind":"Secondary Road","known":"0"},"geometry":{"type":"LineString","coordinates":[[15.09317,41.02249],[15.06435,41.01135],[15.03032,40.98256],[14.9863,40.95781],[14.90231,40.93092],[14.86067,40.92593]]}},{"type":"Feature","properties":{"id":2443,"name":null,"kind":"Secondary Road","known":"0"},"geometry":{"type":"LineString","coordinates":[[15.01295,41.06332],[15.0547,41.06964],[15.07219,41.07598],[15.08953,41.0897],[15.09435,41.09814],[15.09812,41.13628],[15.1031,41.14698],[15.12722,41.17254],[15.15228,41.18973]]}},{"type":"Feature","properties":{"id":2444,"name":null,"kind":"Main Road","known":"1"},"geometry":{"type":"LineString","coordinates":[[15.54881,40.08583],[15.51098,40.07417]]}},{"type":"Feature","properties":{"id":2445,"name":null,"kind":"Main Road","known":"1"},"geometry":{"type":"LineString","coordinates":[[15.50698,40.07345],[15.49318,40.07274],[15.46296,40.08535],[15.41513,40.09201],[15.36612,40.08892],[15.33518,40.07084],[15.29259,40.07464],[15.25452,40.1001],[15.18552,40.13342],[15.17005,40.15483],[15.16553,40.18767],[15.15887,40.196],[15.14173,40.20528]]}},{"type":"Feature","properties":{"id":2446,"name":null,"kind":"Main Road","known":"0"},"geometry":{"type":"LineString","coordinates":[[15.14173,40.20528],[15.12151,40.22219],[15.08582,40.26931],[15.0663,40.2868],[15.03656,40.30512]]}},{"type":"Feature","properties":{"id":2447,"name":null,"kind":"Main Road","known":"1"},"geometry":{"type":"LineString","coordinates":[[15.03656,40.30512],[15.01943,40.31963],[15.00539,40.33748],[15.00016,40.35604],[15.00777,40.40839],[15.02014,40.44563]]}},{"type":"Feature","properties":{"id":2448,"name":null,"kind":"Secondary Road","known":"0"},"geometry":{"type":"LineString","coordinates":[[15.01773,40.43604],[15.05379,40.45705],[15.08615,40.4649],[15.11209,40.46585],[15.19085,40.4511],[15.26794,40.41945],[15.3241,40.40184],[15.35075,40.39994],[15.43355,40.4235],[15.44378,40.42278],[15.47065,40.41205],[15.48626,40.39405],[15.50143,40.38498],[15.54129,40.38334]]}},{"type":"Feature","properties":{"id":2973,"name":null,"kind":"Secondary Road","known":"1"},"geometry":{"type":"LineString","coordinates":[[33.98352,24.8166],[33.95241,24.82841],[33.94574,24.83364],[33.93813,24.86505],[33.93242,24.876]]}},{"type":"Feature","properties":{"id":2974,"name":null,"kind":"Secondary Road","known":"0"},"geometry":{"type":"LineString","coordinates":[[33.93242,24.876],[33.90624,24.90598],[33.87531,24.9312]]}},{"type":"Feature","properties":{"id":2975,"name":null,"kind":"Secondary Road","known":"0"},"geometry":{"type":"LineString","coordinates":[[34.25602,24.7694],[34.16741,24.74037],[34.14076,24.73466],[34.03845,24.718],[34.00704,24.71848],[33.97848,24.71467]]}},{"type":"Feature","properties":{"id":2976,"name":null,"kind":"Secondary Road","known":"0"},"geometry":{"type":"LineString","coordinates":[[34.15324,24.73733],[34.14219,24.70944],[34.13315,24.69992],[34.11173,24.69373],[34.09984,24.68374],[34.09222,24.66613]]}},{"type":"Feature","properties":{"id":2977,"name":null,"kind":"Secondary Road","known":"0"},"geometry":{"type":"LineString","coordinates":[[32.87046,24.96596],[32.83905,24.97262],[32.8105,24.96929],[32.76624,24.95787],[32.67392,24.90267],[32.58445,24.89363]]}},{"type":"Feature","properties":{"id":2978,"name":"Via Nova Traiana","kind":"Main Road","known":"1"},"geometry":{"type":"LineString","coordinates":[[35.52463,30.19372],[35.5765,30.24845],[35.59078,30.27748],[35.60315,30.3165],[35.60078,30.34981],[35.61172,30.38883],[35.61172,30.39835],[35.59697,30.42643],[35.59221,30.45451],[35.59602,30.46831],[35.59173,30.4764],[35.59126,30.48639],[35.57413,30.50733],[35.57032,30.52446],[35.58412,30.53113],[35.60268,30.5297],[35.62505,30.53922],[35.64027,30.59109],[35.64456,30.63677],[35.68834,30.68817],[35.7069,30.69959],[35.72213,30.72006],[35.73069,30.74623],[35.72927,30.76431],[35.72118,30.7862],[35.71927,30.82856],[35.72356,30.84902],[35.73593,30.87567],[35.7721,30.94135],[35.77067,30.95324],[35.77923,30.98608],[35.77019,31.00369]]}},{"type":"Feature","properties":{"id":2979,"name":"Via Nova Traiana","kind":"Main Road","known":"0"},"geometry":{"type":"LineString","coordinates":[[35.77019,31.00369],[35.76163,31.03605],[35.75258,31.05366],[35.74925,31.08173],[35.73545,31.13075],[35.73307,31.15026],[35.73688,31.17406]]}},{"type":"Feature","properties":{"id":2980,"name":"Via Nova Traiana","kind":"Main Road","known":"1"},"geometry":{"type":"LineString","coordinates":[[35.73688,31.17406],[35.74402,31.18405],[35.74021,31.20737],[35.74259,31.22498],[35.74116,31.25496],[35.7483,31.31254],[35.74497,31.36965],[35.76686,31.39868],[35.80398,31.43247],[35.81112,31.44722],[35.79399,31.47292],[35.79161,31.48434],[35.79732,31.52384],[35.77352,31.55096],[35.76877,31.58523],[35.77352,31.61235],[35.77971,31.61949],[35.77971,31.64138],[35.78542,31.65423],[35.79779,31.66898],[35.80113,31.69754],[35.79779,31.71181],[35.80874,31.797]]}},{"type":"Feature","properties":{"id":2981,"name":"Via Nova Traiana","kind":"Main Road","known":"1"},"geometry":{"type":"LineString","coordinates":[[35.80874,31.797],[35.82026,31.80699],[35.83834,31.81604],[35.86547,31.81699],[35.87689,31.8227],[35.88783,31.8365],[35.924,31.85125],[35.93685,31.87076],[35.94113,31.89408],[35.94113,31.90883],[35.93495,31.91978],[35.93209,31.93929],[35.94066,31.94691],[35.95589,31.95166],[36.00014,31.9826],[36.00633,31.99021],[36.00871,32.00687],[36.01585,32.0102],[36.07248,32.01639],[36.10922,32.09729],[36.10731,32.11823],[36.1116,32.13441],[36.14967,32.17629],[36.17251,32.19056],[36.20392,32.2234],[36.22177,32.26766],[36.23462,32.28384],[36.29696,32.34618],[36.34788,32.38758],[36.36168,32.40519],[36.37738,32.43898],[36.39927,32.46134],[36.47175,32.51417],[36.53505,32.60221],[36.54266,32.67454],[36.56693,32.71833],[36.54219,32.75354],[36.51078,32.83397],[36.48936,32.90535],[36.46366,32.95009],[36.46509,32.9696],[36.4727,32.97864],[36.46795,33.00481],[36.44463,33.04289],[36.4313,33.07715],[36.40846,33.11665],[36.39561,33.14901],[36.39133,33.17376]]}},{"type":"Feature","properties":{"id":2982,"name":null,"kind":"Main Road","known":"1"},"geometry":{"type":"LineString","coordinates":[[35.93703,31.94368],[35.92443,31.95928],[35.90825,31.97403],[35.88445,31.98926],[35.8578,32.01781],[35.83353,32.02686],[35.80403,32.02686],[35.79261,32.02971],[35.76738,32.04732],[35.73978,32.05779],[35.71266,32.07254],[35.70362,32.11109],[35.69933,32.11585],[35.69981,32.13155],[35.67792,32.16867],[35.64508,32.18438],[35.63461,32.1958],[35.62081,32.24529],[35.60749,32.26004],[35.59321,32.29907],[35.58226,32.37806]]}},{"type":"Feature","properties":{"id":2983,"name":null,"kind":"Main Road","known":"0"},"geometry":{"type":"LineString","coordinates":[[35.58226,32.37806],[35.59392,32.3952],[35.5944,32.42803],[35.59916,32.43945],[35.59725,32.4523],[35.60392,32.49704],[35.60344,32.52511],[35.59773,32.53654],[35.59297,32.56176],[35.59392,32.57699],[35.61296,32.61887],[35.61629,32.64742],[35.63009,32.68168],[35.6239,32.72309]]}},{"type":"Feature","properties":{"id":2984,"name":null,"kind":"Secondary Road","known":"1"},"geometry":{"type":"LineString","coordinates":[[35.71266,32.07254],[35.69148,32.08016],[35.67292,32.08063],[35.64389,32.07302],[35.61581,32.07207],[35.56109,32.09015],[35.50398,32.1187]]}},{"type":"Feature","properties":{"id":2985,"name":null,"kind":"Main Road","known":"1"},"geometry":{"type":"LineString","coordinates":[[35.42005,32.14487],[35.42457,32.13059],[35.43457,32.11727],[35.43718,32.09419],[35.44411,32.07447],[35.44361,32.04921],[35.47121,31.98187],[35.47359,31.9695],[35.46574,31.89455],[35.4567,31.86864],[35.44116,31.85173],[35.42671,31.8491],[35.412,31.83709],[35.39869,31.83225],[35.35914,31.82478],[35.33646,31.81366],[35.3213,31.81174],[35.31559,31.80437],[35.30917,31.80889],[35.30703,31.80413],[35.30179,31.80889],[35.23667,31.79199],[35.21528,31.7939],[35.18886,31.8027],[35.15626,31.80318],[35.15222,31.79961],[35.15079,31.80389],[35.12438,31.81174],[35.08916,31.81341],[35.06704,31.82483],[35.04705,31.83054],[35.02896,31.84862],[35.00969,31.85243],[34.9898,31.84934]]}},{"type":"Feature","properties":{"id":2986,"name":null,"kind":"Main Road","known":"0"},"geometry":{"type":"LineString","coordinates":[[35.46543,31.86886],[35.48294,31.85839],[35.51816,31.84887],[35.54481,31.83555],[35.5648,31.83602],[35.60382,31.81651],[35.63095,31.81366],[35.63999,31.81841]]}},{"type":"Feature","properties":{"id":2987,"name":null,"kind":"Secondary Road","known":"1"},"geometry":{"type":"LineString","coordinates":[[35.4567,31.86864],[35.45049,31.86909],[35.42345,31.89669],[35.42503,31.89836],[35.4049,31.9155],[35.38743,31.91311],[35.38672,31.9074],[35.38148,31.9074],[35.33484,31.92382],[35.31843,31.93809],[35.29725,31.96974],[35.28535,31.97712],[35.25989,31.97426],[35.23919,31.97854],[35.21404,31.96488]]}},{"type":"Feature","properties":{"id":2988,"name":null,"kind":"Main Road","known":"1"},"geometry":{"type":"LineString","coordinates":[[35.44932,32.0347],[35.46296,32.05208],[35.49389,32.07825],[35.49817,32.08777],[35.50055,32.11109],[35.51293,32.1425],[35.54671,32.20056],[35.54909,32.2234],[35.54481,32.31239],[35.53101,32.35522],[35.51721,32.37664],[35.5134,32.38949],[35.50721,32.42232],[35.51626,32.47229],[35.5153,32.48466],[35.50341,32.50608],[35.54195,32.53987],[35.54053,32.5589],[35.54909,32.58079],[35.54719,32.61458],[35.56004,32.64647],[35.55528,32.6893],[35.56813,32.71595],[35.57194,32.73784],[35.56289,32.75687],[35.54433,32.77496],[35.541,32.79066],[35.51055,32.83635],[35.51245,32.84872],[35.53149,32.87156],[35.55528,32.8787],[35.59954,32.90202],[35.61429,32.90583],[35.65141,32.89298],[35.65664,32.88489],[35.65284,32.86918],[35.65474,32.84634],[35.64522,32.80304],[35.64189,32.74926],[35.6239,32.72309],[35.5943,32.69834]]}},{"type":"Feature","properties":{"id":2989,"name":null,"kind":"Main Road","known":"1"},"geometry":{"type":"LineString","coordinates":[[35.50398,32.1187],[35.48335,32.13654],[35.46645,32.13939],[35.44765,32.13773],[35.40221,32.15177],[35.37977,32.17337],[35.33447,32.19056],[35.31067,32.20627],[35.2845,32.21626],[35.22144,32.23196],[35.20193,32.23244],[35.15815,32.21816],[35.14292,32.20151],[35.0939,32.18342],[35.08081,32.1708],[35.06677,32.16676],[35.01371,32.16842],[34.96636,32.16176],[34.9523,32.15634],[34.9059,32.12183],[34.82452,32.08828],[34.77551,32.07542]]}},{"type":"Feature","properties":{"id":2990,"name":null,"kind":"Main Road","known":"1"},"geometry":{"type":"LineString","coordinates":[[35.63999,31.81841],[35.65393,31.82032],[35.70009,31.81699],[35.71675,31.80366],[35.73436,31.79985],[35.75244,31.79034],[35.76767,31.79034],[35.78195,31.78605],[35.79099,31.78558],[35.80874,31.797]]}},{"type":"Feature","properties":{"id":2991,"name":null,"kind":"Secondary Road","known":"0"},"geometry":{"type":"LineString","coordinates":[[35.79779,31.71181],[35.82168,31.70039],[35.86547,31.69325],[35.93637,31.69611],[35.95493,31.70039]]}},{"type":"Feature","properties":{"id":2992,"name":null,"kind":"Secondary Road","known":"0"},"geometry":{"type":"LineString","coordinates":[[35.91972,31.59475],[35.91972,31.60807],[35.90592,31.6352],[35.90544,31.64519],[35.94542,31.65899],[35.95589,31.68754],[35.94446,31.7556],[35.9478,31.7951],[35.94399,31.8089],[35.91924,31.84893]]}},{"type":"Feature","properties":{"id":2993,"name":null,"kind":"Secondary Road","known":"1"},"geometry":{"type":"LineString","coordinates":[[35.7712,31.56492],[35.79028,31.57],[35.8174,31.59903],[35.85309,31.61473],[35.87498,31.62996],[35.90544,31.64519]]}},{"type":"Feature","properties":{"id":2994,"name":null,"kind":"Secondary Road","known":"1"},"geometry":{"type":"LineString","coordinates":[[35.92733,31.49624],[35.924,31.52051],[35.91591,31.53669],[35.90259,31.57904],[35.90401,31.5857],[35.91972,31.59475]]}},{"type":"Feature","properties":{"id":2995,"name":null,"kind":"Secondary Road","known":"0"},"geometry":{"type":"LineString","coordinates":[[35.92733,31.49624],[35.93804,31.48006],[35.98515,31.42628],[35.9861,31.41581],[35.97468,31.40582],[35.97468,31.3587],[35.95755,31.30826],[35.92805,31.25734],[35.90063,31.23212],[35.87922,31.22355],[35.86161,31.22688],[35.83211,31.24306],[35.80165,31.24925],[35.78642,31.25781],[35.76643,31.25972],[35.74256,31.26891]]}},{"type":"Feature","properties":{"id":2996,"name":null,"kind":"Secondary Road","known":"0"},"geometry":{"type":"LineString","coordinates":[[35.86161,31.22688],[35.84067,31.21403],[35.81307,31.20356],[35.79403,31.20213],[35.76786,31.19404],[35.75739,31.18691],[35.75311,31.17977],[35.74043,31.17903]]}},{"type":"Feature","properties":{"id":2997,"name":null,"kind":"Secondary Road","known":"0"},"geometry":{"type":"LineString","coordinates":[[35.7345,31.16264],[35.72812,31.15074],[35.71861,31.116],[35.70671,31.09315],[35.71813,31.03938],[35.71908,31.0251],[35.71242,31.00749],[35.72622,30.97799],[35.72527,30.96942],[35.71099,30.95657],[35.71099,30.94372],[35.71575,30.93611],[35.70718,30.9166],[35.69814,30.91089]]}},{"type":"Feature","properties":{"id":2998,"name":null,"kind":"Secondary Road","known":"1"},"geometry":{"type":"LineString","coordinates":[[35.69814,30.91089],[35.68767,30.89709],[35.6872,30.8909],[35.66388,30.879],[35.65198,30.85378],[35.64437,30.77669],[35.6596,30.72719],[35.65388,30.71577],[35.622,30.69388],[35.61677,30.68341],[35.62105,30.66866],[35.64806,30.64225]]}},{"type":"Feature","properties":{"id":2999,"name":null,"kind":"Main Road","known":"1"},"geometry":{"type":"LineString","coordinates":[[35.57032,30.52446],[35.5668,30.53113],[35.55014,30.52161],[35.53634,30.52208],[35.52777,30.5178],[35.52159,30.50448],[35.52587,30.48877],[35.52111,30.4764],[35.52635,30.44071],[35.50683,30.41358],[35.50826,30.39978],[35.51588,30.3855],[35.51064,30.37408],[35.464,30.33173],[35.47638,30.29128],[35.47543,30.27557],[35.46829,30.26748],[35.46496,30.23702],[35.47114,30.23274],[35.47876,30.20371],[35.47543,30.18848],[35.50147,30.15863]]}},{"type":"Feature","properties":{"id":3000,"name":null,"kind":"Main Road","known":"1"},"geometry":{"type":"LineString","coordinates":[[35.54415,30.21443],[35.53491,30.22893],[35.51112,30.24749],[35.51112,30.27462],[35.4897,30.31602],[35.47828,30.32649],[35.45639,30.32602],[35.44402,30.33363]]}},{"type":"Feature","properties":{"id":3001,"name":null,"kind":"Secondary Road","known":"0"},"geometry":{"type":"LineString","coordinates":[[35.61172,30.38883],[35.62543,30.41215],[35.67064,30.4664],[35.75154,30.54826],[35.78675,30.57634],[35.81007,30.60679],[35.83149,30.66485],[35.84576,30.68627],[35.88288,30.69912],[35.90121,30.74671],[35.90882,30.78049],[35.93595,30.84331],[35.92357,30.86282],[35.9231,30.87948],[35.91453,30.89423],[35.90549,30.92136],[35.90121,30.95181],[35.88883,30.96609],[35.83458,30.98656],[35.79365,30.99798],[35.7687,31.00934]]}},{"type":"Feature","properties":{"id":3002,"name":null,"kind":"Secondary Road","known":"1"},"geometry":{"type":"LineString","coordinates":[[35.93595,30.84331],[35.96783,30.8909]]}},{"type":"Feature","properties":{"id":3003,"name":null,"kind":"Secondary Road","known":"1"},"geometry":{"type":"LineString","coordinates":[[35.60315,30.33553],[35.57808,30.32792],[35.53858,30.32887],[35.49813,30.32221],[35.48176,30.3233],[35.47828,30.32649],[35.45639,30.32602],[35.44402,30.33363],[35.42769,30.33744],[35.41484,30.35981],[35.38439,30.36171],[35.35151,30.37328],[35.34158,30.38334],[35.32588,30.4094],[35.26235,30.44688],[35.20238,30.50184],[35.16207,30.52999]]}},{"type":"Feature","properties":{"id":3004,"name":null,"kind":"Secondary Road","known":"0"},"geometry":{"type":"LineString","coordinates":[[35.44402,30.33363],[35.42008,30.3146],[35.40485,30.29794],[35.37963,30.29032],[35.35869,30.27795],[35.33727,30.27129],[35.28555,30.26556],[35.2652,30.25699],[35.23986,30.23951],[35.20167,30.22666],[35.07318,30.19453],[35.02,30.1956],[35.00144,30.19096],[34.94861,30.16063],[34.93291,30.14706],[34.89617,30.12824],[34.85287,30.11301],[34.83764,30.10397],[34.81622,30.07113],[34.80195,30.05733],[34.78101,30.05162],[34.7515,30.02354],[34.7239,30.00974],[34.6963,30.00831],[34.68012,30.00367]]}},{"type":"Feature","properties":{"id":3036,"name":null,"kind":"Secondary Road","known":"0"},"geometry":{"type":"LineString","coordinates":[[35.11777,32.91899],[35.14347,32.91947],[35.17107,32.91519],[35.23532,32.91852],[35.29338,32.92756],[35.31574,32.92708],[35.33335,32.93375],[35.37142,32.94041],[35.44519,32.91566],[35.49944,32.9109]]}},{"type":"Feature","properties":{"id":3037,"name":null,"kind":"Secondary Road","known":"1"},"geometry":{"type":"LineString","coordinates":[[35.49944,32.9109],[35.5417,32.91519],[35.61429,32.90583],[35.65141,32.89298],[35.68684,32.8933],[35.69969,32.89901],[35.70636,32.89663],[35.71159,32.8833],[35.77726,32.88188],[35.81771,32.87426],[35.88672,32.8676],[35.90385,32.86236],[35.93145,32.84809],[35.95096,32.82905]]}},{"type":"Feature","properties":{"id":3038,"name":null,"kind":"Secondary Road","known":"1"},"geometry":{"type":"LineString","coordinates":[[35.65352,32.85551],[35.66828,32.85237],[35.67209,32.84856],[35.67923,32.85237],[35.68209,32.84856],[35.70636,32.85094],[35.74443,32.87283],[35.81438,32.89187],[35.93526,32.90281],[35.96096,32.90377],[36.01649,32.89948],[36.05314,32.90186]]}},{"type":"Feature","properties":{"id":3039,"name":null,"kind":"Secondary Road","known":"0"},"geometry":{"type":"LineString","coordinates":[[35.62418,32.90342],[35.64292,32.93375],[35.63245,32.99799],[35.63578,33.0156]]}},{"type":"Feature","properties":{"id":3040,"name":null,"kind":"Secondary Road","known":"1"},"geometry":{"type":"LineString","coordinates":[[35.63578,33.0156],[35.63388,33.03035],[35.64911,33.07366],[35.65624,33.16503],[35.65386,33.19882],[35.65815,33.21833],[35.661,33.22595],[35.69051,33.24498],[35.69479,33.25402],[35.69765,33.24213],[35.70336,33.23404],[35.7262,33.23356],[35.71906,33.2269],[35.72572,33.22642],[35.72763,33.22119],[35.77284,33.2131],[35.83356,33.18692],[35.87782,33.17265],[36.05866,33.10269],[36.15122,33.08032],[36.1793,33.07747]]}},{"type":"Feature","properties":{"id":3041,"name":null,"kind":"Secondary Road","known":"0"},"geometry":{"type":"LineString","coordinates":[[35.78715,33.20594],[35.80215,33.21785],[35.8426,33.24022],[35.9059,33.30209],[35.95111,33.34064],[35.98632,33.37775],[36.01916,33.3887],[36.07531,33.39774],[36.12338,33.41154],[36.21123,33.48007],[36.26929,33.49578],[36.30213,33.50767],[36.31307,33.51529]]}},{"type":"Feature","properties":{"id":3042,"name":null,"kind":"Secondary Road","known":"0"},"geometry":{"type":"LineString","coordinates":[[35.69479,33.25402],[35.66234,33.25783],[35.64187,33.2564],[35.62522,33.25069],[35.59095,33.24974],[35.57001,33.25831],[35.55145,33.25735],[35.51433,33.26306],[35.46484,33.27544],[35.45723,33.28115],[35.44533,33.26782],[35.42677,33.27211],[35.40583,33.28448],[35.38013,33.28067],[35.29495,33.30827],[35.22239,33.27855]]}},{"type":"Feature","properties":{"id":3043,"name":null,"kind":"Main Road","known":"1"},"geometry":{"type":"LineString","coordinates":[[35.07846,32.92804],[35.08303,32.94707],[35.08303,32.96325],[35.11254,33.07033],[35.11301,33.09317],[35.11063,33.09841],[35.11682,33.10269],[35.11159,33.10888],[35.11825,33.10935],[35.1173,33.11601],[35.12348,33.11601],[35.12634,33.12077],[35.14823,33.12934],[35.16108,33.13981],[35.16869,33.15504],[35.20391,33.18454],[35.21533,33.20501],[35.22239,33.27855],[35.25578,33.34635],[35.28481,33.44866],[35.29433,33.46342],[35.32954,33.48102],[35.35667,33.51005],[35.37428,33.54003],[35.38618,33.56335],[35.39998,33.60666],[35.41235,33.62236],[35.40949,33.63807],[35.4133,33.64854],[35.43139,33.66281],[35.43139,33.68375],[35.43757,33.6928],[35.45423,33.70136],[35.46041,33.70993],[35.46184,33.73515],[35.49611,33.81082],[35.49515,33.85507],[35.49944,33.8684],[35.52014,33.90171],[35.53204,33.90314],[35.55821,33.8979],[35.57867,33.90314],[35.59628,33.92265],[35.60437,33.95739],[35.61008,33.96548],[35.62341,33.98119],[35.63673,33.98261],[35.65415,34.00803]]}},{"type":"Feature","properties":{"id":3044,"name":null,"kind":"Secondary Road","known":"0"},"geometry":{"type":"LineString","coordinates":[[35.53204,33.90314],[35.52499,33.88839],[35.53737,33.86079],[35.55926,33.84175],[35.57496,33.83271],[35.61161,33.8289],[35.66443,33.80749],[35.74438,33.80368],[35.7934,33.81177],[35.81434,33.80606],[35.84384,33.81462],[35.87668,33.81748]]}},{"type":"Feature","properties":{"id":3045,"name":null,"kind":"Secondary Road","known":"1"},"geometry":{"type":"LineString","coordinates":[[35.87668,33.81748],[35.91256,33.82795],[35.94635,33.84223],[35.96348,33.85412]]}},{"type":"Feature","properties":{"id":3046,"name":null,"kind":"Secondary Road","known":"0"},"geometry":{"type":"LineString","coordinates":[[35.96348,33.85412],[35.98014,33.86412],[36.01155,33.87459],[36.06865,33.90933],[36.11767,33.95501],[36.16412,33.98214],[36.17792,33.99737],[36.19505,34.00641],[36.20111,34.02001]]}},{"type":"Feature","properties":{"id":3047,"name":null,"kind":"Secondary Road","known":"0"},"geometry":{"type":"LineString","coordinates":[[36.20111,34.02001],[36.20076,34.00593],[36.19505,33.98785],[36.18363,33.96691],[36.21266,33.93788],[36.22931,33.93217],[36.2374,33.92265],[36.22218,33.88886],[36.15983,33.80225],[36.14746,33.77275],[36.10796,33.72801],[36.10986,33.71469],[36.10606,33.70089],[36.08893,33.67424],[36.0894,33.65806],[36.08607,33.64521],[36.08797,33.63664],[36.09273,33.63378]]}},{"type":"Feature","properties":{"id":3048,"name":null,"kind":"Secondary Road","known":"0"},"geometry":{"type":"LineString","coordinates":[[36.15607,33.61047],[36.1813,33.6138],[36.19415,33.61142],[36.197,33.60142],[36.1951,33.57573],[36.21128,33.56716],[36.22222,33.55526],[36.22603,33.54527],[36.2365,33.54099],[36.24602,33.52814],[36.25649,33.52052],[36.30814,33.51186],[36.2917,33.47246],[36.25696,33.42249],[36.24459,33.37014]]}},{"type":"Feature","properties":{"id":3049,"name":null,"kind":"Secondary Road","known":"1"},"geometry":{"type":"LineString","coordinates":[[36.24459,33.37014],[36.23555,33.33397]]}},{"type":"Feature","properties":{"id":3050,"name":null,"kind":"Secondary Road","known":"1"},"geometry":{"type":"LineString","coordinates":[[36.24367,33.36484],[36.2641,33.32112]]}},{"type":"Feature","properties":{"id":3051,"name":null,"kind":"Secondary Road","known":"0"},"geometry":{"type":"LineString","coordinates":[[36.23555,33.33397],[36.21984,33.26925],[36.21984,33.24498],[36.22603,33.21595],[36.23222,33.20167],[36.18606,33.09555]]}},{"type":"Feature","properties":{"id":3053,"name":null,"kind":"Secondary Road","known":"1"},"geometry":{"type":"LineString","coordinates":[[36.18606,33.09555],[36.17701,33.06985],[36.16036,33.03702]]}},{"type":"Feature","properties":{"id":3054,"name":null,"kind":"Secondary Road","known":"0"},"geometry":{"type":"LineString","coordinates":[[36.16036,33.03702],[36.06937,32.94564],[36.05557,32.90757]]}},{"type":"Feature","properties":{"id":3055,"name":null,"kind":"Secondary Road","known":"1"},"geometry":{"type":"LineString","coordinates":[[36.05557,32.90757],[36.05081,32.88711],[36.05223,32.8576]]}},{"type":"Feature","properties":{"id":3056,"name":null,"kind":"Secondary Road","known":"1"},"geometry":{"type":"LineString","coordinates":[[36.37061,33.41107],[36.39345,33.36348]]}},{"type":"Feature","properties":{"id":3057,"name":"Strata Diocletiana","kind":"Main Road","known":"1"},"geometry":{"type":"LineString","coordinates":[[36.31307,33.51529],[36.32958,33.53262],[36.34957,33.54689],[36.45046,33.59306],[36.48472,33.62304],[36.5109,33.63969],[36.57943,33.63779],[36.60846,33.6416],[36.65129,33.64017],[36.66842,33.64731],[36.68679,33.64826],[36.71391,33.64731],[36.74675,33.64112],[36.78768,33.64207],[36.81576,33.65302],[36.86001,33.65635],[36.90284,33.66967],[36.96614,33.72012],[37.03528,33.76866],[37.07478,33.77913],[37.09239,33.77913],[37.11523,33.78389],[37.13808,33.7915],[37.18257,33.82053],[37.20161,33.83862],[37.22826,33.87716],[37.24349,33.89239],[37.24967,33.90762],[37.27109,33.92999],[37.31848,34.02363]]}},{"type":"Feature","properties":{"id":3058,"name":null,"kind":"Secondary Road","known":"1"},"geometry":{"type":"LineString","coordinates":[[36.69919,33.64783],[36.70302,33.66254],[36.71634,33.68348],[36.71063,33.73868],[36.71206,33.75296],[36.75346,33.81101],[36.78297,33.84052],[36.82389,33.86669],[36.92145,33.93998],[36.93573,33.95616],[36.97761,33.9871],[37.01537,34.02503]]}},{"type":"Feature","properties":{"id":3059,"name":null,"kind":"Secondary Road","known":"0"},"geometry":{"type":"LineString","coordinates":[[36.5109,33.63969],[36.54764,33.68586],[36.59713,33.72869],[36.60712,33.74296],[36.60712,33.77104],[36.58714,33.77437],[36.57667,33.77961],[36.57,33.78722],[36.60284,33.81768],[36.60665,33.83053],[36.61664,33.84338],[36.66994,33.89049],[36.70563,33.93142],[36.7142,33.94426],[36.73038,33.98614],[36.73372,34.02571]]}},{"type":"Feature","properties":{"id":3060,"name":null,"kind":"Secondary Road","known":"0"},"geometry":{"type":"LineString","coordinates":[[36.48621,32.52606],[36.50739,32.53968],[36.57925,32.57252],[36.59495,32.59108],[36.64349,32.62011],[36.66729,32.64152],[36.7144,32.70577],[36.78008,32.73242]]}},{"type":"Feature","properties":{"id":3061,"name":null,"kind":"Secondary Road","known":"1"},"geometry":{"type":"LineString","coordinates":[[36.78008,32.73242],[36.79483,32.74099],[36.80292,32.7505],[36.80006,32.76859]]}},{"type":"Feature","properties":{"id":3062,"name":null,"kind":"Secondary Road","known":"0"},"geometry":{"type":"LineString","coordinates":[[36.80006,32.76859],[36.78959,32.78667],[36.76437,32.81332],[36.74676,32.82712],[36.72249,32.82807],[36.67252,32.85996],[36.63445,32.86377],[36.62589,32.86044],[36.61827,32.85139],[36.59971,32.8395],[36.59876,32.83474]]}},{"type":"Feature","properties":{"id":3063,"name":null,"kind":"Secondary Road","known":"1"},"geometry":{"type":"LineString","coordinates":[[36.59876,32.83474],[36.58401,32.80285],[36.57925,32.76621],[36.56693,32.71833]]}},{"type":"Feature","properties":{"id":3064,"name":null,"kind":"Secondary Road","known":"0"},"geometry":{"type":"LineString","coordinates":[[36.56693,32.71833],[36.60447,32.74432],[36.63493,32.7486],[36.70631,32.75241],[36.71964,32.74527],[36.74819,32.74099],[36.76723,32.74099],[36.79948,32.74646]]}},{"type":"Feature","properties":{"id":3065,"name":null,"kind":"Secondary Road","known":"0"},"geometry":{"type":"LineString","coordinates":[[36.56693,32.71833],[36.59305,32.70767],[36.63826,32.70482],[36.66253,32.69863],[36.68395,32.68721],[36.70726,32.66056],[36.71678,32.64343],[36.72725,32.63581],[36.77865,32.63677],[36.81006,32.64438]]}},{"type":"Feature","properties":{"id":3066,"name":null,"kind":"Secondary Road","known":"0"},"geometry":{"type":"LineString","coordinates":[[36.58401,32.80285],[36.58972,32.89232],[36.61113,32.92135],[36.61351,32.93563],[36.60257,32.948],[36.60257,32.95466],[36.61066,32.97275],[36.60637,32.98559],[36.58877,33.01177],[36.58163,33.03509],[36.57068,33.04413],[36.55641,33.05032],[36.55165,33.06317],[36.54356,33.06935],[36.52976,33.09315],[36.5269,33.1079],[36.53071,33.1374],[36.52452,33.15025],[36.51691,33.15787],[36.51786,33.17357],[36.51405,33.18737],[36.50787,33.19213],[36.48931,33.19261],[36.4736,33.19879],[36.46361,33.21069]]}},{"type":"Feature","properties":{"id":3067,"name":"Strata Diocletiana","kind":"Main Road","known":"1"},"geometry":{"type":"LineString","coordinates":[[36.90738,32.66246],[36.92165,32.70244],[36.91642,32.75193]]}},{"type":"Feature","properties":{"id":2942,"name":null,"kind":"Secondary Road","period":"RL","known":"0"},"geometry":{"type":"LineString","coordinates":[[10.32024,43.51384],[10.32642,43.50337],[10.33166,43.48196],[10.33975,43.47196],[10.36021,43.46435],[10.38163,43.45102],[10.39543,43.43294],[10.4078,43.40772],[10.41589,43.40819],[10.42398,43.40534],[10.42684,43.40105]]}},{"type":"Feature","properties":{"id":2944,"name":null,"kind":"Secondary Road","known":"0"},"geometry":{"type":"LineString","coordinates":[[9.51711,42.54549],[9.51045,42.52836],[9.51901,42.50933],[9.51901,42.49315],[9.49998,42.43794],[9.52758,42.37893],[9.52758,42.34467],[9.54852,42.29898],[9.53139,42.20285],[9.50664,42.14289],[9.50569,42.12766],[9.51425,42.10482],[9.50854,42.09435],[9.46191,42.07246],[9.42193,42.06389],[9.38767,42.04295],[9.36482,42.00869],[9.35911,41.98775],[9.36197,41.95158],[9.38767,41.88496],[9.39338,41.8288],[9.39052,41.79263],[9.39909,41.77169],[9.39147,41.7203],[9.38386,41.71554],[9.35435,41.71268],[9.3258,41.68984],[9.3001,41.65558],[9.27536,41.59466],[9.27536,41.56896],[9.26298,41.52709],[9.26108,41.5071],[9.23348,41.46236],[9.20778,41.44333],[9.20112,41.41477],[9.1916,41.39384],[9.18113,41.38241]]}},{"type":"Feature","properties":{"id":2945,"name":null,"kind":"Secondary Road","known":"0"},"geometry":{"type":"LineString","coordinates":[[9.18208,41.2406],[9.18494,41.21776],[9.17827,41.19586],[9.15829,41.15589],[9.13449,41.14066],[9.04122,41.11211],[9.01742,41.0788],[8.97079,41.03596],[8.95556,41.0255],[8.91368,41.00646],[8.89179,40.98933],[8.87656,40.95601],[8.85467,40.93698],[8.81374,40.91318],[8.75854,40.90367],[8.72047,40.91318],[8.70048,40.91128],[8.67002,40.89225],[8.6053,40.83799],[8.56247,40.79707],[8.51964,40.79897],[8.41209,40.81515],[8.39591,40.83704],[8.38258,40.84085],[8.36069,40.82943],[8.34166,40.78374],[8.3369,40.75138],[8.31881,40.73139],[8.29026,40.71712],[8.24457,40.7057],[8.21412,40.69332],[8.20745,40.68],[8.21888,40.60861],[8.23601,40.59243],[8.26646,40.601],[8.29692,40.5991],[8.3131,40.59053],[8.35974,40.53247],[8.42827,40.47632],[8.43588,40.45442],[8.43779,40.42587],[8.46634,40.39065],[8.48823,40.38399],[8.50251,40.36686],[8.49394,40.32784],[8.49204,40.30214],[8.50441,40.27739],[8.50156,40.26312],[8.48062,40.21933],[8.48252,40.18983],[8.4987,40.13558],[8.50536,40.10131],[8.49775,40.08037],[8.47015,40.03183],[8.45587,39.99281],[8.44826,39.94617],[8.43208,39.87955],[8.44064,39.91286],[8.47681,39.92428],[8.50346,39.91857],[8.58246,39.92047],[8.60054,39.90049],[8.6034,39.8824],[8.63385,39.83672],[8.65384,39.77771],[8.69858,39.71108],[8.76044,39.66254],[8.78328,39.62923],[8.8442,39.58164],[8.92034,39.50359],[9.00315,39.40365],[9.0336,39.377],[9.09928,39.22472]]}},{"type":"Feature","properties":{"id":2946,"name":null,"kind":"Secondary Road","known":"0"},"geometry":{"type":"LineString","coordinates":[[8.45492,39.06196],[8.46729,39.06482],[8.48633,39.08957],[8.50536,39.09052],[8.51964,39.08481],[8.52916,39.07339],[8.58055,39.05149],[8.61672,39.0258],[8.6329,39.00391],[8.66431,38.98868],[8.69953,38.97726],[8.71761,38.96203],[8.74521,38.95727],[8.80993,38.95441],[8.83182,38.94109],[8.87561,38.90587],[8.91749,38.93918],[8.95365,38.96298],[8.98411,39.00581],[8.99744,39.03151],[8.98887,39.08576],[9.00981,39.14667],[9.02313,39.17237],[9.0574,39.20473],[9.08595,39.21996],[9.1402,39.23804],[9.18303,39.2409],[9.25061,39.23424],[9.28678,39.25042],[9.36102,39.2961],[9.43811,39.33227],[9.49998,39.35702],[9.5133,39.35892],[9.54186,39.35511],[9.56755,39.35987],[9.59135,39.40175],[9.61895,39.43602],[9.63608,39.45124],[9.60848,39.49217],[9.59325,39.53215],[9.5923,39.58164],[9.58659,39.60543],[9.58088,39.66349],[9.58278,39.693],[9.57802,39.7225],[9.55899,39.76724],[9.55708,39.78437],[9.5628,39.79389],[9.58564,39.80055],[9.62466,39.80055],[9.63989,39.81292],[9.65607,39.87574],[9.65226,39.90049],[9.66273,39.95093],[9.66464,40.02993],[9.64465,40.04801],[9.61895,40.05277],[9.61038,40.07561],[9.59516,40.09275],[9.54281,40.09275],[9.50378,40.11273],[9.49427,40.13653],[9.49807,40.15081],[9.52853,40.18412],[9.55708,40.22885],[9.57707,40.26692],[9.59516,40.27549],[9.59611,40.3107],[9.60753,40.32879],[9.67035,40.36115],[9.67606,40.37067],[9.67225,40.38209],[9.6475,40.42302],[9.65512,40.42777],[9.697,40.42777],[9.74935,40.443],[9.76267,40.4687],[9.76933,40.4963],[9.78646,40.5201],[9.78361,40.5458],[9.78932,40.55912],[9.77885,40.58292],[9.76267,40.58672],[9.7503,40.57816],[9.70271,40.57625],[9.68272,40.59814],[9.68272,40.61432],[9.70271,40.68476],[9.6989,40.70474],[9.6732,40.72568],[9.66654,40.73806],[9.67796,40.76566],[9.65226,40.84085],[9.61134,40.88939],[9.54471,40.90747],[9.50283,40.93222],[9.48665,40.95411],[9.48189,40.976],[9.46571,40.99504],[9.43526,41.01312],[9.42574,41.0293],[9.41146,41.03977],[9.36292,41.10354],[9.36863,41.15874],[9.36482,41.16731],[9.35626,41.16921],[9.31248,41.16541],[9.28963,41.17588],[9.243,41.21776],[9.22872,41.22156],[9.21539,41.23013],[9.18399,41.22537]]}},{"type":"Feature","properties":{"id":2947,"name":null,"kind":"Secondary Road","known":"0"},"geometry":{"type":"LineString","coordinates":[[8.84134,40.92936],[8.88512,40.91223],[8.91368,40.85703]]}},{"type":"Feature","properties":{"id":2948,"name":null,"kind":"Main Road","known":"0"},"geometry":{"type":"LineString","coordinates":[[32.80315,26.00862],[32.84527,25.9815],[32.89864,25.97095]]}},{"type":"Feature","properties":{"id":2949,"name":"Hodos Berenikes","kind":"Main Road","known":"1"},"geometry":{"type":"LineString","coordinates":[[32.89864,25.97095],[32.91943,25.96698],[32.9694,25.92712],[33.00271,25.9182],[33.04436,25.89619],[33.09611,25.88965],[33.11574,25.8837],[33.1669,25.84682],[33.24066,25.83016],[33.26327,25.82005],[33.29955,25.78079],[33.30848,25.76413],[33.32751,25.75045],[33.34833,25.74867],[33.40425,25.75223],[33.42614,25.73855],[33.45469,25.6981],[33.47075,25.68145],[33.47789,25.66598],[33.51359,25.65765],[33.53797,25.65646],[33.55225,25.64932],[33.58021,25.61839],[33.60638,25.60768],[33.62364,25.6053],[33.64684,25.5946],[33.69383,25.5482],[33.73059,25.49847],[33.78413,25.45445],[33.80673,25.43006],[33.80852,25.41221],[33.81863,25.39317],[33.82042,25.35808],[33.83945,25.3319],[33.88109,25.32714],[33.92737,25.3093],[33.99102,25.25933],[34.01363,25.2391],[34.03207,25.21471],[34.05884,25.19627],[34.06955,25.17724],[34.09096,25.1582],[34.11,25.12548],[34.13855,25.09217],[34.15045,25.05172],[34.17305,25.02198],[34.18555,25.01484],[34.19685,24.9958],[34.20756,24.96725],[34.22957,24.92858],[34.27894,24.88873],[34.28667,24.87564],[34.30333,24.85839],[34.33664,24.83757],[34.38923,24.75845],[34.45883,24.71146],[34.4963,24.69123],[34.53378,24.67577],[34.56947,24.65376],[34.59089,24.63056],[34.63372,24.59546],[34.70213,24.55203],[34.72711,24.54133],[34.74674,24.54252],[34.75983,24.51991],[34.80385,24.49314],[34.81812,24.47827],[34.85679,24.45507],[34.88118,24.44317],[35.00253,24.39796],[35.02276,24.39796],[35.04179,24.39261],[35.05191,24.37952],[35.04596,24.36763],[35.04834,24.32896],[35.06559,24.31171],[35.08819,24.30695],[35.10188,24.29743],[35.11496,24.27721],[35.11853,24.26174],[35.1459,24.23735],[35.1917,24.21475],[35.20181,24.20225]]}},{"type":"Feature","properties":{"id":2950,"name":"Hodos Berenikes","kind":"Main Road","known":"0"},"geometry":{"type":"LineString","coordinates":[[35.20181,24.20225],[35.22168,24.18976],[35.26868,24.1273]]}},{"type":"Feature","properties":{"id":2951,"name":"Hodos Berenikes","kind":"Main Road","known":"1"},"geometry":{"type":"LineString","coordinates":[[35.26868,24.1273],[35.28593,24.07257],[35.29723,24.04997],[35.34541,24.01606],[35.36504,24.00892],[35.38586,23.99405],[35.41656,23.96907],[35.48199,23.90006]]}},{"type":"Feature","properties":{"id":2952,"name":"Hodos Myos Hormou/Mysormitike","kind":"Main Road","known":"1"},"geometry":{"type":"LineString","coordinates":[[33.11574,25.8837],[33.15714,25.89584],[33.1851,25.91487],[33.19819,25.91368],[33.21603,25.91963],[33.25648,25.91903],[33.32489,25.93688],[33.37605,25.9458],[33.43078,25.9345],[33.45101,25.9345],[33.51347,25.96127],[33.53131,25.95532],[33.5438,25.95651],[33.55927,25.96365],[33.59675,26.00707],[33.63482,26.02849],[33.65029,26.02849],[33.6629,26.01778],[33.68729,26.01421],[33.71346,25.99518],[33.77354,25.99518],[33.81221,25.99042],[33.836,25.99577],[33.8705,26.01064],[33.90977,26.04991],[33.91809,26.06537],[33.93178,26.11891],[33.93772,26.12724],[33.94903,26.13438],[33.96092,26.13616],[34.00375,26.12724],[34.01387,26.13557],[34.04896,26.10761],[34.09596,26.08798],[34.11737,26.08143],[34.13284,26.08143],[34.15544,26.08917],[34.16853,26.09749],[34.20125,26.10225],[34.21196,26.132],[34.21731,26.13913],[34.23575,26.14925],[34.2417,26.15758]]}},{"type":"Feature","properties":{"id":2953,"name":null,"kind":"Main Road","known":"1"},"geometry":{"type":"LineString","coordinates":[[34.11968,26.14893],[34.13403,26.13854],[34.14117,26.12605],[34.16853,26.09749]]}},{"type":"Feature","properties":{"id":2954,"name":"Via Hadriana","kind":"Main Road","known":"0"},"geometry":{"type":"LineString","coordinates":[[34.20608,26.20899],[34.22302,26.19029],[34.2417,26.15758]]}},{"type":"Feature","properties":{"id":2955,"name":"Via Hadriana","kind":"Main Road","known":"1"},"geometry":{"type":"LineString","coordinates":[[34.2417,26.15758],[34.24682,26.15163],[34.25098,26.12724],[34.26228,26.11594]]}},{"type":"Feature","properties":{"id":2956,"name":"Via Hadriana","kind":"Main Road","known":"0"},"geometry":{"type":"LineString","coordinates":[[34.26228,26.11594],[34.2837,26.09333],[34.29619,26.07073],[34.31582,26.02254],[34.34735,25.97674],[34.38542,25.9345],[34.39434,25.90476],[34.40267,25.89167]]}},{"type":"Feature","properties":{"id":2957,"name":"Via Hadriana","kind":"Main Road","known":"1"},"geometry":{"type":"LineString","coordinates":[[34.40267,25.89167],[34.41968,25.85479],[34.43694,25.83159]]}},{"type":"Feature","properties":{"id":2958,"name":"Via Hadriana","kind":"Main Road","known":"0"},"geometry":{"type":"LineString","coordinates":[[34.43694,25.83159],[34.48928,25.78281],[34.53092,25.72987],[34.56305,25.68287],[34.5803,25.62993],[34.61302,25.57996],[34.68916,25.42887],[34.70046,25.38604],[34.70998,25.36581],[34.72485,25.35153],[34.74091,25.32357]]}},{"type":"Feature","properties":{"id":2959,"name":"Via Hadriana","kind":"Main Road","known":"1"},"geometry":{"type":"LineString","coordinates":[[34.74091,25.32357],[34.74805,25.30692]]}},{"type":"Feature","properties":{"id":2960,"name":"Via Hadriana","kind":"Main Road","known":"0"},"geometry":{"type":"LineString","coordinates":[[34.74805,25.30692],[34.75578,25.28491],[34.79504,25.22007],[34.82241,25.18854],[34.84739,25.1463],[34.87238,25.1124],[34.87654,25.09158],[34.89617,25.06778],[34.91045,25.03982],[34.91842,25.01365]]}},{"type":"Feature","properties":{"id":2961,"name":"Via Hadriana","kind":"Main Road","known":"1"},"geometry":{"type":"LineString","coordinates":[[34.91842,25.01365],[34.94162,24.94405],[34.9559,24.91788]]}},{"type":"Feature","properties":{"id":2962,"name":"Via Hadriana","kind":"Main Road","known":"0"},"geometry":{"type":"LineString","coordinates":[[34.9559,24.91788],[34.98338,24.86374],[34.98695,24.83519],[34.99706,24.81734],[35.04049,24.76738],[35.0851,24.69956],[35.08272,24.68588],[35.0851,24.6603],[35.09283,24.63829],[35.10533,24.61033],[35.12139,24.59665],[35.14185,24.57166],[35.14601,24.56036],[35.14007,24.5449],[35.1359,24.51932],[35.14899,24.48779],[35.19063,24.45864],[35.20193,24.44615],[35.20848,24.43009],[35.21978,24.417],[35.24238,24.36763],[35.2525,24.33431],[35.26915,24.30219],[35.27153,24.29148]]}},{"type":"Feature","properties":{"id":2963,"name":"Via Hadriana","kind":"Main Road","known":"1"},"geometry":{"type":"LineString","coordinates":[[35.27153,24.29148],[35.27748,24.2665]]}},{"type":"Feature","properties":{"id":2964,"name":"Via Hadriana","kind":"Main Road","known":"0"},"geometry":{"type":"LineString","coordinates":[[35.27748,24.2665],[35.30782,24.21475],[35.35481,24.15942]]}},{"type":"Feature","properties":{"id":2965,"name":"Via Hadriana","kind":"Main Road","known":"1"},"geometry":{"type":"LineString","coordinates":[[35.35481,24.15942],[35.36611,24.14336],[35.3679,24.12016],[35.356,24.09934],[35.31615,24.06543],[35.30147,24.04693]]}},{"type":"Feature","properties":{"id":2966,"name":null,"kind":"Main Road","known":"1"},"geometry":{"type":"LineString","coordinates":[[34.96006,24.92787],[34.93579,24.94215],[34.92246,24.94215],[34.89915,24.92739],[34.84585,24.92597],[34.82919,24.93168],[34.78208,24.95785],[34.74686,24.95976],[34.73211,24.96689],[34.70213,24.9964],[34.67119,25.00782],[34.64597,25.02543]]}},{"type":"Feature","properties":{"id":2967,"name":null,"kind":"Main Road","known":"0"},"geometry":{"type":"LineString","coordinates":[[34.64597,25.02543],[34.6119,25.04208],[34.58192,25.04922],[34.53718,25.05065],[34.48388,25.06969],[34.45628,25.07492],[34.3492,25.0773],[34.33398,25.08158]]}},{"type":"Feature","properties":{"id":2968,"name":null,"kind":"Main Road","known":"1"},"geometry":{"type":"LineString","coordinates":[[34.33398,25.08158],[34.27211,25.09491],[34.24451,25.09776],[34.2112,25.09634],[34.18359,25.09015],[34.13855,25.09217]]}},{"type":"Feature","properties":{"id":2969,"name":null,"kind":"Main Road","known":"1"},"geometry":{"type":"LineString","coordinates":[[34.13855,25.09217],[34.04863,25.0911],[34.02531,25.09348],[33.88064,25.08111],[33.83686,25.08206],[33.79498,25.07254]]}},{"type":"Feature","properties":{"id":2970,"name":null,"kind":"Main Road","known":"1"},"geometry":{"type":"LineString","coordinates":[[33.79498,25.07254],[33.69961,25.0378],[33.6425,25.04161],[33.60301,25.03399],[33.58207,25.024],[33.52496,25.02067],[33.48213,25.0102],[33.46071,25.01068],[33.35792,25.03637],[33.31975,25.0616],[33.26645,25.05589],[33.24789,25.04732],[33.23267,25.04684],[33.19459,25.06683],[33.14748,25.07207],[33.12797,25.06635],[33.06896,25.03875],[33.03089,25.01115],[33.01756,25.00782],[32.99472,24.99402],[32.94856,24.99354],[32.92762,24.98117],[32.91715,24.97118],[32.89526,24.96071]]}},{"type":"Feature","properties":{"id":2971,"name":null,"kind":"Main Road","known":"1"},"geometry":{"type":"LineString","coordinates":[[33.47035,25.01046],[33.47794,24.99878],[33.536,24.96832],[33.56979,24.95452],[33.60453,24.93263],[33.64879,24.92168],[33.65688,24.91597],[33.71018,24.91121],[33.73825,24.89503],[33.76633,24.86458],[33.79726,24.84935],[33.82106,24.84364],[33.84771,24.84221],[33.86532,24.84459],[33.87341,24.84173],[33.87817,24.82888],[33.87769,24.82032],[33.88388,24.81461],[33.91386,24.80461]]}},{"type":"Feature","properties":{"id":2972,"name":null,"kind":"Main Road","known":"0"},"geometry":{"type":"LineString","coordinates":[[33.91386,24.80461],[33.92718,24.797],[33.94527,24.79652],[33.96668,24.80557],[33.98857,24.82032],[34.03569,24.82746],[34.1499,24.81508],[34.22271,24.79177],[34.24841,24.78082],[34.25602,24.7694],[34.28601,24.76512],[34.32693,24.74656],[34.35596,24.73989],[34.37976,24.73989],[34.43027,24.73287]]}},{"type":"Feature","properties":{"id":3005,"name":null,"kind":"Secondary Road","known":"0"},"geometry":{"type":"LineString","coordinates":[[35.70671,31.09315],[35.67994,31.10278],[35.64044,31.12848]]}},{"type":"Feature","properties":{"id":3006,"name":null,"kind":"Secondary Road","known":"1"},"geometry":{"type":"LineString","coordinates":[[35.64044,31.12848],[35.62236,31.14942],[35.59523,31.15656],[35.59333,31.17083],[35.58762,31.17512],[35.57239,31.17797],[35.55811,31.18892],[35.54907,31.19082],[35.54431,31.18606],[35.54574,31.17178]]}},{"type":"Feature","properties":{"id":3007,"name":null,"kind":"Secondary Road","known":"0"},"geometry":{"type":"LineString","coordinates":[[35.54574,31.17178],[35.54383,31.15941],[35.53479,31.14847],[35.53717,31.10326],[35.51909,31.09088],[35.50957,31.06947]]}},{"type":"Feature","properties":{"id":3008,"name":null,"kind":"Secondary Road","known":"1"},"geometry":{"type":"LineString","coordinates":[[35.50957,31.06947],[35.4962,31.05329],[35.47764,31.04044],[35.46955,31.02806]]}},{"type":"Feature","properties":{"id":3009,"name":null,"kind":"Secondary Road","known":"0"},"geometry":{"type":"LineString","coordinates":[[35.34781,30.64123],[35.37161,30.67097],[35.38023,30.69358],[35.38852,30.78519],[35.40403,30.81404],[35.42291,30.86531],[35.43624,30.88815],[35.44337,30.94478],[35.47154,31.02075],[35.47265,31.0328]]}},{"type":"Feature","properties":{"id":3010,"name":null,"kind":"Secondary Road","known":"0"},"geometry":{"type":"LineString","coordinates":[[35.27467,30.92323],[35.3225,30.95525],[35.34038,30.97406],[35.34764,30.98493],[35.35974,31.03564],[35.38103,31.05614],[35.38722,31.06812],[35.3808,31.09988],[35.38051,31.12359],[35.36866,31.13986],[35.36152,31.15751],[35.35248,31.22651],[35.37009,31.2605],[35.36913,31.27648],[35.37473,31.2969],[35.38294,31.30456],[35.38294,31.35976],[35.3777,31.42924],[35.38627,31.44162],[35.39436,31.46969],[35.37199,31.47826],[35.33106,31.50348],[35.3119,31.52624],[35.2849,31.54108],[35.26729,31.54584],[35.25908,31.55266],[35.24408,31.56836],[35.23623,31.58407],[35.21604,31.64685]]}},{"type":"Feature","properties":{"id":3011,"name":null,"kind":"Main Road","known":"1"},"geometry":{"type":"LineString","coordinates":[[36.82703,31.88991],[36.8394,31.90799],[36.83893,31.92369],[36.82227,31.99698],[36.8218,32.02411],[36.81037,32.0598],[36.81418,32.08502],[36.81513,32.17021],[36.83988,32.23207],[36.84369,32.26967],[36.83274,32.29965],[36.80514,32.35152],[36.80942,32.39102],[36.81894,32.42528],[36.80942,32.43909],[36.72804,32.49239],[36.69378,32.50904],[36.66856,32.51094],[36.61002,32.50857],[36.54292,32.52237],[36.4989,32.52141],[36.48087,32.52802],[36.46083,32.5295],[36.41943,32.53997],[36.37517,32.54664],[36.33758,32.54854],[36.29237,32.56139],[36.27024,32.56187],[36.21361,32.58566],[36.12652,32.61659],[36.11129,32.62563]]}},{"type":"Feature","properties":{"id":3012,"name":null,"kind":"Secondary Road","known":"1"},"geometry":{"type":"LineString","coordinates":[[36.81037,32.0598],[36.79419,32.0717],[36.78706,32.08645],[36.77088,32.10596],[36.75136,32.12024],[36.72614,32.13118],[36.71377,32.14403],[36.68664,32.16021],[36.64809,32.20066],[36.64048,32.21256],[36.63858,32.23731],[36.62954,32.26015],[36.61859,32.30726],[36.63525,32.37056],[36.63572,32.39721],[36.64762,32.4072],[36.69426,32.47002],[36.71139,32.5019],[36.73613,32.51142],[36.74994,32.52094]]}},{"type":"Feature","properties":{"id":3013,"name":null,"kind":"Secondary Road","known":"1"},"geometry":{"type":"LineString","coordinates":[[35.91885,31.96437],[35.91196,31.98778],[35.91958,32.01252],[35.90625,32.04108],[35.91006,32.06106],[35.86866,32.09676],[35.85438,32.09676],[35.83392,32.11246],[35.82726,32.12055],[35.83011,32.13292],[35.82059,32.16338],[35.83106,32.17195],[35.8382,32.171],[35.85248,32.17813],[35.85724,32.18813],[35.87675,32.20907],[35.88531,32.23572],[35.88484,32.26046],[35.89483,32.30187],[35.88627,32.32756],[35.90197,32.34136],[35.91482,32.35754],[35.92577,32.37944],[35.93957,32.39371],[35.9448,32.40561],[35.94671,32.44273],[35.95575,32.46938],[35.96431,32.47652],[35.9843,32.4827]]}},{"type":"Feature","properties":{"id":3014,"name":null,"kind":"Secondary Road","known":"0"},"geometry":{"type":"LineString","coordinates":[[35.9843,32.4827],[36.04759,32.51602],[36.0752,32.54362],[36.09233,32.57646],[36.11129,32.62563]]}},{"type":"Feature","properties":{"id":3015,"name":null,"kind":"Main Road","known":"1"},"geometry":{"type":"LineString","coordinates":[[34.6576,31.76587],[34.6814,31.81369],[34.70947,31.84677],[34.74041,31.86604],[34.7692,31.8896],[34.85319,31.93743],[34.89471,31.9655],[34.91637,32.01738],[34.92232,32.04212],[34.92374,32.11708],[34.95315,32.24406],[34.96505,32.31842],[34.94363,32.40051],[34.94244,32.43144],[34.93471,32.46059],[34.92281,32.48617],[34.91151,32.49807],[34.89602,32.5075]]}},{"type":"Feature","properties":{"id":3016,"name":null,"kind":"Main Road","known":"1"},"geometry":{"type":"LineString","coordinates":[[35.25832,32.2234],[35.23928,32.23871],[35.21013,32.24763],[35.18515,32.26131],[35.1554,32.28213],[35.13101,32.30533],[35.08342,32.3202],[35.05606,32.32377],[35.03881,32.33151],[34.99895,32.37374],[34.97813,32.40229],[34.94037,32.43926],[35.0049,32.42847],[35.03821,32.41717],[35.07093,32.41776],[35.15005,32.4362],[35.22798,32.44988]]}},{"type":"Feature","properties":{"id":3017,"name":null,"kind":"Main Road","known":"1"},"geometry":{"type":"LineString","coordinates":[[34.89602,32.5075],[34.92162,32.50818],[34.95255,32.5171],[34.9823,32.52067],[35.00431,32.52067],[35.07807,32.5058],[35.11436,32.51591],[35.16254,32.5522],[35.1786,32.56826],[35.19407,32.59206],[35.21727,32.6099],[35.24166,32.61645],[35.26605,32.61704],[35.28389,32.60931],[35.32553,32.57302],[35.34279,32.56767],[35.35349,32.57243],[35.40049,32.55518],[35.43945,32.55399],[35.45968,32.54625],[35.46741,32.53911],[35.46563,32.529],[35.50341,32.50608]]}},{"type":"Feature","properties":{"id":3018,"name":null,"kind":"Main Road","known":"1"},"geometry":{"type":"LineString","coordinates":[[35.3871,32.48617],[35.41804,32.49569],[35.42458,32.49271],[35.4341,32.49985],[35.44005,32.49569],[35.45789,32.49509],[35.50341,32.50608],[35.57449,32.57243],[35.61296,32.61887]]}},{"type":"Feature","properties":{"id":3019,"name":null,"kind":"Main Road","known":"0"},"geometry":{"type":"LineString","coordinates":[[35.22798,32.44988],[35.3871,32.48617]]}},{"type":"Feature","properties":{"id":3020,"name":null,"kind":"Main Road","known":"0"},"geometry":{"type":"LineString","coordinates":[[35.61296,32.61887],[35.65045,32.6337],[35.65342,32.64559],[35.68198,32.65928],[35.71767,32.64797],[35.74682,32.6569],[35.79441,32.66523],[35.81404,32.66404],[35.83783,32.65154],[35.84735,32.62775],[35.86103,32.60693],[35.90267,32.5754],[35.95383,32.57659],[36.01034,32.57302],[36.0389,32.58254],[36.11129,32.62563]]}},{"type":"Feature","properties":{"id":3021,"name":null,"kind":"Main Road","known":"1"},"geometry":{"type":"LineString","coordinates":[[35.56813,32.71595],[35.5943,32.69834],[35.63009,32.68168],[35.65432,32.67177],[35.67454,32.6682],[35.68198,32.65928]]}},{"type":"Feature","properties":{"id":3022,"name":null,"kind":"Secondary Road","known":"1"},"geometry":{"type":"LineString","coordinates":[[35.50902,32.51097],[35.53302,32.4939],[35.58299,32.47011],[35.60106,32.47324],[35.62047,32.46535],[35.62701,32.44929],[35.64129,32.43799],[35.65914,32.42668],[35.69185,32.41241],[35.72457,32.38802],[35.75015,32.36184],[35.75729,32.3434],[35.76919,32.33805],[35.78525,32.33864],[35.80488,32.3321],[35.81558,32.32318],[35.83462,32.31901],[35.88043,32.29046],[35.89103,32.2776]]}},{"type":"Feature","properties":{"id":3023,"name":null,"kind":"Secondary Road","known":"1"},"geometry":{"type":"LineString","coordinates":[[35.50341,32.50608],[35.50239,32.48201],[35.46313,32.40408],[35.44885,32.38861],[35.4203,32.38028],[35.41197,32.37196],[35.40721,32.35649],[35.3733,32.32556],[35.36259,32.30236],[35.33702,32.29046],[35.33464,32.27975],[35.31144,32.25596],[35.30073,32.22978],[35.2845,32.21626],[35.28407,32.19469],[35.27337,32.18219],[35.25909,32.13104],[35.26524,32.08776],[35.2493,32.06968],[35.25073,32.06254],[35.25906,32.05159],[35.27357,32.04231],[35.27571,32.03256],[35.25549,32.00638],[35.25382,31.99258],[35.25715,31.98187],[35.25454,31.95784],[35.23431,31.92976],[35.22001,31.91977]]}},{"type":"Feature","properties":{"id":3024,"name":null,"kind":"Secondary Road","known":"1"},"geometry":{"type":"LineString","coordinates":[[35.26427,32.15581],[35.16933,32.1275],[35.11103,32.09395]]}},{"type":"Feature","properties":{"id":3025,"name":null,"kind":"Secondary Road","known":"0"},"geometry":{"type":"LineString","coordinates":[[35.18515,32.26131],[35.19246,32.27142],[35.19068,32.30355],[35.19722,32.3208],[35.2347,32.34519],[35.2811,32.41895],[35.29002,32.44453],[35.29315,32.46431],[35.23886,32.50997],[35.21685,32.53435],[35.1869,32.58104]]}},{"type":"Feature","properties":{"id":3026,"name":null,"kind":"Secondary Road","known":"1"},"geometry":{"type":"LineString","coordinates":[[35.16419,32.27598],[35.19068,32.28868]]}},{"type":"Feature","properties":{"id":3027,"name":null,"kind":"Secondary Road","known":"1"},"geometry":{"type":"LineString","coordinates":[[35.1869,32.58104],[35.16855,32.60098],[35.14654,32.61645],[35.12275,32.64678],[35.11739,32.66998],[35.10668,32.69437],[35.11239,32.71912],[35.09526,32.75624],[35.09812,32.79574]]}},{"type":"Feature","properties":{"id":3028,"name":null,"kind":"Secondary Road","known":"0"},"geometry":{"type":"LineString","coordinates":[[35.09812,32.79574],[35.10193,32.88854],[35.0867,32.91376]]}},{"type":"Feature","properties":{"id":3029,"name":null,"kind":"Main Road","known":"1"},"geometry":{"type":"LineString","coordinates":[[34.89602,32.5075],[34.91714,32.56874],[34.92332,32.62061],[34.93522,32.65773],[34.93855,32.68152]]}},{"type":"Feature","properties":{"id":3030,"name":null,"kind":"Main Road","known":"0"},"geometry":{"type":"LineString","coordinates":[[34.93855,32.68152],[34.96282,32.78194],[34.96377,32.81525],[34.96092,32.82477],[34.9633,32.82858],[34.98043,32.83667],[35.00851,32.81382],[35.03087,32.80859],[35.04515,32.81525],[35.07085,32.85332],[35.08037,32.87474],[35.0867,32.91376],[35.08465,32.92375],[35.07846,32.92804]]}},{"type":"Feature","properties":{"id":3031,"name":null,"kind":"Secondary Road","known":"1"},"geometry":{"type":"LineString","coordinates":[[35.23,32.61332],[35.22532,32.67391],[35.21723,32.70008],[35.22532,32.72198],[35.23199,32.73054],[35.25102,32.74339],[35.26435,32.7472],[35.27196,32.75576],[35.30289,32.77432],[35.33478,32.76766],[35.35619,32.76861],[35.42187,32.78384]]}},{"type":"Feature","properties":{"id":3032,"name":null,"kind":"Secondary Road","known":"0"},"geometry":{"type":"LineString","coordinates":[[35.42187,32.78384],[35.47422,32.79003],[35.50943,32.78574],[35.54203,32.7858]]}},{"type":"Feature","properties":{"id":3033,"name":null,"kind":"Secondary Road","known":"1"},"geometry":{"type":"LineString","coordinates":[[35.28291,32.76052],[35.27386,32.78003],[35.25626,32.80145],[35.2101,32.82667],[35.20153,32.83952],[35.16584,32.85951],[35.16251,32.86807]]}},{"type":"Feature","properties":{"id":3034,"name":null,"kind":"Secondary Road","known":"0"},"geometry":{"type":"LineString","coordinates":[[35.16251,32.86807],[35.12824,32.89853],[35.11777,32.91899]]}},{"type":"Feature","properties":{"id":3035,"name":null,"kind":"Secondary Road","known":"1"},"geometry":{"type":"LineString","coordinates":[[35.11777,32.91899],[35.10873,32.92899],[35.09303,32.93184],[35.07846,32.92804]]}},{"type":"Feature","properties":{"id":2914,"name":null,"kind":"Secondary Road","known":"0"},"geometry":{"type":"LineString","coordinates":[[33.99203,26.62269],[33.97787,26.61245],[33.95407,26.60483],[33.90839,26.58009],[33.88317,26.57057],[33.82558,26.57057],[33.78846,26.56676],[33.74992,26.53821],[33.74992,26.51584],[33.74468,26.50537],[33.73564,26.50204]]}},{"type":"Feature","properties":{"id":2915,"name":null,"kind":"Secondary Road","known":"0"},"geometry":{"type":"LineString","coordinates":[[33.93545,26.59488],[33.90839,26.55534]]}},{"type":"Feature","properties":{"id":2916,"name":null,"kind":"Secondary Road","known":"0"},"geometry":{"type":"LineString","coordinates":[[33.99643,26.30502],[33.99548,26.28932],[33.98691,26.27218],[33.98643,26.26219],[33.99786,26.24887],[34.00309,26.23173],[34.02879,26.19985],[34.04735,26.17082],[34.08114,26.15464],[34.11207,26.15226],[34.11968,26.14893]]}},{"type":"Feature","properties":{"id":2917,"name":null,"kind":"Secondary Road","known":"0"},"geometry":{"type":"LineString","coordinates":[[33.43564,26.38878],[33.45106,26.36022],[33.45867,26.35261],[33.46866,26.35499],[33.50483,26.34119],[33.50102,26.32691],[33.50436,26.31597],[33.51197,26.3055],[33.52054,26.24125],[33.52054,26.21841],[33.54005,26.19795],[33.55337,26.17748],[33.56004,26.16083],[33.55528,26.1337]]}},{"type":"Feature","properties":{"id":2918,"name":null,"kind":"Secondary Road","known":"1"},"geometry":{"type":"LineString","coordinates":[[33.04269,26.35416],[33.06054,26.33096],[33.09587,26.32917],[33.11336,26.33488],[33.13121,26.35344],[33.16654,26.36736],[33.17333,26.37522],[33.17333,26.38378],[33.1976,26.41412],[33.24043,26.42804],[33.25684,26.41876],[33.27112,26.42447],[33.27612,26.41876],[33.28611,26.41662],[33.30431,26.41983],[33.32973,26.41448],[33.34186,26.4184],[33.36899,26.40841],[33.40004,26.40805],[33.42395,26.39485],[33.42931,26.38842],[33.43564,26.38878]]}},{"type":"Feature","properties":{"id":2919,"name":null,"kind":"Secondary Road","known":"0"},"geometry":{"type":"LineString","coordinates":[[33.45867,26.35261],[33.42038,26.34702]]}},{"type":"Feature","properties":{"id":2920,"name":null,"kind":"Secondary Road","known":"1"},"geometry":{"type":"LineString","coordinates":[[33.42038,26.34702],[33.39047,26.31454],[33.34764,26.29098],[33.3248,26.30169],[33.32409,26.31097],[33.31731,26.31097],[33.31267,26.31632],[33.31124,26.32382],[33.29304,26.34131],[33.28911,26.35844],[33.28197,26.36022],[33.27412,26.35844],[33.27769,26.35487],[33.26805,26.35202],[33.2602,26.34238],[33.23736,26.34488],[33.21416,26.33453],[33.19346,26.33417],[33.15277,26.31954],[33.13207,26.30847],[33.10387,26.3024],[33.08888,26.30669],[33.06054,26.33096]]}},{"type":"Feature","properties":{"id":2921,"name":null,"kind":"Main Road","known":"1"},"geometry":{"type":"LineString","coordinates":[[32.79483,26.35558],[32.82654,26.35701],[32.85938,26.35202],[32.90042,26.35416],[32.93647,26.34987],[32.96182,26.35237],[33.01178,26.37022],[33.01892,26.3695],[33.04269,26.35416],[33.05147,26.35558]]}},{"type":"Feature","properties":{"id":2922,"name":null,"kind":"Main Road","known":"0"},"geometry":{"type":"LineString","coordinates":[[33.05147,26.35558],[33.07824,26.38271],[33.07824,26.38699]]}},{"type":"Feature","properties":{"id":2923,"name":null,"kind":"Main Road","known":"1"},"geometry":{"type":"LineString","coordinates":[[33.07824,26.38699],[33.0786,26.40234],[33.08467,26.40877],[33.10644,26.42733],[33.14534,26.45017],[33.15355,26.46337],[33.19031,26.56474],[33.23172,26.6297],[33.23707,26.65611],[33.25991,26.69359],[33.28597,26.71179],[33.31559,26.72071],[33.32809,26.73106],[33.36449,26.75177],[33.3934,26.77496],[33.42695,26.78068],[33.46608,26.80274]]}},{"type":"Feature","properties":{"id":2924,"name":null,"kind":"Secondary Road","known":"0"},"geometry":{"type":"LineString","coordinates":[[33.51239,26.76709],[33.50462,26.75997],[33.47107,26.74748],[33.40932,26.74784],[33.38612,26.73892],[33.36471,26.7382],[33.34722,26.72857],[33.31973,26.73106],[33.28368,26.72571],[33.26584,26.72857],[33.25585,26.73499],[33.25299,26.74141],[33.22515,26.74784],[33.21551,26.75783]]}},{"type":"Feature","properties":{"id":2925,"name":null,"kind":"Secondary Road","known":"1"},"geometry":{"type":"LineString","coordinates":[[33.21551,26.75783],[33.18582,26.76461],[33.17725,26.77425],[33.13728,26.79888],[33.12835,26.81565],[33.12193,26.8178]]}},{"type":"Feature","properties":{"id":2926,"name":null,"kind":"Secondary Road","known":"0"},"geometry":{"type":"LineString","coordinates":[[33.12193,26.8178],[33.13406,26.84635],[33.12586,26.8592],[33.11013,26.86705]]}},{"type":"Feature","properties":{"id":2927,"name":null,"kind":"Secondary Road","known":"0"},"geometry":{"type":"LineString","coordinates":[[32.88436,26.73237],[32.90035,26.725],[32.92605,26.71929],[32.95496,26.6993],[32.99529,26.67895],[33.01421,26.67931],[33.04669,26.67253],[33.0831,26.67182],[33.10023,26.67574],[33.12414,26.6761],[33.16126,26.66753],[33.18803,26.6711],[33.22265,26.6711],[33.23407,26.66646],[33.2464,26.67264]]}},{"type":"Feature","properties":{"id":2928,"name":null,"kind":"Secondary Road","period":"RL","known":"0"},"geometry":{"type":"LineString","coordinates":[[9.91778,44.16657],[9.94014,44.17656],[9.94014,44.18941],[9.97155,44.20654],[9.97584,44.21701],[9.97441,44.22986],[9.95728,44.26127],[9.95823,44.27697],[9.94633,44.31647],[9.93063,44.33361],[9.9173,44.34074],[9.9054,44.36263],[9.88066,44.37215],[9.87733,44.37882],[9.88637,44.40213],[9.88684,44.41165],[9.90112,44.42355],[9.90873,44.45543],[9.9173,44.4621],[9.92111,44.47257],[9.93443,44.48161],[9.97012,44.49684],[9.99059,44.51302],[9.99392,44.53871],[10.00106,44.54538],[9.99963,44.55727],[10.01391,44.57536],[10.03009,44.58964],[10.06435,44.60582],[10.06673,44.62533],[10.07863,44.63199],[10.07815,44.65055],[10.09338,44.69005],[10.09766,44.69433],[10.16857,44.7286],[10.20188,44.75096],[10.32657,44.80521]]}},{"type":"Feature","properties":{"id":2929,"name":null,"kind":"Secondary Road","period":"RL","known":"1"},"geometry":{"type":"LineString","coordinates":[[10.51026,44.9042],[10.50979,44.88136],[10.60354,44.7443],[10.62448,44.72526],[10.63257,44.70718]]}},{"type":"Feature","properties":{"id":2930,"name":null,"kind":"Main Road","period":"RL","known":"1"},"geometry":{"type":"LineString","coordinates":[[10.49208,45.155],[10.5925,45.1588],[10.61819,45.15595],[10.68434,45.1588],[10.73241,45.15642],[10.79523,45.16309]]}},{"type":"Feature","properties":{"id":2931,"name":null,"kind":"Secondary Road","known":"0"},"geometry":{"type":"LineString","coordinates":[[11.07496,46.12915],[11.08971,46.09869],[11.10779,46.07489],[11.10827,46.0492],[11.11493,46.03492],[11.11636,46.01588],[11.0959,45.95592],[11.09018,45.94593],[11.07781,45.93879],[11.04688,45.92927],[11.02404,45.91357],[11.00881,45.89358],[10.99167,45.86027],[10.98882,45.84361],[10.9931,45.82172],[10.99881,45.81173],[11.00833,45.80792],[11.01261,45.79793],[10.99786,45.77175],[10.97264,45.75034],[10.94504,45.74034],[10.93362,45.7313],[10.92791,45.71702],[10.91125,45.69656],[10.89602,45.68419],[10.89364,45.67086],[10.88698,45.65754],[10.85176,45.6266],[10.83463,45.5952],[10.82178,45.58663],[10.81322,45.57426],[10.79608,45.52619],[10.80084,45.5062],[10.81322,45.49098],[10.8313,45.48098],[10.86414,45.47194],[10.92505,45.46242],[10.97264,45.451],[10.98216,45.44719],[10.98501,45.44291]]}},{"type":"Feature","properties":{"id":2932,"name":null,"kind":"Secondary Road","period":"RL","known":"0"},"geometry":{"type":"LineString","coordinates":[[8.9401,45.16642],[8.9363,45.20449],[8.73921,45.4524],[8.69226,45.44479],[8.6209,45.44892]]}},{"type":"Feature","properties":{"id":2933,"name":null,"kind":"Secondary Road","known":"0"},"geometry":{"type":"LineString","coordinates":[[9.52597,45.7363],[9.55215,45.73868],[9.57737,45.75295],[9.59403,45.77151],[9.60783,45.77151],[9.61068,45.76533],[9.60783,45.75438],[9.61068,45.74724],[9.62115,45.7401],[9.63828,45.7363],[9.65637,45.72488],[9.66636,45.71583],[9.67024,45.70719]]}},{"type":"Feature","properties":{"id":2934,"name":null,"kind":"Main Road","known":"0"},"geometry":{"type":"LineString","coordinates":[[9.40015,44.28026],[9.41918,44.28121],[9.44012,44.27693],[9.45821,44.27883],[9.47439,44.27645],[9.49771,44.27978],[9.53054,44.27693],[9.54292,44.28597],[9.54815,44.28454],[9.55196,44.27835],[9.56052,44.27597],[9.58622,44.28406],[9.61525,44.27122],[9.66903,44.27407],[9.67331,44.2636],[9.6833,44.25456],[9.71662,44.24695],[9.71804,44.2341],[9.72423,44.22553]]}},{"type":"Feature","properties":{"id":2935,"name":"Via Quinctia","kind":"Main Road","period":"HR?","known":"0"},"geometry":{"type":"MultiLineString","coordinates":[[[10.99743,43.73586],[11.0107,43.74057],[11.02384,43.75085],[11.03355,43.76727],[11.05725,43.76941],[11.06481,43.77698]],[[11.06553,43.77727],[11.06695,43.78169],[11.07709,43.78555],[11.10122,43.78183],[11.16375,43.78483],[11.17917,43.78412],[11.23399,43.77127],[11.24897,43.77243]],[[10.6486,43.66441],[10.6724,43.66061],[10.68192,43.66251],[10.71332,43.68202],[10.75425,43.69535],[10.93985,43.72247],[10.99553,43.73532]],[[10.64813,43.66441],[10.57198,43.67441],[10.41875,43.70248],[10.39876,43.71057]]]}},{"type":"Feature","properties":{"id":2937,"name":null,"kind":"Secondary Road","period":"RL","known":"1"},"geometry":{"type":"MultiLineString","coordinates":[[[10.54629,44.00182],[10.54724,43.98374],[10.53867,43.97707],[10.52106,43.97422],[10.51059,43.96756],[10.50155,43.95566],[10.49632,43.9371],[10.4987,43.92615],[10.51678,43.92139],[10.52154,43.91616],[10.52249,43.9095]],[[10.49632,43.84953],[10.52106,43.89046],[10.52249,43.90997]]]}},{"type":"Feature","properties":{"id":2938,"name":null,"kind":"Secondary Road","known":"0"},"geometry":{"type":"LineString","coordinates":[[10.39115,43.80385],[10.40209,43.82717],[10.41351,43.83906],[10.43635,43.84858],[10.45587,43.85096],[10.49584,43.84953]]}},{"type":"Feature","properties":{"id":2939,"name":null,"kind":"Secondary Road","period":"RL","known":"0"},"geometry":{"type":"LineString","coordinates":[[11.24775,43.77196],[10.97316,43.89474],[10.89464,43.93567],[10.77614,43.87952],[10.64718,43.87428],[10.56865,43.85667],[10.49584,43.84953]]}},{"type":"Feature","properties":{"id":2940,"name":null,"kind":"Secondary Road","period":"HRL","known":"0"},"geometry":{"type":"LineString","coordinates":[[10.85581,43.40391],[10.80346,43.36108],[10.76777,43.35394],[10.74968,43.34157],[10.69305,43.3311]]}},{"type":"Feature","properties":{"id":2941,"name":null,"kind":"Main Road","known":"0"},"geometry":{"type":"LineString","coordinates":[[10.54457,43.1041],[10.53981,43.0389],[10.5322,43.01653],[10.52363,43.00321],[10.51221,42.99607],[10.49127,42.99083],[10.5974,42.99179],[10.66069,42.98798]]}},{"type":"Feature","properties":{"id":3098,"name":null,"kind":"Secondary Road","known":"0"},"geometry":{"type":"LineString","coordinates":[[15.57555,46.24531],[15.63023,46.24392],[15.7492,46.22488],[15.842,46.19514],[15.87293,46.17015],[15.89911,46.09639],[15.90744,46.05713],[15.88602,45.94886],[15.88483,45.82275],[15.89078,45.81204],[15.96216,45.8168],[16.02998,45.81561],[16.08114,45.80015],[16.14419,45.78944],[16.20963,45.78825],[16.27149,45.79539],[16.3305,45.78587],[16.45186,45.70973],[16.53514,45.65262],[16.56964,45.60503],[16.597,45.57648],[16.64221,45.56101],[16.68742,45.51937],[16.75405,45.48368]]}},{"type":"Feature","properties":{"id":3099,"name":null,"kind":"Main Road","known":"1"},"geometry":{"type":"LineString","coordinates":[[15.89078,45.81204],[15.86591,45.80372],[15.79929,45.76445],[15.78858,45.74185],[15.77074,45.724],[15.73385,45.71568],[15.6934,45.7014],[15.63035,45.66809],[15.60893,45.63953],[15.59228,45.60622],[15.58395,45.57886],[15.56134,45.5503],[15.55777,45.53127],[15.56253,45.51223],[15.51375,45.46107],[15.4971,45.43014],[15.4852,45.42181],[15.53636,45.39921],[15.64106,45.33615],[15.87067,45.3195],[15.95038,45.32306],[16.01701,45.34091],[16.06936,45.36352],[16.13598,45.37541],[16.19309,45.37541],[16.23473,45.3647],[16.27042,45.36114],[16.29065,45.36946],[16.31444,45.40635],[16.3537,45.42419],[16.37393,45.4575],[16.37631,45.48606],[16.36441,45.50033]]}},{"type":"Feature","properties":{"id":3100,"name":null,"kind":"Main Road","known":"1"},"geometry":{"type":"LineString","coordinates":[[16.37631,45.48606],[16.33824,45.49201],[16.27518,45.51937],[16.18595,45.56934],[16.08839,45.64667]]}},{"type":"Feature","properties":{"id":3101,"name":null,"kind":"Main Road","known":"0"},"geometry":{"type":"LineString","coordinates":[[16.08839,45.64667],[15.99203,45.71924],[15.90161,45.77873],[15.89078,45.81204],[15.78977,45.85012],[15.72196,45.87153],[15.63868,45.88938],[15.62321,45.89532]]}},{"type":"Feature","properties":{"id":3102,"name":null,"kind":"Main Road","known":"0"},"geometry":{"type":"LineString","coordinates":[[16.36441,45.50033],[16.30492,45.56101],[16.24544,45.65262],[16.21807,45.67879],[16.18714,45.72043],[16.15383,45.75494],[16.12947,45.79194],[16.11814,45.82275],[16.11814,45.87391],[16.12765,45.9096],[16.19666,45.9215],[16.23354,45.93934],[16.24306,45.956],[16.2502,46.02025],[16.28113,46.05713],[16.29184,46.07854],[16.28232,46.10234],[16.27994,46.1297],[16.2728,46.14874],[16.23116,46.20228],[16.20879,46.21774]]}},{"type":"Feature","properties":{"id":3103,"name":null,"kind":"Secondary Road","known":"0"},"geometry":{"type":"LineString","coordinates":[[16.28102,46.11733],[16.34835,46.08211],[16.49469,45.99288],[16.59581,45.95838],[16.70765,45.93697],[16.94322,45.84417],[16.98724,45.80966],[17.02911,45.76564],[17.07789,45.69545],[17.15166,45.6431],[17.21828,45.61217],[17.25278,45.57767],[17.33131,45.54079],[17.39912,45.51699],[17.54248,45.45869],[17.59245,45.4349],[17.67097,45.40516]]}},{"type":"Feature","properties":{"id":3104,"name":null,"kind":"Secondary Road","known":"1"},"geometry":{"type":"LineString","coordinates":[[16.97219,45.82146],[16.94702,45.77873],[16.89824,45.71211],[16.87802,45.67879],[16.85898,45.62169],[16.85422,45.5967],[16.85184,45.54911],[16.83043,45.50152],[16.81258,45.47416],[16.73287,45.40516],[16.65673,45.35162],[16.61866,45.30998],[16.56155,45.26001]]}},{"type":"Feature","properties":{"id":3105,"name":null,"kind":"Secondary Road","known":"1"},"geometry":{"type":"LineString","coordinates":[[16.82089,45.4869],[17.02316,45.54911],[17.1005,45.56934],[17.15998,45.57648],[17.23077,45.59968]]}},{"type":"Feature","properties":{"id":3107,"name":null,"kind":"Main Road","period":"RL","known":"0"},"geometry":{"type":"LineString","coordinates":[[18.80393,45.27484],[18.77432,45.28117],[18.6306,45.28403],[18.48427,45.27785],[18.39861,45.29808],[18.28916,45.31474],[18.05954,45.36114],[17.93938,45.37541],[17.8649,45.40278],[17.60316,45.40159],[17.47348,45.40635],[17.26587,45.423],[17.14214,45.43847],[17.05886,45.45512],[17.00175,45.45988],[16.90895,45.47892],[16.82089,45.4869],[16.75405,45.48368],[16.70551,45.47416],[16.60081,45.46107],[16.48898,45.4575],[16.37505,45.47096]]}},{"type":"Feature","properties":{"id":3108,"name":null,"kind":"Main Road","known":"1"},"geometry":{"type":"LineString","coordinates":[[18.52334,45.27879],[18.45691,45.25763],[18.0988,45.18981],[18.01552,45.16721],[17.95008,45.16245],[17.84539,45.16245],[17.77519,45.1565],[17.705,45.16007],[17.63718,45.11486],[17.60863,45.10415],[17.53891,45.10058],[17.50679,45.10415]]}},{"type":"Feature","properties":{"id":3109,"name":null,"kind":"Main Road","known":"1"},"geometry":{"type":"LineString","coordinates":[[18.05835,45.17792],[18.13211,45.16007],[18.22729,45.14817],[18.37601,45.13509],[18.44263,45.11843],[18.56872,45.10333]]}},{"type":"Feature","properties":{"id":3110,"name":null,"kind":"Main Road","known":"0"},"geometry":{"type":"LineString","coordinates":[[18.54589,45.12222],[18.49141,45.06608],[18.39742,45.00541]]}},{"type":"Feature","properties":{"id":3111,"name":null,"kind":"Main Road","known":"1"},"geometry":{"type":"LineString","coordinates":[[18.15847,45.15677],[18.15948,45.13509],[18.14758,45.09464],[18.14758,45.07679],[18.18803,45.07203],[18.22015,45.0637],[18.24752,45.04943],[18.28321,45.04824],[18.29749,45.03396],[18.39742,45.00541],[18.45096,44.97804],[18.50331,44.94235],[18.55712,44.91093]]}},{"type":"Feature","properties":{"id":3112,"name":null,"kind":"Main Road","known":"1"},"geometry":{"type":"LineString","coordinates":[[18.54031,45.62313],[18.46619,45.66095],[18.41265,45.6669],[18.29844,45.69664],[18.22705,45.73352],[18.18422,45.75137],[18.12474,45.75613],[18.01766,45.75613],[17.96293,45.77159]]}},{"type":"Feature","properties":{"id":3113,"name":null,"kind":"Main Road","known":"0"},"geometry":{"type":"LineString","coordinates":[[17.96293,45.77159],[17.87097,45.76445],[17.81862,45.77397],[17.75199,45.79539],[17.68299,45.80253],[17.64254,45.8168],[17.56402,45.83822],[17.39507,45.8977],[17.30347,45.93934],[17.18687,45.97742],[17.10002,46.01668],[17.03578,46.05118],[16.99295,46.06665],[16.88646,46.13922],[16.81627,46.17729],[16.6509,46.24511],[16.59617,46.25224],[16.52717,46.28675],[16.49147,46.29983],[16.38321,46.30459]]}},{"type":"Feature","properties":{"id":3116,"name":null,"kind":"Secondary Road","known":"0"},"geometry":{"type":"LineString","coordinates":[[16.97219,45.82146],[17.01674,45.85963],[17.02864,45.90484],[17.05124,45.96314],[17.0905,46.0024],[17.17735,46.03571],[17.31655,46.04523],[17.40221,46.0607],[17.51524,46.0607],[17.66157,46.03452],[17.79839,46.05356],[17.81386,46.06427]]}},{"type":"Feature","properties":{"id":3117,"name":null,"kind":"Secondary Road","known":"1"},"geometry":{"type":"LineString","coordinates":[[17.78888,45.29213],[17.81386,45.33615],[17.8649,45.40278],[17.87335,45.44442],[17.86621,45.49439],[17.87573,45.53246],[17.91261,45.56339],[17.9364,45.60384],[17.92332,45.65381],[17.9245,45.68117],[17.93759,45.70497],[17.94354,45.72757],[17.95663,45.75137],[17.96293,45.77159],[17.95663,45.83346],[17.97328,45.85963],[18.00779,45.89532]]}},{"type":"Feature","properties":{"id":3118,"name":null,"kind":"Secondary Road","known":"0"},"geometry":{"type":"LineString","coordinates":[[18.00779,45.89532],[18.07096,45.93459],[18.11379,45.96671],[18.14948,46.00121],[18.17566,46.05594]]}},{"type":"Feature","properties":{"id":3156,"name":null,"kind":"Secondary Road","known":"0"},"geometry":{"type":"LineString","coordinates":[[14.21908,45.91926],[14.25474,45.88067],[14.32186,45.82253],[14.35041,45.80254],[14.40895,45.77684],[14.46034,45.76114],[14.47319,45.7383],[14.48176,45.6973],[14.50133,45.6973]]}},{"type":"Feature","properties":{"id":3157,"name":null,"kind":"Main Road","known":"1"},"geometry":{"type":"LineString","coordinates":[[14.50733,46.05694],[14.53477,46.0224],[14.56986,45.9914],[14.63233,45.95935],[14.79175,45.94864],[14.91668,45.93079],[14.9607,45.92009],[14.99996,45.92247],[15.01542,45.90462],[15.04874,45.88083],[15.13083,45.85465],[15.1915,45.85346],[15.37591,45.93079],[15.47347,45.93436],[15.50678,45.92842],[15.55913,45.907],[15.62321,45.89532]]}},{"type":"Feature","properties":{"id":3158,"name":null,"kind":"Secondary Road","known":"1"},"geometry":{"type":"LineString","coordinates":[[14.46074,45.32796],[14.48825,45.35853],[14.53227,45.37995],[14.55964,45.37995],[14.61555,45.36924],[14.73334,45.37162],[14.76427,45.37638],[14.81186,45.39066],[14.90228,45.39066],[14.94868,45.38471],[15.0153,45.38114],[15.06646,45.3859],[15.10929,45.41088],[15.11643,45.42397],[15.22113,45.41445],[15.28775,45.43944],[15.34486,45.44776],[15.44004,45.51082],[15.55777,45.53127]]}},{"type":"Feature","properties":{"id":3159,"name":null,"kind":"Secondary Road","known":"0"},"geometry":{"type":"LineString","coordinates":[[15.1106,45.85941],[15.11524,45.83681],[15.17949,45.80468],[15.25444,45.71545],[15.33772,45.62741],[15.3639,45.56079],[15.45669,45.46561],[15.4852,45.42181]]}},{"type":"Feature","properties":{"id":3160,"name":null,"kind":"Main Road","known":"0"},"geometry":{"type":"LineString","coordinates":[[14.92422,44.99689],[15.17259,45.05158],[15.22612,45.073],[15.25825,45.1194],[15.32011,45.22409],[15.36532,45.28477],[15.3915,45.34307],[15.43671,45.39304],[15.4852,45.42181]]}},{"type":"Feature","properties":{"id":3161,"name":null,"kind":"Secondary Road","known":"0"},"geometry":{"type":"LineString","coordinates":[[15.28775,45.43944],[15.43564,45.27763],[15.463,45.22409],[15.50345,45.16699],[15.53438,45.13724],[15.58435,45.10036],[15.64146,45.00994],[15.66525,44.95997]]}},{"type":"Feature","properties":{"id":3162,"name":null,"kind":"Main Road","known":"0"},"geometry":{"type":"LineString","coordinates":[[15.29488,45.17994],[15.30001,45.13843],[15.3119,45.10988],[15.3357,45.08966],[15.34403,45.05991],[15.3476,45.0266],[15.33927,44.98258],[15.32261,44.93737],[15.29476,44.82804]]}},{"type":"Feature","properties":{"id":3163,"name":null,"kind":"Secondary Road","known":"0"},"geometry":{"type":"LineString","coordinates":[[15.08816,44.51977],[15.14407,44.52572],[15.21903,44.50193],[15.27018,44.49955],[15.31658,44.50907],[15.36774,44.53762],[15.39986,44.57093],[15.64019,44.6792],[15.70325,44.72203],[15.73894,44.72322],[15.80794,44.73155],[15.88884,44.772],[15.9293,44.78865],[15.88884,44.83862],[15.8936,44.85885],[15.93167,44.89454],[15.96261,44.90882],[15.9983,44.89811],[16.04351,44.8755],[16.09467,44.8648],[16.12631,44.86837],[16.16439,44.88145],[16.19294,44.91714],[16.19056,44.95641],[16.21673,44.96949],[16.26789,44.97782],[16.35236,44.99805],[16.39043,45.0266],[16.39757,45.03731]]}},{"type":"Feature","properties":{"id":3164,"name":null,"kind":"Secondary Road","known":"1"},"geometry":{"type":"LineString","coordinates":[[15.66525,44.95997],[15.69409,44.91952],[15.75952,44.88502],[15.79997,44.8529],[15.85113,44.82078],[15.88682,44.80293],[15.9293,44.78865]]}},{"type":"Feature","properties":{"id":3165,"name":null,"kind":"Secondary Road","known":"0"},"geometry":{"type":"LineString","coordinates":[[15.9293,44.78865],[16.00853,44.75772],[16.01924,44.73036],[16.10252,44.68753],[16.14297,44.65421],[16.22506,44.60425],[16.32143,44.55547],[16.36664,44.55071]]}},{"type":"Feature","properties":{"id":3166,"name":null,"kind":"Secondary Road","known":"0"},"geometry":{"type":"LineString","coordinates":[[16.16439,44.88145],[16.17152,44.84457],[16.26432,44.70061],[16.28812,44.64589],[16.36664,44.55071],[16.39876,44.53167]]}},{"type":"Feature","properties":{"id":3167,"name":null,"kind":"Main Road","known":"0"},"geometry":{"type":"LineString","coordinates":[[16.66193,44.77795],[16.63933,44.80174],[16.60839,44.82672],[16.57151,44.84338],[16.52273,44.8529],[16.47633,44.86599],[16.44778,44.88026],[16.45135,44.89692],[16.46801,44.92547],[16.47395,44.95046],[16.47157,44.96949],[16.43588,45.01113],[16.39757,45.03731],[16.36926,45.06348],[16.36212,45.08847],[16.31691,45.11107],[16.25504,45.12773],[16.2027,45.15628],[16.19794,45.17294],[16.21221,45.18007],[16.2134,45.20387],[16.29065,45.36946]]}},{"type":"Feature","properties":{"id":3168,"name":null,"kind":"Main Road","known":"1"},"geometry":{"type":"LineString","coordinates":[[16.3537,45.42419],[16.38853,45.37757],[16.42898,45.34426],[16.44921,45.32046],[16.48133,45.30262],[16.51345,45.27763],[16.58246,45.25503],[16.63837,45.23004],[16.72641,45.21696],[16.77162,45.21458],[16.82635,45.19435],[16.8787,45.1658],[16.92034,45.16461],[16.97269,45.17294],[17.07976,45.1539],[17.13211,45.13843],[17.16186,45.13605],[17.24633,45.13724]]}},{"type":"Feature","properties":{"id":3169,"name":null,"kind":"Main Road","known":"1"},"geometry":{"type":"LineString","coordinates":[[16.63124,44.55666],[16.64313,44.59592],[16.65622,44.61376],[16.69905,44.63399],[16.7276,44.67563],[16.70857,44.69942],[16.67883,44.7137],[16.66193,44.77795],[16.6467,44.81721],[16.65503,44.83981],[16.67169,44.85766],[16.69429,44.8755],[16.69786,44.89573],[16.68596,44.92071],[16.68239,44.94332],[16.69548,44.97306]]}},{"type":"Feature","properties":{"id":3170,"name":null,"kind":"Main Road","known":"0"},"geometry":{"type":"LineString","coordinates":[[16.69548,44.97306],[16.69905,45.00399],[16.69072,45.05039],[16.70262,45.08847],[16.70143,45.12773]]}},{"type":"Feature","properties":{"id":3171,"name":null,"kind":"Main Road","known":"1"},"geometry":{"type":"LineString","coordinates":[[16.70143,45.12773],[16.70976,45.15033],[16.72879,45.15747],[16.73712,45.16699],[16.73759,45.21637]]}},{"type":"Feature","properties":{"id":3172,"name":null,"kind":"Main Road","known":"0"},"geometry":{"type":"LineString","coordinates":[[17.24633,45.13724],[17.35828,45.13368],[17.42372,45.11821],[17.46774,45.11464],[17.50679,45.10415]]}},{"type":"Feature","properties":{"id":3173,"name":null,"kind":"Main Road","known":"0"},"geometry":{"type":"LineString","coordinates":[[16.82635,45.19435],[16.8467,45.24075],[16.96329,45.3276],[16.97519,45.34545],[17.04538,45.37281],[17.08702,45.40255],[17.11037,45.4462],[17.13818,45.47275],[17.18934,45.50844],[17.21551,45.55365],[17.23077,45.59968],[17.24526,45.62384],[17.28809,45.6405],[17.34638,45.68452],[17.36066,45.72854],[17.3678,45.78684],[17.39516,45.86417],[17.4148,45.89048]]}},{"type":"Feature","properties":{"id":3174,"name":null,"kind":"Main Road","period":"RL","known":"1"},"geometry":{"type":"LineString","coordinates":[[17.24633,45.13724],[17.28095,45.09679],[17.29641,45.0147],[17.29641,44.9338],[17.2869,44.90287],[17.27024,44.8874],[17.24169,44.87193],[17.20243,44.841],[17.18815,44.81602],[17.18458,44.79222],[17.13223,44.73749],[17.13937,44.68158],[17.12509,44.66016],[17.11914,44.63875],[17.12271,44.6209],[17.10725,44.57093],[17.08226,44.51264],[17.06085,44.49241],[17.03943,44.4591],[16.97995,44.41984],[16.96567,44.39009],[16.94306,44.37225],[16.91927,44.32347],[16.88596,44.30443],[16.8574,44.28302],[16.84551,44.25922],[16.84075,44.22591],[16.78364,44.16167],[16.78007,44.09028],[16.77055,44.0653],[16.74795,44.04507],[16.73724,44.01771],[16.74795,43.98321],[16.77888,43.95703],[16.78959,43.9261],[16.77769,43.88803],[16.81457,43.85353],[16.82766,43.83211],[16.80874,43.82606],[16.79541,43.81654],[16.78113,43.78608],[16.75068,43.76229],[16.72308,43.74992],[16.68024,43.7423],[16.66502,43.73278],[16.6536,43.70899],[16.64598,43.67092],[16.62885,43.65093],[16.61648,43.60715],[16.57536,43.58603],[16.52872,43.55462],[16.50493,43.53464]]}},{"type":"Feature","properties":{"id":3175,"name":null,"kind":"Main Road","known":"0"},"geometry":{"type":"LineString","coordinates":[[16.92022,44.52453],[16.98804,44.49003],[17.01183,44.48884],[17.05109,44.44601],[17.0618,44.42698]]}},{"type":"Feature","properties":{"id":3176,"name":null,"kind":"Main Road","known":"1"},"geometry":{"type":"LineString","coordinates":[[16.92022,44.52453],[16.89048,44.53524],[16.85717,44.53286],[16.8298,44.52691],[16.78102,44.52691],[16.75009,44.55071],[16.7144,44.55785],[16.65729,44.55904],[16.63124,44.55666],[16.60851,44.54595],[16.53713,44.54119],[16.49311,44.55309],[16.44433,44.55547],[16.39876,44.53167],[16.39674,44.49717],[16.40983,44.44006],[16.39912,44.40675],[16.36224,44.3782],[16.31822,44.31871],[16.31227,44.28778],[16.30989,44.26517],[16.3551,44.19974],[16.30156,44.17594],[16.26706,44.16642],[16.25635,44.15334],[16.25635,44.12359],[16.23851,44.08552],[16.21709,44.04626],[16.19758,44.02247],[16.15594,44.03317],[16.12976,44.02961],[16.10597,44.00938],[16.03578,43.99272],[16.02031,43.97012]]}},{"type":"Feature","properties":{"id":3177,"name":null,"kind":"Main Road","known":"1"},"geometry":{"type":"LineString","coordinates":[[15.95487,43.9951],[15.98581,44.007],[16.01674,44.02485],[16.01436,44.04269],[16.00365,44.07719],[15.97986,44.10337],[15.97391,44.13192],[15.97748,44.16523],[15.99295,44.18546],[15.99414,44.21163]]}},{"type":"Feature","properties":{"id":3178,"name":null,"kind":"Secondary Road","known":"1"},"geometry":{"type":"LineString","coordinates":[[15.70241,44.02366],[15.72502,44.03793],[15.74405,44.06292],[15.77499,44.08076],[15.81782,44.11646],[15.84994,44.14977],[15.93084,44.17356],[15.98182,44.1709]]}},{"type":"Feature","properties":{"id":3179,"name":null,"kind":"Main Road","period":"RL","known":"1"},"geometry":{"type":"LineString","coordinates":[[14.92422,44.99689],[14.94635,44.98546],[14.99917,44.97476],[15.06484,44.95049],[15.15836,44.91051],[15.1812,44.89623],[15.24901,44.86411],[15.27685,44.83913],[15.35537,44.78416],[15.37679,44.76061],[15.46531,44.60142],[15.55168,44.48578],[15.57381,44.46008],[15.6045,44.44009],[15.62949,44.41511],[15.68945,44.37014],[15.73728,44.32088],[15.76797,44.27662],[15.7694,44.2652],[15.69356,44.20961],[15.68654,44.1912],[15.73097,44.13906],[15.75952,44.11884],[15.89039,44.04983],[15.93441,44.03079],[15.99346,44.01141]]}},{"type":"Feature","properties":{"id":3181,"name":null,"kind":"Main Road","known":"0"},"geometry":{"type":"LineString","coordinates":[[15.22997,44.11552],[15.28791,44.13906],[15.35097,44.17237],[15.37952,44.17594],[15.39499,44.19141],[15.42473,44.20212],[15.54013,44.23186],[15.56869,44.24257],[15.59248,44.26041],[15.60914,44.29016],[15.62579,44.28897],[15.6365,44.30086],[15.61866,44.32585],[15.6139,44.34607],[15.62698,44.35202],[15.65316,44.35202],[15.68945,44.37014]]}},{"type":"Feature","properties":{"id":3182,"name":null,"kind":"Secondary Road","known":"1"},"geometry":{"type":"LineString","coordinates":[[14.92422,44.99689],[14.93932,44.94927],[14.93337,44.91476],[14.90958,44.85647],[14.90244,44.8184],[14.92266,44.75653],[14.92861,44.71846],[14.96074,44.67325],[14.98453,44.6209],[15.01427,44.58402],[15.07495,44.52572],[15.09998,44.52103],[15.13206,44.47932],[15.19273,44.44601],[15.24865,44.39485],[15.34502,44.33537],[15.39975,44.31871],[15.46399,44.28183],[15.51872,44.26993],[15.55591,44.23778]]}},{"type":"Feature","properties":{"id":3183,"name":null,"kind":"Secondary Road","known":"0"},"geometry":{"type":"LineString","coordinates":[[16.3551,44.19974],[16.38496,44.16999],[16.42541,44.1581],[16.44921,44.13906],[16.49323,44.12835],[16.5075,44.1117],[16.55033,44.076],[16.58246,44.02366],[16.61696,43.99034],[16.68834,43.93324],[16.72879,43.89636],[16.74545,43.88922],[16.77769,43.88803]]}},{"type":"Feature","properties":{"id":3184,"name":null,"kind":"Secondary Road","known":"0"},"geometry":{"type":"LineString","coordinates":[[17.17136,44.77963],[17.31756,44.72645],[17.34707,44.7036],[17.3661,44.67124],[17.36515,44.64745],[17.38323,44.59986],[17.42892,44.59224],[17.447,44.58463],[17.46223,44.57226],[17.47175,44.55703],[17.48222,44.51229],[17.51934,44.48279],[17.58977,44.44662],[17.62689,44.41616],[17.67733,44.38285],[17.69542,44.34764],[17.72683,44.26864],[17.7411,44.2496]]}},{"type":"Feature","properties":{"id":3185,"name":null,"kind":"Secondary Road","known":"0"},"geometry":{"type":"LineString","coordinates":[[17.47175,44.55703],[17.53361,44.56464],[17.58406,44.57892],[17.62594,44.60938],[17.66306,44.60938],[17.69827,44.58939],[17.73825,44.57892],[17.78964,44.58368],[17.82296,44.59415],[17.88482,44.63507],[17.94669,44.65601]]}},{"type":"Feature","properties":{"id":3186,"name":null,"kind":"Secondary Road","known":"0"},"geometry":{"type":"LineString","coordinates":[[17.78888,45.29213],[17.77537,45.26135],[17.75157,45.22994],[17.7373,45.19282],[17.72945,45.15883]]}},{"type":"Feature","properties":{"id":3187,"name":null,"kind":"Secondary Road","known":"1"},"geometry":{"type":"LineString","coordinates":[[17.72945,45.15883],[17.73063,45.06623],[17.71636,45.04815],[17.71731,45.03102],[17.70398,44.97105],[17.69732,44.92156],[17.66496,44.87873],[17.66782,44.8616],[17.70589,44.81496],[17.72968,44.79402]]}},{"type":"Feature","properties":{"id":3188,"name":null,"kind":"Secondary Road","known":"0"},"geometry":{"type":"LineString","coordinates":[[17.72968,44.79402],[17.78708,44.76166],[17.84323,44.74167],[17.88987,44.71788],[17.92699,44.69409],[17.96696,44.61699],[17.96887,44.58558]]}},{"type":"Feature","properties":{"id":3189,"name":null,"kind":"Secondary Road","known":"0"},"geometry":{"type":"LineString","coordinates":[[17.96887,44.58558],[17.93841,44.52467],[17.94031,44.46756],[17.95459,44.43139],[17.94317,44.39808],[17.92223,44.37429],[17.86988,44.28958],[17.86322,44.23913]]}},{"type":"Feature","properties":{"id":3190,"name":null,"kind":"Main Road","known":"1"},"geometry":{"type":"LineString","coordinates":[[15.22997,44.11552],[15.27532,44.11064],[15.31529,44.10208],[15.43236,44.09922],[15.4809,44.09256],[15.6113,44.03164],[15.66935,44.01737],[15.70241,44.02366],[15.73217,44.01832],[15.83116,44.01451],[15.95487,43.9951],[15.98059,43.98025],[16.02031,43.97012],[16.03865,43.94884],[16.07672,43.92695],[16.17666,43.91743],[16.19541,43.89744],[16.22586,43.8765],[16.27631,43.84985],[16.31152,43.82035],[16.32866,43.79941],[16.36482,43.76514],[16.37149,43.7404],[16.39052,43.72231],[16.45715,43.68805],[16.47904,43.67187],[16.49522,43.6357],[16.5371,43.59002],[16.54852,43.56812]]}},{"type":"Feature","properties":{"id":3191,"name":null,"kind":"Main Road","known":"0"},"geometry":{"type":"LineString","coordinates":[[16.19758,44.02247],[16.19322,43.98786],[16.19607,43.96216],[16.19417,43.94027],[16.17666,43.91743]]}},{"type":"Feature","properties":{"id":3192,"name":null,"kind":"Main Road","known":"1"},"geometry":{"type":"LineString","coordinates":[[17.0618,44.42698],[17.0956,44.39332],[17.16318,44.36096],[17.16223,44.33621],[17.13368,44.31813],[17.11654,44.30195],[17.07371,44.28101],[17.0937,44.26007],[17.09846,44.23342],[17.1194,44.21439],[17.14795,44.20201],[17.17365,44.18012],[17.18698,44.15728],[17.15081,44.11635],[17.14795,44.09256],[17.15176,44.06496],[17.16699,44.04497],[17.18698,44.0088],[17.21838,43.96978],[17.22981,43.94218]]}},{"type":"Feature","properties":{"id":3193,"name":null,"kind":"Main Road","known":"0"},"geometry":{"type":"LineString","coordinates":[[17.16318,44.36096],[17.24503,44.35811],[17.31832,44.2991],[17.38209,44.29148],[17.46965,44.29434],[17.53628,44.2734],[17.58387,44.26959],[17.6562,44.25151],[17.67429,44.222],[17.70189,44.23152],[17.72188,44.2477],[17.76947,44.25722],[17.84523,44.24484],[17.86322,44.23913],[17.89091,44.2239],[17.90424,44.20011]]}},{"type":"Feature","properties":{"id":3194,"name":null,"kind":"Main Road","known":"1"},"geometry":{"type":"LineString","coordinates":[[16.61648,43.60715],[16.62885,43.65093],[16.64598,43.67092],[16.6536,43.70899],[16.66502,43.73278],[16.68024,43.7423],[16.72308,43.74992],[16.75068,43.76229],[16.78113,43.78608],[16.79541,43.81654],[16.80874,43.82606],[16.82766,43.83211],[16.8963,43.8194],[16.94199,43.82701],[16.98577,43.84509],[17.02955,43.84605],[17.08666,43.83082],[17.11426,43.81654],[17.15233,43.81559],[17.17517,43.84129],[17.19326,43.86889],[17.22981,43.94218],[17.25036,43.96216],[17.29319,43.99262],[17.34459,44.03831],[17.39665,44.05544],[17.42425,44.05639],[17.44234,44.08209],[17.46709,44.10493],[17.58606,44.15633],[17.65459,44.21058],[17.67429,44.222],[17.70218,44.20582],[17.75262,44.16965],[17.81068,44.13634],[17.84685,44.12587],[17.89634,44.08399],[17.93822,44.05639],[17.97248,44.03735],[18.03054,44.01261],[18.09384,43.94122],[18.1281,43.91933],[18.15951,43.9041],[18.1814,43.87745],[18.21757,43.86413],[18.2328,43.84509]]}},{"type":"Feature","properties":{"id":3195,"name":null,"kind":"Main Road","known":"1"},"geometry":{"type":"LineString","coordinates":[[16.50493,43.53464],[16.52872,43.55462],[16.57536,43.58603],[16.64008,43.61649],[16.68767,43.60792],[16.71051,43.60792],[16.7305,43.62315],[16.75905,43.63743],[16.79141,43.64599],[16.82663,43.64599],[16.90468,43.62981],[16.97225,43.62981],[17.06838,43.61744],[17.08742,43.63077],[17.10741,43.65361],[17.12739,43.68692],[17.1588,43.71738],[17.18545,43.7307],[17.19211,43.74498],[17.19021,43.75831],[17.20734,43.77258],[17.19783,43.784],[17.20925,43.79638],[17.22305,43.80114],[17.23447,43.81351],[17.21734,43.84111],[17.19326,43.86889]]}},{"type":"Feature","properties":{"id":3196,"name":null,"kind":"Main Road","known":"1"},"geometry":{"type":"LineString","coordinates":[[16.7305,43.62315],[16.79179,43.59174],[16.84034,43.57937],[16.8746,43.56319],[16.89649,43.54891],[16.96407,43.52702],[16.99072,43.50894],[17.07352,43.47753],[17.10683,43.45469],[17.20677,43.41566],[17.23913,43.3833],[17.31052,43.34523],[17.37714,43.33191],[17.46566,43.26909],[17.49707,43.23006],[17.52876,43.20722],[17.52115,43.18914],[17.52495,43.17772],[17.56588,43.15868],[17.58206,43.14345],[17.59158,43.12346],[17.62394,43.07968],[17.62965,43.05494],[17.69152,43.07778],[17.69532,43.09206],[17.70199,43.10253],[17.77432,43.11585],[17.83752,43.13393],[17.91176,43.13774],[17.98885,43.15202],[18.04786,43.18248],[18.11259,43.1977],[18.15637,43.23768],[18.19729,43.29003],[18.15351,43.35189],[18.11734,43.41281],[18.10878,43.43755],[18.09641,43.49656],[18.07547,43.50703],[18.06309,43.53368],[18.05643,43.56509],[18.03168,43.58508],[18.00218,43.62125],[17.99456,43.63743],[17.99932,43.65646],[18.0117,43.67169],[18.00884,43.69263],[18.10021,43.75735],[18.12972,43.76211],[18.16684,43.7564],[18.18587,43.77068],[18.19444,43.79257],[18.2328,43.84509],[18.30532,43.82874],[18.33197,43.82683],[18.36053,43.8373],[18.44619,43.84397],[18.46998,43.85634],[18.5052,43.89251],[18.53375,43.90393],[18.6043,43.91244]]}},{"type":"Feature","properties":{"id":3197,"name":null,"kind":"Secondary Road","known":"1"},"geometry":{"type":"LineString","coordinates":[[16.99072,43.50894],[17.00576,43.52607],[17.06096,43.55082],[17.06096,43.56795],[17.09998,43.61173],[17.09499,43.63942]]}},{"type":"Feature","properties":{"id":3198,"name":null,"kind":"Secondary Road","known":"1"},"geometry":{"type":"LineString","coordinates":[[16.50493,43.53464],[16.59458,43.47563],[16.61457,43.46516],[16.65169,43.45278],[16.66787,43.44136],[16.70309,43.44041],[16.7345,43.42137],[16.77638,43.41661],[16.81921,43.40424],[16.88964,43.40139],[16.91914,43.39187],[17.00576,43.33095],[17.01718,43.31097],[17.03336,43.29193],[17.0562,43.27861],[17.07904,43.27099],[17.09998,43.24244]]}},{"type":"Feature","properties":{"id":3199,"name":null,"kind":"Secondary Road","known":"0"},"geometry":{"type":"LineString","coordinates":[[17.09998,43.24244],[17.12311,43.21579],[17.16404,43.19295],[17.28587,43.15107],[17.31061,43.12537],[17.36677,43.10824],[17.40198,43.0911],[17.45243,43.07302],[17.47146,43.0616],[17.57616,43.03209],[17.59234,43.0359],[17.62965,43.05494]]}},{"type":"Feature","properties":{"id":3200,"name":null,"kind":"Secondary Road","known":"1"},"geometry":{"type":"LineString","coordinates":[[17.21786,43.40457],[17.22895,43.42994],[17.27654,43.45849],[17.29653,43.47753],[17.29653,43.48514],[17.27178,43.49181],[17.24227,43.50799],[17.24037,43.52417],[17.27463,43.57651],[17.29653,43.58127],[17.32318,43.59174],[17.32508,43.60316],[17.31366,43.61554],[17.31746,43.63172],[17.33269,43.64695],[17.34792,43.65551],[17.34126,43.66884],[17.32698,43.67931],[17.30604,43.68882],[17.2851,43.70691],[17.27178,43.74593],[17.25274,43.76306],[17.24227,43.7802],[17.22305,43.80114]]}},{"type":"Feature","properties":{"id":3201,"name":null,"kind":"Secondary Road","known":"1"},"geometry":{"type":"LineString","coordinates":[[17.29653,43.48514],[17.32984,43.52417],[17.34697,43.53844]]}},{"type":"Feature","properties":{"id":3202,"name":null,"kind":"Secondary Road","known":"0"},"geometry":{"type":"LineString","coordinates":[[17.32318,43.59174],[17.3108,43.567],[17.3089,43.54891],[17.31461,43.54415],[17.36696,43.53178],[17.38314,43.50418],[17.41169,43.48705],[17.4155,43.46801],[17.42692,43.45754],[17.45071,43.44422],[17.47736,43.43375],[17.50021,43.4071],[17.51163,43.38045],[17.53257,43.35856],[17.63346,43.28336],[17.682,43.23673]]}},{"type":"Feature","properties":{"id":3203,"name":null,"kind":"Secondary Road","known":"0"},"geometry":{"type":"LineString","coordinates":[[17.52876,43.20722],[17.57635,43.19104],[17.62679,43.19104],[17.66582,43.21103],[17.682,43.23673],[17.74862,43.29859],[17.82191,43.34047]]}},{"type":"Feature","properties":{"id":3204,"name":null,"kind":"Secondary Road","known":"0"},"geometry":{"type":"LineString","coordinates":[[17.57635,43.19104],[17.64393,43.16249],[17.70199,43.10253]]}},{"type":"Feature","properties":{"id":3205,"name":null,"kind":"Secondary Road","known":"0"},"geometry":{"type":"LineString","coordinates":[[17.23447,43.81351],[17.26226,43.84111],[17.41074,43.88775],[17.43834,43.90298],[17.52495,43.91725],[17.5478,43.92772]]}},{"type":"Feature","properties":{"id":3206,"name":null,"kind":"Secondary Road","known":"0"},"geometry":{"type":"LineString","coordinates":[[17.22981,43.94218],[17.26797,43.89917],[17.30128,43.87157],[17.32201,43.85896],[17.34602,43.84968],[17.41645,43.84206],[17.52591,43.84016],[17.54875,43.83159],[17.56874,43.84587],[17.59729,43.87347],[17.59729,43.89155],[17.59253,43.91249],[17.55731,43.93629],[17.52305,43.96865],[17.51353,43.98769],[17.48593,44.00101],[17.45643,44.021],[17.44024,44.04194],[17.42995,44.06448],[17.44234,44.08209],[17.43834,44.10475],[17.41169,44.12665],[17.3917,44.13236],[17.37457,44.1533],[17.38314,44.1847],[17.40598,44.20279],[17.41264,44.21611],[17.43263,44.22182],[17.49069,44.22087],[17.58387,44.26959]]}},{"type":"Feature","properties":{"id":3207,"name":null,"kind":"Secondary Road","known":"1"},"geometry":{"type":"LineString","coordinates":[[17.5478,43.92772],[17.56613,43.931],[17.58206,43.95437],[17.59348,43.98102],[17.6011,43.98864],[17.66772,44.02671],[17.70484,44.05717],[17.70484,44.07049],[17.71246,44.08953],[17.72959,44.1038],[17.73149,44.14473],[17.7372,44.16377],[17.74503,44.17509],[17.76861,44.1847],[17.83428,44.19993],[17.90424,44.20011],[17.96125,44.19422],[17.99266,44.1809],[18.00884,44.14473],[18.04311,44.11047],[18.05262,44.09428],[18.08689,44.06668],[18.11259,44.04099],[18.13733,44.0248],[18.16874,43.99435],[18.19349,43.97722],[18.22299,43.97436],[18.24964,43.96294],[18.24964,43.94581],[18.26106,43.93248],[18.3096,43.91249],[18.31341,43.90012],[18.30675,43.8887],[18.2801,43.86681],[18.28402,43.83375]]}},{"type":"Feature","properties":{"id":3208,"name":null,"kind":"Main Road","known":"0"},"geometry":{"type":"LineString","coordinates":[[18.08584,43.95108],[18.1478,43.96008],[18.17826,43.97055],[18.19063,43.99149],[18.24203,43.99815],[18.26868,44.01053],[18.31246,44.05526],[18.33721,44.16281]]}},{"type":"Feature","properties":{"id":3210,"name":null,"kind":"Secondary Road","known":"0"},"geometry":{"type":"LineString","coordinates":[[18.31721,43.82789],[18.32931,43.81636],[18.35405,43.80685],[18.36547,43.78686],[18.4064,43.76973],[18.41116,43.75164],[18.42829,43.72594],[18.44542,43.71738],[18.45399,43.7012]]}},{"type":"Feature","properties":{"id":3211,"name":null,"kind":"Secondary Road","known":"0"},"geometry":{"type":"LineString","coordinates":[[18.11944,43.20455],[18.19863,43.17867],[18.22908,43.17676],[18.32331,43.18057],[18.40421,43.17486],[18.50891,43.15297],[18.53365,43.14155]]}},{"type":"Feature","properties":{"id":3212,"name":null,"kind":"Main Road","known":"0"},"geometry":{"type":"LineString","coordinates":[[17.62965,43.05494],[17.62432,43.01306],[17.60433,42.99783],[17.57768,42.98641],[17.55579,42.9826],[17.54342,42.97023],[17.54818,42.95976],[17.56721,42.94929],[17.61861,42.94167],[17.72331,42.9017],[17.75471,42.88076],[17.78517,42.84554],[17.89843,42.797],[17.91747,42.76464],[17.98428,42.71896],[18.02997,42.71039],[18.05662,42.69802],[18.13657,42.67993],[18.15656,42.64852],[18.16893,42.6371],[18.19939,42.6352],[18.2308,42.62568]]}},{"type":"Feature","properties":{"id":3213,"name":null,"kind":"Main Road","known":"1"},"geometry":{"type":"LineString","coordinates":[[17.88815,43.13774],[17.93194,43.12251],[17.97286,43.09015],[18.01855,43.06255],[18.02902,43.04161],[18.03092,43.02067],[18.0433,42.99307],[18.05377,42.9807],[18.08613,42.96166],[18.16703,42.93596],[18.22509,42.89884],[18.30123,42.85792],[18.3412,42.81985],[18.39736,42.78558],[18.42782,42.76274]]}},{"type":"Feature","properties":{"id":3214,"name":null,"kind":"Main Road","period":"RL","known":"1"},"geometry":{"type":"LineString","coordinates":[[18.99308,42.75784],[18.96809,42.76082],[18.91574,42.76082],[18.84424,42.72275],[18.802,42.72096],[18.73776,42.72751],[18.66816,42.7513],[18.65388,42.74416],[18.62626,42.74275],[18.59295,42.75988],[18.55964,42.75512],[18.5149,42.75988],[18.47445,42.77702],[18.44304,42.77606],[18.42782,42.76274],[18.43829,42.74465],[18.43353,42.73038],[18.37928,42.72562],[18.36405,42.7161],[18.3412,42.67898],[18.31551,42.65995],[18.30504,42.64377],[18.25364,42.62663],[18.23651,42.61616],[18.23403,42.59522],[18.22547,42.56953]]}},{"type":"Feature","properties":{"id":3215,"name":null,"kind":"Secondary Road","known":"0"},"geometry":{"type":"LineString","coordinates":[[17.89843,42.797],[17.90148,42.81889],[17.92527,42.83603],[17.95763,42.83698],[17.98428,42.8484],[17.99285,42.86268],[17.9919,42.88837],[17.99856,42.88933],[18.02997,42.87315],[18.05948,42.85125],[18.08422,42.83983],[18.10421,42.8246],[18.11944,42.79986],[18.29171,42.71515],[18.32312,42.70658],[18.34311,42.70849],[18.34787,42.7142],[18.36405,42.7161]]}},{"type":"Feature","properties":{"id":3216,"name":null,"kind":"Main Road","known":"1"},"geometry":{"type":"LineString","coordinates":[[18.47445,42.77702],[18.46056,42.79986],[18.432,42.86268],[18.39203,42.92645],[18.38727,42.96547],[18.39964,43.0064],[18.49101,43.07397],[18.52623,43.12061],[18.53365,43.14155],[18.57572,43.18628],[18.58429,43.21769],[18.61475,43.24625],[18.63178,43.25345]]}},{"type":"Feature","properties":{"id":3217,"name":null,"kind":"Main Road","known":"1"},"geometry":{"type":"LineString","coordinates":[[18.2308,42.62568],[18.23651,42.61616],[18.23403,42.59522],[18.22547,42.56953],[18.30827,42.53907],[18.34158,42.51432],[18.37966,42.50671],[18.49387,42.44865],[18.51291,42.46388],[18.52632,42.46159]]}},{"type":"Feature","properties":{"id":3218,"name":null,"kind":"Secondary Road","known":"0"},"geometry":{"type":"LineString","coordinates":[[18.22547,42.56953],[18.2721,42.57333],[18.29971,42.58285],[18.30637,42.59332],[18.29685,42.59903],[18.29114,42.61331],[18.30504,42.64377]]}},{"type":"Feature","properties":{"id":3219,"name":null,"kind":"Secondary Road","known":"0"},"geometry":{"type":"LineString","coordinates":[[18.36813,42.50902],[18.38537,42.53526],[18.40345,42.53526],[18.42439,42.54002],[18.42629,42.54954],[18.43771,42.56191],[18.44438,42.5819],[18.43486,42.61807],[18.42344,42.68374],[18.41068,42.72657]]}},{"type":"Feature","properties":{"id":3220,"name":null,"kind":"Secondary Road","known":"0"},"geometry":{"type":"LineString","coordinates":[[18.29685,42.59903],[18.31969,42.61045],[18.34825,42.6095],[18.37109,42.59903],[18.39393,42.60189],[18.43486,42.61807]]}},{"type":"Feature","properties":{"id":3221,"name":null,"kind":"Secondary Road","known":"0"},"geometry":{"type":"LineString","coordinates":[[18.18984,42.6358],[18.20134,42.65478],[18.19063,42.67477],[18.18706,42.68976],[18.19277,42.69547],[18.21347,42.70189],[18.24079,42.7411]]}},{"type":"Feature","properties":{"id":3286,"name":null,"kind":"Secondary Road","known":"0"},"geometry":{"type":"LineString","coordinates":[[8.17243,35.47242],[8.14102,35.40484]]}},{"type":"Feature","properties":{"id":3287,"name":null,"kind":"Secondary Road","known":"0"},"geometry":{"type":"LineString","coordinates":[[10.24519,36.26174],[10.26279,36.28268],[10.2785,36.30837],[10.29373,36.3474],[10.48123,36.2941],[10.44268,36.26745],[10.39414,36.24365]]}},{"type":"Feature","properties":{"id":3288,"name":null,"kind":"Secondary Road","known":"0"},"geometry":{"type":"LineString","coordinates":[[10.49497,36.03765],[10.47688,36.0486],[10.46362,36.06329],[10.44554,36.11326],[10.4127,36.16608],[10.39699,36.22081],[10.39366,36.2446],[10.43316,36.28981],[10.50455,36.35501],[10.56023,36.40165],[10.57831,36.40022],[10.31229,36.40403],[10.23852,36.39832],[10.12193,36.39451],[9.93633,36.40117],[9.80356,36.39594],[9.71552,36.40926],[9.69886,36.40974],[9.6546,36.40308],[9.64033,36.40498]]}},{"type":"Feature","properties":{"id":3290,"name":null,"kind":"Main Road","period":"RL","known":"0"},"geometry":{"type":"LineString","coordinates":[[10.18713,36.82377],[10.18427,36.80854],[10.18665,36.79521],[10.19236,36.78379],[10.20997,36.76809],[10.23519,36.75571],[10.33085,36.73287],[10.50169,36.57678],[10.52834,36.55108],[10.55832,36.51491],[10.5707,36.48636],[10.57641,36.46256],[10.57879,36.40165],[10.54252,36.37643],[10.52729,36.36025],[10.51444,36.3374],[10.48779,36.31456],[10.47875,36.27697],[10.48018,36.26221],[10.47161,36.22224],[10.4659,36.17227],[10.46685,36.11231],[10.48327,36.05431],[10.49517,36.03765],[10.51872,36.02284],[10.51397,36.01332],[10.51492,36.00713],[10.52777,35.98239],[10.54442,35.95621],[10.56858,35.93045],[10.59428,35.89571],[10.61819,35.8577],[10.64001,35.8363]]}},{"type":"Feature","properties":{"id":3291,"name":null,"kind":"Secondary Road","known":"0"},"geometry":{"type":"LineString","coordinates":[[10.86147,36.57345],[10.80483,36.58058],[10.64589,36.62008],[10.55927,36.65482],[10.4146,36.6929],[10.37272,36.70908],[10.34465,36.72716],[10.33132,36.73192]]}},{"type":"Feature","properties":{"id":3292,"name":null,"kind":"Secondary Road","known":"0"},"geometry":{"type":"LineString","coordinates":[[11.09227,36.83995],[11.0404,36.88944],[10.90001,36.99889],[10.88336,36.98176],[10.82958,36.94464],[10.7482,36.8942],[10.56546,36.81425]]}},{"type":"Feature","properties":{"id":3293,"name":null,"kind":"Secondary Road","period":"RL","known":"0"},"geometry":{"type":"LineString","coordinates":[[9.90349,36.39737],[9.95584,36.45305],[10.01533,36.49397],[10.0396,36.51634],[10.05864,36.54632],[10.07148,36.55679],[10.13573,36.59819],[10.16143,36.60723]]}},{"type":"Feature","properties":{"id":3294,"name":null,"kind":"Secondary Road","known":"0"},"geometry":{"type":"LineString","coordinates":[[9.90349,36.39737],[9.90921,36.42687],[9.92634,36.47256],[9.94157,36.50635],[9.95204,36.51682],[9.98392,36.58487],[10.06339,36.62722],[10.00676,36.70194],[10.00058,36.71907]]}},{"type":"Feature","properties":{"id":3295,"name":null,"kind":"Secondary Road","known":"1"},"geometry":{"type":"LineString","coordinates":[[9.87684,36.533],[9.89874,36.56631]]}},{"type":"Feature","properties":{"id":3298,"name":null,"kind":"Secondary Road","period":"RL","known":"0"},"geometry":{"type":"LineString","coordinates":[[7.75336,36.88872],[7.77055,36.86993],[7.79196,36.8566],[7.85288,36.84042],[7.88666,36.83947],[7.96471,36.84375],[8.09748,36.87659],[8.20313,36.88801],[8.25262,36.89848],[8.31592,36.91704],[8.37778,36.91371],[8.39968,36.90943],[8.42442,36.89705],[8.44441,36.89229],[8.54673,36.9061],[8.6243,36.92703],[8.75041,36.95368],[8.78229,36.95511],[8.92078,36.99889],[9.02405,37.02174],[9.10019,37.04553],[9.15396,37.06647],[9.34147,37.12358],[9.37621,37.13833],[9.41047,37.1645],[9.45901,37.1883],[9.48376,37.18973],[9.52944,37.20829],[9.59274,37.21257],[9.6508,37.22304],[9.78643,37.25588],[9.86923,37.27158],[9.87399,37.26444],[9.89255,37.25064],[9.91396,37.24112],[9.95204,37.23208],[9.98963,37.22685],[10.06387,37.22827],[10.12383,37.2178],[10.05435,37.15166],[10.01729,37.10484],[10.01349,37.09152],[10.01818,37.06599],[10.05673,37.04458],[10.0553,37.0303],[10.06101,37.0146],[10.08529,36.96796],[10.10004,36.91276],[10.10765,36.9061],[10.20949,36.8804],[10.28326,36.8666],[10.31229,36.85422]]}},{"type":"Feature","properties":{"id":3300,"name":null,"kind":"Secondary Road","period":"RL","known":"0"},"geometry":{"type":"LineString","coordinates":[[9.80879,36.66672],[9.81879,36.68861],[9.82688,36.74667],[9.83592,36.77237],[9.84068,36.8033],[9.83687,36.82995]]}},{"type":"Feature","properties":{"id":3303,"name":null,"kind":"Secondary Road","period":"RL","known":"0"},"geometry":{"type":"LineString","coordinates":[[9.61653,36.31742],[9.64128,36.40546],[9.61891,36.46447],[9.60892,36.6534]]}},{"type":"Feature","properties":{"id":3304,"name":null,"kind":"Secondary Road","known":"0"},"geometry":{"type":"LineString","coordinates":[[9.48947,36.50587],[9.54848,36.48921],[9.6013,36.46923],[9.61844,36.46685]]}},{"type":"Feature","properties":{"id":3307,"name":null,"kind":"Secondary Road"},"geometry":{"type":"LineString","coordinates":[[9.08782,36.59105],[9.08924,36.49397],[9.09115,36.48208],[9.09591,36.47636],[9.12779,36.47018],[9.18728,36.45067],[9.24058,36.44876],[9.27484,36.45495]]}},{"type":"Feature","properties":{"id":3308,"name":null,"kind":"Secondary Road","known":"0"},"geometry":{"type":"LineString","coordinates":[[9.09591,36.47732],[9.1573,36.49302],[9.18633,36.50397],[9.23249,36.51348],[9.30387,36.54727],[9.24153,36.44924],[9.1573,36.49207]]}},{"type":"Feature","properties":{"id":3309,"name":null,"kind":"Secondary Road","known":"0"},"geometry":{"type":"LineString","coordinates":[[9.14159,36.34502],[9.06973,36.40213],[9.104,36.40784],[9.19013,36.43115],[9.24105,36.44829]]}},{"type":"Feature","properties":{"id":3310,"name":null,"kind":"Secondary Road","known":"0"},"geometry":{"type":"LineString","coordinates":[[9.08591,36.28839],[9.16872,36.31313],[9.23058,36.3217],[9.22916,36.34502],[9.23344,36.39261],[9.24058,36.42497],[9.23296,36.51396]]}},{"type":"Feature","properties":{"id":3311,"name":null,"kind":"Secondary Road","known":"0"},"geometry":{"type":"LineString","coordinates":[[9.09971,36.44115],[9.15825,36.4402],[9.18395,36.43782],[9.19584,36.43353]]}},{"type":"Feature","properties":{"id":3312,"name":null,"kind":"Secondary Road","known":"0"},"geometry":{"type":"LineString","coordinates":[[9.4138,36.38737],[9.32053,36.41307],[9.30197,36.42211],[9.21393,36.42306]]}},{"type":"Feature","properties":{"id":3313,"name":null,"kind":"Secondary Road","period":"RL","known":"1"},"geometry":{"type":"LineString","coordinates":[[9.15587,36.35596],[9.16158,36.36643],[9.20346,36.41259],[9.23962,36.44258],[9.24105,36.44829]]}},{"type":"Feature","properties":{"id":3315,"name":null,"kind":"Secondary Road","known":"0"},"geometry":{"type":"LineString","coordinates":[[9.25657,36.0513],[9.26942,36.06891],[9.27798,36.09413],[9.28655,36.10603],[9.17995,36.08366],[9.0724,36.06653],[9.04051,36.06415],[8.87728,36.06986],[8.84111,36.07985],[8.80542,36.10079],[8.62791,36.23356],[8.60602,36.25783],[8.58556,36.27306],[8.56224,36.29638],[8.54225,36.32113],[8.52274,36.35492],[8.49657,36.304],[8.48419,36.29257],[8.40282,36.24832],[8.3675,36.23316]]}},{"type":"Feature","properties":{"id":3319,"name":null,"kind":"Secondary Road","period":"RL","known":"0"},"geometry":{"type":"MultiLineString","coordinates":[[[9.93157,36.85137],[9.82926,36.82805],[9.81736,36.82377],[9.80927,36.81663],[9.77976,36.81282],[9.76215,36.78569],[9.74835,36.77094],[9.72599,36.75571],[9.65936,36.72573],[9.55609,36.66482],[9.52659,36.65244],[9.45806,36.65149],[9.26247,36.63817],[9.21298,36.65197],[9.19679,36.65054],[9.18299,36.64483],[9.14349,36.6158],[9.13255,36.61247],[9.03404,36.60676],[8.98883,36.61295],[8.96789,36.60723],[8.93648,36.60676],[8.84416,36.5901],[8.78991,36.57392],[8.6538,36.54394],[8.62239,36.53157],[8.5986,36.51824],[8.56566,36.49218],[8.48496,36.52053],[8.44593,36.53766],[8.29317,36.59048],[8.23178,36.61],[8.20656,36.61285],[8.1169,36.63855],[8.05789,36.65758],[8.00126,36.68043],[7.98032,36.69518],[7.97175,36.70946],[7.94605,36.72088],[7.87324,36.76371],[7.84945,36.78274],[7.7833,36.82367],[7.74237,36.82986]],[[9.93014,36.85089],[9.99249,36.8842],[10.04579,36.90847],[10.11384,36.87373],[10.18094,36.85851],[10.20283,36.8566],[10.21996,36.85993],[10.31229,36.85422]]]}},{"type":"Feature","properties":{"id":3320,"name":null,"kind":"Secondary Road","period":"RL","known":"0"},"geometry":{"type":"LineString","coordinates":[[8.69559,36.63807],[8.65133,36.60048],[8.6242,36.5705],[8.58185,36.51862],[8.56566,36.49218]]}},{"type":"Feature","properties":{"id":3321,"name":null,"kind":"Secondary Road","known":"0"},"geometry":{"type":"LineString","coordinates":[[8.75041,36.95368],[8.7545,36.9455],[8.77544,36.92742],[8.82731,36.90695],[8.87395,36.88221],[8.88585,36.87126],[8.97865,36.8408],[9.00482,36.82843],[9.01719,36.81748],[9.04908,36.80035],[9.11047,36.78512],[9.18233,36.73278],[9.15187,36.71136],[9.04717,36.65473],[8.94248,36.60666],[8.94295,36.61809],[8.95057,36.63712],[9.02052,36.7304],[9.09714,36.78845]]}},{"type":"Feature","properties":{"id":3323,"name":null,"kind":"Secondary Road","period":"RL","known":"0"},"geometry":{"type":"LineString","coordinates":[[9.21098,36.73377],[9.25238,36.77042]]}},{"type":"Feature","properties":{"id":3324,"name":null,"kind":"Main Road","period":"H","known":"0"},"geometry":{"type":"LineString","coordinates":[[21.31875,38.50656],[21.29852,38.51846],[21.28484,38.52976],[21.27889,38.53928],[21.27592,38.56129],[21.28306,38.59103],[21.27889,38.59876],[21.24201,38.61066]]}},{"type":"Feature","properties":{"id":3325,"name":null,"kind":"Main Road","period":"HR","known":"1"},"geometry":{"type":"LineString","coordinates":[[24.95852,35.06456],[24.97898,35.09073],[24.98422,35.10882]]}},{"type":"Feature","properties":{"id":3326,"name":null,"kind":"Secondary Road","period":"RL?","known":"0"},"geometry":{"type":"LineString","coordinates":[[23.77266,35.66821],[23.76374,35.67237],[23.75541,35.6694],[23.75065,35.66226],[23.75898,35.64561],[23.76136,35.6004],[23.7572,35.58612],[23.75839,35.55221]]}},{"type":"Feature","properties":{"id":617,"name":null,"kind":"Main Road","known":"0"},"geometry":{"type":"LineString","coordinates":[[28.58168,37.87518],[28.61862,37.89194]]}},{"type":"Feature","properties":{"id":618,"name":null,"kind":"Main Road","period":"RL","known":"0"},"geometry":{"type":"LineString","coordinates":[[27.83848,37.86209],[27.84591,37.8178],[27.84783,37.76573],[27.8603,37.7476],[27.87084,37.7374],[27.90776,37.7234],[27.94136,37.69884],[27.99223,37.67634],[28.00519,37.66118],[28.00691,37.6547],[27.99568,37.63325],[27.98394,37.62352],[27.95684,37.61111],[27.95234,37.60268],[27.97949,37.59966],[27.99273,37.58966],[27.99755,37.58049],[28.00223,37.55734],[28.00255,37.53973],[28.00837,37.5299],[28.02084,37.51838],[28.05223,37.51053],[28.06552,37.49981],[28.07674,37.4757],[28.07335,37.45047],[28.04457,37.41485],[28.03194,37.37497],[28.03063,37.36312],[28.03478,37.3517],[28.04583,37.3364],[28.05485,37.31509],[28.07153,37.32151],[28.09057,37.32371],[28.14287,37.30131],[28.16203,37.27929],[28.20995,37.2778],[28.2326,37.26484],[28.24676,37.26112],[28.2578,37.25315],[28.2856,37.25084],[28.30705,37.23997],[28.30154,37.23223],[28.29071,37.23068],[28.28321,37.22425],[28.29099,37.19697],[28.28358,37.18981],[28.27563,37.17162],[28.28729,37.14243],[28.272,37.12442],[28.26999,37.11034],[28.27308,37.09958],[28.32845,37.06414],[28.371,37.05998],[28.35614,37.0303],[28.34463,37.01918],[28.30958,37.0063],[28.29138,36.98223],[28.29109,36.96902],[28.27964,36.94984],[28.28181,36.91557],[28.27424,36.89449],[28.27623,36.86431]]}},{"type":"Feature","properties":{"id":619,"name":null,"kind":"Secondary Road","period":"L","known":"0"},"geometry":{"type":"LineString","coordinates":[[26.84727,38.12107],[26.8547,38.10485],[26.85334,38.07898],[26.85838,38.07219],[26.87236,38.06701],[26.88252,38.06712],[26.94254,38.08857],[26.96052,38.09097],[26.99616,38.07643],[27.03959,38.06418],[27.09125,38.02931],[27.10587,38.02656],[27.12135,38.01023],[27.14352,37.99688],[27.16292,37.99615],[27.17486,37.99799],[27.18413,38.00442],[27.20621,38.00632],[27.25557,37.99449],[27.26249,37.99588],[27.27793,38.00926],[27.32434,38.0116],[27.3309,38.00813],[27.33374,37.99471],[27.34516,37.97652],[27.34752,37.94526]]}},{"type":"Feature","properties":{"id":620,"name":null,"kind":"Secondary Road","known":"0"},"geometry":{"type":"LineString","coordinates":[[27.5271,37.85978],[27.53097,37.85472],[27.53215,37.84505],[27.52767,37.84066],[27.48781,37.8205],[27.45721,37.78423],[27.44794,37.77783],[27.41242,37.76361],[27.39901,37.75044],[27.39224,37.73301],[27.37791,37.71173],[27.32137,37.67403]]}},{"type":"Feature","properties":{"id":621,"name":null,"kind":"Secondary Road","period":"R?L","known":"0"},"geometry":{"type":"LineString","coordinates":[[27.27099,37.51055],[27.28445,37.50281],[27.32081,37.50548],[27.3349,37.50072],[27.33947,37.49596],[27.33966,37.48701],[27.34613,37.48054],[27.34917,37.4636],[27.35622,37.46074],[27.38073,37.43371],[27.42256,37.41867],[27.42818,37.41288],[27.43227,37.39792],[27.43569,37.39507],[27.46122,37.39569],[27.47195,37.39278],[27.48376,37.38593],[27.48572,37.37683],[27.50474,37.35864],[27.52868,37.34786],[27.57646,37.34405],[27.59588,37.33549],[27.60423,37.31283],[27.59852,37.30217],[27.58596,37.29018],[27.58265,37.27994]]}},{"type":"Feature","properties":{"id":622,"name":null,"kind":"Secondary Road","known":"0"},"geometry":{"type":"LineString","coordinates":[[27.78279,37.32077],[27.78225,37.29463],[27.76926,37.28638],[27.76342,37.2771],[27.6247,37.20253],[27.61001,37.1845],[27.58502,37.16883],[27.57922,37.15954],[27.58714,37.1404],[27.58581,37.12748]]}},{"type":"Feature","properties":{"id":623,"name":null,"kind":"Secondary Road","period":"H?R","known":"0"},"geometry":{"type":"MultiLineString","coordinates":[[[27.5867,37.12836],[27.56535,37.12338],[27.54031,37.1237],[27.52317,37.10946],[27.49881,37.09701],[27.49371,37.09018],[27.47035,37.07781],[27.45485,37.0741],[27.45158,37.06101],[27.4338,37.0443],[27.43111,37.03446],[27.42345,37.04041],[27.39433,37.05132],[27.37587,37.05467],[27.37025,37.06054],[27.35568,37.06105],[27.30705,37.04349],[27.29793,37.0427],[27.2672,37.04569],[27.24911,37.05927],[27.23708,37.05717],[27.23014,37.06021],[27.22745,37.05573]],[[27.45948,37.07689],[27.44803,37.08405],[27.44491,37.08766],[27.44654,37.09202],[27.44168,37.09549],[27.4049,37.09766],[27.37691,37.10972],[27.37237,37.1273],[27.3757,37.13219]]]}},{"type":"Feature","properties":{"id":628,"name":null,"kind":"Secondary Road","period":"H?R?","known":"0"},"geometry":{"type":"LineString","coordinates":[[28.27623,36.86431],[28.23888,36.86171],[28.22104,36.85719],[28.17519,36.83435],[28.14037,36.8366],[28.12371,36.81493],[28.0395,36.79187],[28.0325,36.78465],[27.94173,36.77996],[27.91335,36.78193],[27.90137,36.78695],[27.87613,36.78599],[27.85951,36.7931],[27.84501,36.79369],[27.79304,36.76875],[27.72174,36.76577],[27.66086,36.75374],[27.61437,36.72774],[27.59597,36.7248],[27.57825,36.71313],[27.56265,36.71218],[27.52928,36.7034],[27.50209,36.70428],[27.48069,36.69087],[27.46269,36.69497],[27.43689,36.69524],[27.42455,36.6861],[27.40617,36.68313],[27.37207,36.68806]]}},{"type":"Feature","properties":{"id":630,"name":null,"kind":"Secondary Road","known":"1"},"geometry":{"type":"LineString","coordinates":[[27.42722,38.01577],[27.45473,38.02806],[27.50278,38.03205],[27.51872,38.03645],[27.52849,38.0434],[27.57708,38.05816],[27.72276,38.08919],[27.73844,38.09582]]}},{"type":"Feature","properties":{"id":631,"name":null,"kind":"Secondary Road","known":"1"},"geometry":{"type":"LineString","coordinates":[[27.43045,38.03526],[27.45387,38.02722]]}},{"type":"Feature","properties":{"id":632,"name":null,"kind":"Secondary Road","known":"0"},"geometry":{"type":"LineString","coordinates":[[27.73651,38.09567],[27.72803,38.10114],[27.71585,38.12782]]}},{"type":"Feature","properties":{"id":633,"name":null,"kind":"Secondary Road","period":"H?R","known":"1"},"geometry":{"type":"LineString","coordinates":[[27.96013,37.04228],[27.86798,37.03115],[27.79968,37.01267],[27.78362,37.01137],[27.7737,37.01439]]}},{"type":"Feature","properties":{"id":634,"name":null,"kind":"Main Road","known":"0"},"geometry":{"type":"LineString","coordinates":[[34.89602,32.5075],[34.89921,32.47174],[34.89155,32.44428],[34.88899,32.41874],[34.88005,32.4015],[34.87111,32.36382],[34.82961,32.23611],[34.82067,32.21503],[34.81236,32.20545],[34.8162,32.19013],[34.79666,32.14072],[34.79134,32.10695],[34.7805,32.08042],[34.75232,32.05079],[34.74042,32.01082],[34.73566,31.97275],[34.73518,31.93135],[34.73899,31.89898],[34.74994,31.87471]]}},{"type":"Feature","properties":{"id":635,"name":"Via Praenestina","kind":"Main Road","known":"1"},"geometry":{"type":"LineString","coordinates":[[12.51823,41.89119],[12.56654,41.89514],[12.70011,41.89229],[12.71032,41.88722],[12.72473,41.89015],[12.77523,41.87351],[12.81385,41.86912],[12.84144,41.8532],[12.88398,41.83653]]}},{"type":"Feature","properties":{"id":636,"name":"Via Latina","kind":"Main Road","known":"1"},"geometry":{"type":"LineString","coordinates":[[12.49598,41.87962],[12.51501,41.8731],[12.6449,41.80018],[12.66132,41.79533],[12.68759,41.79262],[12.71585,41.7949],[12.74627,41.78514],[12.7711,41.77206],[12.79952,41.7702],[12.80751,41.76506],[12.8592,41.7543],[12.87157,41.74872],[12.94989,41.74752],[12.96315,41.75596],[13.01499,41.74114],[13.0445,41.74543],[13.07586,41.73562],[13.10522,41.73753],[13.12464,41.73201],[13.13768,41.73286],[13.16392,41.72814],[13.24261,41.69956],[13.38758,41.62732],[13.3986,41.62049],[13.41959,41.59039],[13.47397,41.56123],[13.5238,41.55081],[13.54205,41.52809],[13.56301,41.52814],[13.58348,41.52075],[13.60615,41.52984],[13.66057,41.5029],[13.71567,41.50243],[13.75248,41.49271],[13.79414,41.4894],[13.81353,41.49858],[13.83134,41.48543],[13.83388,41.47455],[13.84179,41.4618],[13.93774,41.44795],[13.97973,41.41968],[14.00192,41.39223],[14.03567,41.37257],[14.04333,41.35733],[14.05502,41.35186],[14.05604,41.33607],[14.06737,41.29664],[14.06191,41.26788],[14.0498,41.25265],[14.07647,41.2424],[14.0906,41.22605],[14.10998,41.22107],[14.14074,41.20731],[14.16085,41.16916],[14.18459,41.13581],[14.18967,41.11654],[14.24635,41.08503],[14.2912,41.08467],[14.33824,41.05686],[14.36921,41.0339]]}},{"type":"Feature","properties":{"id":637,"name":"Via Appia","kind":"Main Road","known":"1"},"geometry":{"type":"LineString","coordinates":[[12.49045,41.88954],[12.48903,41.88437],[12.50002,41.87623],[12.50348,41.86649],[12.66432,41.71981],[12.67113,41.71766],[13.19065,41.31496],[13.24217,41.30393],[13.25224,41.29786],[13.27469,41.30853],[13.32046,41.34343],[13.37457,41.3587],[13.41643,41.36007],[13.46865,41.33028],[13.47715,41.31495],[13.50467,41.30035],[13.52449,41.2989],[13.54089,41.27398],[13.56,41.26182],[13.57792,41.26043],[13.58595,41.26728],[13.60553,41.273],[13.6525,41.26956],[13.77046,41.24508],[13.79977,41.22486],[13.82025,41.20416],[13.83319,41.18542],[13.8362,41.15052],[13.84291,41.137],[13.90554,41.12451],[13.9418,41.14123],[13.98396,41.13367],[14.19121,41.12227]]}},{"type":"Feature","properties":{"id":638,"name":"Via Clodia","kind":"Main Road","known":"1"},"geometry":{"type":"LineString","coordinates":[[12.37994,42.0091],[12.36869,42.00909],[12.35717,42.01912],[12.3103,42.03149],[12.29839,42.043]]}},{"type":"Feature","properties":{"id":640,"name":null,"kind":"Main Road","known":"1"},"geometry":{"type":"LineString","coordinates":[[27.36602,38.23259],[27.35445,38.21073],[27.33361,38.18808]]}},{"type":"Feature","properties":{"id":641,"name":null,"kind":"Main Road","known":"0"},"geometry":{"type":"LineString","coordinates":[[27.36762,38.2334],[27.38128,38.2588],[27.39811,38.27976],[27.41308,38.31471],[27.42574,38.367],[27.44436,38.38135],[27.47182,38.41466],[27.51671,38.44683],[27.53433,38.45215]]}},{"type":"Feature","properties":{"id":642,"name":null,"kind":"Main Road","period":"RL","known":"0"},"geometry":{"type":"MultiLineString","coordinates":[[[27.1423,38.30518],[27.129,38.32696],[27.12443,38.35354],[27.13978,38.42771]],[[27.14066,38.30722],[27.14554,38.30237],[27.15122,38.30258],[27.17022,38.27051],[27.19224,38.25353],[27.25189,38.21753],[27.30392,38.19298],[27.33388,38.18608],[27.33337,38.15841],[27.32801,38.13505],[27.3432,38.09964],[27.35455,38.09408],[27.39409,38.08903],[27.41537,38.07965],[27.43193,38.04381],[27.42522,38.00603],[27.40204,37.99478],[27.3686,37.97243],[27.36391,37.96366],[27.3624,37.94865],[27.35722,37.94356]]]}},{"type":"Feature","properties":{"id":643,"name":null,"kind":"Main Road","period":"RL","known":"0"},"geometry":{"type":"MultiLineString","coordinates":[[[27.13978,38.42771],[27.15721,38.43191],[27.22659,38.43247],[27.27896,38.43828],[27.32764,38.45858]],[[27.32595,38.45844],[27.33567,38.46263],[27.38353,38.46394],[27.44282,38.45674],[27.52175,38.45652],[27.53433,38.45215],[27.55939,38.45398],[27.59112,38.46678],[27.68765,38.48115],[27.74893,38.49553],[27.76933,38.49569]],[[27.76464,38.49605],[27.82541,38.49283],[27.88462,38.50914],[27.95627,38.51543],[28.00066,38.50937],[28.06689,38.49501]],[[27.13907,38.42842],[27.17919,38.44895],[27.1848,38.45995],[27.17856,38.47274],[27.15379,38.47762],[27.11147,38.46765],[27.09893,38.46797],[27.07525,38.49678],[27.06192,38.50264],[27.04458,38.51796],[27.03528,38.54374],[27.04421,38.56277],[27.06325,38.58618],[27.07258,38.60875],[27.06601,38.6173],[27.0499,38.65521],[27.02051,38.68565],[27.02001,38.70175],[27.01322,38.71169],[26.97848,38.72901],[26.9627,38.7515],[26.943,38.76382],[26.95745,38.79146],[26.9794,38.80111],[26.98451,38.80929],[26.98864,38.81808],[26.98873,38.83003],[26.98408,38.84367],[27.00241,38.84738],[27.03998,38.84855],[27.06345,38.86042],[27.06848,38.86929],[27.06957,38.88062],[27.07658,38.88825],[27.07915,38.90182],[27.07354,38.92874],[27.05636,38.94833],[27.05498,38.95805],[27.06636,39.01104],[27.08655,39.0402],[27.11845,39.07598],[27.12975,39.08538],[27.16335,39.10302],[27.17021,39.11204],[27.18165,39.14142]]]}},{"type":"Feature","properties":{"id":646,"name":null,"kind":"Secondary Road","known":"0"},"geometry":{"type":"LineString","coordinates":[[27.72018,38.12203],[27.7173,38.14439],[27.73178,38.16814],[27.78086,38.17425],[27.85609,38.19259],[27.91168,38.25016],[27.94184,38.2751],[27.95403,38.28115]]}},{"type":"Feature","properties":{"id":647,"name":null,"kind":"Secondary Road","period":"C","known":"1"},"geometry":{"type":"LineString","coordinates":[[27.95229,38.28029],[27.94821,38.30549],[27.94997,38.31365],[27.96219,38.32699],[27.96542,38.33817],[27.95445,38.35191],[27.96071,38.36114],[27.98292,38.36869],[27.98936,38.37648],[27.99471,38.38564],[27.9979,38.41214],[28.00243,38.42051],[28.0216,38.44532],[28.04801,38.45682],[28.05254,38.46519],[28.06425,38.47556],[28.06689,38.49501]]}},{"type":"Feature","properties":{"id":649,"name":null,"kind":"Main Road","period":"RL","known":"0"},"geometry":{"type":"LineString","coordinates":[[28.06837,38.49484],[28.12969,38.49438],[28.17887,38.50974],[28.34332,38.45335],[28.47731,38.39306],[28.55999,38.35012],[28.5989,38.32518]]}},{"type":"Feature","properties":{"id":650,"name":null,"kind":"Main Road","known":"0"},"geometry":{"type":"LineString","coordinates":[[27.94553,38.68636],[27.97201,38.68209],[28.04313,38.65669],[28.09945,38.64203],[28.12848,38.6239],[28.14552,38.60135],[28.15918,38.59187],[28.18117,38.58721],[28.25986,38.58604],[28.32529,38.57614],[28.34654,38.56998],[28.39746,38.56948],[28.47475,38.57994],[28.5383,38.57815],[28.59954,38.58877]]}},{"type":"Feature","properties":{"id":651,"name":null,"kind":"Main Road","known":"1"},"geometry":{"type":"LineString","coordinates":[[28.57324,38.34263],[28.59862,38.33812]]}},{"type":"Feature","properties":{"id":652,"name":null,"kind":"Main Road","period":"RL","known":"0"},"geometry":{"type":"LineString","coordinates":[[27.97743,38.5139],[27.95888,38.55521],[27.94045,38.57411],[27.9326,38.58682],[27.93158,38.60917],[27.93851,38.62513],[27.93349,38.64367],[27.93519,38.65152],[27.94991,38.66247],[27.95595,38.67135],[27.93651,38.69789],[27.91332,38.71153],[27.91611,38.74611],[27.9087,38.77639],[27.88018,38.83171],[27.86145,38.85902],[27.83297,38.92607]]}},{"type":"Feature","properties":{"id":653,"name":null,"kind":"Main Road","known":"0"},"geometry":{"type":"LineString","coordinates":[[27.07258,38.60875],[27.11089,38.6226],[27.13102,38.62574],[27.15214,38.62826],[27.17021,38.62701],[27.18159,38.62237],[27.24916,38.65129],[27.26427,38.64555],[27.2752,38.65069],[27.31188,38.65729],[27.34979,38.65486],[27.4145,38.6329],[27.45012,38.62743],[27.54867,38.63272],[27.59111,38.64319],[27.6314,38.66328],[27.68354,38.70254],[27.72182,38.74559],[27.74351,38.76485],[27.75095,38.77666],[27.82254,38.83352],[27.84021,38.85666],[27.85719,38.87131]]}},{"type":"Feature","properties":{"id":654,"name":null,"kind":"Secondary Road","known":"0"},"geometry":{"type":"LineString","coordinates":[[27.13745,38.41759],[27.1304,38.41067],[27.10339,38.39991],[27.07394,38.39385],[27.04753,38.39785],[27.02386,38.4077],[27.01231,38.40739],[26.98826,38.39476],[26.90001,38.3701]]}},{"type":"Feature","properties":{"id":655,"name":null,"kind":"Secondary Road","known":"0"},"geometry":{"type":"LineString","coordinates":[[26.84799,38.12006],[26.84727,38.1312],[26.83524,38.14694],[26.8216,38.17375],[26.79925,38.18084]]}},{"type":"Feature","properties":{"id":656,"name":null,"kind":"Secondary Road","known":"1"},"geometry":{"type":"LineString","coordinates":[[26.79848,38.18007],[26.79835,38.18707],[26.80203,38.19231],[26.79995,38.20054],[26.82872,38.27185],[26.82837,38.28654],[26.82561,38.29331],[26.7928,38.317],[26.77994,38.33197],[26.77683,38.34712],[26.77904,38.35644],[26.79168,38.34916],[26.80331,38.34881],[26.81816,38.35085],[26.82361,38.35625],[26.83874,38.36252],[26.87813,38.36114],[26.89123,38.36301],[26.90001,38.3701]]}},{"type":"Feature","properties":{"id":659,"name":null,"kind":"Main Road","period":"RL","known":"1"},"geometry":{"type":"LineString","coordinates":[[26.98625,38.84105],[26.99671,38.83073],[27.04028,38.81486]]}},{"type":"Feature","properties":{"id":660,"name":null,"kind":"Secondary Road","period":"RL","known":"0"},"geometry":{"type":"LineString","coordinates":[[27.83297,38.92607],[27.81159,38.92217],[27.72069,38.9164],[27.64816,38.92816],[27.60014,38.94466]]}},{"type":"Feature","properties":{"id":661,"name":null,"kind":"Secondary Road","period":"RL","known":"0"},"geometry":{"type":"LineString","coordinates":[[27.22047,39.15405],[27.244,39.16855],[27.25744,39.18234],[27.29923,39.23296],[27.33378,39.29069],[27.36509,39.32635],[27.39136,39.34611],[27.42047,39.38508],[27.42202,39.39365],[27.41734,39.40804],[27.39262,39.43626],[27.37742,39.46104],[27.37933,39.48019],[27.39396,39.50918],[27.45619,39.54595],[27.49596,39.58789],[27.52387,39.60352],[27.53289,39.61762],[27.54502,39.62212],[27.55675,39.63643],[27.57273,39.66658],[27.57617,39.70205],[27.57477,39.73292],[27.57825,39.74094],[27.62099,39.77603],[27.63735,39.79705],[27.64354,39.81233],[27.65579,39.82316],[27.75662,39.86206],[27.78157,39.8809],[27.79386,39.90579],[27.79872,39.95266],[27.80704,39.98007],[27.82118,40.00511],[27.8513,40.0342]]}},{"type":"Feature","properties":{"id":662,"name":null,"kind":"Secondary Road","period":"RL","known":"0"},"geometry":{"type":"LineString","coordinates":[[27.17586,39.14239],[27.14866,39.1689],[27.10472,39.25587],[27.10076,39.27101],[27.11574,39.33139],[27.11249,39.36067],[27.10059,39.39976],[27.0776,39.42736],[27.06635,39.43624],[27.00805,39.45022],[26.96805,39.47562],[26.93818,39.50612]]}},{"type":"Feature","properties":{"id":0,"name":null,"kind":"Main Road","known":"0"},"geometry":{"type":"LineString","coordinates":[[34.73661,31.9204],[34.70257,31.92838]]}},{"type":"Feature","properties":{"id":0,"name":null,"kind":"Main Road","known":"0"},"geometry":{"type":"LineString","coordinates":[[34.6576,31.76587],[34.62833,31.78681]]}},{"type":"Feature","properties":{"id":3072,"name":null,"kind":"Secondary Road","known":"1"},"geometry":{"type":"LineString","coordinates":[[35.02392,32.03903],[34.97895,32.05188],[34.95991,32.06449],[34.94778,32.08138],[34.93588,32.11398]]}},{"type":"Feature","properties":{"id":0,"name":null,"kind":"Main Road","known":"0"},"geometry":{"type":"LineString","coordinates":[[34.9898,31.84934],[34.92579,31.89788],[34.90699,31.91692],[34.89414,31.93976]]}},{"type":"Feature","properties":{"id":0,"name":null,"kind":"Main Road","known":"1"},"geometry":{"type":"LineString","coordinates":[[35.23667,31.79199],[35.23833,31.80579],[35.22762,31.8372],[35.21644,31.85053],[35.2024,31.85814],[35.1729,31.86861],[35.13554,31.8729],[35.12626,31.88099],[35.09783,31.8867],[35.04262,31.91573],[35.00955,31.92334],[34.96695,31.95689],[34.95434,31.96046],[34.90842,31.96117],[34.89029,31.96593],[34.85031,32.00115],[34.81772,32.02494],[34.7775,32.04517],[34.75232,32.05079]]}},{"type":"Feature","properties":{"id":0,"name":null,"kind":"Secondary Road","known":"1"},"geometry":{"type":"LineString","coordinates":[[35.23096,31.8303],[35.23191,31.85362],[35.22096,31.87884],[35.22144,31.88884],[35.21668,31.90074],[35.22215,31.93262],[35.22072,31.95094],[35.21263,31.96712],[35.19146,31.98996],[35.18765,31.99829],[35.18004,32.00186],[35.16838,32.01447],[35.14506,32.0159],[35.11555,32.009],[35.092,32.01019],[35.08438,32.01209],[35.05488,32.03161],[35.02392,32.03903],[34.99563,32.03256],[34.9754,32.02399],[34.94423,32.01947],[34.90674,31.99616]]}},{"type":"Feature","properties":{"id":0,"name":null,"kind":"Main Road"},"geometry":{"type":"LineString","coordinates":[[35.02392,32.03903],[35.04583,32.04993],[35.05773,32.0642],[35.08105,32.07396],[35.11103,32.09395]]}},{"type":"Feature","properties":{"id":0,"name":null,"kind":"Main Road","known":"1"},"geometry":{"type":"LineString","coordinates":[[35.05928,31.90692],[35.02335,31.86837],[35.00288,31.861],[34.9872,31.84815],[34.94866,31.83934],[34.93034,31.82578],[34.88988,31.80698],[34.87799,31.79461],[34.86133,31.75392],[34.85467,31.74964]]}},{"type":"Feature","properties":{"id":0,"name":null,"kind":"Main Road","known":"0"},"geometry":{"type":"LineString","coordinates":[[34.85467,31.74964],[34.85253,31.77938],[34.8556,31.84577],[34.87582,31.90074],[34.89414,31.93976],[34.89471,31.9655]]}},{"type":"Feature","properties":{"id":0,"name":null,"kind":"Main Road","known":"1"},"geometry":{"type":"LineString","coordinates":[[34.89303,31.62043],[34.91753,31.64137],[34.93205,31.68063],[34.95608,31.68873],[34.96488,31.68825],[34.97559,31.68254],[34.98892,31.68492],[35.00795,31.6961],[35.01414,31.7099],[35.02461,31.71799],[35.0308,31.71799],[35.03222,31.71442],[35.03627,31.71966],[35.0415,31.71585],[35.05626,31.72394],[35.10718,31.73489],[35.12431,31.74559],[35.1305,31.74393],[35.13026,31.73822],[35.14334,31.73441],[35.16892,31.75559],[35.20985,31.76439],[35.22408,31.79271]]}},{"type":"Feature","properties":{"id":0,"name":null,"kind":"Main Road","known":"1"},"geometry":{"type":"LineString","coordinates":[[35.0998,31.73251],[35.10777,31.72751],[35.11824,31.72727],[35.13014,31.71752],[35.15536,31.71656],[35.16321,31.71038]]}},{"type":"Feature","properties":{"id":0,"name":null,"kind":"Secondary Road","known":"0"},"geometry":{"type":"LineString","coordinates":[[35.20128,31.62686],[35.21604,31.64685],[35.22508,31.67802],[35.20581,31.713],[35.20462,31.73441]]}},{"type":"Feature","properties":{"id":0,"name":null,"kind":"Secondary Road","known":"1"},"geometry":{"type":"LineString","coordinates":[[35.1387,31.48385],[35.1249,31.49504],[35.09968,31.53906]]}},{"type":"Feature","properties":{"id":0,"name":null,"kind":"Main Road","known":"1"},"geometry":{"type":"LineString","coordinates":[[34.85467,31.74964],[34.84936,31.71847],[34.8565,31.68968],[34.91777,31.57689],[34.92872,31.53549],[34.94466,31.52192],[34.96203,31.51455],[34.96988,31.5036],[34.98154,31.50313],[35.0001,31.49694],[35.02627,31.50289],[35.03508,31.50931],[35.07339,31.52335],[35.08933,31.53596],[35.09968,31.53906],[35.09623,31.55976],[35.09706,31.58308],[35.10872,31.60045],[35.11848,31.62519],[35.12276,31.66636],[35.13514,31.68373],[35.16321,31.71038],[35.18582,31.72013],[35.21509,31.74345],[35.2227,31.76035],[35.22341,31.77224],[35.21937,31.78438]]}},{"type":"Feature","properties":{"id":0,"name":null,"kind":"Main Road","known":"1"},"geometry":{"type":"LineString","coordinates":[[34.7913,31.64233],[34.84032,31.63971],[34.86602,31.64375],[34.88381,31.63905]]}},{"type":"Feature","properties":{"id":0,"name":null,"kind":"Main Road","known":"1"},"geometry":{"type":"LineString","coordinates":[[34.89624,31.67968],[34.92194,31.68063],[34.92895,31.6773]]}},{"type":"Feature","properties":{"id":0,"name":null,"kind":"Main Road","known":"0"},"geometry":{"type":"LineString","coordinates":[[34.68989,31.64756],[34.69988,31.65375],[34.77389,31.67207],[34.8298,31.67326],[34.89624,31.67968]]}},{"type":"Feature","properties":{"id":0,"name":null,"kind":"Main Road","known":"0"},"geometry":{"type":"LineString","coordinates":[[34.55271,31.67064],[34.67312,31.65232],[34.71178,31.64209],[34.7913,31.64233]]}},{"type":"Feature","properties":{"id":0,"name":null,"kind":"Main Road"},"geometry":{"type":"LineString","coordinates":[[34.55605,31.58213],[34.6053,31.68635],[34.63742,31.74036],[34.6576,31.76587]]}},{"type":"Feature","properties":{"id":0,"name":null,"kind":"Main Road","known":"0"},"geometry":{"type":"LineString","coordinates":[[34.55605,31.58213],[34.58013,31.57784],[34.61415,31.57975],[34.62986,31.57618],[34.68601,31.5845],[34.73646,31.58213],[34.78428,31.5757],[34.80546,31.57903],[34.83616,31.57689],[34.86043,31.58474]]}},{"type":"Feature","properties":{"id":0,"name":null,"kind":"Main Road","known":"1"},"geometry":{"type":"LineString","coordinates":[[34.86043,31.58474],[34.88053,31.5895],[34.9123,31.58617]]}},{"type":"Feature","properties":{"id":0,"name":null,"kind":"Main Road","known":"0"},"geometry":{"type":"LineString","coordinates":[[34.55605,31.58213],[34.53334,31.55704],[34.5162,31.5441],[34.47585,31.52164],[34.42255,31.47233],[34.37705,31.43807],[34.34631,31.40742],[34.3288,31.38115],[34.28501,31.33451],[34.22058,31.28997],[34.153,31.24981],[34.07239,31.2085],[33.83168,31.12893],[33.7859,31.1177],[33.72613,31.11027],[33.67254,31.08572],[33.66017,31.08305],[33.54262,31.07601],[33.47314,31.06706],[33.42746,31.05831],[33.39272,31.04156],[33.37444,31.03775],[33.33009,31.04574],[33.28145,31.04765],[33.11898,31.0288],[32.86352,31.0288],[32.84011,31.02557],[32.74141,30.99149],[32.706,30.98597],[32.65822,30.98635],[32.62472,30.99111],[32.60768,31.00405],[32.57342,31.04251]]}},{"type":"Feature","properties":{"id":0,"name":null,"kind":"Main Road","known":"0"},"geometry":{"type":"LineString","coordinates":[[34.44181,31.53116],[34.46462,31.51212],[34.51177,31.3427],[34.54568,31.26097],[34.56566,31.23241],[34.59279,31.1721],[34.65132,31.10071]]}},{"type":"Feature","properties":{"id":0,"name":null,"kind":"Secondary Road","known":"0"},"geometry":{"type":"LineString","coordinates":[[34.39552,31.45196],[34.39577,31.40088],[34.40719,31.32164],[34.40719,31.29345],[34.38756,31.11392],[34.37079,31.02433],[34.37079,31.00541],[34.42111,30.91726],[34.42968,30.89298],[34.43218,30.86479],[34.42932,30.84659],[34.40541,30.77592],[34.36722,30.69418],[34.36579,30.68383],[34.37507,30.64885],[34.3765,30.63172],[34.37186,30.61423],[34.36329,30.59781],[34.3433,30.52643],[34.34152,30.4811],[34.34901,30.45612],[34.3665,30.43292],[34.36936,30.42471],[34.36936,30.40865],[34.36686,30.40579]]}},{"type":"Feature","properties":{"id":0,"name":null,"kind":"Secondary Road","known":"0"},"geometry":{"type":"LineString","coordinates":[[34.37007,30.40222],[34.40255,30.40543],[34.48393,30.42149],[34.50178,30.43149],[34.52319,30.45219],[34.54889,30.4604],[34.56067,30.45719],[34.56816,30.46325],[34.57352,30.45861],[34.57709,30.45933],[34.58672,30.47325],[34.5985,30.47075],[34.61099,30.4736],[34.63419,30.49252],[34.65168,30.53499],[34.6731,30.56391],[34.69594,30.58175],[34.74252,30.60352],[34.78321,30.61066],[34.80319,30.6178],[34.82746,30.64635],[34.84388,30.65849],[34.881,30.67491],[34.90349,30.69454],[34.92419,30.70025]]}},{"type":"Feature","properties":{"id":0,"name":null,"kind":"Secondary Road","known":"0"},"geometry":{"type":"LineString","coordinates":[[34.09696,30.39136],[34.1298,30.46381],[34.1389,30.49915]]}},{"type":"Feature","properties":{"id":3009,"name":null,"kind":"Secondary Road","known":"0"},"geometry":{"type":"LineString","coordinates":[[35.46955,31.02806],[35.43433,30.99904],[35.40432,30.9809],[35.37145,30.97981],[35.34216,30.99279],[35.31866,30.99874]]}},{"type":"Feature","properties":{"id":0,"name":null,"kind":"Secondary Road","known":"0"},"geometry":{"type":"LineString","coordinates":[[35.34781,30.64123],[35.32699,30.59989],[35.30439,30.50352],[35.2919,30.37532],[35.2794,30.31346],[35.28,30.28609],[35.27673,30.2623]]}},{"type":"Feature","properties":{"id":0,"name":null,"kind":"Main Road","known":"1"},"geometry":{"type":"LineString","coordinates":[[35.16207,30.52999],[35.14673,30.53848],[35.13781,30.54741],[35.12067,30.54705],[35.09747,30.55383],[35.0782,30.56347],[35.05893,30.5649],[35.03394,30.57775],[35.00539,30.57989],[34.96363,30.59202],[34.94614,30.60773],[34.92294,30.62058],[34.92187,30.62807],[34.93329,30.66947],[34.93222,30.68054],[34.92722,30.68446],[34.93186,30.68982],[34.92437,30.69267],[34.91973,30.71552],[34.90367,30.72908],[34.8719,30.72979],[34.8462,30.73872],[34.8355,30.75014],[34.80837,30.76299],[34.79374,30.78868],[34.7791,30.7944],[34.76251,30.8076],[34.75537,30.82687],[34.74252,30.83937],[34.74002,30.8565],[34.74609,30.90611],[34.7261,30.90825],[34.70468,30.92324],[34.71504,30.9311],[34.71396,30.93716],[34.70576,30.94073],[34.69826,30.95751],[34.69826,31.01925],[34.69505,31.03639],[34.68505,31.06101],[34.66542,31.08778],[34.65132,31.10071]]}},{"type":"Feature","properties":{"id":0,"name":null,"kind":"Main Road","known":"0"},"geometry":{"type":"LineString","coordinates":[[35.37161,30.67097],[35.3551,30.683],[35.32297,30.71477],[35.2805,30.77188],[35.23803,30.8222],[35.18306,30.86111],[35.16272,30.87074],[35.12417,30.90536]]}},{"type":"Feature","properties":{"id":0,"name":null,"kind":"Main Road","known":"1"},"geometry":{"type":"LineString","coordinates":[[35.12417,30.90536],[35.11953,30.90608],[35.11989,30.91286],[35.11489,30.91286],[35.11775,30.91786],[35.11311,30.91893],[35.11311,30.92499],[35.10383,30.9382],[35.09276,30.96854],[35.07242,30.99424],[35.06599,31.03243]]}},{"type":"Feature","properties":{"id":0,"name":null,"kind":"Secondary Road","known":"1"},"geometry":{"type":"LineString","coordinates":[[35.31866,30.99874],[35.30477,30.99745],[35.29799,31.00245],[35.29406,31.00102],[35.29264,31.00637],[35.28264,31.00459],[35.278,31.01173],[35.26515,31.01208],[35.26658,31.01744],[35.26016,31.01494],[35.25587,31.02386],[35.22304,31.04563],[35.20448,31.05206],[35.19163,31.05134]]}},{"type":"Feature","properties":{"id":0,"name":null,"kind":"Secondary Road","known":"0"},"geometry":{"type":"LineString","coordinates":[[35.19163,31.05134],[35.07991,31.04706],[35.07063,31.04492],[35.061,31.03635]]}},{"type":"Feature","properties":{"id":0,"name":null,"kind":"Main Road","known":"0"},"geometry":{"type":"LineString","coordinates":[[35.06599,31.03243],[35.03351,31.05955],[34.99604,31.08204],[34.98818,31.09096],[34.99033,31.10024],[35.00639,31.1138],[35.00924,31.15307],[35.01924,31.20411],[35.02602,31.22374]]}},{"type":"Feature","properties":{"id":0,"name":null,"kind":"Secondary Road","known":"0"},"geometry":{"type":"LineString","coordinates":[[35.35571,31.21037],[35.35046,31.2166],[35.34439,31.2091],[35.33725,31.21124],[35.30085,31.23302],[35.26087,31.24444],[35.24017,31.24158],[35.22197,31.23516],[35.18378,31.24015],[35.14166,31.24051],[35.03922,31.22374],[34.92626,31.21838],[34.89414,31.22124],[34.84345,31.23266],[34.81383,31.24372],[34.76886,31.26621],[34.74387,31.28191],[34.71443,31.3069],[34.69944,31.33295],[34.68052,31.39256],[34.68088,31.40184],[34.6741,31.40755],[34.65803,31.41933],[34.61877,31.43396],[34.56345,31.46037],[34.52044,31.48464],[34.49046,31.49607],[34.46462,31.51212]]}},{"type":"Feature","properties":{"id":0,"name":null,"kind":"Secondary Road","known":"1"},"geometry":{"type":"LineString","coordinates":[[34.95553,31.35044],[34.96374,31.35437],[34.99622,31.38613],[35.00585,31.40362],[35.0162,31.40719],[35.04154,31.42825],[35.06403,31.43967],[35.07045,31.45966],[35.07759,31.46823],[35.08119,31.52852]]}},{"type":"Feature","properties":{"id":0,"name":null,"kind":"Secondary Road"},"geometry":{"type":"LineString","coordinates":[[35.07474,31.30904],[35.08009,31.32367],[35.09151,31.32724],[35.08794,31.33188],[35.09437,31.33295],[35.08973,31.33688],[35.0958,31.33902],[35.09365,31.34473],[35.10543,31.36543],[35.11043,31.39827],[35.13327,31.4204],[35.1368,31.42794],[35.13704,31.47838],[35.14537,31.50384],[35.15964,31.5174],[35.16274,31.52645],[35.15988,31.53977],[35.13966,31.56],[35.13942,31.56928],[35.14679,31.57522],[35.16488,31.58046],[35.1851,31.59378],[35.19581,31.61353],[35.19962,31.61544],[35.20128,31.62686]]}},{"type":"Feature","properties":{"id":0,"name":null,"kind":"Secondary Road","known":"0"},"geometry":{"type":"LineString","coordinates":[[35.02602,31.22374],[35.05511,31.25229],[35.06903,31.27656],[35.07474,31.30904]]}},{"type":"Feature","properties":{"id":0,"name":null,"kind":"Secondary Road","known":"0"},"geometry":{"type":"LineString","coordinates":[[34.95553,31.35044],[34.93019,31.33866],[34.89592,31.31653],[34.88307,31.30297],[34.85452,31.28977],[34.76493,31.22802],[34.73602,31.21339],[34.73031,31.20482],[34.72888,31.19554],[34.70229,31.15628],[34.64483,31.09239],[34.60878,31.07347],[34.58844,31.05099],[34.49796,30.97496],[34.48154,30.95283],[34.46191,30.91072],[34.43182,30.88121],[34.40302,30.86432],[34.36268,30.85647],[34.26257,30.82256],[34.21224,30.81828],[34.16049,30.8197],[34.12587,30.81685],[34.08447,30.80828],[34.00951,30.77437],[33.90904,30.74689],[33.83766,30.71049],[33.80732,30.70585],[33.72201,30.70727],[33.68186,30.70263],[33.61869,30.688],[33.55159,30.6598],[33.52125,30.65195],[33.50055,30.65338],[33.48092,30.6623],[33.44612,30.69585],[33.42898,30.7062],[33.41042,30.70513],[33.36045,30.6855],[33.34011,30.68443],[33.31834,30.68978],[33.2905,30.70192],[33.19931,30.72869],[33.09616,30.77723],[32.94946,30.83184],[32.85934,30.87538],[32.82579,30.89858],[32.81044,30.91215],[32.79973,30.92714],[32.76016,30.99701]]}},{"type":"Feature","properties":{"id":0,"name":null,"kind":"Secondary Road","known":"0"},"geometry":{"type":"LineString","coordinates":[[33.82131,31.12626],[33.84401,31.0719],[33.86543,31.03002],[33.90255,30.98529],[33.99202,30.92295],[34.05721,30.8944],[34.08481,30.87869],[34.11242,30.85252],[34.15715,30.82682],[34.16049,30.8197]]}},{"type":"Feature","properties":{"id":0,"name":null,"kind":"Secondary Road","known":"0"},"geometry":{"type":"LineString","coordinates":[[33.72613,31.11027],[33.70297,31.11698],[33.62682,31.10603],[33.57257,31.10651],[33.48406,31.12031],[33.4654,31.13971],[33.42143,31.16807],[33.35671,31.19129],[33.20585,31.2248],[33.1279,31.23013],[33.09573,31.22365],[33.00636,31.17549],[32.91022,31.13871],[32.81198,31.09071],[32.7433,31.06769],[32.59779,31.04403],[32.57342,31.04251],[32.53449,31.04822],[32.4711,31.04555],[32.38792,31.04098],[32.34225,31.03226],[32.20044,31.02417],[32.18783,31.00227],[32.1745,30.99181],[32.12072,30.96658],[32.09074,30.95754],[31.9751,30.88663],[31.95202,30.87616],[31.92632,30.84618],[31.9149,30.8281],[31.89015,30.81477],[31.7964,30.72435],[31.76452,30.70484],[31.68971,30.64298],[31.6721,30.64107],[31.65973,30.64964],[31.64593,30.64631],[31.61357,30.63251],[31.52457,30.58492],[31.51363,30.58301],[31.26831,30.71484],[31.22214,30.71103],[31.13468,30.69199],[30.60658,30.85332],[30.60325,30.86331],[30.60515,30.87331],[30.60134,30.9109],[30.50474,30.99228],[30.48475,31.01655],[30.47666,31.01846],[30.45334,31.01322],[30.42336,31.03321],[30.4067,31.04891],[30.21421,31.15504],[30.15757,31.20072],[30.05193,31.2978],[30.02099,31.28258],[30.00243,31.26068],[29.99577,31.24212],[30.00005,31.2307],[30.00624,31.21785],[30.02718,31.20358],[30.18446,31.13838],[30.21111,31.11792],[30.29201,31.06604],[30.31771,31.05605],[30.34579,31.05177],[30.39147,31.04891],[30.40242,31.05129]]}},{"type":"Feature","properties":{"id":0,"name":null,"kind":"Secondary Road","known":"0"},"geometry":{"type":"LineString","coordinates":[[10.69316,34.66051],[10.6483,34.68027]]}},{"type":"Feature","properties":{"id":0,"name":null,"kind":"Secondary Road","known":"0"},"geometry":{"type":"LineString","coordinates":[[9.21969,35.865],[9.25399,35.86609],[9.27957,35.88245]]}},{"type":"Feature","properties":{"id":0,"name":null,"kind":"Secondary Road","known":"0"},"geometry":{"type":"LineString","coordinates":[[15.00612,45.91536],[15.04271,45.91452],[15.04807,45.91749],[15.05996,45.94069],[15.07008,45.9514],[15.08911,45.96092],[15.1254,45.9633],[15.15633,45.97103],[15.19143,45.97163],[15.19559,45.97757],[15.18786,45.99483],[15.18727,46.00375],[15.19321,46.01981],[15.18846,46.03052],[15.19262,46.04717],[15.20452,46.06264],[15.20571,46.07037],[15.24854,46.11439],[15.24735,46.17566],[15.25508,46.18697],[15.28066,46.21017],[15.28125,46.21612],[15.26543,46.23397],[15.25568,46.21968],[15.23367,46.20362],[15.23129,46.19827],[15.23426,46.16793],[15.2301,46.15841],[15.19678,46.14592],[15.19321,46.13997],[15.20273,46.12213],[15.20273,46.10963],[15.1944,46.1025],[15.17358,46.09536],[15.16407,46.08346],[15.16526,46.08049],[15.16942,46.07513],[15.19143,46.06561],[15.20333,46.04896],[15.21106,46.04479],[15.22355,46.04479],[15.23426,46.03528],[15.24913,46.04242],[15.25568,46.04242],[15.26757,46.02219],[15.29375,46.0097],[15.36275,45.98947],[15.44187,45.98769],[15.46328,45.98293],[15.47459,45.97698],[15.48053,45.95854],[15.48053,45.94724],[15.49057,45.93131]]}},{"type":"Feature","properties":{"id":0,"name":"Via Flavia","kind":"Main Road","period":"RL","known":"1"},"geometry":{"type":"LineString","coordinates":[[13.84418,44.86197],[13.84581,44.87518],[13.86488,44.89052],[13.87059,44.91765],[13.86916,44.94478],[13.85346,44.97333],[13.79849,45.03115],[13.7935,45.06684],[13.77494,45.11181],[13.74995,45.13751],[13.66501,45.19462],[13.60005,45.22032],[13.62003,45.2296],[13.69641,45.2867],[13.7421,45.31597],[13.7471,45.32525],[13.74567,45.33739],[13.68999,45.39164],[13.66643,45.43233],[13.66643,45.46945],[13.67714,45.49871],[13.69856,45.52227],[13.75709,45.53369],[13.76637,45.54297],[13.76994,45.58223],[13.78422,45.59508],[13.81206,45.60936],[13.81277,45.61578],[13.80635,45.62649],[13.7859,45.63948]]}},{"type":"Feature","properties":{"id":2286,"name":null,"kind":"Main Road","known":"1"},"geometry":{"type":"LineString","coordinates":[[13.78493,45.64077],[13.76423,45.68003],[13.70641,45.72643],[13.66429,45.74927],[13.63003,45.77211],[13.54008,45.80566],[13.49725,45.81066],[13.43658,45.8021],[13.40374,45.79282],[13.3859,45.78282],[13.38304,45.77211],[13.3759,45.7664],[13.36234,45.76783],[13.34592,45.77997],[13.32665,45.82494],[13.29667,45.87848],[13.28667,45.92273],[13.25312,45.99911],[13.24812,46.01767],[13.25169,46.07407],[13.25027,46.10905],[13.24456,46.12618],[13.16889,46.20042],[13.15461,46.2204],[13.13034,46.27894],[13.12963,46.30178],[13.14533,46.33676],[13.14676,46.35032],[13.13105,46.37531]]}},{"type":"Feature","properties":{"id":0,"name":null,"kind":"Secondary Road","known":"0"},"geometry":{"type":"LineString","coordinates":[[14.18611,45.22032],[14.15423,45.20549],[14.12805,45.19775],[13.9835,45.16801],[13.93234,45.15195],[13.83002,45.10674],[13.78008,45.09936],[13.70629,45.09425],[13.64936,45.07343]]}},{"type":"Feature","properties":{"id":2286,"name":null,"kind":"Main Road","period":"RL","known":"1"},"geometry":{"type":"LineString","coordinates":[[14.44452,45.33096],[14.35814,45.3588],[14.33903,45.36836],[14.30746,45.35809],[14.27605,45.34024],[14.24393,45.33382],[14.22466,45.32025],[14.20966,45.31526],[14.18539,45.31383],[14.15755,45.32097],[14.14042,45.3174],[14.13114,45.30598],[14.12971,45.29456],[14.14042,45.25958],[14.17897,45.23816],[14.1911,45.19747],[14.1911,45.18034],[14.17469,45.1575],[14.16041,45.14465],[14.15755,45.1368],[14.12329,45.12109],[14.11901,45.10967],[14.12686,45.09468],[14.12258,45.08683],[14.10759,45.08826],[14.08046,45.07469],[14.07332,45.06256],[14.06047,45.05471],[14.04834,45.05542],[14.03906,45.06113],[14.02764,45.05899],[14.02121,45.03615],[14.00122,45.01973],[13.98623,44.99831],[13.96482,44.9462],[13.96482,44.92693],[13.97553,44.90908],[13.97553,44.89838],[13.9434,44.89909],[13.91271,44.89195],[13.87202,44.87982],[13.85703,44.86697],[13.84418,44.86197]]}},{"type":"Feature","properties":{"id":0,"name":null,"kind":"Secondary Road","period":"RL","known":"1"},"geometry":{"type":"LineString","coordinates":[[13.84418,44.86197],[13.84581,44.87518],[13.86488,44.89052],[13.87059,44.91765],[13.86916,44.94478],[13.85346,44.97333],[13.79849,45.03115],[13.7935,45.06684],[13.77494,45.11181],[13.74995,45.13751],[13.66501,45.19462],[13.60005,45.22032],[13.62003,45.2296],[13.69641,45.2867],[13.7421,45.31597],[13.7471,45.32525],[13.74567,45.33739],[13.72727,45.35551],[13.75011,45.35623],[13.78509,45.35052],[13.81507,45.35623],[13.84363,45.35551],[13.87646,45.36693],[13.88574,45.37978],[13.89788,45.38692],[13.90216,45.39692],[13.91073,45.4012],[13.92215,45.39477],[13.93143,45.39549],[13.94214,45.4062],[13.97854,45.40834],[13.99781,45.39906],[14.03922,45.38906],[14.09775,45.36051],[14.10418,45.34837],[14.12345,45.33838],[14.16128,45.32053],[14.18539,45.31383],[14.20966,45.31526],[14.22466,45.32025],[14.24393,45.33382],[14.27605,45.34024],[14.30746,45.35809],[14.33903,45.36836],[14.35814,45.3588],[14.44452,45.33096]]}},{"type":"Feature","properties":{"id":3195,"name":null,"kind":"Main Road","period":"RL","known":"1"},"geometry":{"type":"LineString","coordinates":[[15.22997,44.11552],[15.29167,44.10714],[15.56466,43.93914],[15.6132,43.89536],[15.65317,43.87442],[15.70647,43.83635],[15.75502,43.81922],[15.81403,43.8373],[15.8264,43.84968],[15.84068,43.85063],[15.90254,43.83254],[15.92824,43.82112],[15.9311,43.78115],[15.97107,43.74308],[16.01485,43.71167],[16.02342,43.69549],[16.0139,43.67836],[16.01105,43.66313],[16.03484,43.64124],[16.12564,43.57366],[16.17608,43.55462],[16.22177,43.54606],[16.24747,43.53464],[16.25889,43.52607],[16.30648,43.54606],[16.37502,43.55824],[16.45401,43.54796],[16.50493,43.53464]]}},{"type":"Feature","properties":{"id":0,"name":null,"kind":"Secondary Road","period":"RL","known":"0"},"geometry":{"type":"LineString","coordinates":[[15.58349,44.04317],[15.60744,44.01812],[15.61601,44.00456],[15.68525,43.96459],[15.72808,43.94531],[15.80518,43.92176],[15.81517,43.91319],[15.82588,43.89463],[15.84068,43.85063]]}},{"type":"Feature","properties":{"id":0,"name":null,"kind":"Secondary Road","period":"RL","known":"0"},"geometry":{"type":"LineString","coordinates":[[15.76484,43.81896],[15.8239,43.78766]]}},{"type":"Feature","properties":{"id":0,"name":null,"kind":"Secondary Road","period":"RL","known":"0"},"geometry":{"type":"LineString","coordinates":[[15.85479,43.78613],[15.8655,43.77256],[15.89762,43.74829],[15.90833,43.73259],[15.94045,43.70832],[16.01115,43.66365],[15.979,43.60695],[15.97257,43.58482],[15.974,43.56841],[15.98042,43.55627],[15.9947,43.54699],[16.02397,43.53414],[16.04681,43.51701],[16.1496,43.52201],[16.18601,43.51986],[16.2217,43.527],[16.25889,43.52607]]}},{"type":"Feature","properties":{"id":0,"name":null,"kind":"Secondary Road","period":"RL","known":"1"},"geometry":{"type":"LineString","coordinates":[[17.07371,44.28101],[17.06157,44.28605],[17.02778,44.32079],[17.01541,44.3246],[16.96782,44.32555],[16.90521,44.31543]]}},{"type":"Feature","properties":{"id":2286,"name":null,"kind":"Main Road","known":"1"},"geometry":{"type":"LineString","coordinates":[[14.92422,44.99689],[14.89138,45.07398],[14.8564,45.11681],[14.76789,45.14751],[14.69079,45.19319],[14.59871,45.26243],[14.588,45.28456],[14.57229,45.29741],[14.54374,45.30883],[14.44452,45.33096]]}},{"type":"Feature","properties":{"id":2286,"name":null,"kind":"Main Road","known":"1"},"geometry":{"type":"LineString","coordinates":[[15.68588,44.01821],[15.67089,44.05391],[15.66589,44.09031],[15.62449,44.12957],[15.66589,44.09031],[15.68374,44.15027],[15.68017,44.16741],[15.68654,44.1912]]}},{"type":"Feature","properties":{"id":3106,"name":null,"kind":"Main Road","known":"0"},"geometry":{"type":"LineString","coordinates":[[17.8649,45.40278],[18.10951,45.40278],[18.16661,45.41943],[18.22015,45.4468],[18.34745,45.48011],[18.43668,45.51223],[18.53457,45.51968]]}},{"type":"Feature","properties":{"id":1245,"name":null,"kind":"Main Road","period":"RL","known":"0"},"geometry":{"type":"LineString","coordinates":[[18.69644,42.52404],[18.71264,42.5444],[18.70478,42.58651],[18.70336,42.61364],[18.68194,42.65469],[18.67694,42.67681],[18.7104,42.71323],[18.7098,42.72215],[18.69671,42.74059]]}},{"type":"Feature","properties":{"id":0,"name":null,"kind":"Secondary Road","period":"RL","known":"0"},"geometry":{"type":"LineString","coordinates":[[14.28961,45.95343],[14.32958,45.94758],[14.35433,45.94045],[14.37193,45.9414],[14.42,45.95948],[14.46235,45.96614],[14.47568,45.96186],[14.49614,45.93997],[14.50756,45.93949],[14.51851,45.94282],[14.56986,45.9914]]}},{"type":"Feature","properties":{"id":0,"name":null,"kind":"Secondary Road","known":"0"},"geometry":{"type":"LineString","coordinates":[[14.38217,44.66636],[14.42976,44.69968],[14.43689,44.70979],[14.43927,44.73418],[14.43392,44.75916],[14.40953,44.80913],[14.34707,44.86386],[14.33339,44.88765],[14.33517,44.89539],[14.34112,44.90074],[14.37622,44.8942],[14.39168,44.8942],[14.40299,44.89836],[14.41964,44.92929],[14.4244,44.94476],[14.41667,44.96736],[14.40418,44.98402],[14.39704,45.00425],[14.36967,45.05421],[14.35242,45.07801],[14.35338,45.08669],[14.35766,45.09169],[14.36265,45.09241]]}},{"type":"Feature","properties":{"id":0,"name":null,"kind":"Secondary Road","known":"0"},"geometry":{"type":"LineString","coordinates":[[15.18823,44.23402],[15.1869,44.22295],[15.1919,44.20594],[15.22997,44.11552]]}},{"type":"Feature","properties":{"id":0,"name":null,"kind":"Secondary Road","known":"0"},"geometry":{"type":"LineString","coordinates":[[17.82229,42.83127],[17.79312,42.82169],[17.75446,42.82763],[17.73245,42.82407]]}},{"type":"Feature","properties":{"id":0,"name":null,"kind":"Main Road","period":"RL","known":"0"},"geometry":{"type":"LineString","coordinates":[[23.59218,46.0692],[23.58611,46.06064],[23.57504,46.05493],[23.51758,46.04101],[23.50259,46.02609],[23.48617,46.01538],[23.44191,46.00146],[23.41871,45.99075],[23.40051,45.97576],[23.29929,45.95113],[23.25282,45.93543],[23.1718,45.8951],[23.14538,45.8876],[23.10719,45.86583],[23.06372,45.8644],[23.02232,45.85227],[22.88099,45.9082],[22.79914,45.90773],[22.75869,45.91534],[22.68778,45.9201],[22.58213,45.91439],[22.52883,45.92343],[22.49695,45.93628],[22.46601,45.95389],[22.3775,45.9903],[22.34894,45.9922],[22.32277,45.98934],[22.29802,45.99315],[22.21903,45.99601],[22.13336,45.9941],[22.10338,46.00838],[22.0834,46.02218],[22.03248,46.0455],[22.0182,46.0574],[21.95205,46.08309],[21.86068,46.08357],[21.78929,46.07691],[21.75503,46.08547],[21.69079,46.08738],[21.67841,46.07834],[21.62797,46.08405],[21.58894,46.09975],[21.50519,46.11736],[21.42381,46.11879],[21.40144,46.12497],[21.37479,46.13877],[21.32102,46.17351],[21.31393,46.18522],[21.30393,46.16],[21.28918,46.15095],[21.2611,46.14096],[21.21589,46.13382],[21.0717,46.13335],[21.03886,46.12906],[21.00174,46.11574],[20.96129,46.09432],[20.95177,46.08576],[20.93321,46.07909],[20.91323,46.07434],[20.87611,46.07671],[20.73524,46.0967],[20.61817,46.10384],[20.57867,46.15666],[20.5663,46.16571],[20.52442,46.18236],[20.42115,46.20806],[20.1913,46.24185],[20.15513,46.26089],[20.12524,46.26736],[19.97248,46.27402],[19.9444,46.27925],[19.89063,46.28211],[19.75738,46.28306],[19.59891,46.26545],[19.42378,46.23167],[19.3305,46.19835],[19.20392,46.13363],[19.14348,46.10984],[18.96502,46.08509],[18.81178,46.07224],[18.71898,46.06986]]}},{"type":"Feature","properties":{"id":3120,"name":null,"kind":"Main Road","period":"RL","known":"0"},"geometry":{"type":"LineString","coordinates":[[18.82826,45.82864],[18.76386,45.82394],[18.67701,45.82513],[18.61871,45.83822],[18.49647,45.91138]]}},{"type":"Feature","properties":{"id":1292,"name":null,"kind":"Main Road","period":"RL","known":"1"},"geometry":{"type":"LineString","coordinates":[[20.46836,44.81751],[20.47364,44.81298],[20.47935,44.78966],[20.48935,44.77824],[20.58034,44.77158],[20.61175,44.76159],[20.64411,44.74636],[20.67552,44.72685],[20.68722,44.70234],[20.70483,44.68425],[20.74528,44.65903],[20.76717,44.65047],[20.79049,44.64571],[20.83332,44.64523],[20.87406,44.65094],[20.93402,44.66712],[20.99541,44.69234],[21.05775,44.70615],[21.06489,44.70615],[21.11408,44.68703],[21.13407,44.68608],[21.15311,44.68989],[21.17785,44.69798],[21.23601,44.73795]]}},{"type":"Feature","properties":{"id":1382,"name":null,"kind":"Main Road","period":"RL","known":"1"},"geometry":{"type":"LineString","coordinates":[[19.27769,44.86571],[19.29137,44.84905],[19.31576,44.80087],[19.30505,44.76934],[19.25865,44.72294],[19.23545,44.66405],[19.20571,44.64026],[19.17596,44.60813],[19.16169,44.57899],[19.15693,44.54448]]}},{"type":"Feature","properties":{"id":0,"name":null,"kind":"Main Road","period":"RL","known":"0"},"geometry":{"type":"LineString","coordinates":[[19.10101,44.43316],[19.07119,44.44839],[19.04644,44.46932],[19.01027,44.48836],[19.00075,44.5093],[18.97601,44.52453],[18.97125,44.5369],[18.97886,44.5626],[18.97601,44.57402],[18.96649,44.58449],[18.92747,44.60162],[18.90418,44.63632],[18.87658,44.66964]]}},{"type":"Feature","properties":{"id":1435,"name":null,"kind":"Main Road","period":"RL","known":"0"},"geometry":{"type":"LineString","coordinates":[[19.33102,44.21187],[19.32246,44.19569],[19.30628,44.18331],[19.26059,44.12525],[19.24917,44.09004]]}},{"type":"Feature","properties":{"id":1381,"name":null,"kind":"Secondary Road","period":"RL","known":"0"},"geometry":{"type":"LineString","coordinates":[[20.19006,44.65848],[20.17236,44.56875],[20.17117,44.54258],[20.14857,44.45335],[20.13429,44.42242],[20.12715,44.39862],[20.09206,44.34389],[20.06648,44.31891],[20.0403,44.30404],[19.98736,44.29274],[19.93739,44.28679],[19.91039,44.2796]]}},{"type":"Feature","properties":{"id":1391,"name":null,"kind":"Secondary Road","period":"RL","known":"0"},"geometry":{"type":"LineString","coordinates":[[21.27651,43.60746],[21.34809,43.63354],[21.35761,43.6402],[21.36712,43.65372],[21.37188,43.66799],[21.37226,43.69084],[21.35665,43.72072],[21.34181,43.75889],[21.3321,43.81133],[21.32486,43.86406],[21.32277,43.93516],[21.32791,43.95001],[21.37988,43.93554]]}},{"type":"Feature","properties":{"id":1244,"name":null,"kind":"Main Road","period":"RL","known":"1"},"geometry":{"type":"LineString","coordinates":[[18.99308,42.75784],[19.00914,42.74952],[19.01509,42.72037],[19.01154,42.70052],[19.01689,42.6803],[19.03771,42.6107],[19.05318,42.59166],[19.07638,42.57144],[19.10076,42.55657],[19.14954,42.5411],[19.20011,42.53277],[19.21914,42.51612]]}},{"type":"Feature","properties":{"id":0,"name":null,"kind":"Secondary Road","period":"RL","known":"0"},"geometry":{"type":"LineString","coordinates":[[20.27297,42.67291],[20.3735,42.73596],[20.40563,42.74965],[20.43715,42.75559],[20.50973,42.76095],[20.6287,42.75916],[20.64417,42.76273],[20.69057,42.79129],[20.73191,42.79902],[20.78188,42.79604],[20.80448,42.80021],[20.81757,42.81032],[20.82709,42.82638],[20.83363,42.84661],[20.84374,42.86089],[20.86397,42.87576],[20.87822,42.88141]]}},{"type":"Feature","properties":{"id":1293,"name":null,"kind":"Main Road","period":"RL","known":"1"},"geometry":{"type":"LineString","coordinates":[[21.23601,44.73795],[21.24552,44.71225],[21.25409,44.64753],[21.26218,44.61993],[21.30882,44.53903],[21.33071,44.46569],[21.34213,44.40192],[21.36259,44.37765],[21.37259,44.35909],[21.38306,44.32911],[21.38639,44.26725],[21.37259,44.2444],[21.35641,44.22632],[21.36021,44.16564],[21.34784,44.11091],[21.34546,44.08379],[21.34737,44.05762],[21.35498,44.00384],[21.37068,43.98338],[21.38591,43.94426],[21.42427,43.81215],[21.45378,43.75457],[21.47329,43.74505],[21.50803,43.73648],[21.52801,43.70469],[21.53039,43.69375],[21.548,43.68375],[21.56133,43.64759],[21.57084,43.63188],[21.5973,43.6138],[21.65917,43.58191],[21.68106,43.56431],[21.75244,43.52195],[21.77624,43.49149],[21.80651,43.41002],[21.82364,43.38004],[21.84458,43.35482],[21.89103,43.32856]]}},{"type":"Feature","properties":{"id":1283,"name":null,"kind":"Main Road","period":"RL","known":"1"},"geometry":{"type":"LineString","coordinates":[[23.3346,42.72858],[23.30272,42.76332],[23.28226,42.7776],[23.26084,42.79806],[23.23895,42.82757],[23.21515,42.84089],[23.15281,42.84898],[23.1176,42.84898],[23.04931,42.86707],[23.03931,42.87313],[23.02182,42.89919],[23.00719,42.90811],[22.94901,42.92382],[22.93652,42.93131],[22.92224,42.96058],[22.88726,42.98877],[22.86906,43.00948],[22.81124,43.0209],[22.79875,43.02625],[22.77805,43.02839],[22.73772,43.02447],[22.68632,43.06366],[22.66812,43.10078],[22.64991,43.11791],[22.63135,43.13111],[22.57068,43.15788],[22.55711,43.19108],[22.53998,43.19893],[22.49822,43.20928],[22.48823,43.2157],[22.46753,43.21963],[22.45539,43.22577],[22.43541,43.2247],[22.42605,43.22006],[22.38965,43.22648],[22.29792,43.22791],[22.26937,43.24433],[22.25652,43.2686],[22.23903,43.28109],[22.22832,43.28288],[22.17478,43.31214],[22.163,43.32571],[22.14409,43.33142],[22.07056,43.32749],[22.05307,43.30536],[21.98312,43.30037],[21.94171,43.31],[21.91459,43.31964],[21.9021,43.32856],[21.89103,43.32856]]}},{"type":"Feature","properties":{"id":1293,"name":null,"kind":"Main Road","period":"RL","known":"1"},"geometry":{"type":"LineString","coordinates":[[21.89103,43.32856],[21.9021,43.32856],[21.91215,43.3334],[21.97021,43.32579],[21.98877,43.32722],[22.0455,43.35625],[22.07025,43.37814],[22.08738,43.40098],[22.09832,43.42335],[22.09261,43.4657],[22.09404,43.48474],[22.10213,43.49568],[22.11974,43.50234],[22.13687,43.51329],[22.1521,43.52899],[22.18446,43.55279],[22.20778,43.56469],[22.22758,43.56469],[22.24899,43.58229],[22.26184,43.61608],[22.26136,43.67438],[22.27992,43.71959],[22.29182,43.7391],[22.30419,43.77765],[22.30419,43.78717],[22.3199,43.79906],[22.43849,43.86378],[22.54842,43.90138],[22.61219,43.92841],[22.75287,43.96601],[22.77238,43.97981],[22.81711,43.99599],[22.86499,44.00027],[22.89973,44.00884]]}},{"type":"Feature","properties":{"id":0,"name":null,"kind":"Secondary Road","period":"RL","known":"0"},"geometry":{"type":"LineString","coordinates":[[21.97653,42.59325],[21.94238,42.60456],[21.91573,42.62074]]}},{"type":"Feature","properties":{"id":0,"name":null,"kind":"Secondary Road","period":"RL","known":"1"},"geometry":{"type":"LineString","coordinates":[[22.19537,44.47094],[22.27461,44.48879],[22.30816,44.50021],[22.37169,44.50806],[22.39596,44.50235],[22.41666,44.49235],[22.44254,44.45983]]}},{"type":"Feature","properties":{"id":1400,"name":null,"kind":"Secondary Road","period":"RL","known":"1"},"geometry":{"type":"LineString","coordinates":[[21.23601,44.73795],[21.27098,44.73987],[21.30346,44.75914],[21.33801,44.81054],[21.37513,44.79055],[21.37799,44.76342],[21.38584,44.74415],[21.39441,44.73273],[21.41118,44.72309],[21.42546,44.71916],[21.46187,44.73094],[21.50562,44.76414],[21.51847,44.76128],[21.56487,44.74344],[21.57701,44.73273],[21.6052,44.67883],[21.61413,44.66741],[21.62983,44.66206],[21.64826,44.65788],[21.75016,44.65044],[21.80072,44.65223],[21.87924,44.6442],[21.92921,44.63408],[21.94141,44.62813],[21.95747,44.61505],[21.95838,44.61085],[21.9855,44.60086],[22.00406,44.57873],[22.01548,44.55303],[22.0783,44.48165],[22.17181,44.45809],[22.19537,44.47094],[22.21057,44.49263],[22.22544,44.52297],[22.25054,44.55926],[22.28445,44.62648],[22.313,44.63778],[22.3487,44.64611],[22.38379,44.64789],[22.42067,44.66038],[22.47719,44.69786],[22.5052,44.68509],[22.53946,44.65439],[22.59443,44.61584],[22.65582,44.61156],[22.67318,44.61716],[22.67509,44.63226],[22.67318,44.61716],[22.65582,44.61156],[22.65224,44.60241],[22.62396,44.56588],[22.59326,44.56374],[22.55757,44.55089],[22.47976,44.49378],[22.46263,44.48807],[22.44478,44.4688],[22.43765,44.44024],[22.4455,44.41169],[22.46549,44.39956],[22.4969,44.36743],[22.50475,44.35316],[22.51474,44.31961],[22.50518,44.24287],[22.55657,44.20932],[22.58156,44.20289],[22.68578,44.19483],[22.73503,44.18769],[22.75859,44.17912],[22.82712,44.13629],[22.91492,44.1006],[22.93062,44.0956],[23.01343,44.08846],[23.02414,44.0749],[23.02556,44.05991],[23.02199,44.04706],[23.00201,44.03707],[22.89973,44.00884]]}},{"type":"Feature","properties":{"id":1320,"name":null,"kind":"Main Road","period":"R","known":"1"},"geometry":{"type":"LineString","coordinates":[[22.1837,45.45887],[22.20733,45.47029],[22.30334,45.48493],[22.4187,45.52597],[22.43619,45.52776],[22.51621,45.51848],[22.63242,45.51741],[22.68096,45.50706],[22.7163,45.50741],[22.73921,45.50955],[22.79203,45.52633],[22.87919,45.5481],[22.98377,45.59521],[22.99769,45.61809],[23.00483,45.6338],[23.00697,45.66449],[23.00162,45.68519],[22.99626,45.78477],[22.9984,45.7962],[23.01054,45.8144],[23.01625,45.84727],[23.02232,45.85227],[23.06372,45.8644],[23.10719,45.86583],[23.14538,45.8876],[23.1718,45.8951],[23.25282,45.93543],[23.29929,45.95113],[23.40051,45.97576],[23.41871,45.99075],[23.44191,46.00146],[23.48617,46.01538],[23.5014,46.0249],[23.51758,46.04101],[23.57504,46.05493],[23.58611,46.06064],[23.59099,46.06801]]}},{"type":"Feature","properties":{"id":0,"name":null,"kind":"Secondary Road","period":"RL","known":"0"},"geometry":{"type":"LineString","coordinates":[[21.62237,45.43299],[21.64087,45.42596],[21.6837,45.3867],[21.73724,45.37242],[21.75509,45.37004],[21.76466,45.3722]]}},{"type":"Feature","properties":{"id":1403,"name":null,"kind":"Main Road","period":"R","known":"1"},"geometry":{"type":"LineString","coordinates":[[22.18251,45.45768],[22.19368,45.43747],[22.2208,45.36609],[22.23722,45.34681],[22.25007,45.32326],[22.26078,45.2947],[22.28148,45.27329],[22.30147,45.26115],[22.30932,45.24688],[22.31289,45.22903],[22.30932,45.18834],[22.30361,45.16264],[22.30504,45.1398],[22.30218,45.11053],[22.34644,45.05485],[22.3493,44.99846],[22.36286,44.97241],[22.38142,44.89674],[22.37999,44.80679],[22.40497,44.70721]]}},{"type":"Feature","properties":{"id":1403,"name":null,"kind":"Main Road","known":"1"},"geometry":{"type":"LineString","coordinates":[[22.52847,44.42525],[22.54275,44.44095],[22.55845,44.45237],[22.57487,44.4745],[22.57558,44.49021],[22.56773,44.49378]]}},{"type":"Feature","properties":{"id":0,"name":null,"kind":"Main Road","period":"R","known":"1"},"geometry":{"type":"LineString","coordinates":[[23.02232,45.85227],[22.88099,45.9082],[22.79914,45.90773]]}},{"type":"Feature","properties":{"id":1364,"name":null,"kind":"Main Road","period":"R","known":"1"},"geometry":{"type":"LineString","coordinates":[[23.86337,45.90234],[23.8184,45.90234],[23.77628,45.91233],[23.7463,45.92304],[23.69419,45.93161],[23.63637,45.93089],[23.60068,45.94517],[23.56284,46.01406],[23.53286,46.0269],[23.5014,46.0249]]}},{"type":"Feature","properties":{"id":3239,"name":null,"kind":"Secondary Road","period":"R","known":"0"},"geometry":{"type":"LineString","coordinates":[[24.29182,45.68176],[24.30868,45.71271],[24.3315,45.74303],[24.46002,45.79171],[24.53331,45.80503],[24.64942,45.8136],[24.72271,45.82312],[24.75602,45.83264],[24.8769,45.84691],[24.96256,45.87166],[25.02633,45.87166],[25.10533,45.87927],[25.16243,45.89355],[25.18623,45.91734],[25.20336,45.94114],[25.21193,45.96589],[25.25228,46.00586],[25.27733,45.9993],[25.31462,45.99825],[25.39933,46.00776],[25.46691,46.02014],[25.51831,46.03822],[25.5659,46.06677],[25.61319,46.11066],[25.63175,46.11494],[25.70771,46.09747],[25.75149,46.09557],[25.79337,46.08867],[25.81431,46.07724],[25.85405,46.07201],[25.94066,46.06821],[25.98468,46.06963],[26.03227,46.06202],[26.09223,46.04298],[26.13037,46.02714],[26.13894,46.03214],[26.21318,46.0457],[26.27528,46.06497],[26.35237,46.07068],[26.38236,46.08496],[26.40003,46.11969],[26.41626,46.13493],[26.43911,46.14278],[26.48022,46.1975],[26.50906,46.21131],[26.57117,46.22559],[26.61471,46.22416],[26.66867,46.227],[26.7115,46.24794],[26.7667,46.28125],[26.79138,46.29055],[26.81905,46.29172],[26.88633,46.25628],[26.89329,46.24033],[26.90774,46.22844],[26.99023,46.19916],[27.07875,46.14491],[27.12039,46.12706],[27.14117,46.11351],[27.17686,46.10209],[27.25038,46.07068],[27.25958,46.06234],[27.26815,46.02998]]}},{"type":"Feature","properties":{"id":0,"name":null,"kind":"Secondary Road","period":"RL","known":"0"},"geometry":{"type":"LineString","coordinates":[[24.45257,43.71188],[24.39546,43.65905],[24.37191,43.62978],[24.3305,43.60266],[24.26483,43.58124],[24.24199,43.56768],[24.22486,43.54983],[24.21558,43.53056],[24.21415,43.45775],[24.20772,43.42206],[24.18845,43.40136],[24.15704,43.38137],[24.12135,43.34853],[24.10565,43.34211],[24.08494,43.34139],[24.05639,43.3264],[24.04711,43.31427],[24.0464,43.29714],[24.03854,43.27643],[24.03498,43.23218],[24.03765,43.212],[24.011,43.20153],[23.98055,43.20153],[23.95199,43.19297],[23.92249,43.19011],[23.88347,43.17774],[23.81303,43.16917],[23.794,43.16346],[23.78353,43.1568],[23.77591,43.14347],[23.77877,43.12634],[23.77591,43.09969],[23.78353,43.0778],[23.78067,43.03021],[23.7702,43.01689],[23.74546,43.0008],[23.74736,42.91609],[23.77211,42.83614],[23.75497,42.8114],[23.73784,42.79522],[23.68454,42.77047],[23.66931,42.76666]]}},{"type":"Feature","properties":{"id":0,"name":null,"kind":"Secondary Road","period":"RL","known":"0"},"geometry":{"type":"LineString","coordinates":[[24.69506,43.26654],[24.71056,43.27349],[24.76946,43.31394],[24.7873,43.33357],[24.82121,43.3877],[24.83132,43.39722],[25.21263,43.54653],[25.2632,43.57762]]}},{"type":"Feature","properties":{"id":1278,"name":null,"kind":"Main Road","period":"RL","known":"1"},"geometry":{"type":"LineString","coordinates":[[23.66263,42.60588],[23.62958,42.62608],[23.50657,42.67081],[23.43161,42.6952],[23.36268,42.71335],[23.3346,42.72858]]}},{"type":"Feature","properties":{"id":0,"name":null,"kind":"Secondary Road","period":"RL","known":"0"},"geometry":{"type":"LineString","coordinates":[[25.63798,43.23494],[25.63798,43.30566],[25.66939,43.45414],[25.66368,43.48136],[25.65131,43.50706],[25.6475,43.53275],[25.61133,43.59272],[25.59325,43.6108],[25.58088,43.63935]]}},{"type":"Feature","properties":{"id":3229,"name":null,"kind":"Secondary Road","period":"RL","known":"0"},"geometry":{"type":"LineString","coordinates":[[28.83746,44.8918],[28.79107,44.89394],[28.73253,44.91821],[28.70826,44.93677],[28.69969,44.96389],[28.58584,45.02528]]}},{"type":"Feature","properties":{"id":0,"name":null,"kind":"Secondary Road","period":"RL","known":"0"},"geometry":{"type":"LineString","coordinates":[[27.95081,44.69835],[27.99029,44.69768],[28.05168,44.68126],[28.17803,44.62273],[28.28582,44.58632],[28.3265,44.56848],[28.38361,44.5385],[28.41431,44.51565],[28.44143,44.50566],[28.48212,44.48424],[28.50853,44.46354],[28.52495,44.43499],[28.54933,44.40868]]}},{"type":"Feature","properties":{"id":0,"name":null,"kind":"Secondary Road","period":"RL","known":"0"},"geometry":{"type":"LineString","coordinates":[[28.1721,45.34009],[28.12544,45.39986]]}},{"type":"Feature","properties":{"id":1238,"name":null,"kind":"Main Road","known":"1"},"geometry":{"type":"LineString","coordinates":[[19.40011,40.56171],[19.40773,40.59597],[19.44104,40.61405],[19.45436,40.62643],[19.48292,40.64451],[19.50766,40.65688],[19.5267,40.67497],[19.5524,40.69305],[19.57809,40.73398]]}},{"type":"Feature","properties":{"id":0,"name":null,"kind":"Secondary Road","period":"RL?","known":"0"},"geometry":{"type":"LineString","coordinates":[[19.75886,40.77499],[19.7725,40.76589],[19.83259,40.74448],[20.02235,40.70938],[20.0509,40.69867],[20.08778,40.6725],[20.14608,40.59041],[20.19843,40.55352],[20.23674,40.53385],[20.25292,40.52005],[20.26434,40.50339],[20.28862,40.47864],[20.30004,40.47103],[20.32954,40.46151],[20.41282,40.45628],[20.46089,40.45675],[20.53132,40.44248],[20.56225,40.44486],[20.60147,40.45342],[20.64049,40.47674],[20.66143,40.50244],[20.70264,40.56764],[20.77878,40.63759],[20.81686,40.66757],[20.86549,40.69941],[20.88929,40.70036],[20.91023,40.69608],[20.9226,40.69275],[20.94116,40.67942],[20.96876,40.64135],[20.98637,40.6009],[21.01064,40.57568],[21.0292,40.56188],[21.06251,40.54332],[21.10487,40.53047],[21.23555,40.52428],[21.25649,40.50905],[21.25982,40.48193],[21.276,40.45623],[21.32901,40.43291],[21.34519,40.43148],[21.37374,40.42244],[21.39183,40.37014],[21.40373,40.36348],[21.43228,40.35539],[21.48558,40.34682],[21.54078,40.34873],[21.62387,40.34349],[21.6529,40.33635],[21.71724,40.30542],[21.76926,40.30719],[21.80195,40.32493],[21.84431,40.35682],[21.86572,40.36919],[21.89694,40.37728],[21.93692,40.38109],[21.99593,40.37871],[22.05579,40.38632],[22.06959,40.39251],[22.09958,40.41345],[22.1129,40.41583],[22.13508,40.4301],[22.1365,40.4439],[22.15554,40.46389],[22.16458,40.48055],[22.18409,40.49958],[22.18743,40.51386],[22.19552,40.52909],[22.2015,40.53156]]}},{"type":"Feature","properties":{"id":0,"name":null,"kind":"Secondary Road","known":"0"},"geometry":{"type":"LineString","coordinates":[[22.2015,40.53156],[22.20098,40.5574],[22.19325,40.57703],[22.13674,40.6276],[22.11949,40.64663],[22.10878,40.67459],[22.10759,40.69719],[22.11294,40.72396],[22.13465,40.78176]]}},{"type":"Feature","properties":{"id":1271,"name":null,"kind":"Secondary Road","period":"R","known":"0"},"geometry":{"type":"LineString","coordinates":[[22.2015,40.53156],[22.27927,40.57525],[22.32258,40.60428],[22.40443,40.63902],[22.55434,40.69432],[22.58575,40.71288],[22.59907,40.72858],[22.60231,40.75069]]}},{"type":"Feature","properties":{"id":1271,"name":null,"kind":"Secondary Road","period":"R","known":"0"},"geometry":{"type":"LineString","coordinates":[[20.00677,40.33964],[20.00641,40.3542],[19.9988,40.37038],[19.99594,40.39322],[20.00546,40.41559],[20.02021,40.43415],[20.06637,40.4696],[20.09731,40.47769],[20.13157,40.47769],[20.14728,40.48769],[20.15108,40.50577],[20.19391,40.50672],[20.21342,40.51434],[20.23674,40.53385]]}},{"type":"Feature","properties":{"id":1272,"name":null,"kind":"Secondary Road","period":"R","known":"0"},"geometry":{"type":"LineString","coordinates":[[22.49104,40.56773],[22.47867,40.63626],[22.46259,40.6593]]}},{"type":"Feature","properties":{"id":0,"name":null,"kind":"Main Road","period":"RL"},"geometry":{"type":"LineString","coordinates":[[23.3346,42.72858],[23.36268,42.71335],[23.43161,42.6952],[23.50657,42.67081],[23.62958,42.62608],[23.69383,42.58682],[23.72476,42.55886],[23.75028,42.4877],[23.78128,42.44286],[23.804,42.41954],[23.85694,42.37969],[23.92178,42.344],[23.96283,42.31723]]}},{"type":"Feature","properties":{"id":1264,"name":null,"kind":"Main Road","period":"RL","known":"0"},"geometry":{"type":"LineString","coordinates":[[22.36027,42.21647],[22.34444,42.18678],[22.31684,42.1687],[22.2921,42.143],[22.2664,42.10493],[22.25783,42.02878],[22.24355,42.00689],[22.22678,41.99375],[22.20834,41.96692],[22.19692,41.93836],[22.19977,41.92123],[22.20643,41.906],[22.23594,41.86984],[22.23689,41.85841],[22.21881,41.83272],[22.19406,41.81368],[22.18454,41.79655],[22.19216,41.74249],[22.18169,41.72345],[22.14267,41.70822],[22.11602,41.71013],[22.06462,41.72821],[22.04653,41.73963],[22.03069,41.74139],[22.01322,41.72726],[22.01703,41.71013],[21.99324,41.68443],[21.96849,41.63493],[21.96278,41.61495],[21.97705,41.56831],[21.95421,41.52929],[21.93518,41.51215],[21.90948,41.46932],[21.89615,41.45314],[21.83143,41.44458],[21.7905,41.43125],[21.76823,41.4027],[21.74063,41.37986],[21.71303,41.37415],[21.68543,41.37319],[21.63022,41.377],[21.59215,41.37034],[21.54704,41.34369],[21.52705,41.32275],[21.4728,41.29229],[21.4471,41.26707],[21.4214,41.19473],[21.40522,41.16237],[21.38143,41.13382],[21.38238,41.10336],[21.37572,41.07671],[21.34583,41.02341]]}},{"type":"Feature","properties":{"id":679,"name":null,"kind":"Main Road","period":"R","known":"1"},"geometry":{"type":"LineString","coordinates":[[26.3813,40.92593],[26.34681,40.92796],[26.28194,40.94893],[26.26272,40.94094],[26.23048,40.91203],[26.16363,40.87779],[26.11503,40.86596],[26.08712,40.86125],[26.05939,40.86381],[26.01536,40.85755],[25.96006,40.86159],[25.87706,40.85151],[25.82863,40.85925],[25.77536,40.85923],[25.72775,40.86597],[25.70761,40.88784],[25.69599,40.91575],[25.68008,40.9287],[25.66563,40.94907],[25.66791,40.95967],[25.68916,40.97941],[25.69197,40.98696],[25.68911,41.01158],[25.69186,41.02743],[25.69702,41.03728],[25.6289,41.05857],[25.57134,41.08191],[25.48269,41.1021],[25.45067,41.11237],[25.38415,41.13887],[25.33897,41.14237],[25.28267,41.13398],[25.21914,41.13184],[25.13544,41.12006],[25.08369,41.12006],[25.00766,41.12506],[24.96215,41.13219],[24.9311,41.12648],[24.88577,41.12327],[24.77623,41.09249]]}},{"type":"Feature","properties":{"id":0,"name":null,"kind":"Secondary Road","known":"0"},"geometry":{"type":"LineString","coordinates":[[24.91959,41.12606],[24.90742,41.13656],[24.88494,41.16654],[24.87316,41.17582],[24.8571,41.19581],[24.8157,41.21187],[24.77947,41.22329],[24.75734,41.22615],[24.73914,41.22508],[24.73164,41.22151],[24.72557,41.21294],[24.72058,41.21187],[24.60369,41.24292],[24.56264,41.23971],[24.47698,41.22222],[24.3426,41.18296],[24.27621,41.14763],[24.26229,41.13728],[24.2548,41.12693],[24.25123,41.10944],[24.2548,41.09266],[24.27649,41.03961]]}},{"type":"Feature","properties":{"id":0,"name":null,"kind":"Secondary Road","known":"0"},"geometry":{"type":"LineString","coordinates":[[23.94111,41.04634],[23.96844,40.99211]]}},{"type":"Feature","properties":{"id":0,"name":null,"kind":"Secondary Road","known":"1"},"geometry":{"type":"LineString","coordinates":[[23.55633,41.09995],[23.65148,41.06625],[23.77016,41.03912],[23.81692,41.03306],[23.8626,41.03163],[23.91276,41.03679],[23.94808,41.04947],[23.97235,41.07089],[24.02732,41.05768],[24.12026,41.04585]]}},{"type":"Feature","properties":{"id":0,"name":null,"kind":"Secondary Road","known":"0"},"geometry":{"type":"LineString","coordinates":[[23.97235,41.07089],[24.12783,41.14334],[24.14567,41.14798],[24.17173,41.1437],[24.25454,41.09386]]}},{"type":"Feature","properties":{"id":0,"name":null,"kind":"Secondary Road","known":"1"},"geometry":{"type":"LineString","coordinates":[[24.36703,40.95989],[24.30538,40.94116],[24.26404,40.92421],[24.21705,40.89238],[24.18388,40.87662],[24.11012,40.85282],[24.07056,40.85163],[24.05331,40.84479],[24.01598,40.82159],[23.95084,40.79661],[23.90147,40.78798],[23.86028,40.81267],[23.84065,40.81654]]}},{"type":"Feature","properties":{"id":0,"name":null,"kind":"Secondary Road","known":"0"},"geometry":{"type":"LineString","coordinates":[[24.40118,40.94024],[24.375,40.91288],[24.36697,40.90871],[24.34585,40.90574],[24.33187,40.89295],[24.31968,40.8867],[24.31641,40.87927],[24.3176,40.86618],[24.30659,40.84476],[24.30421,40.83257],[24.28428,40.82841],[24.26077,40.80345],[24.19786,40.77311],[24.1473,40.74188],[24.11964,40.73712],[24.09019,40.72433],[24.06848,40.72314],[24.04141,40.72641],[23.98326,40.74575],[23.94965,40.76211],[23.91694,40.79007]]}},{"type":"Feature","properties":{"id":0,"name":null,"kind":"Secondary Road","known":"0"},"geometry":{"type":"LineString","coordinates":[[23.07389,41.27012],[23.0727,41.25049],[23.07598,41.23443],[23.09977,41.19249],[23.12119,41.1794],[23.18989,41.16721],[23.24789,41.11694],[23.26856,41.0872],[23.3218,41.02593],[23.36359,40.99916],[23.42635,40.95157],[23.5486,40.89863],[23.5892,40.89089],[23.66712,40.86085],[23.72126,40.84777],[23.79695,40.84122],[23.8151,40.83736],[23.84335,40.82427]]}},{"type":"Feature","properties":{"id":0,"name":null,"kind":"Secondary Road","known":"0"},"geometry":{"type":"LineString","coordinates":[[23.33277,40.19561],[23.3414,40.17032],[23.35775,40.14475],[23.43241,40.08972],[23.47286,40.04243],[23.54796,40.00793],[23.59912,39.98949]]}},{"type":"Feature","properties":{"id":0,"name":null,"kind":"Secondary Road","known":"0"},"geometry":{"type":"LineString","coordinates":[[23.46302,41.1241],[23.44787,41.1209],[23.4236,41.10984],[23.38327,41.07664],[23.36864,41.05273],[23.36079,41.03096],[23.35971,41.00918],[23.36359,40.99916]]}},{"type":"Feature","properties":{"id":0,"name":null,"kind":"Secondary Road","known":"0"},"geometry":{"type":"LineString","coordinates":[[23.34812,41.28555],[23.30308,41.28787],[23.28285,41.28108],[23.20819,41.27305],[23.17786,41.27573],[23.10811,41.26919],[23.05636,41.26948],[23.03197,41.26532],[23.01293,41.26651],[22.9869,41.27603],[22.94199,41.28287],[22.88816,41.2799],[22.85812,41.26948],[22.8364,41.25342],[22.77365,41.18948],[22.75565,41.17936],[22.73239,41.17704]]}},{"type":"Feature","properties":{"id":0,"name":null,"kind":"Secondary Road","known":"0"},"geometry":{"type":"LineString","coordinates":[[22.77141,41.18739],[22.78004,41.17431],[22.78956,41.1285],[22.7845,41.11125],[22.78599,41.09935],[22.80443,41.05295],[22.8312,41.025],[22.8773,40.99495],[22.89485,40.97592]]}},{"type":"Feature","properties":{"id":0,"name":null,"kind":"Secondary Road","known":"0"},"geometry":{"type":"LineString","coordinates":[[22.91284,40.85397],[22.91909,40.87479],[22.91969,40.91881],[22.89083,40.99049],[22.88964,41.00983],[22.88429,41.01994],[22.89083,41.0366]]}},{"type":"Feature","properties":{"id":0,"name":null,"kind":"Secondary Road","known":"0"},"geometry":{"type":"LineString","coordinates":[[22.96599,40.68061],[22.95984,40.68325],[22.95657,40.68949],[22.93932,40.73916],[22.92861,40.75939],[22.9295,40.7698],[22.93575,40.77813],[22.96192,40.79627],[22.96519,40.8043],[22.89768,40.86855],[22.85767,40.93309],[22.83536,40.94737],[22.81811,40.95064],[22.77915,40.95212],[22.74251,40.94415]]}},{"type":"Feature","properties":{"id":0,"name":null,"kind":"Secondary Road","known":"0"},"geometry":{"type":"LineString","coordinates":[[22.98572,40.71676],[22.98461,40.73036],[22.99461,40.76819],[23.00853,40.79532],[23.02423,40.81459],[23.03173,40.85706],[23.03744,40.86884],[23.05064,40.87777],[23.07527,40.8874],[23.10115,40.89597],[23.13684,40.90239],[23.1604,40.92417],[23.18788,40.93309],[23.20037,40.94094],[23.22214,40.96557],[23.23571,40.97556],[23.27069,40.99127],[23.28282,40.99269],[23.33204,40.98698],[23.36892,40.99428]]}},{"type":"Feature","properties":{"id":0,"name":null,"kind":"Secondary Road","known":"0"},"geometry":{"type":"LineString","coordinates":[[22.3843,40.53191],[22.40869,40.51258],[22.42802,40.50187],[22.52142,40.50812],[22.56145,40.50726]]}},{"type":"Feature","properties":{"id":0,"name":null,"kind":"Secondary Road","known":"0"},"geometry":{"type":"LineString","coordinates":[[22.59902,41.03959],[22.62463,41.05129],[22.66329,41.08133],[22.72052,41.10007]]}},{"type":"Feature","properties":{"id":714,"name":null,"kind":"Secondary Road","period":"L","known":"0"},"geometry":{"type":"LineString","coordinates":[[29.62698,40.69334],[29.62222,40.68014],[29.5856,40.65771],[29.57406,40.63949],[29.56008,40.60484]]}},{"type":"Feature","properties":{"id":705,"name":null,"kind":"Main Road","period":"RL","known":"0"},"geometry":{"type":"LineString","coordinates":[[29.92526,40.76662],[29.9602,40.76627],[29.9828,40.77138],[29.99838,40.76928],[30.04272,40.7609],[30.09464,40.73925],[30.11947,40.73372],[30.14514,40.7331],[30.19665,40.7445],[30.22598,40.74599],[30.27777,40.75444],[30.33838,40.74966],[30.36447,40.74413],[30.39261,40.74453],[30.44841,40.75113],[30.47448,40.76115],[30.4972,40.76516]]}},{"type":"Feature","properties":{"id":1234,"name":null,"kind":"Secondary Road","known":"0"},"geometry":{"type":"LineString","coordinates":[[20.9907,39.15849],[21.00308,39.15587],[21.0164,39.1642],[21.0233,39.17395],[21.05071,39.17895],[21.05428,39.19537],[21.07403,39.20417]]}},{"type":"Feature","properties":{"id":1236,"name":null,"kind":"Secondary Road","period":"C","known":"0"},"geometry":{"type":"LineString","coordinates":[[21.17635,38.88506],[21.1707,38.85918]]}},{"type":"Feature","properties":{"id":669,"name":null,"kind":"Secondary Road","period":"RL","known":"0"},"geometry":{"type":"LineString","coordinates":[[26.15083,39.759],[26.17418,39.7642],[26.29328,39.80946],[26.3051,39.81515],[26.33602,39.83962]]}},{"type":"Feature","properties":{"id":669,"name":null,"kind":"Secondary Road","period":"RL","known":"0"},"geometry":{"type":"LineString","coordinates":[[26.55192,39.54328],[26.55377,39.55324],[26.54823,39.57298],[26.53235,39.58851],[26.50086,39.5902],[26.44665,39.58585],[26.43613,39.58292],[26.41849,39.57148],[26.41416,39.56128],[26.40258,39.55433],[26.36445,39.51745],[26.33218,39.50267]]}},{"type":"Feature","properties":{"id":661,"name":null,"kind":"Secondary Road","known":"0"},"geometry":{"type":"LineString","coordinates":[[26.80725,39.20173],[26.83538,39.18875],[26.89708,39.11261],[26.92585,39.09475],[26.97953,39.09171],[27.0644,39.10401],[27.12632,39.11918],[27.18165,39.14142]]}},{"type":"Feature","properties":{"id":652,"name":null,"kind":"Secondary Road","period":"RL","known":"0"},"geometry":{"type":"LineString","coordinates":[[27.88722,39.63565],[27.83929,39.60523],[27.71692,39.56051],[27.6881,39.53783],[27.66717,39.49363],[27.65197,39.44389],[27.65086,39.39738],[27.63542,39.34974],[27.59685,39.27213],[27.57748,39.24104],[27.54473,39.20195],[27.43779,39.20121],[27.34565,39.18797],[27.28508,39.17518],[27.18165,39.14142]]}},{"type":"Feature","properties":{"id":652,"name":null,"kind":"Main Road","period":"RL","known":"0"},"geometry":{"type":"LineString","coordinates":[[27.83297,38.92607],[27.81834,38.95358],[27.75697,39.04564],[27.66731,39.15935],[27.65171,39.17497],[27.61331,39.19227],[27.58351,39.19901],[27.54473,39.20195],[27.43779,39.20121],[27.34565,39.18797],[27.28508,39.17518],[27.18165,39.14142]]}},{"type":"Feature","properties":{"id":648,"name":null,"kind":"Main Road","known":"0"},"geometry":{"type":"LineString","coordinates":[[28.17887,38.50974],[28.23627,38.52641],[28.24754,38.53308],[28.26014,38.54423],[28.27565,38.56731],[28.27739,38.58248]]}},{"type":"Feature","properties":{"id":614,"name":null,"kind":"Main Road","period":"RL","known":"0"},"geometry":{"type":"LineString","coordinates":[[27.35722,37.94356],[27.36701,37.89695],[27.37497,37.89018],[27.38938,37.88768],[27.42305,37.87284],[27.49008,37.88006],[27.50343,37.87856],[27.5271,37.85978],[27.54189,37.86842],[27.56533,37.87379],[27.59565,37.87382],[27.60581,37.87662],[27.62811,37.87648],[27.63567,37.87072],[27.73891,37.8619],[27.79623,37.86845],[27.82729,37.86258],[27.87157,37.85971],[28.01811,37.87017],[28.05775,37.86533],[28.08232,37.86672],[28.09808,37.86939],[28.15319,37.89957],[28.23651,37.90143],[28.29673,37.92062],[28.36683,37.9351],[28.39724,37.93438],[28.56334,37.91596],[28.57131,37.91113],[28.57542,37.90212],[28.58168,37.87518]]}},{"type":"Feature","properties":{"id":619,"name":null,"kind":"Secondary Road","period":"C?R?","known":"0"},"geometry":{"type":"LineString","coordinates":[[27.34752,37.94526],[27.32481,37.94815],[27.31009,37.94449],[27.28785,37.92894],[27.27666,37.91433],[27.27097,37.91143],[27.27922,37.88803],[27.27064,37.88409],[27.26758,37.86937],[27.25794,37.85087],[27.25989,37.83658],[27.29195,37.79435],[27.2996,37.79018],[27.31925,37.78704],[27.32393,37.78985],[27.33696,37.7757],[27.38667,37.76706],[27.39931,37.76331],[27.40437,37.75571]]}},{"type":"Feature","properties":{"id":622,"name":null,"kind":"Secondary Road","period":"CR","known":"0"},"geometry":{"type":"LineString","coordinates":[[27.81386,37.41812],[27.78279,37.32077]]}},{"type":"Feature","properties":{"id":621,"name":null,"kind":"Secondary Road","period":"R","known":"0"},"geometry":{"type":"LineString","coordinates":[[27.27295,37.52971],[27.26305,37.4776],[27.26721,37.46511],[27.26454,37.45975],[27.25561,37.45529],[27.25115,37.44458],[27.24431,37.43923],[27.23985,37.42198],[27.23896,37.41573],[27.24758,37.38807]]}},{"type":"Feature","properties":{"id":621,"name":null,"kind":"Secondary Road","period":"A","known":"0"},"geometry":{"type":"LineString","coordinates":[[27.24758,37.38807],[27.24401,37.3967],[27.22349,37.4196],[27.2226,37.44964],[27.23717,37.46987],[27.24848,37.47522],[27.26543,37.49158],[27.27197,37.51389],[27.27295,37.52971]]}},{"type":"Feature","properties":{"id":744,"name":null,"kind":"Secondary Road","period":"R","known":"1"},"geometry":{"type":"LineString","coordinates":[[29.6641,38.49523],[29.68615,38.447],[29.71932,38.40401],[29.75168,38.36921],[29.7639,38.33784],[29.78574,38.3281],[29.80947,38.32304],[29.85666,38.32202]]}},{"type":"Feature","properties":{"id":806,"name":null,"kind":"Main Road","known":"1"},"geometry":{"type":"LineString","coordinates":[[32.52175,39.7945],[32.67681,39.89824],[32.71934,39.92114],[32.8729,39.94897]]}},{"type":"Feature","properties":{"id":805,"name":null,"kind":"Main Road","period":"RL","known":"1"},"geometry":{"type":"LineString","coordinates":[[34.28778,37.98751],[34.23709,38.01464],[34.15452,38.05225],[34.07898,38.0978],[34.05542,38.11921],[34.06072,38.13191],[34.05578,38.20523],[34.05899,38.25734],[34.05901,38.35163],[34.05505,38.36894],[34.04671,38.38526],[34.01828,38.41599],[34.00695,38.43323],[33.9951,38.46685],[34.00151,38.51692],[34.01692,38.54892],[34.03008,38.56786],[33.99165,38.60523],[33.96644,38.62171],[33.83378,38.74739],[33.79171,38.79529],[33.76953,38.81342],[33.73271,38.86318],[33.70764,38.88521],[33.68056,38.91521],[33.65246,38.95084],[33.61891,39.00794],[33.60929,39.04799],[33.58738,39.08534],[33.55395,39.13501],[33.5117,39.20688],[33.48578,39.23958],[33.45259,39.27492],[33.42418,39.29018],[33.33134,39.30812],[33.242,39.33952],[33.21735,39.35412],[33.19005,39.37533],[33.08776,39.47627],[33.01468,39.51878],[32.98723,39.53994],[32.96575,39.58952],[32.95117,39.60512],[32.92832,39.61441],[32.89488,39.61828],[32.87193,39.62973],[32.85372,39.65011],[32.84163,39.6716],[32.83366,39.69536],[32.82735,39.74855],[32.82992,39.79107],[32.82285,39.82435],[32.83963,39.85723],[32.84492,39.87592],[32.8635,39.90188],[32.87389,39.94506],[32.86432,39.95877],[32.83532,39.96739],[32.78426,39.96155],[32.73152,39.96028],[32.69497,39.96867],[32.63364,39.99152],[32.5966,40.01031]]}},{"type":"Feature","properties":{"id":0,"name":null,"kind":"Secondary Road","period":"R","known":"0"},"geometry":{"type":"LineString","coordinates":[[32.23845,38.25368],[32.20098,38.28865],[32.16314,38.3297]]}},{"type":"Feature","properties":{"id":1026,"name":null,"kind":"Main Road","known":"1"},"geometry":{"type":"LineString","coordinates":[[36.52625,39.97535],[36.5316,39.94137],[36.5435,39.91697],[36.5618,39.8973],[36.60486,39.86511]]}},{"type":"Feature","properties":{"id":1021,"name":null,"kind":"Secondary Road","known":"1"},"geometry":{"type":"LineString","coordinates":[[36.51534,38.49046],[36.50352,38.47806],[36.50258,38.47146],[36.47824,38.44838],[36.47165,38.43042],[36.46219,38.41974],[36.4545,38.38857],[36.45555,38.3699],[36.4428,38.34964]]}},{"type":"Feature","properties":{"id":1019,"name":null,"kind":"Secondary Road","known":"1"},"geometry":{"type":"LineString","coordinates":[[36.92144,38.2463],[36.92169,38.27522],[36.93484,38.32488],[36.94377,38.38488],[36.9321,38.40138],[36.92825,38.42313],[36.9223,38.42807],[36.94092,38.43551],[36.94336,38.43967],[36.93749,38.44702],[36.90375,38.4682],[36.84679,38.48261],[36.84314,38.4881],[36.83484,38.49188],[36.80145,38.50218],[36.79393,38.50654],[36.78734,38.51631],[36.70033,38.50291],[36.64144,38.5064],[36.60505,38.49319],[36.57277,38.48954],[36.51534,38.49046],[36.49159,38.5192],[36.47705,38.54954],[36.47577,38.5592],[36.47131,38.56469],[36.44617,38.57111],[36.44284,38.59104],[36.43689,38.59836],[36.42478,38.60518],[36.41764,38.62637],[36.40867,38.63614],[36.37146,38.65357],[36.28108,38.66512],[36.23824,38.66351],[36.23253,38.67494],[36.1322,38.67431],[36.08292,38.66888],[36.0339,38.67728],[35.98516,38.65854],[35.90733,38.64368],[35.89959,38.64015],[35.88321,38.62404]]}},{"type":"Feature","properties":{"id":837,"name":null,"kind":"Main Road","period":"R","known":"0"},"geometry":{"type":"LineString","coordinates":[[30.70223,36.89665],[30.76508,36.92059],[30.85701,36.96678]]}},{"type":"Feature","properties":{"id":821,"name":null,"kind":"Main Road","known":"1"},"geometry":{"type":"LineString","coordinates":[[29.51948,37.15743],[29.53304,37.10472],[29.53274,37.08257],[29.54686,37.06034],[29.54434,37.02363],[29.54534,37.01311],[29.5512,37.00193],[29.56054,36.99192],[29.57694,36.9833],[29.61147,36.97288],[29.63191,36.97219],[29.64221,36.95165],[29.66075,36.93257],[29.66292,36.92213],[29.65927,36.89691],[29.64266,36.88246],[29.60751,36.83613],[29.59131,36.83035],[29.56974,36.83096]]}},{"type":"Feature","properties":{"id":0,"name":null,"kind":"Secondary Road","period":"R","known":"1"},"geometry":{"type":"LineString","coordinates":[[29.98929,36.27501],[29.99159,36.28132],[30.00301,36.28632],[30.01539,36.30321],[30.01705,36.33105],[29.99492,36.31202],[29.99135,36.28132]]}},{"type":"Feature","properties":{"id":0,"name":null,"kind":"Secondary Road","period":"R","known":"0"},"geometry":{"type":"LineString","coordinates":[[29.96375,36.37507],[29.9471,36.3646],[29.94281,36.35414],[29.94519,36.34033],[29.95257,36.33034],[29.99207,36.29536]]}},{"type":"Feature","properties":{"id":833,"name":null,"kind":"Secondary Road","known":"1"},"geometry":{"type":"LineString","coordinates":[[30.1729,36.34014],[30.18833,36.3437],[30.22232,36.34009],[30.2599,36.34756],[30.2855,36.36437],[30.3689,36.37512],[30.41255,36.37739],[30.43451,36.38397],[30.44296,36.39077],[30.45162,36.40939],[30.44872,36.43196],[30.43944,36.46421],[30.44314,36.4744],[30.46331,36.48997],[30.50718,36.50493],[30.53432,36.51811],[30.54379,36.52677]]}},{"type":"Feature","properties":{"id":838,"name":null,"kind":"Main Road","period":"R","known":"0"},"geometry":{"type":"LineString","coordinates":[[30.60305,36.97834],[30.67225,36.97898],[30.72087,36.99206]]}},{"type":"Feature","properties":{"id":865,"name":null,"kind":"Secondary Road","known":"1"},"geometry":{"type":"LineString","coordinates":[[31.73281,37.68276],[31.74929,37.71056],[31.78466,37.7413],[31.81918,37.78787],[31.86393,37.84008],[31.88305,37.85662],[31.89733,37.8745],[31.9294,37.89904]]}},{"type":"Feature","properties":{"id":866,"name":null,"kind":"Secondary Road","period":"RL","known":"1"},"geometry":{"type":"LineString","coordinates":[[31.397,36.77522],[31.41006,36.78326],[31.46101,36.79207],[31.48089,36.81922],[31.5249,36.83525],[31.57987,36.87202]]}},{"type":"Feature","properties":{"id":3293,"name":null,"kind":"Secondary Road","period":"RL","known":"0"},"geometry":{"type":"LineString","coordinates":[[9.64128,36.40498],[9.68649,36.34407],[9.70124,36.31884]]}},{"type":"Feature","properties":{"id":3293,"name":null,"kind":"Secondary Road","period":"RL","known":"0"},"geometry":{"type":"LineString","coordinates":[[9.70124,36.31884],[9.73408,36.32218],[9.78214,36.33217],[9.83449,36.3493],[9.89017,36.38214],[9.90349,36.39737]]}},{"type":"Feature","properties":{"id":3288,"name":null,"kind":"Secondary Road","period":"RL","known":"0"},"geometry":{"type":"LineString","coordinates":[[9.64033,36.40498],[9.59179,36.39404],[9.44807,36.37928]]}},{"type":"Feature","properties":{"id":3321,"name":null,"kind":"Secondary Road","known":"0"},"geometry":{"type":"LineString","coordinates":[[8.68597,36.45295],[8.69311,36.47912],[8.73071,36.5467],[8.73499,36.56241]]}},{"type":"Feature","properties":{"id":3321,"name":null,"kind":"Secondary Road","period":"RL","known":"0"},"geometry":{"type":"LineString","coordinates":[[8.73499,36.56241],[8.71786,36.58763],[8.68407,36.66901],[8.68502,36.74896],[8.69263,36.87269],[8.69835,36.88982],[8.75022,36.9317],[8.75069,36.95407]]}},{"type":"Feature","properties":{"id":0,"name":null,"kind":"Secondary Road","period":"RL","known":"0"},"geometry":{"type":"LineString","coordinates":[[8.68597,36.45295],[8.59727,36.4777],[8.56566,36.49218]]}},{"type":"Feature","properties":{"id":3319,"name":null,"kind":"Secondary Road","known":"0"},"geometry":{"type":"LineString","coordinates":[[8.70577,36.17836],[8.71671,36.19787],[8.77097,36.25117],[8.78857,36.27544],[8.79048,36.29781],[8.76906,36.35159],[8.71862,36.4125],[8.70529,36.43439],[8.68597,36.45295]]}},{"type":"Feature","properties":{"id":3301,"name":null,"kind":"Secondary Road","known":"0"},"geometry":{"type":"LineString","coordinates":[[8.56566,36.49218],[8.50961,36.48065],[8.46582,36.47541],[8.42775,36.46447],[8.41824,36.45876],[8.34352,36.33693],[8.32591,36.29743],[8.29212,36.24841]]}},{"type":"Feature","properties":{"id":0,"name":null,"kind":"Secondary Road","period":"RL","known":"0"},"geometry":{"type":"LineString","coordinates":[[8.56566,36.49218],[8.5986,36.51824],[8.62239,36.53157],[8.6538,36.54394],[8.73499,36.56241]]}},{"type":"Feature","properties":{"id":3279,"name":null,"kind":"Main Road","period":"RL","known":"0"},"geometry":{"type":"LineString","coordinates":[[11.09265,36.83947],[11.06981,36.83043],[11.0284,36.80045],[10.97891,36.74334],[10.95702,36.7105],[10.90229,36.64245],[10.86147,36.57345]]}},{"type":"Feature","properties":{"id":3279,"name":null,"kind":"Main Road","period":"RL","known":"0"},"geometry":{"type":"MultiLineString","coordinates":[[[10.64001,35.8363],[10.64436,35.82106],[10.65924,35.80345],[10.68671,35.78382],[10.70908,35.77621],[10.74703,35.74575],[10.82024,35.71281],[10.82595,35.70254],[10.84975,35.68779],[10.87192,35.6797],[10.86832,35.65803],[10.82835,35.60187],[10.79884,35.54905],[10.75791,35.42722],[10.7484,35.41199],[10.72746,35.33537],[10.71508,35.30444]],[[9.13017,35.2578],[9.2146,35.27228],[9.2955,35.29798],[9.30264,35.30178],[9.32262,35.32463],[9.57217,35.4036]],[[10.75325,34.72738],[10.77095,34.75336],[10.8076,34.79333],[10.86232,34.84425],[10.8866,34.88327],[10.90516,34.90469],[10.91467,34.92277],[10.91753,34.94895],[10.93114,34.97607],[10.89735,35.10219],[10.84405,35.19403],[10.82787,35.2145],[10.80074,35.23686],[10.77314,35.25209],[10.75363,35.26732],[10.73793,35.28636],[10.71485,35.30392]]]}},{"type":"Feature","properties":{"id":3315,"name":null,"kind":"Secondary Road","period":"RL","known":"0"},"geometry":{"type":"LineString","coordinates":[[8.3675,36.23316],[8.2708,36.20739],[8.22417,36.19835],[8.09996,36.17646],[8.05951,36.17503],[7.91055,36.12363],[7.89247,36.11983],[7.75922,36.1303],[7.73019,36.13648],[7.6707,36.16313]]}},{"type":"Feature","properties":{"id":3320,"name":null,"kind":"Secondary Road","known":"0"},"geometry":{"type":"LineString","coordinates":[[8.56566,36.49218],[8.56138,36.47817],[8.5433,36.46152],[8.53331,36.44248],[8.52807,36.41821],[8.52712,36.36634],[8.52284,36.35682]]}},{"type":"Feature","properties":{"id":3309,"name":null,"kind":"Secondary Road","known":"0"},"geometry":{"type":"LineString","coordinates":[[9.21488,36.42402],[9.13874,36.38832],[9.10162,36.37881],[9.16063,36.36501]]}},{"type":"Feature","properties":{"id":3297,"name":null,"kind":"Secondary Road","known":"0"},"geometry":{"type":"LineString","coordinates":[[9.85019,37.2673],[9.84448,37.26016],[9.80023,37.24636],[9.77929,37.24588],[9.77262,37.2416],[9.75549,37.21495],[9.75502,37.18925],[9.76073,37.1645],[9.75835,37.1488],[9.75454,37.13881],[9.73884,37.12405],[9.72884,37.11834],[9.72028,37.11834],[9.68316,37.12786]]}},{"type":"Feature","properties":{"id":3279,"name":null,"kind":"Main Road","known":"0"},"geometry":{"type":"LineString","coordinates":[[10.86147,36.57345],[10.83995,36.53633],[10.80854,36.49302],[10.78665,36.47161],[10.74382,36.44829],[10.70147,36.43924],[10.65197,36.41117],[10.63008,36.40308],[10.62009,36.40213],[10.60486,36.40688],[10.57879,36.40165]]}},{"type":"Feature","properties":{"id":3293,"name":null,"kind":"Secondary Road","known":"0"},"geometry":{"type":"LineString","coordinates":[[10.16143,36.60723],[10.16904,36.63388],[10.17666,36.76618],[10.18522,36.80092]]}},{"type":"Feature","properties":{"id":2637,"name":null,"kind":"Main Road","known":"0"},"geometry":{"type":"LineString","coordinates":[[10.64001,35.8363],[10.64203,35.82788],[10.63585,35.80504],[10.63775,35.78505],[10.63109,35.77173],[10.61396,35.75555],[10.61681,35.74698],[10.61301,35.73794],[10.62014,35.67084],[10.63965,35.60659],[10.6387,35.57471],[10.6487,35.49856],[10.65536,35.48524],[10.68058,35.45478],[10.69962,35.42575],[10.70818,35.40719],[10.71485,35.30392]]}},{"type":"Feature","properties":{"id":3278,"name":null,"kind":"Main Road","period":"RL","known":"0"},"geometry":{"type":"LineString","coordinates":[[9.72737,35.5985],[9.73445,35.62347],[9.73493,35.63774]]}},{"type":"Feature","properties":{"id":2637,"name":null,"kind":"Main Road","period":"RL","known":"0"},"geometry":{"type":"MultiLineString","coordinates":[[[9.57116,35.40311],[9.58645,35.41836],[9.60644,35.45024],[9.64356,35.49069],[9.65736,35.51068],[9.68686,35.5359],[9.72541,35.58968],[9.72737,35.5985],[9.77877,35.59993],[9.91487,35.63657],[10.00101,35.64657],[10.14568,35.63368],[10.20421,35.63895],[10.29796,35.67084],[10.31938,35.6756],[10.33699,35.67179],[10.34603,35.67464],[10.38648,35.70272],[10.41884,35.71176],[10.46405,35.73461],[10.49498,35.75935],[10.56446,35.80504],[10.58826,35.81789],[10.64001,35.8363]],[[9.57217,35.4036],[9.52411,35.35887],[9.45368,35.30176],[9.4394,35.29082],[9.42313,35.2837],[9.20089,35.26038],[9.13017,35.2578]]]}},{"type":"Feature","properties":{"id":3258,"name":null,"kind":"Secondary Road","known":"0"},"geometry":{"type":"LineString","coordinates":[[9.74679,35.585],[9.6291,35.65755],[9.49347,35.75844],[9.39306,35.81031],[9.37925,35.8146],[9.37497,35.82269],[9.46206,35.68468],[9.47872,35.65232],[9.49204,35.62186],[9.50965,35.54572],[9.5125,35.51002],[9.54486,35.44721],[9.56961,35.41485],[9.57342,35.40676],[9.57075,35.40265],[9.4968,35.41104],[9.38306,35.4415],[9.33024,35.45197],[9.23458,35.49242],[9.14987,35.53858],[9.11847,35.55048],[9.0861,35.55714]]}},{"type":"Feature","properties":{"id":3255,"name":null,"kind":"Main Road","period":"RL","known":"0"},"geometry":{"type":"MultiLineString","coordinates":[[[10.02345,34.12577],[10.02702,34.146],[10.02583,34.15671],[10.01155,34.17217],[9.99965,34.20192],[10.01036,34.2156],[10.0081,34.2313],[10.01143,34.23844],[10.0376,34.24843],[10.04712,34.24796],[10.05569,34.2413],[10.06283,34.24272],[10.07663,34.2727],[10.10328,34.30554],[10.13659,34.33552],[10.14278,34.35123],[10.15325,34.36265],[10.18037,34.37978],[10.16657,34.40881],[10.17466,34.41785],[10.27936,34.44736],[10.33599,34.44736],[10.38738,34.47163],[10.42955,34.49923]],[[10.01787,34.03204],[10.0243,34.05431],[10.02811,34.09048],[10.02239,34.1257]]]}},{"type":"Feature","properties":{"id":3259,"name":null,"kind":"Secondary Road","known":"0"},"geometry":{"type":"LineString","coordinates":[[9.13017,35.2578],[9.21155,35.22592],[9.35622,35.14168],[9.53582,35.05412],[9.69763,34.99987]]}},{"type":"Feature","properties":{"id":2642,"name":null,"kind":"Main Road","period":"RL","known":"0"},"geometry":{"type":"LineString","coordinates":[[8.59176,34.9855],[8.59357,35.00193],[8.58429,35.04405],[8.57287,35.07403],[8.50577,35.18681],[8.49078,35.22036],[8.48507,35.24892],[8.49649,35.44273],[8.49364,35.47699],[8.46437,35.5448],[8.46134,35.57443]]}},{"type":"Feature","properties":{"id":2637,"name":null,"kind":"Main Road","known":"0"},"geometry":{"type":"LineString","coordinates":[[8.55521,35.63939],[8.61445,35.60637],[8.66692,35.58139],[8.72653,35.56568],[8.8154,35.56515],[8.87322,35.57122],[8.90177,35.578],[8.93889,35.57264],[8.98958,35.55551],[9.01506,35.55147],[9.08691,35.55662]]}},{"type":"Feature","properties":{"id":3272,"name":null,"kind":"Main Road","known":"0"},"geometry":{"type":"LineString","coordinates":[[9.21969,35.865],[9.17876,35.85453],[9.09072,35.81836],[9.02552,35.77363]]}},{"type":"Feature","properties":{"id":2638,"name":null,"kind":"Main Road","known":"0"},"geometry":{"type":"LineString","coordinates":[[8.69045,35.57457],[8.72881,35.60048],[8.96984,35.73556],[9.02552,35.77363]]}},{"type":"Feature","properties":{"id":3269,"name":null,"kind":"Main Road","known":"0"},"geometry":{"type":"LineString","coordinates":[[10.98634,35.37773],[10.86547,35.33775],[10.75982,35.31158],[10.71508,35.30444]]}},{"type":"Feature","properties":{"id":3254,"name":null,"kind":"Main Road","period":"RL","known":"0"},"geometry":{"type":"LineString","coordinates":[[10.75335,34.72754],[10.7581,34.75633],[10.75929,34.86281],[10.76762,34.91694],[10.77298,34.99963],[10.78725,35.04722],[10.79023,35.16203],[10.79439,35.21081],[10.80688,35.24947],[10.82354,35.27386],[10.99189,35.38153],[11.03531,35.39938],[11.04126,35.39938]]}},{"type":"Feature","properties":{"id":2642,"name":null,"kind":"Secondary Road","known":"0"},"geometry":{"type":"LineString","coordinates":[[8.59176,34.9855],[8.58715,34.97695],[8.53575,34.94768]]}},{"type":"Feature","properties":{"id":2629,"name":null,"kind":"Main Road","known":"1"},"geometry":{"type":"LineString","coordinates":[[9.78128,33.87846],[9.72258,33.94771],[9.69308,33.9677],[9.65405,34.00958],[9.63121,34.02861],[9.58198,34.06061],[9.56459,34.07525],[9.55785,34.08518]]}},{"type":"Feature","properties":{"id":3262,"name":null,"kind":"Secondary Road","known":"0"},"geometry":{"type":"LineString","coordinates":[[9.22269,35.89788],[9.21888,35.86456]]}},{"type":"Feature","properties":{"id":0,"name":null,"kind":"Secondary Road","period":"RL","known":"0"},"geometry":{"type":"LineString","coordinates":[[10.44191,35.43654],[10.4189,35.45914]]}},{"type":"Feature","properties":{"id":2642,"name":null,"kind":"Main Road","period":"RL","known":"0"},"geometry":{"type":"LineString","coordinates":[[9.55785,34.08518],[9.52937,34.1276],[9.48368,34.1571],[9.4361,34.16757],[9.39326,34.17233],[9.33711,34.18566],[9.31236,34.18756],[9.27524,34.20089],[9.1734,34.22944],[9.06109,34.2856],[9.03349,34.30844],[9.00589,34.32462],[8.97343,34.33788],[8.92584,34.33979],[8.88396,34.35311],[8.84398,34.37786],[8.81733,34.38738],[8.79323,34.40796]]}},{"type":"Feature","properties":{"id":2705,"name":null,"kind":"Secondary Road","period":"RL","known":"0"},"geometry":{"type":"LineString","coordinates":[[13.55973,30.40338],[13.58055,30.37483],[13.68857,30.27251],[13.70107,30.2511],[13.71832,30.23087],[13.74985,30.21124],[13.78137,30.17317],[13.8135,30.1583],[13.9402,30.11904],[14.04627,30.07145],[14.07958,30.06312],[14.17595,30.0655],[14.20093,30.06074],[14.27648,30.03814],[14.31277,30.01732]]}},{"type":"Feature","properties":{"id":2697,"name":null,"kind":"Main Road","known":"0"},"geometry":{"type":"LineString","coordinates":[[13.66123,32.75031],[13.62594,32.74117],[13.5812,32.73736],[13.50601,32.77638],[13.40036,32.81731],[13.37657,32.81541],[13.35182,32.82017]]}},{"type":"Feature","properties":{"id":2710,"name":null,"kind":"Main Road","period":"HRL","known":"1"},"geometry":{"type":"LineString","coordinates":[[14.29603,32.64058],[14.30833,32.63618],[14.32974,32.61905],[14.42682,32.52768],[14.49928,32.48984],[14.57209,32.46415]]}},{"type":"Feature","properties":{"id":2678,"name":null,"kind":"Main Road","known":"1"},"geometry":{"type":"LineString","coordinates":[[10.10044,33.88014],[10.07284,33.90393],[10.03667,33.95152],[10.01573,33.9953],[10.01787,34.03204]]}},{"type":"Feature","properties":{"id":0,"name":null,"kind":"Secondary Road","known":"1"},"geometry":{"type":"LineString","coordinates":[[11.03835,33.47737],[11.11139,33.49435]]}},{"type":"Feature","properties":{"id":2709,"name":null,"kind":"Main Road","known":"0"},"geometry":{"type":"LineString","coordinates":[[10.79826,33.44882],[10.8932,33.47499],[11.03835,33.47737]]}},{"type":"Feature","properties":{"id":2678,"name":null,"kind":"Main Road","known":"1"},"geometry":{"type":"LineString","coordinates":[[10.67341,33.54416],[10.61155,33.55367],[10.55349,33.57556],[10.47541,33.59348]]}},{"type":"Feature","properties":{"id":2679,"name":null,"kind":"Main Road","known":"1"},"geometry":{"type":"LineString","coordinates":[[10.17944,33.79828],[10.19562,33.76878],[10.27582,33.66111]]}},{"type":"Feature","properties":{"id":2673,"name":null,"kind":"Main Road","known":"0"},"geometry":{"type":"LineString","coordinates":[[10.27582,33.66111],[10.3203,33.66218],[10.34981,33.66694],[10.34695,33.5965],[10.35171,33.55558]]}},{"type":"Feature","properties":{"id":2721,"name":null,"kind":"Secondary Road","period":"RL","known":"0"},"geometry":{"type":"LineString","coordinates":[[15.5102,30.96521],[15.56332,30.99726],[15.59402,31.00939],[15.62109,31.02494],[15.69747,31.05586],[15.75749,31.11361],[15.78533,31.13146],[15.81215,31.15819],[15.83405,31.18579],[15.88021,31.23076],[15.93095,31.27137],[15.95522,31.28137],[15.96236,31.28903]]}},{"type":"Feature","properties":{"id":2685,"name":null,"kind":"Secondary Road","period":"R","known":"0"},"geometry":{"type":"LineString","coordinates":[[10.34219,30.19197],[10.41548,30.19292],[10.46688,30.17294],[10.5868,30.13962]]}},{"type":"Feature","properties":{"id":2684,"name":null,"kind":"Secondary Road","period":"R","known":"0"},"geometry":{"type":"LineString","coordinates":[[9.51956,30.14835],[9.51599,30.14061],[9.5148,30.11384]]}},{"type":"Feature","properties":{"id":0,"name":null,"kind":"Secondary Road","period":"R","known":"0"},"geometry":{"type":"LineString","coordinates":[[12.82222,28.4233],[12.68184,28.45994],[12.64686,28.46137],[12.59403,28.45637],[12.49267,28.41925],[12.44698,28.39927],[12.42057,28.39213],[12.39059,28.38999],[12.31349,28.39712],[12.29922,28.39498],[12.28209,28.3857],[12.27423,28.37785],[12.26495,28.35358],[12.25139,28.33359],[12.23854,28.32645],[12.22141,28.3236],[12.19464,28.3286],[12.17108,28.33716],[12.11683,28.36857],[12.07614,28.37928],[11.98263,28.41354],[11.92267,28.4271],[11.89554,28.4371]]}},{"type":"Feature","properties":{"id":2726,"name":null,"kind":"Secondary Road","period":"RL","known":"0"},"geometry":{"type":"LineString","coordinates":[[13.67232,26.62887],[13.6812,26.60909],[13.66764,26.52057],[13.64479,26.45918],[13.62409,26.42706],[13.62266,26.39922],[13.70261,26.30071],[13.73688,26.26359],[13.79613,26.15794],[13.81826,26.11011],[13.86394,26.05015],[13.89035,25.99304],[13.8925,25.97448],[13.91526,25.92515],[13.92477,25.91682]]}},{"type":"Feature","properties":{"id":2726,"name":null,"kind":"Secondary Road","period":"R","known":"0"},"geometry":{"type":"LineString","coordinates":[[14.62255,24.93886],[14.64575,24.95016],[14.88295,24.98439],[14.94434,24.98439],[15.00787,24.99224],[15.07497,24.99581],[15.15064,25.00438],[15.23487,25.01865],[15.32196,25.04007],[15.40847,25.06791],[15.45987,25.07148],[15.56195,25.09718],[15.6576,25.11074],[15.76325,25.13644],[15.84177,25.145],[15.87033,25.15286],[15.92958,25.15714],[16.00331,25.16927],[16.15037,25.20282]]}},{"type":"Feature","properties":{"id":2724,"name":null,"kind":"Secondary Road","known":"0"},"geometry":{"type":"LineString","coordinates":[[14.62255,24.93886],[14.60072,24.90709],[14.52933,24.7786],[14.5222,24.72506],[14.52339,24.68223],[14.46866,24.47165]]}},{"type":"Feature","properties":{"id":2724,"name":null,"kind":"Secondary Road","period":"RL","known":"0"},"geometry":{"type":"LineString","coordinates":[[14.90726,27.27275],[14.93146,27.26751],[14.97786,27.22349],[15.03378,27.18423],[15.07185,27.13902],[15.06947,27.08429],[14.99809,26.98674],[14.95169,26.89751],[14.9505,26.82731],[14.96359,26.76783],[14.98262,26.7131],[15.01355,26.65004],[15.00642,26.6203],[15.01712,26.56676],[15.04092,26.47634],[15.04211,26.44303],[15.03616,26.38949],[15.05964,26.29397],[15.07304,26.25743],[15.12484,26.16547]]}},{"type":"Feature","properties":{"id":2720,"name":null,"kind":"Secondary Road","period":"RL","known":"0"},"geometry":{"type":"LineString","coordinates":[[16.14485,29.16158],[16.10869,29.15016],[15.9564,29.13112],[15.87193,29.10876],[15.77542,29.06725]]}},{"type":"Feature","properties":{"id":2722,"name":null,"kind":"Secondary Road","period":"RL","known":"0"},"geometry":{"type":"LineString","coordinates":[[16.2208,27.6518],[16.18603,27.61499],[16.15653,27.59501],[16.13204,27.57042],[16.12562,27.55614],[16.09942,27.52648],[16.07232,27.50332],[16.01878,27.48119],[15.81105,27.4869],[15.58691,27.45835],[15.52473,27.43836],[15.47548,27.41052],[15.38268,27.37054],[15.2875,27.31557],[15.26323,27.30986],[15.19522,27.30566],[15.08596,27.30511],[14.97156,27.29424],[14.89573,27.26658],[14.88728,27.24419],[14.86586,27.22421],[14.84851,27.21278],[14.82496,27.20636],[14.80568,27.20636],[14.7757,27.21992],[14.74929,27.22349],[14.71931,27.21421],[14.6415,27.20993],[14.62223,27.2035],[14.60224,27.18566],[14.55441,27.10928],[14.538,27.09572],[14.52586,27.0743],[14.51515,27.06359],[14.49374,27.05717],[14.46304,27.05431],[14.44448,27.05431],[14.42946,27.0594]]}},{"type":"Feature","properties":{"id":0,"name":null,"kind":"Main Road","period":"HRL","known":"0"},"geometry":{"type":"LineString","coordinates":[[16.25662,31.22503],[16.47911,31.20972],[16.54764,31.20972],[16.57009,31.2061]]}},{"type":"Feature","properties":{"id":2721,"name":null,"kind":"Secondary Road","period":"R","known":"0"},"geometry":{"type":"LineString","coordinates":[[15.40096,30.58711],[15.38933,30.61591],[15.38552,30.64731],[15.37124,30.69205],[15.35411,30.78628],[15.36024,30.80147],[15.38171,30.81483],[15.40456,30.83672],[15.42549,30.88526],[15.46452,30.94617],[15.5102,30.96521]]}},{"type":"Feature","properties":{"id":2730,"name":null,"kind":"Secondary Road","period":"R","known":"0"},"geometry":{"type":"LineString","coordinates":[[16.14485,29.16158],[16.1143,29.23338],[16.10519,29.27938],[16.09942,29.33392],[16.08693,29.38686],[16.0802,29.43523],[16.08258,29.4971],[16.07782,29.52803],[16.07901,29.56372],[16.07306,29.59584],[16.0447,29.64265],[16.04113,29.67537],[16.02923,29.69084],[16.05243,29.72593],[16.07204,29.74677],[16.08872,29.77055],[16.14463,29.82884],[16.17705,29.86948],[16.19103,29.93889],[16.19251,29.99084],[16.20055,30.03229],[16.2282,30.12706],[16.27401,30.19249],[16.35462,30.27142],[16.36592,30.29046],[16.41292,30.43323],[16.46318,30.57083],[16.47805,30.62139],[16.48162,30.64043],[16.47329,30.72609],[16.5116,30.85101],[16.52892,30.92161],[16.542,31.01263],[16.56454,31.13179],[16.57353,31.16134],[16.57829,31.19882],[16.58477,31.21031]]}},{"type":"Feature","properties":{"id":0,"name":null,"kind":"Secondary Road","period":"RL","known":"0"},"geometry":{"type":"LineString","coordinates":[[16.14485,29.16158],[16.27729,29.06623],[16.33023,29.02399]]}},{"type":"Feature","properties":{"id":2734,"name":null,"kind":"Secondary Road","known":"0"},"geometry":{"type":"LineString","coordinates":[[17.35187,29.22919],[17.34346,29.25897],[17.33938,29.30236]]}},{"type":"Feature","properties":{"id":2732,"name":null,"kind":"Secondary Road","period":"R","known":"0"},"geometry":{"type":"LineString","coordinates":[[19.19756,29.21649],[19.46668,29.18722],[19.54446,29.1742],[19.58018,29.16367],[19.64014,29.16509],[19.70938,29.17437],[19.78291,29.15867],[19.81503,29.15581],[19.85617,29.14446],[19.95432,29.14184]]}},{"type":"Feature","properties":{"id":2733,"name":null,"kind":"Secondary Road","period":"R","known":"0"},"geometry":{"type":"LineString","coordinates":[[18.92223,29.02787],[19.04001,29.08497],[19.10426,29.14446],[19.11972,29.17064],[19.15542,29.20038],[19.19756,29.21649]]}},{"type":"Feature","properties":{"id":2743,"name":null,"kind":"Secondary Road","period":"RL","known":"0"},"geometry":{"type":"LineString","coordinates":[[20.87138,32.49195],[20.86852,32.46483],[20.87209,32.44841],[20.89065,32.42914],[20.90493,32.40843],[20.91064,32.38416],[20.9085,32.35632],[20.88708,32.31064],[20.88708,32.29136],[20.91135,32.22855],[20.9399,32.17858],[20.9399,32.15859],[20.96489,32.08649],[20.98773,32.04937],[20.98845,31.91731],[20.99844,31.84379],[21.00915,31.79953],[21.01414,31.65177],[21.01771,31.62535],[21.02342,31.60965],[21.02485,31.58609]]}},{"type":"Feature","properties":{"id":2750,"name":null,"kind":"Main Road","period":"ACHRL","known":"1"},"geometry":{"type":"LineString","coordinates":[[19.96737,30.6768],[19.99092,30.69965],[20.00591,30.72677],[20.06088,30.7746],[20.14083,30.88524],[20.16082,30.93379],[20.18906,30.98599],[20.19423,31.00199],[20.21136,31.05934],[20.22659,31.15142],[20.21707,31.21995],[20.19613,31.28562],[20.18406,31.31507],[20.16979,31.3272],[20.15318,31.35374],[20.12701,31.46081],[20.0925,31.53933],[20.06633,31.57265],[20.03897,31.64165],[20.00803,31.79156],[19.9997,31.8677],[20.0085,31.94202],[20.05086,32.03188],[20.07691,32.0717],[20.08774,32.09732],[20.08667,32.12891],[20.07929,32.12821]]}},{"type":"Feature","properties":{"id":0,"name":null,"kind":"Main Road"},"geometry":{"type":"LineString","coordinates":[[20.17185,31.57057],[20.1245,31.5964],[20.09654,31.60413],[20.04585,31.62431]]}},{"type":"Feature","properties":{"id":2747,"name":null,"kind":"Secondary Road","period":"RL","known":"0"},"geometry":{"type":"LineString","coordinates":[[20.61866,32.25669],[20.62634,32.2612],[20.6534,32.26621],[20.69243,32.26954],[20.88708,32.30357]]}},{"type":"Feature","properties":{"id":2743,"name":null,"kind":"Secondary Road","known":"0"},"geometry":{"type":"LineString","coordinates":[[21.30162,29.18589],[21.30514,29.17488],[21.355,29.12977],[21.46493,29.05768],[21.52204,29.0384],[21.58557,29.03912],[21.62162,29.05054],[21.65089,29.06624],[21.70799,29.11264],[21.80294,29.17617],[22.02437,29.25898],[22.0879,29.28611],[22.11574,29.28753],[22.13715,29.29824],[22.19926,29.34464],[22.29491,29.40389],[22.34345,29.41531],[22.37058,29.41531],[22.40556,29.43815],[22.43625,29.46528],[22.4698,29.48384],[22.48065,29.48455],[22.49993,29.49597],[22.53919,29.5024],[22.617,29.55308],[22.6741,29.5745],[22.71265,29.5852],[22.76619,29.61518],[22.84614,29.67515],[22.87612,29.68657],[22.94286,29.73511],[22.98569,29.75081],[23.00996,29.75438],[23.03209,29.76224],[23.09184,29.80649]]}},{"type":"Feature","properties":{"id":2745,"name":null,"kind":"Secondary Road","period":"RL","known":"0"},"geometry":{"type":"LineString","coordinates":[[22.64373,32.77267],[22.63802,32.74983],[22.63802,32.70415],[22.62719,32.67435],[22.59959,32.65056],[22.52582,32.60201],[22.49838,32.55249],[22.48173,32.50133],[22.43386,32.40219],[22.42343,32.37046],[22.40915,32.28361],[22.41153,32.26101],[22.40745,32.25371],[22.39245,32.24658],[22.36912,32.21541],[22.29466,32.1602],[22.28395,32.14878]]}},{"type":"Feature","properties":{"id":2745,"name":null,"kind":"Secondary Road","period":"RL","known":"0"},"geometry":{"type":"LineString","coordinates":[[20.17185,31.57057],[20.2882,31.56272],[20.45881,31.58628],[20.47666,31.58628],[20.52377,31.57485],[20.59087,31.56986],[20.69223,31.57485],[20.70723,31.58199],[20.77418,31.5977],[20.83272,31.59341],[20.95621,31.61412],[20.97763,31.61126],[20.9969,31.5977],[21.02485,31.58609]]}},{"type":"Feature","properties":{"id":2752,"name":null,"kind":"Main Road","period":"ACHRL","known":"1"},"geometry":{"type":"LineString","coordinates":[[21.86796,32.82719],[21.87296,32.83433],[21.88724,32.84361],[21.90936,32.85361],[21.94006,32.88502],[21.95719,32.89358],[21.97218,32.8943]]}},{"type":"Feature","properties":{"id":2761,"name":null,"kind":"Main Road","known":"0"},"geometry":{"type":"LineString","coordinates":[[22.06777,32.70441],[22.09132,32.69442],[22.12487,32.66729],[22.1677,32.65445],[22.23266,32.64017],[22.29048,32.63446],[22.36115,32.63589],[22.48442,32.6063],[22.51869,32.59107]]}},{"type":"Feature","properties":{"id":2758,"name":null,"kind":"Secondary Road","period":"CHRL","known":"0"},"geometry":{"type":"LineString","coordinates":[[22.17663,32.77794],[22.18576,32.79364],[22.15721,32.85361],[22.15792,32.88359]]}},{"type":"Feature","properties":{"id":2732,"name":null,"kind":"Secondary Road","period":"ACHRL","known":"0"},"geometry":{"type":"LineString","coordinates":[[19.95432,29.14184],[19.99013,29.13328],[20.03867,29.13257],[20.09649,29.13828],[20.13076,29.13685],[20.15638,29.14088],[20.20072,29.15398],[20.24854,29.16183],[20.35419,29.17254],[20.40345,29.18039],[20.43914,29.18967],[20.60332,29.20181],[20.69326,29.19182],[20.76179,29.19182],[20.87101,29.2011],[20.97171,29.19314],[21.01306,29.18468],[21.118,29.18468],[21.17082,29.19967],[21.20009,29.20181],[21.2265,29.19467],[21.27861,29.19396],[21.29788,29.18967],[21.30145,29.18111],[21.36118,29.21008],[21.42638,29.22322],[21.45219,29.2325],[21.52904,29.25059],[21.57711,29.2789]]}},{"type":"Feature","properties":{"id":2859,"name":null,"kind":"Main Road","period":"RL","known":"1"},"geometry":{"type":"LineString","coordinates":[[7.68903,45.07406],[7.77659,45.05122],[7.84655,45.00839],[7.87415,44.98459],[7.97171,44.92796],[8.03976,44.91797],[8.07165,44.9094],[8.1121,44.90988],[8.1319,44.90559],[8.18282,44.90845],[8.19995,44.90416]]}},{"type":"Feature","properties":{"id":2853,"name":null,"kind":"Main Road","period":"RL","known":"0"},"geometry":{"type":"MultiLineString","coordinates":[[[7.89576,44.68287],[8.00652,44.69239],[8.02889,44.69953],[8.04507,44.71761],[8.05506,44.74046],[8.10979,44.78852],[8.14596,44.8404],[8.16737,44.86324],[8.18355,44.88656],[8.19926,44.89465],[8.19926,44.90369]],[[8.19995,44.90416],[8.2128,44.91035],[8.27419,44.91559],[8.28894,44.91273],[8.29846,44.90179],[8.31321,44.89322],[8.34938,44.89132],[8.3884,44.90321],[8.42838,44.9094],[8.47977,44.91178],[8.51071,44.90226],[8.53069,44.89036],[8.64729,44.88227],[8.86096,44.90131]]]}},{"type":"Feature","properties":{"id":2303,"name":null,"kind":"Main Road","period":"RL","known":"0"},"geometry":{"type":"LineString","coordinates":[[9.67024,45.70719],[9.62206,45.70243],[9.59767,45.70511],[9.54224,45.73224],[9.48792,45.7405],[9.46621,45.75121],[9.45133,45.7643],[9.43468,45.80058],[9.42516,45.81159],[9.40404,45.80772],[9.36307,45.83075],[9.34255,45.83417],[9.27455,45.82147],[9.16552,45.80704],[9.08129,45.81275]]}},{"type":"Feature","properties":{"id":2304,"name":null,"kind":"Main Road","period":"RL","known":"1"},"geometry":{"type":"LineString","coordinates":[[9.17837,45.47689],[9.16859,45.3699],[9.14432,45.19322]]}},{"type":"Feature","properties":{"id":2304,"name":null,"kind":"Main Road","period":"RL","known":"1"},"geometry":{"type":"MultiLineString","coordinates":[[[9.77105,45.18951],[9.67112,45.18618],[9.42343,45.1636],[9.3367,45.16324],[9.23462,45.17645],[9.14432,45.19322]],[[9.77035,45.18933],[9.82068,45.18862],[9.85387,45.18255],[10.02591,45.14222]]]}},{"type":"Feature","properties":{"id":2844,"name":null,"kind":"Secondary Road","period":"RL","known":"0"},"geometry":{"type":"LineString","coordinates":[[9.14432,45.19322],[9.16334,45.20617],[9.17333,45.21806],[9.17714,45.23282],[9.18809,45.24995],[9.20379,45.26185],[9.41772,45.31172]]}},{"type":"Feature","properties":{"id":2294,"name":null,"kind":"Main Road","period":"RL","known":"0"},"geometry":{"type":"LineString","coordinates":[[9.14111,45.18251],[9.13816,45.15106],[9.12419,45.1005],[9.12419,45.08979],[9.13727,45.07522],[9.13043,45.02465]]}},{"type":"Feature","properties":{"id":2271,"name":null,"kind":"Secondary Road","period":"RL","known":"0"},"geometry":{"type":"LineString","coordinates":[[8.6209,45.44892],[8.63934,45.48069],[8.68157,45.54018],[8.73286,45.60347],[8.85765,45.72934],[8.92663,45.75983],[8.99802,45.78696],[9.06414,45.82014]]}},{"type":"Feature","properties":{"id":2271,"name":null,"kind":"Secondary Road","period":"RL","known":"0"},"geometry":{"type":"LineString","coordinates":[[9.67024,45.70719],[9.66055,45.67418],[9.62129,45.59388],[9.61343,45.58638],[9.51421,45.56961],[9.39607,45.53106],[9.35565,45.52355],[9.27671,45.51852],[9.22823,45.51071],[9.20182,45.49572],[9.17837,45.47689]]}},{"type":"Feature","properties":{"id":2845,"name":null,"kind":"Secondary Road","period":"RL","known":"0"},"geometry":{"type":"LineString","coordinates":[[10.79523,45.16309],[10.73241,45.15642],[10.69666,45.15858],[10.67906,45.1719],[10.66859,45.21045],[10.66906,45.23234],[10.66097,45.25566],[10.63813,45.29087],[10.6072,45.31752],[10.50583,45.36702],[10.44539,45.39034],[10.34022,45.44268],[10.3031,45.47124],[10.23685,45.53792]]}},{"type":"Feature","properties":{"id":0,"name":null,"kind":"Secondary Road","known":"1"},"geometry":{"type":"LineString","coordinates":[[9.34787,45.83328],[9.3508,45.84133],[9.35853,45.84758],[9.37013,45.85144],[9.39095,45.84966],[9.40348,45.85263]]}},{"type":"Feature","properties":{"id":2302,"name":null,"kind":"Main Road","period":"R","known":"1"},"geometry":{"type":"LineString","coordinates":[[10.23685,45.53792],[10.20763,45.54733],[9.99764,45.56904],[9.9441,45.58124],[9.86418,45.61874],[9.80922,45.65086],[9.78624,45.6706],[9.75354,45.69084],[9.71713,45.70369],[9.69493,45.70808],[9.67024,45.70719]]}},{"type":"Feature","properties":{"id":2845,"name":null,"kind":"Secondary Road","period":"RL","known":"0"},"geometry":{"type":"LineString","coordinates":[[10.23685,45.53792],[10.10228,45.45744],[10.08229,45.43174],[10.06991,45.40461],[10.04184,45.36036],[10.00519,45.30991],[9.99615,45.28897],[9.98759,45.23044],[9.99187,45.21045],[10.02566,45.14287]]}},{"type":"Feature","properties":{"id":2928,"name":null,"kind":"Secondary Road","period":"RL","known":"0"},"geometry":{"type":"LineString","coordinates":[[10.32657,44.80521],[10.33989,44.80712],[10.37463,44.82473],[10.46458,44.85233],[10.4917,44.88802],[10.51026,44.90372]]}},{"type":"Feature","properties":{"id":2272,"name":null,"kind":"Secondary Road","period":"RL","known":"0"},"geometry":{"type":"LineString","coordinates":[[9.42447,46.1666],[9.35494,46.1296],[9.32567,46.10961],[9.31065,46.0882],[9.31005,46.05875],[9.29369,46.03674],[9.28983,46.02247],[9.30381,45.96655],[9.32745,45.91592],[9.3403,45.90379],[9.35343,45.90119],[9.36121,45.89487],[9.40348,45.85263],[9.421,45.82438],[9.42427,45.81159]]}},{"type":"Feature","properties":{"id":1510,"name":null,"kind":"Secondary Road","period":"RL","known":"0"},"geometry":{"type":"LineString","coordinates":[[11.28786,44.51633],[11.18167,44.64544],[11.14006,44.72105]]}},{"type":"Feature","properties":{"id":1511,"name":null,"kind":"Secondary Road","period":"RL","known":"0"},"geometry":{"type":"LineString","coordinates":[[10.93895,44.64817],[11.1008,44.70437],[11.12579,44.71924],[11.14006,44.72105],[11.14839,44.72816],[11.37648,44.80387],[11.51262,44.85829],[11.55122,44.94664],[11.58468,45.04803],[11.66369,45.23291]]}},{"type":"Feature","properties":{"id":0,"name":null,"kind":"Secondary Road","period":"RL","known":"0"},"geometry":{"type":"LineString","coordinates":[[10.89464,43.93567],[10.88891,43.97011]]}},{"type":"Feature","properties":{"id":0,"name":"Via Curia","kind":"Secondary Road","period":"HRL","known":"0"},"geometry":{"type":"LineString","coordinates":[[12.86027,42.40588],[12.84356,42.40791],[12.82928,42.4141],[12.79502,42.43956],[12.76908,42.48049],[12.746,42.49571],[12.73981,42.5038],[12.72601,42.5345],[12.70959,42.55139],[12.69056,42.55044],[12.66129,42.55829],[12.64059,42.5552],[12.63032,42.55762]]}},{"type":"Feature","properties":{"id":0,"name":null,"kind":"Secondary Road","known":"0"},"geometry":{"type":"LineString","coordinates":[[12.74571,42.58285],[12.73353,42.56972],[12.71126,42.55829],[12.70333,42.55075]]}},{"type":"Feature","properties":{"id":0,"name":null,"kind":"Secondary Road","known":"0"},"geometry":{"type":"LineString","coordinates":[[12.55772,42.08628],[12.59282,42.11543],[12.60502,42.14666]]}},{"type":"Feature","properties":{"id":0,"name":null,"kind":"Secondary Road","known":"0"},"geometry":{"type":"LineString","coordinates":[[13.64712,42.5819],[13.64357,42.63137],[13.68432,42.65665],[13.69562,42.65962],[13.71364,42.65733]]}},{"type":"Feature","properties":{"id":0,"name":null,"kind":"Secondary Road","known":"0"},"geometry":{"type":"LineString","coordinates":[[12.88843,43.18988],[12.90818,43.19702],[12.92388,43.18893],[12.96267,43.18631],[12.98789,43.17798],[13.02525,43.18703],[13.05118,43.20107],[13.06165,43.21748],[13.0776,43.22438],[13.20573,43.23866],[13.24273,43.26579],[13.26438,43.27507],[13.27866,43.30053],[13.28485,43.32266],[13.29199,43.33194]]}},{"type":"Feature","properties":{"id":0,"name":null,"kind":"Secondary Road","known":"0"},"geometry":{"type":"LineString","coordinates":[[13.20594,43.23879],[13.22988,43.2339],[13.24797,43.22438],[13.26581,43.22105],[13.29865,43.20868],[13.40013,43.19869]]}},{"type":"Feature","properties":{"id":0,"name":null,"kind":"Secondary Road","known":"0"},"geometry":{"type":"LineString","coordinates":[[13.52564,43.53586],[13.51607,43.51923],[13.48644,43.49389],[13.47502,43.47176],[13.4611,43.45641],[13.40542,43.42643],[13.33939,43.40287]]}},{"type":"Feature","properties":{"id":0,"name":null,"kind":"Secondary Road","known":"0"},"geometry":{"type":"LineString","coordinates":[[11.90547,43.13872],[11.78007,43.18063],[11.77222,43.1892]]}},{"type":"Feature","properties":{"id":0,"name":null,"kind":"Secondary Road","period":"HRL","known":"0"},"geometry":{"type":"LineString","coordinates":[[12.7394,42.74614],[12.76867,42.75292],[12.79401,42.75399],[12.83648,42.75007],[12.85683,42.7622],[12.87075,42.78647],[12.88752,42.79754],[12.90394,42.81753],[12.92607,42.82574],[12.93892,42.82502],[12.94498,42.8211],[12.95498,42.80039],[12.96033,42.79611],[13.03439,42.79111],[13.06937,42.7954],[13.08972,42.79433]]}},{"type":"Feature","properties":{"id":0,"name":null,"kind":"Secondary Road","known":"0"},"geometry":{"type":"LineString","coordinates":[[13.05814,42.09194],[13.05754,42.0967],[13.04832,42.10652],[13.03077,42.13567]]}},{"type":"Feature","properties":{"id":0,"name":null,"kind":"Secondary Road","known":"0"},"geometry":{"type":"LineString","coordinates":[[13.39367,42.0895],[13.44102,42.11156],[13.50063,42.13012],[13.51241,42.14261]]}},{"type":"Feature","properties":{"id":636,"name":"Via Labicana","kind":"Main Road","known":"1"},"geometry":{"type":"LineString","coordinates":[[12.48687,41.89481],[12.49835,41.89832],[12.55493,41.8761],[12.63016,41.86231],[12.64753,41.85331],[12.69383,41.84945],[12.70926,41.83969],[12.72085,41.8392],[12.73235,41.8326],[12.76181,41.83224],[12.80221,41.82205],[12.83374,41.80391],[12.83724,41.79688],[12.85471,41.78688],[12.91601,41.77168],[12.92154,41.76606],[12.94446,41.75822],[12.96315,41.75596]]}},{"type":"Feature","properties":{"id":0,"name":"Via Cornelia","kind":"Secondary Road","period":"HRL","known":"0"},"geometry":{"type":"LineString","coordinates":[[12.42664,41.90232],[12.41034,41.90643],[12.40253,41.91176],[12.37798,41.91918],[12.37322,41.92461],[12.35166,41.93127],[12.33881,41.94678],[12.32687,41.96896],[12.31334,41.96489],[12.29482,41.96603],[12.26969,41.9696],[12.25652,41.97681],[12.22329,41.97295],[12.21201,41.9681],[12.16879,41.97617],[12.11414,41.97638],[12.10533,41.99123]]}},{"type":"Feature","properties":{"id":0,"name":"Via Triumphalis","kind":"Secondary Road","period":"ACHRL","known":"0"},"geometry":{"type":"LineString","coordinates":[[12.46372,41.89723],[12.44887,41.91755],[12.44306,41.93088],[12.42555,41.94144],[12.4126,41.95619],[12.40597,41.9892],[12.39608,42.011],[12.39893,42.01985],[12.40245,42.02033]]}},{"type":"Feature","properties":{"id":0,"name":null,"kind":"Secondary Road","period":"RL?","known":"1"},"geometry":{"type":"LineString","coordinates":[[13.10487,41.92593],[13.10202,41.92916],[13.07327,41.93221],[13.02283,41.99512],[13.01959,42.00854],[13.00093,42.0237]]}},{"type":"Feature","properties":{"id":0,"name":"Via Collatina","kind":"Secondary Road","period":"ACHRL","known":"1"},"geometry":{"type":"LineString","coordinates":[[12.66701,41.92498],[12.67122,41.92448],[12.66416,41.9172],[12.65502,41.91463],[12.60905,41.91642],[12.58728,41.90714],[12.54145,41.90035],[12.51199,41.90252]]}},{"type":"Feature","properties":{"id":0,"name":null,"kind":"Secondary Road","known":"1"},"geometry":{"type":"LineString","coordinates":[[12.51538,42.00242],[12.53644,42.01603],[12.55393,42.02217],[12.58998,42.02545],[12.6301,42.02481]]}},{"type":"Feature","properties":{"id":0,"name":null,"kind":"Secondary Road","period":"HRL","known":"0"},"geometry":{"type":"MultiLineString","coordinates":[[[12.26345,41.78703],[12.26692,41.79412],[12.2633,41.80105],[12.23933,41.82095]],[[12.23225,41.82728],[12.14722,41.9194],[12.11088,41.93779],[12.10093,41.93674]]]}},{"type":"Feature","properties":{"id":1217,"name":"Via Severiana","kind":"Main Road","known":"1"},"geometry":{"type":"LineString","coordinates":[[12.27451,41.75699],[12.25874,41.77573]]}},{"type":"Feature","properties":{"id":1202,"name":null,"kind":"Secondary Road","period":"R","known":"1"},"geometry":{"type":"LineString","coordinates":[[12.61811,41.76423],[12.62061,41.78082],[12.63534,41.82209],[12.68181,41.86311],[12.69178,41.87897],[12.7072,41.88878]]}},{"type":"Feature","properties":{"id":0,"name":null,"kind":"Secondary Road","known":"0"},"geometry":{"type":"LineString","coordinates":[[12.96165,41.4334],[12.94463,41.44613],[12.89057,41.46557],[12.86097,41.48251],[12.85564,41.50716],[12.82442,41.59368]]}},{"type":"Feature","properties":{"id":0,"name":null,"kind":"Secondary Road","known":"0"},"geometry":{"type":"LineString","coordinates":[[12.71316,41.79917],[12.72667,41.8006],[12.73258,41.80831],[12.75913,41.82049],[12.80006,41.82173],[12.80824,41.79946],[12.82528,41.78956],[12.83794,41.76424],[12.83794,41.75644],[12.84308,41.75329],[12.84736,41.74406],[12.85269,41.72388],[12.84936,41.70475],[12.85221,41.69219],[12.8465,41.68286],[12.84175,41.66278],[12.84431,41.65212],[12.83965,41.64384],[12.8367,41.62414],[12.82794,41.6131],[12.82157,41.5853],[12.8031,41.56065],[12.78226,41.51858],[12.746,41.4828],[12.74228,41.465],[12.74466,41.45586]]}},{"type":"Feature","properties":{"id":0,"name":null,"kind":"Secondary Road","known":"0"},"geometry":{"type":"LineString","coordinates":[[12.75884,41.45596],[12.77084,41.4729],[12.76573,41.50344]]}},{"type":"Feature","properties":{"id":0,"name":null,"kind":"Secondary Road","known":"0"},"geometry":{"type":"LineString","coordinates":[[12.76941,41.49489],[12.84184,41.49298],[12.85881,41.48661]]}},{"type":"Feature","properties":{"id":0,"name":null,"kind":"Secondary Road","known":"0"},"geometry":{"type":"LineString","coordinates":[[12.43187,41.64845],[12.44921,41.65723],[12.47148,41.66337]]}},{"type":"Feature","properties":{"id":0,"name":null,"kind":"Secondary Road","known":"0"},"geometry":{"type":"LineString","coordinates":[[12.4743,41.85148],[12.47915,41.84363],[12.47751,41.82993],[12.48272,41.8185],[12.47937,41.78802],[12.47137,41.76068],[12.4613,41.75047],[12.46516,41.74169],[12.45502,41.73092],[12.45295,41.71842],[12.46038,41.70843],[12.47144,41.704],[12.48193,41.68402],[12.47216,41.67388],[12.47191,41.66802]]}},{"type":"Feature","properties":{"id":0,"name":null,"kind":"Secondary Road","known":"0"},"geometry":{"type":"LineString","coordinates":[[12.62599,41.71835],[12.64904,41.7282],[12.65273,41.73267],[12.62599,41.73134],[12.58723,41.72192],[12.57017,41.71207],[12.52234,41.69929],[12.49321,41.67638],[12.47301,41.64476],[12.45203,41.63045]]}},{"type":"Feature","properties":{"id":0,"name":null,"kind":"Secondary Road","known":"0"},"geometry":{"type":"LineString","coordinates":[[12.47665,41.65025],[12.47994,41.63697],[12.49628,41.61013],[12.51377,41.59486],[12.50544,41.58335]]}},{"type":"Feature","properties":{"id":0,"name":null,"kind":"Secondary Road","known":"1"},"geometry":{"type":"LineString","coordinates":[[12.52605,41.57551],[12.52355,41.58572],[12.51377,41.59486],[12.53843,41.61224]]}},{"type":"Feature","properties":{"id":0,"name":null,"kind":"Secondary Road","known":"0"},"geometry":{"type":"LineString","coordinates":[[12.50899,41.58037],[12.54164,41.60909]]}},{"type":"Feature","properties":{"id":0,"name":null,"kind":"Secondary Road","known":"0"},"geometry":{"type":"LineString","coordinates":[[12.62991,41.53322],[12.60117,41.52561],[12.57885,41.51565]]}},{"type":"Feature","properties":{"id":0,"name":null,"kind":"Secondary Road","known":"0"},"geometry":{"type":"LineString","coordinates":[[12.5769,41.51847],[12.57813,41.52399],[12.55977,41.55083],[12.54044,41.591],[12.53059,41.5993]]}},{"type":"Feature","properties":{"id":0,"name":null,"kind":"Secondary Road","known":"1"},"geometry":{"type":"LineString","coordinates":[[12.62592,41.71823],[12.60878,41.7103],[12.59201,41.6941],[12.63651,41.67097],[12.65602,41.70038]]}},{"type":"Feature","properties":{"id":0,"name":null,"kind":"Secondary Road","known":"1"},"geometry":{"type":"LineString","coordinates":[[12.65666,41.72908],[12.65203,41.70656],[12.65983,41.69857],[12.67021,41.6999],[12.70276,41.72293],[12.71408,41.71875],[12.71256,41.70951],[12.70885,41.7058]]}},{"type":"Feature","properties":{"id":1216,"name":null,"kind":"Secondary Road","known":"1"},"geometry":{"type":"LineString","coordinates":[[12.77186,41.68543],[12.74625,41.68039],[12.69943,41.68277],[12.69743,41.68001]]}},{"type":"Feature","properties":{"id":0,"name":null,"kind":"Secondary Road","known":"1"},"geometry":{"type":"LineString","coordinates":[[12.61883,41.75296],[12.64544,41.75247],[12.64915,41.74484]]}},{"type":"Feature","properties":{"id":0,"name":null,"kind":"Secondary Road","known":"0"},"geometry":{"type":"LineString","coordinates":[[12.61811,41.76423],[12.64923,41.76404]]}},{"type":"Feature","properties":{"id":0,"name":null,"kind":"Secondary Road","known":"0"},"geometry":{"type":"LineString","coordinates":[[12.62574,41.7574],[12.63752,41.75826],[12.64692,41.76379]]}},{"type":"Feature","properties":{"id":0,"name":null,"kind":"Secondary Road","known":"0"},"geometry":{"type":"LineString","coordinates":[[12.64537,41.75247],[12.64437,41.75854],[12.65187,41.76575],[12.66593,41.7654],[12.68435,41.75462],[12.68506,41.73955]]}},{"type":"Feature","properties":{"id":0,"name":null,"kind":"Secondary Road","known":"0"},"geometry":{"type":"LineString","coordinates":[[12.6695,41.72306],[12.67842,41.73484],[12.68991,41.73763],[12.69627,41.7427],[12.69748,41.75219],[12.70626,41.76382],[12.71676,41.78738],[12.71261,41.79795]]}},{"type":"Feature","properties":{"id":0,"name":null,"kind":"Secondary Road","known":"1"},"geometry":{"type":"LineString","coordinates":[[12.69943,41.68277],[12.69662,41.70243],[12.67642,41.71835],[12.66885,41.71766],[12.65602,41.70038],[12.63759,41.69715],[12.60104,41.66788],[12.57442,41.65689],[12.55457,41.63576],[12.54969,41.6168]]}},{"type":"Feature","properties":{"id":0,"name":null,"kind":"Secondary Road","known":"1"},"geometry":{"type":"LineString","coordinates":[[12.53924,41.60503],[12.6009,41.61278],[12.63795,41.63091],[12.6533,41.64914],[12.63651,41.67097]]}},{"type":"Feature","properties":{"id":0,"name":null,"kind":"Secondary Road","known":"0"},"geometry":{"type":"LineString","coordinates":[[12.56107,41.61999],[12.59419,41.63041],[12.61649,41.64383],[12.62063,41.64683],[12.62156,41.65753],[12.63657,41.67091]]}},{"type":"Feature","properties":{"id":0,"name":null,"kind":"Secondary Road","known":"1"},"geometry":{"type":"LineString","coordinates":[[12.67488,41.66831],[12.69009,41.68002],[12.69251,41.68038],[12.69316,41.67666]]}},{"type":"Feature","properties":{"id":0,"name":null,"kind":"Secondary Road","known":"0"},"geometry":{"type":"LineString","coordinates":[[12.80465,41.61379],[12.78919,41.60992],[12.77505,41.61063],[12.742,41.62848],[12.71352,41.61206],[12.69672,41.59101],[12.6769,41.60535],[12.66919,41.63198],[12.65324,41.6496]]}},{"type":"Feature","properties":{"id":0,"name":null,"kind":"Secondary Road","known":"0"},"geometry":{"type":"LineString","coordinates":[[12.6207,41.6469],[12.63483,41.65725],[12.67488,41.66831],[12.67238,41.66189],[12.65518,41.64847]]}},{"type":"Feature","properties":{"id":0,"name":null,"kind":"Secondary Road","known":"0"},"geometry":{"type":"LineString","coordinates":[[12.94157,41.50751],[12.94633,41.52394],[12.94747,41.54371],[12.95347,41.55713],[12.97253,41.57062],[12.97795,41.56734],[12.97738,41.55813],[12.98545,41.55221],[12.9863,41.54478],[13.00636,41.53629],[13.02564,41.51759],[13.04398,41.50731],[13.05237,41.50898],[13.06745,41.50547],[13.08616,41.51032],[13.09822,41.51739],[13.12463,41.51753],[13.15097,41.5286],[13.15183,41.53445],[13.16561,41.54616],[13.16418,41.55951],[13.15335,41.5646],[13.14548,41.57307],[13.12642,41.57464],[13.09708,41.59998],[13.07059,41.61026],[13.04126,41.63353],[13.03248,41.65402],[13.03662,41.66929],[13.02505,41.69028]]}},{"type":"Feature","properties":{"id":0,"name":null,"kind":"Secondary Road","known":"0"},"geometry":{"type":"LineString","coordinates":[[12.33947,41.81649],[12.3182,41.83136],[12.28472,41.83336],[12.23076,41.88632],[12.25852,41.90674],[12.27437,41.93237],[12.29414,41.95043],[12.30235,41.96799],[12.30614,41.99418],[12.31249,42.00168],[12.31842,42.04351]]}},{"type":"Feature","properties":{"id":0,"name":null,"kind":"Secondary Road","known":"1"},"geometry":{"type":"MultiLineString","coordinates":[[[12.09629,42.00106],[12.09322,42.00056],[12.09037,42.00513],[12.10186,42.01348],[12.107,42.01256]],[[12.10388,42.01372],[12.1055,42.0162],[12.10885,42.01406]]]}},{"type":"Feature","properties":{"id":0,"name":null,"kind":"Secondary Road","known":"1"},"geometry":{"type":"LineString","coordinates":[[12.11621,42.01762],[12.12135,42.04275]]}},{"type":"Feature","properties":{"id":0,"name":null,"kind":"Secondary Road","known":"0"},"geometry":{"type":"LineString","coordinates":[[12.08066,42.04282],[12.09265,42.02491],[12.1055,42.0162]]}},{"type":"Feature","properties":{"id":0,"name":null,"kind":"Secondary Road","known":"0"},"geometry":{"type":"LineString","coordinates":[[12.04197,42.03452],[12.05289,42.02303],[12.09001,41.99604]]}},{"type":"Feature","properties":{"id":0,"name":null,"kind":"Secondary Road","known":"1"},"geometry":{"type":"LineString","coordinates":[[12.04225,42.00946],[12.08044,42.00175]]}},{"type":"Feature","properties":{"id":0,"name":null,"kind":"Secondary Road","known":"1"},"geometry":{"type":"MultiLineString","coordinates":[[[12.09717,41.99401],[12.10533,41.99123],[12.11666,42.00186],[12.11966,42.00964],[12.11317,42.00728]],[[12.11966,42.00964],[12.12387,42.01792],[12.12909,42.02077]]]}},{"type":"Feature","properties":{"id":0,"name":null,"kind":"Secondary Road","known":"1"},"geometry":{"type":"LineString","coordinates":[[12.12196,41.96604],[12.10093,41.93674],[12.12789,41.94]]}},{"type":"Feature","properties":{"id":0,"name":null,"kind":"Secondary Road","known":"0"},"geometry":{"type":"LineString","coordinates":[[12.09822,41.99818],[12.07416,41.99269],[12.0556,41.97556],[12.04589,41.96192],[12.08922,41.94586],[12.10093,41.93674],[12.09684,41.96108],[12.09672,41.9969],[12.09893,41.9974]]}},{"type":"Feature","properties":{"id":0,"name":null,"kind":"Secondary Road","known":"0"},"geometry":{"type":"LineString","coordinates":[[12.19774,41.92208],[12.22105,41.93275]]}},{"type":"Feature","properties":{"id":0,"name":null,"kind":"Secondary Road","known":"1"},"geometry":{"type":"LineString","coordinates":[[12.2244,41.93368],[12.23025,41.92611],[12.22965,41.92257]]}},{"type":"Feature","properties":{"id":0,"name":null,"kind":"Secondary Road","known":"0"},"geometry":{"type":"LineString","coordinates":[[12.19234,41.86968],[12.22511,41.88238],[12.27708,41.89166],[12.29621,41.88717],[12.33058,41.88789]]}},{"type":"Feature","properties":{"id":0,"name":null,"kind":"Secondary Road","known":"0"},"geometry":{"type":"LineString","coordinates":[[12.34586,41.82207],[12.33958,41.82442],[12.33994,41.83249],[12.32387,41.8629],[12.33358,41.88824],[12.33365,41.89695],[12.34815,41.91337],[12.35166,41.93127]]}},{"type":"Feature","properties":{"id":0,"name":null,"kind":"Secondary Road","known":"0"},"geometry":{"type":"LineString","coordinates":[[12.35698,41.93063],[12.38274,41.95736],[12.4095,41.96835]]}},{"type":"Feature","properties":{"id":0,"name":null,"kind":"Secondary Road","known":"0"},"geometry":{"type":"LineString","coordinates":[[12.32699,41.969],[12.35305,41.99655],[12.39657,42.01494]]}},{"type":"Feature","properties":{"id":0,"name":null,"kind":"Secondary Road","known":"0"},"geometry":{"type":"LineString","coordinates":[[12.37432,42.00548],[12.3654,41.97086],[12.34691,41.93853]]}},{"type":"Feature","properties":{"id":0,"name":null,"kind":"Main Road","known":"1"},"geometry":{"type":"LineString","coordinates":[[12.44313,41.90469],[12.44715,41.90304],[12.46867,41.90713]]}},{"type":"Feature","properties":{"id":0,"name":null,"kind":"Secondary Road","known":"0"},"geometry":{"type":"LineString","coordinates":[[12.505,41.93021],[12.51237,41.92296]]}},{"type":"Feature","properties":{"id":0,"name":null,"kind":"Secondary Road","known":"1"},"geometry":{"type":"LineString","coordinates":[[12.50301,41.91595],[12.52214,41.91001]]}},{"type":"Feature","properties":{"id":0,"name":null,"kind":"Secondary Road","known":"1"},"geometry":{"type":"LineString","coordinates":[[12.56678,41.93094],[12.54596,41.96181],[12.51598,41.97181]]}},{"type":"Feature","properties":{"id":0,"name":null,"kind":"Secondary Road","known":"1"},"geometry":{"type":"LineString","coordinates":[[12.50498,41.97097],[12.53376,41.9346],[12.53484,41.94861],[12.54263,41.95807],[12.5509,41.97692],[12.54953,41.9956],[12.55352,42.00696],[12.54712,42.0204],[12.56571,42.0078],[12.57559,41.99513]]}},{"type":"Feature","properties":{"id":0,"name":null,"kind":"Secondary Road","known":"1"},"geometry":{"type":"LineString","coordinates":[[12.61729,42.00066],[12.58332,41.99203],[12.57606,41.99352],[12.58088,42.01434],[12.59772,42.03457]]}},{"type":"Feature","properties":{"id":0,"name":null,"kind":"Secondary Road","known":"1"},"geometry":{"type":"LineString","coordinates":[[12.61027,42.03421],[12.63726,42.02068]]}},{"type":"Feature","properties":{"id":0,"name":null,"kind":"Secondary Road","known":"1"},"geometry":{"type":"LineString","coordinates":[[12.75801,42.01471],[12.74295,42.0267],[12.75365,42.03734]]}},{"type":"Feature","properties":{"id":0,"name":null,"kind":"Secondary Road","known":"1"},"geometry":{"type":"LineString","coordinates":[[12.74073,42.02692],[12.70882,42.02799],[12.67406,42.0222],[12.65778,42.02684],[12.64672,42.02556]]}},{"type":"Feature","properties":{"id":0,"name":null,"kind":"Secondary Road","known":"1"},"geometry":{"type":"LineString","coordinates":[[12.6373,42.04355],[12.64672,42.02556],[12.66357,42.01071],[12.67071,42.00614],[12.68984,42.0025]]}},{"type":"Feature","properties":{"id":0,"name":null,"kind":"Secondary Road","known":"0"},"geometry":{"type":"LineString","coordinates":[[12.99775,42.02434],[12.99291,42.01745],[13.00269,42.01053],[13.00997,41.99425],[13.00619,41.97705],[13.02503,41.9557],[13.01682,41.95663],[13.00904,41.95085],[12.98705,41.9445],[12.98577,41.938],[12.97963,41.93515],[12.95586,41.90602],[12.956,41.89624],[12.97092,41.89331],[12.97613,41.88339],[12.97242,41.86804],[12.97435,41.85127],[12.97192,41.83071],[12.96849,41.82207]]}},{"type":"Feature","properties":{"id":0,"name":null,"kind":"Secondary Road","known":"1"},"geometry":{"type":"LineString","coordinates":[[12.73803,41.62716],[12.7366,41.64331]]}},{"type":"Feature","properties":{"id":0,"name":null,"kind":"Secondary Road","known":"0"},"geometry":{"type":"LineString","coordinates":[[12.72289,41.67681],[12.72613,41.66806],[12.73374,41.66102],[12.7366,41.64331],[12.74792,41.66178],[12.77309,41.67553],[12.78152,41.6594],[12.78209,41.6514],[12.79133,41.63636],[12.79391,41.62201]]}},{"type":"Feature","properties":{"id":0,"name":null,"kind":"Secondary Road","known":"0"},"geometry":{"type":"LineString","coordinates":[[12.82337,41.64561],[12.84796,41.64531],[12.89031,41.65045]]}},{"type":"Feature","properties":{"id":0,"name":null,"kind":"Secondary Road","known":"0"},"geometry":{"type":"LineString","coordinates":[[12.77372,41.68262],[12.80075,41.68843],[12.83187,41.68452],[12.84558,41.6869],[12.86024,41.68348],[12.87023,41.67853],[12.87442,41.66416],[12.88631,41.65235],[12.90659,41.64398]]}},{"type":"Feature","properties":{"id":0,"name":null,"kind":"Secondary Road","known":"0"},"geometry":{"type":"LineString","coordinates":[[12.88621,41.77792],[12.87844,41.75533],[12.8826,41.73259],[12.87499,41.71984],[12.87813,41.68881],[12.87413,41.67215],[12.86204,41.65702],[12.85624,41.63998],[12.85662,41.62561],[12.86119,41.61514]]}},{"type":"Feature","properties":{"id":0,"name":null,"kind":"Secondary Road","known":"0"},"geometry":{"type":"LineString","coordinates":[[12.8251,41.5978],[12.85376,41.61257],[12.87423,41.61933],[12.89916,41.64169],[12.90659,41.64398]]}},{"type":"Feature","properties":{"id":0,"name":null,"kind":"Secondary Road","known":"0"},"geometry":{"type":"LineString","coordinates":[[12.69973,41.55237],[12.71204,41.54471],[12.73336,41.53843],[12.75668,41.51549],[12.7702,41.51273],[12.78209,41.51634],[12.79894,41.52681],[12.8405,41.5445],[12.89222,41.57669],[12.89824,41.58699],[12.89802,41.60705],[12.89105,41.63259]]}},{"type":"Feature","properties":{"id":0,"name":null,"kind":"Secondary Road","known":"0"},"geometry":{"type":"LineString","coordinates":[[13.03066,41.6831],[13.04155,41.67919],[13.07077,41.6831],[13.08962,41.67291],[13.10237,41.65426],[13.10161,41.65102],[13.06887,41.62989],[13.08329,41.60698]]}},{"type":"Feature","properties":{"id":0,"name":null,"kind":"Secondary Road","known":"0"},"geometry":{"type":"LineString","coordinates":[[12.91934,41.64046],[12.92048,41.63389],[12.92924,41.6258],[12.93647,41.61],[12.9497,41.60657],[12.94789,41.59877],[12.9597,41.59677],[12.96588,41.58735],[12.98016,41.57669],[12.99034,41.58107],[13.0071,41.58192],[13.01547,41.59744],[13.0326,41.60962],[13.05478,41.6061],[13.07058,41.60581],[13.07668,41.60859]]}},{"type":"Feature","properties":{"id":0,"name":null,"kind":"Secondary Road","known":"0"},"geometry":{"type":"LineString","coordinates":[[13.00424,41.68795],[12.99958,41.6851],[12.99434,41.67377],[12.9853,41.66853],[12.99177,41.65264],[13.00081,41.64236],[13.00519,41.62304],[13.01357,41.61371],[13.03584,41.60258],[13.04736,41.58906],[13.0583,41.58706],[13.07743,41.57459],[13.07705,41.56336],[13.08429,41.55727],[13.08676,41.5449],[13.09399,41.53909],[13.08581,41.51815],[13.06572,41.50534]]}},{"type":"Feature","properties":{"id":0,"name":null,"kind":"Secondary Road","known":"0"},"geometry":{"type":"LineString","coordinates":[[12.97683,41.56926],[12.99053,41.57612],[13.02223,41.56184],[13.02394,41.55718],[13.05126,41.53547],[13.06001,41.52386],[13.06116,41.51263],[13.05459,41.50254],[13.05821,41.49874]]}},{"type":"Feature","properties":{"id":0,"name":null,"kind":"Secondary Road","known":"0"},"geometry":{"type":"LineString","coordinates":[[13.16576,41.49007],[13.12569,41.48712],[13.1018,41.4758],[13.05687,41.48808],[13.03118,41.50207],[13.00719,41.50635],[12.99605,41.51178],[12.98026,41.53519],[12.97701,41.5549]]}},{"type":"Feature","properties":{"id":0,"name":null,"kind":"Secondary Road","known":"0"},"geometry":{"type":"LineString","coordinates":[[12.96454,41.58905],[12.95871,41.5911],[12.96178,41.58731],[12.9565,41.5891],[12.97014,41.5791],[12.9734,41.57059]]}},{"type":"Feature","properties":{"id":0,"name":null,"kind":"Secondary Road","known":"0"},"geometry":{"type":"LineString","coordinates":[[12.97249,41.57061],[12.96657,41.57703],[12.95579,41.58175],[12.93273,41.57739],[12.89137,41.54628]]}},{"type":"Feature","properties":{"id":0,"name":null,"kind":"Secondary Road"},"geometry":{"type":"LineString","coordinates":[[12.89868,41.57996],[12.93701,41.59095]]}},{"type":"Feature","properties":{"id":0,"name":null,"kind":"Secondary Road","known":"1"},"geometry":{"type":"LineString","coordinates":[[12.91934,41.64046],[12.9061,41.6395],[12.90389,41.63521],[12.92174,41.60323],[12.93923,41.58924],[12.94822,41.5906],[12.96137,41.58572]]}},{"type":"Feature","properties":{"id":0,"name":null,"kind":"Secondary Road","known":"0"},"geometry":{"type":"LineString","coordinates":[[12.95495,41.59486],[12.96344,41.61285],[12.98429,41.62006],[13.00528,41.62298]]}},{"type":"Feature","properties":{"id":0,"name":null,"kind":"Secondary Road","known":"0"},"geometry":{"type":"LineString","coordinates":[[12.91999,41.64083],[12.92418,41.64626],[12.93198,41.64759],[12.97938,41.63588],[13.00279,41.63552]]}},{"type":"Feature","properties":{"id":0,"name":null,"kind":"Secondary Road","known":"0"},"geometry":{"type":"LineString","coordinates":[[12.92142,41.64483],[12.90248,41.65406],[12.89667,41.66291],[12.89648,41.67367],[12.90714,41.67605],[12.9,41.67995],[12.89857,41.69594]]}},{"type":"Feature","properties":{"id":0,"name":null,"kind":"Secondary Road","known":"0"},"geometry":{"type":"LineString","coordinates":[[12.78503,41.69451],[12.83223,41.70118],[12.85217,41.69892],[12.86393,41.7165],[12.8767,41.72402]]}},{"type":"Feature","properties":{"id":0,"name":null,"kind":"Secondary Road","known":"0"},"geometry":{"type":"LineString","coordinates":[[12.5064,41.87685],[12.50915,41.86829],[12.54534,41.83909],[12.59152,41.81011],[12.62957,41.7812],[12.64378,41.77635],[12.66905,41.77406],[12.6804,41.75691]]}},{"type":"Feature","properties":{"id":0,"name":null,"kind":"Secondary Road","known":"0"},"geometry":{"type":"LineString","coordinates":[[12.55911,41.91966],[12.55668,41.91091],[12.55877,41.89473],[12.57533,41.85342],[12.57888,41.83649],[12.60073,41.85314],[12.63016,41.86231],[12.6582,41.87898],[12.6949,41.89252],[12.6557,41.9029],[12.6413,41.91372]]}},{"type":"Feature","properties":{"id":0,"name":null,"kind":"Secondary Road","known":"1"},"geometry":{"type":"LineString","coordinates":[[12.55785,41.87566],[12.60659,41.8797],[12.63485,41.88577],[12.66708,41.88239]]}},{"type":"Feature","properties":{"id":0,"name":null,"kind":"Secondary Road","known":"0"},"geometry":{"type":"LineString","coordinates":[[12.55458,41.81174],[12.54916,41.87398],[12.52831,41.917],[12.52593,41.92871]]}},{"type":"Feature","properties":{"id":0,"name":null,"kind":"Secondary Road","known":"0"},"geometry":{"type":"LineString","coordinates":[[12.52239,41.90146],[12.52942,41.91098]]}},{"type":"Feature","properties":{"id":0,"name":null,"kind":"Secondary Road","known":"0"},"geometry":{"type":"LineString","coordinates":[[12.51823,41.89119],[12.57562,41.88636]]}},{"type":"Feature","properties":{"id":0,"name":null,"kind":"Secondary Road","known":"0"},"geometry":{"type":"LineString","coordinates":[[12.56001,41.77319],[12.572,41.78766],[12.58348,41.79563]]}},{"type":"Feature","properties":{"id":0,"name":null,"kind":"Secondary Road","known":"0"},"geometry":{"type":"LineString","coordinates":[[12.57885,41.83629],[12.56667,41.82259],[12.55829,41.80079],[12.56077,41.77652],[12.55382,41.7533],[12.57333,41.7118],[12.59201,41.6941],[12.57923,41.67544]]}},{"type":"Feature","properties":{"id":0,"name":null,"kind":"Secondary Road"},"geometry":{"type":"LineString","coordinates":[[12.54126,41.71028],[12.56677,41.696],[12.57267,41.68715]]}},{"type":"Feature","properties":{"id":0,"name":null,"kind":"Secondary Road","known":"0"},"geometry":{"type":"LineString","coordinates":[[12.54059,41.66516],[12.55249,41.66802],[12.58387,41.70072]]}},{"type":"Feature","properties":{"id":0,"name":null,"kind":"Secondary Road","known":"1"},"geometry":{"type":"LineString","coordinates":[[12.57295,41.68696],[12.57929,41.67555],[12.57473,41.65703]]}},{"type":"Feature","properties":{"id":0,"name":null,"kind":"Secondary Road","known":"0"},"geometry":{"type":"LineString","coordinates":[[12.51206,41.79493],[12.49759,41.77798],[12.49749,41.75448],[12.50254,41.74439],[12.50187,41.73354]]}},{"type":"Feature","properties":{"id":0,"name":null,"kind":"Secondary Road","known":"0"},"geometry":{"type":"LineString","coordinates":[[12.46504,41.74001],[12.4757,41.73411],[12.50187,41.73354],[12.51444,41.72288],[12.51672,41.71403],[12.52576,41.70784],[12.523,41.69718],[12.52452,41.6869],[12.53014,41.67719],[12.5369,41.67292]]}},{"type":"Feature","properties":{"id":0,"name":null,"kind":"Secondary Road","known":"0"},"geometry":{"type":"LineString","coordinates":[[12.46161,41.70774],[12.4718,41.71945],[12.48217,41.72269],[12.57186,41.71759]]}},{"type":"Feature","properties":{"id":0,"name":null,"kind":"Secondary Road","known":"0"},"geometry":{"type":"LineString","coordinates":[[12.5685,41.72409],[12.61253,41.73466]]}},{"type":"Feature","properties":{"id":0,"name":null,"kind":"Secondary Road"},"geometry":{"type":"LineString","coordinates":[[12.58725,41.72963],[12.58971,41.72253]]}},{"type":"Feature","properties":{"id":0,"name":null,"kind":"Secondary Road","known":"0"},"geometry":{"type":"LineString","coordinates":[[12.56282,41.73284],[12.61193,41.7404]]}},{"type":"Feature","properties":{"id":0,"name":null,"kind":"Secondary Road","known":"0"},"geometry":{"type":"LineString","coordinates":[[12.61361,41.74543],[12.56973,41.74705]]}},{"type":"Feature","properties":{"id":0,"name":null,"kind":"Secondary Road","known":"0"},"geometry":{"type":"LineString","coordinates":[[12.60248,41.74562],[12.60166,41.7396]]}},{"type":"Feature","properties":{"id":0,"name":null,"kind":"Secondary Road","known":"0"},"geometry":{"type":"LineString","coordinates":[[12.57012,41.73487],[12.56935,41.76142],[12.58258,41.77903],[12.59357,41.78649]]}},{"type":"Feature","properties":{"id":0,"name":null,"kind":"Secondary Road","known":"0"},"geometry":{"type":"LineString","coordinates":[[12.4121,41.78312],[12.39506,41.7599],[12.39621,41.71184],[12.38917,41.68359]]}},{"type":"Feature","properties":{"id":0,"name":null,"kind":"Secondary Road","known":"0"},"geometry":{"type":"LineString","coordinates":[[12.35376,41.80016],[12.35633,41.78874],[12.41908,41.71592]]}},{"type":"Feature","properties":{"id":0,"name":null,"kind":"Secondary Road","known":"0"},"geometry":{"type":"LineString","coordinates":[[12.39554,41.79807],[12.40861,41.78506],[12.42914,41.77399],[12.44684,41.75095],[12.46297,41.74689]]}},{"type":"Feature","properties":{"id":0,"name":null,"kind":"Secondary Road","known":"0"},"geometry":{"type":"LineString","coordinates":[[12.44798,41.75019],[12.4437,41.71146],[12.43476,41.69757]]}},{"type":"Feature","properties":{"id":0,"name":null,"kind":"Secondary Road","known":"0"},"geometry":{"type":"LineString","coordinates":[[12.41144,41.80038],[12.44222,41.79641],[12.51018,41.76229],[12.6104,41.76]]}},{"type":"Feature","properties":{"id":0,"name":null,"kind":"Secondary Road","known":"0"},"geometry":{"type":"LineString","coordinates":[[12.58842,41.79127],[12.61483,41.79213]]}},{"type":"Feature","properties":{"id":0,"name":null,"kind":"Secondary Road","known":"1"},"geometry":{"type":"LineString","coordinates":[[12.56857,41.80926],[12.59138,41.8102]]}},{"type":"Feature","properties":{"id":0,"name":null,"kind":"Secondary Road","known":"0"},"geometry":{"type":"LineString","coordinates":[[12.61112,41.75814],[12.60241,41.77071],[12.57475,41.79022],[12.52175,41.81539],[12.51461,41.8261]]}},{"type":"Feature","properties":{"id":0,"name":null,"kind":"Secondary Road","known":"0"},"geometry":{"type":"LineString","coordinates":[[12.55858,41.78941],[12.52303,41.79841],[12.50947,41.80512],[12.48377,41.8084],[12.4625,41.81811],[12.44608,41.8311]]}},{"type":"Feature","properties":{"id":0,"name":null,"kind":"Secondary Road","known":"0"},"geometry":{"type":"LineString","coordinates":[[12.41181,41.81746],[12.41553,41.82946],[12.42509,41.83645],[12.41881,41.84773],[12.41738,41.85972],[12.42986,41.89314],[12.42095,41.92204],[12.42581,41.94139]]}},{"type":"Feature","properties":{"id":0,"name":null,"kind":"Secondary Road","known":"1"},"geometry":{"type":"LineString","coordinates":[[12.46933,41.92696],[12.47963,41.93182],[12.49038,41.92474]]}},{"type":"Feature","properties":{"id":0,"name":null,"kind":"Secondary Road","known":"0"},"geometry":{"type":"LineString","coordinates":[[12.53559,41.95102],[12.53331,41.95945],[12.53559,41.99671],[12.54216,42.00485]]}},{"type":"Feature","properties":{"id":0,"name":null,"kind":"Secondary Road","known":"1"},"geometry":{"type":"LineString","coordinates":[[12.578,41.99171],[12.54844,41.97815],[12.53495,41.97769],[12.52888,41.98172]]}},{"type":"Feature","properties":{"id":0,"name":null,"kind":"Secondary Road","known":"1"},"geometry":{"type":"LineString","coordinates":[[12.54445,42.0187],[12.54173,42.00656],[12.54387,41.99742],[12.54944,41.99443]]}},{"type":"Feature","properties":{"id":0,"name":null,"kind":"Secondary Road","known":"0"},"geometry":{"type":"LineString","coordinates":[[12.40396,42.01798],[12.41653,42.00513],[12.45607,41.99086],[12.47106,41.97915],[12.48206,41.96045]]}},{"type":"Feature","properties":{"id":0,"name":null,"kind":"Secondary Road","known":"0"},"geometry":{"type":"LineString","coordinates":[[12.11414,41.97638],[12.12196,41.96604],[12.14955,41.9436],[12.151,41.93873],[12.14779,41.95165],[12.1592,41.9767],[12.16326,42.00071],[12.18353,42.01377],[12.20323,42.04304]]}},{"type":"Feature","properties":{"id":0,"name":null,"kind":"Secondary Road","known":"0"},"geometry":{"type":"LineString","coordinates":[[12.20331,41.91902],[12.23088,41.88673]]}},{"type":"Feature","properties":{"id":0,"name":null,"kind":"Secondary Road","known":"0"},"geometry":{"type":"LineString","coordinates":[[12.27923,41.83807],[12.35389,41.84848],[12.39791,41.86245],[12.42022,41.8809],[12.44431,41.88342],[12.45968,41.89209]]}},{"type":"Feature","properties":{"id":0,"name":null,"kind":"Secondary Road","known":"0"},"geometry":{"type":"LineString","coordinates":[[12.47777,41.82944],[12.51547,41.83167]]}},{"type":"Feature","properties":{"id":0,"name":null,"kind":"Secondary Road","known":"0"},"geometry":{"type":"LineString","coordinates":[[12.47703,41.86394],[12.49254,41.86266]]}},{"type":"Feature","properties":{"id":0,"name":null,"kind":"Secondary Road","known":"0"},"geometry":{"type":"LineString","coordinates":[[12.48,41.79189],[12.50112,41.79977],[12.51114,41.81773]]}},{"type":"Feature","properties":{"id":0,"name":null,"kind":"Secondary Road","known":"0"},"geometry":{"type":"LineString","coordinates":[[12.62366,41.75635],[12.63705,41.77018],[12.63854,41.77837]]}},{"type":"Feature","properties":{"id":0,"name":null,"kind":"Secondary Road"},"geometry":{"type":"LineString","coordinates":[[12.66121,41.7663],[12.66241,41.77112],[12.65865,41.77474]]}},{"type":"Feature","properties":{"id":0,"name":null,"kind":"Secondary Road","known":"1"},"geometry":{"type":"LineString","coordinates":[[12.60075,41.86557],[12.61734,41.85412],[12.62322,41.83678]]}},{"type":"Feature","properties":{"id":0,"name":null,"kind":"Secondary Road","known":"1"},"geometry":{"type":"LineString","coordinates":[[12.63754,41.82472],[12.62322,41.83678],[12.59744,41.84492],[12.58658,41.85638],[12.56433,41.92142]]}},{"type":"Feature","properties":{"id":0,"name":null,"kind":"Secondary Road","known":"1"},"geometry":{"type":"LineString","coordinates":[[12.56608,41.92173],[12.58402,41.91721],[12.59306,41.90364],[12.60663,41.86663],[12.6095,41.80881],[12.63369,41.78004]]}},{"type":"Feature","properties":{"id":0,"name":null,"kind":"Secondary Road","known":"0"},"geometry":{"type":"LineString","coordinates":[[12.75544,41.86181],[12.75875,41.83783],[12.76282,41.82984],[12.75664,41.81673],[12.75951,41.80399],[12.7574,41.7969],[12.76735,41.78499],[12.7687,41.7666],[12.77443,41.75303],[12.77338,41.74602]]}},{"type":"Feature","properties":{"id":0,"name":null,"kind":"Secondary Road","known":"0"},"geometry":{"type":"LineString","coordinates":[[12.67794,41.81334],[12.68121,41.75644],[12.71925,41.73185]]}},{"type":"Feature","properties":{"id":0,"name":null,"kind":"Secondary Road","known":"1"},"geometry":{"type":"LineString","coordinates":[[12.65005,41.85299],[12.65714,41.8459],[12.67161,41.83927],[12.68111,41.80957],[12.70327,41.80007]]}},{"type":"Feature","properties":{"id":0,"name":null,"kind":"Secondary Road","known":"1"},"geometry":{"type":"LineString","coordinates":[[12.68654,41.79283],[12.69784,41.80097]]}},{"type":"Feature","properties":{"id":0,"name":null,"kind":"Secondary Road","known":"0"},"geometry":{"type":"LineString","coordinates":[[12.73267,41.80783],[12.74322,41.83185]]}},{"type":"Feature","properties":{"id":0,"name":null,"kind":"Secondary Road","known":"1"},"geometry":{"type":"LineString","coordinates":[[12.74307,41.83165],[12.74473,41.8404],[12.7574,41.8419],[12.79946,41.8603],[12.79901,41.86557],[12.8029,41.87037]]}},{"type":"Feature","properties":{"id":0,"name":null,"kind":"Secondary Road","known":"0"},"geometry":{"type":"LineString","coordinates":[[12.8563,41.82698],[12.86127,41.83602],[12.88554,41.84643],[12.88012,41.85653],[12.84589,41.86497],[12.83609,41.87537],[12.83805,41.90786],[12.83263,41.90922],[12.83413,41.9246],[12.82705,41.9454],[12.82117,41.95113],[12.86082,41.93681],[12.87424,41.91314],[12.88479,41.90786],[12.88509,41.90002],[12.89293,41.89143],[12.89248,41.88186],[12.90183,41.86799],[12.89806,41.85623],[12.89564,41.85336],[12.86323,41.85397]]}},{"type":"Feature","properties":{"id":0,"name":null,"kind":"Secondary Road","known":"0"},"geometry":{"type":"LineString","coordinates":[[12.90183,41.86648],[12.91313,41.86934],[12.92534,41.86512],[12.95143,41.86392],[12.94826,41.87417],[12.95339,41.89377],[12.95651,41.8957]]}},{"type":"Feature","properties":{"id":0,"name":null,"kind":"Secondary Road"},"geometry":{"type":"LineString","coordinates":[[12.89384,41.83844],[12.91117,41.84145],[12.91962,41.83829],[12.93002,41.84326],[12.94027,41.84914],[12.94027,41.85653],[12.94481,41.86384]]}},{"type":"Feature","properties":{"id":0,"name":null,"kind":"Secondary Road","known":"0"},"geometry":{"type":"LineString","coordinates":[[12.84699,41.74464],[12.85562,41.78659],[12.86896,41.81017],[12.86836,41.82283]]}},{"type":"Feature","properties":{"id":0,"name":null,"kind":"Secondary Road","known":"0"},"geometry":{"type":"LineString","coordinates":[[12.88162,41.78183],[12.88808,41.83548]]}},{"type":"Feature","properties":{"id":0,"name":null,"kind":"Secondary Road","known":"0"},"geometry":{"type":"LineString","coordinates":[[12.70372,41.73426],[12.74262,41.73155],[12.7889,41.75069],[12.7972,41.76049],[12.79493,41.76994],[12.79069,41.77032],[12.79267,41.77678],[12.8277,41.78442],[12.84255,41.79497]]}},{"type":"Feature","properties":{"id":0,"name":null,"kind":"Secondary Road","known":"1"},"geometry":{"type":"LineString","coordinates":[[12.84273,41.79509],[12.88147,41.83746]]}},{"type":"Feature","properties":{"id":0,"name":null,"kind":"Secondary Road","known":"1"},"geometry":{"type":"LineString","coordinates":[[12.80458,41.81861],[12.82795,41.82871],[12.84047,41.8263],[12.87255,41.82738],[12.88584,41.83384]]}},{"type":"Feature","properties":{"id":0,"name":null,"kind":"Secondary Road","known":"0"},"geometry":{"type":"LineString","coordinates":[[12.7779,41.82803],[12.74101,41.88485],[12.72061,41.87914],[12.70267,41.87854]]}},{"type":"Feature","properties":{"id":0,"name":null,"kind":"Secondary Road"},"geometry":{"type":"LineString","coordinates":[[12.69482,41.89253],[12.67097,41.9242],[12.68126,41.92143],[12.70086,41.89445]]}},{"type":"Feature","properties":{"id":0,"name":null,"kind":"Secondary Road","known":"0"},"geometry":{"type":"LineString","coordinates":[[12.68983,42.0025],[12.71277,41.99131],[12.77549,41.9693]]}},{"type":"Feature","properties":{"id":0,"name":null,"kind":"Secondary Road","known":"0"},"geometry":{"type":"LineString","coordinates":[[12.75498,42.0431],[12.75365,42.03734],[12.75936,42.01913],[12.75515,42.01129],[12.75936,41.99531],[12.76343,41.99063],[12.77569,41.98996]]}},{"type":"Feature","properties":{"id":0,"name":null,"kind":"Secondary Road","known":"0"},"geometry":{"type":"LineString","coordinates":[[12.68608,41.95543],[12.69362,41.96297],[12.71277,41.96855],[12.78106,41.96855],[12.79162,41.97608]]}},{"type":"Feature","properties":{"id":0,"name":null,"kind":"Secondary Road","known":"0"},"geometry":{"type":"LineString","coordinates":[[12.79237,42.04325],[12.80021,42.02109],[12.79509,42.01581],[12.79644,42.00948],[12.78649,42.0033],[12.78272,41.98701],[12.78981,41.98204],[12.78951,41.97646],[12.80338,41.9736],[12.80172,41.96741]]}},{"type":"Feature","properties":{"id":0,"name":null,"kind":"Secondary Road","known":"0"},"geometry":{"type":"LineString","coordinates":[[12.78604,41.93189],[12.78423,41.93747],[12.78996,41.96084],[12.78257,41.96732],[12.77535,41.98998],[12.78542,41.99943]]}},{"type":"Feature","properties":{"id":0,"name":null,"kind":"Secondary Road","known":"0"},"geometry":{"type":"LineString","coordinates":[[12.75791,41.95752],[12.74449,41.98918],[12.7463,42.00441],[12.75037,42.00924]]}},{"type":"Feature","properties":{"id":0,"name":null,"kind":"Secondary Road","known":"0"},"geometry":{"type":"LineString","coordinates":[[12.63669,41.94546],[12.66941,41.96898],[12.67785,41.97893],[12.69142,41.98165],[12.71102,41.99687],[12.72595,42.00366],[12.75528,42.01077]]}},{"type":"Feature","properties":{"id":0,"name":null,"kind":"Secondary Road","known":"0"},"geometry":{"type":"LineString","coordinates":[[12.6961,42.04323],[12.68644,42.02343],[12.65388,41.98557],[12.62599,41.96823]]}},{"type":"Feature","properties":{"id":0,"name":null,"kind":"Secondary Road","known":"1"},"geometry":{"type":"LineString","coordinates":[[12.56704,41.95164],[12.58649,41.96084],[12.62328,41.96521],[12.62599,41.96823]]}},{"type":"Feature","properties":{"id":0,"name":null,"kind":"Secondary Road","known":"0"},"geometry":{"type":"LineString","coordinates":[[12.62911,41.9172],[12.63042,41.94127],[12.62637,41.95959],[12.62851,41.96518],[12.64493,41.97446],[12.64385,41.97914]]}},{"type":"Feature","properties":{"id":0,"name":null,"kind":"Secondary Road","known":"0"},"geometry":{"type":"LineString","coordinates":[[12.94891,41.92925],[12.91826,41.91157],[12.8799,41.91433],[12.83964,41.90006],[12.81558,41.89901]]}},{"type":"Feature","properties":{"id":0,"name":null,"kind":"Secondary Road","known":"0"},"geometry":{"type":"LineString","coordinates":[[12.83188,41.92945],[12.82032,41.92718],[12.80842,41.92947],[12.80462,41.93756],[12.79424,41.94584],[12.78936,41.95803]]}},{"type":"Feature","properties":{"id":0,"name":null,"kind":"Secondary Road","known":"1"},"geometry":{"type":"LineString","coordinates":[[12.66936,41.9247],[12.67879,41.93118],[12.69545,41.93575],[12.70316,41.92081],[12.70335,41.91195],[12.68126,41.92143]]}},{"type":"Feature","properties":{"id":0,"name":null,"kind":"Secondary Road","known":"0"},"geometry":{"type":"LineString","coordinates":[[12.69554,41.91671],[12.71972,41.92414],[12.72257,41.92747]]}},{"type":"Feature","properties":{"id":0,"name":null,"kind":"Secondary Road","known":"0"},"geometry":{"type":"LineString","coordinates":[[12.69564,41.93575],[12.72257,41.92747],[12.73,41.92928],[12.7398,41.93756],[12.75503,41.94336],[12.76123,41.95715]]}},{"type":"Feature","properties":{"id":0,"name":null,"kind":"Secondary Road","known":"0"},"geometry":{"type":"LineString","coordinates":[[12.70335,41.91195],[12.72076,41.89549],[12.72895,41.91576]]}},{"type":"Feature","properties":{"id":0,"name":null,"kind":"Secondary Road","known":"0"},"geometry":{"type":"LineString","coordinates":[[12.70002,41.8923],[12.70947,41.90629],[12.75303,41.92461],[12.76778,41.90453],[12.7713,41.89387],[12.78787,41.88502],[12.80871,41.86751],[12.83808,41.82756]]}},{"type":"Feature","properties":{"id":0,"name":null,"kind":"Secondary Road","known":"0"},"geometry":{"type":"LineString","coordinates":[[12.86884,41.84266],[12.86328,41.85398],[12.85392,41.85475],[12.81689,41.87312],[12.81022,41.8698]]}},{"type":"Feature","properties":{"id":0,"name":null,"kind":"Secondary Road","known":"0"},"geometry":{"type":"LineString","coordinates":[[12.79389,41.75438],[12.79686,41.74875],[12.77387,41.72569],[12.76931,41.71541],[12.76873,41.70846],[12.77654,41.69342],[12.77584,41.68884]]}},{"type":"Feature","properties":{"id":0,"name":null,"kind":"Secondary Road","known":"0"},"geometry":{"type":"LineString","coordinates":[[12.69726,41.70256],[12.72029,41.70799],[12.74361,41.71865],[12.78759,41.75032]]}},{"type":"Feature","properties":{"id":0,"name":null,"kind":"Secondary Road","known":"0"},"geometry":{"type":"LineString","coordinates":[[12.70173,41.70237],[12.7121,41.69552],[12.73771,41.69771],[12.75427,41.69219],[12.77555,41.69479]]}},{"type":"Feature","properties":{"id":0,"name":null,"kind":"Secondary Road","known":"1"},"geometry":{"type":"LineString","coordinates":[[12.72352,41.6959],[12.71634,41.68238]]}},{"type":"Feature","properties":{"id":0,"name":null,"kind":"Secondary Road","known":"0"},"geometry":{"type":"LineString","coordinates":[[12.49468,41.61476],[12.53297,41.61759]]}},{"type":"Feature","properties":{"id":0,"name":null,"kind":"Secondary Road","known":"0"},"geometry":{"type":"LineString","coordinates":[[12.48037,41.66373],[12.4837,41.65945],[12.50273,41.65147],[12.51392,41.6341],[12.53358,41.62037]]}},{"type":"Feature","properties":{"id":0,"name":null,"kind":"Secondary Road","known":"0"},"geometry":{"type":"LineString","coordinates":[[12.54176,41.60448],[12.54652,41.59972],[12.59779,41.5952],[12.63146,41.60841],[12.64659,41.61998]]}},{"type":"Feature","properties":{"id":0,"name":null,"kind":"Secondary Road","known":"0"},"geometry":{"type":"LineString","coordinates":[[12.55104,41.54761],[12.60707,41.54785],[12.63289,41.55473]]}},{"type":"Feature","properties":{"id":0,"name":null,"kind":"Secondary Road","known":"0"},"geometry":{"type":"LineString","coordinates":[[12.53391,41.56772],[12.58019,41.56843],[12.64931,41.55201],[12.68821,41.55047],[12.70068,41.55333]]}},{"type":"Feature","properties":{"id":0,"name":null,"kind":"Secondary Road","known":"0"},"geometry":{"type":"LineString","coordinates":[[12.56817,41.59663],[12.58578,41.57926],[12.60719,41.56998],[12.62038,41.55839]]}},{"type":"Feature","properties":{"id":0,"name":null,"kind":"Secondary Road","known":"0"},"geometry":{"type":"LineString","coordinates":[[12.58447,41.58033],[12.59598,41.58252],[12.63615,41.57907]]}},{"type":"Feature","properties":{"id":0,"name":null,"kind":"Secondary Road","known":"0"},"geometry":{"type":"LineString","coordinates":[[12.56948,41.56923],[12.54624,41.57936]]}},{"type":"Feature","properties":{"id":0,"name":null,"kind":"Secondary Road","known":"0"},"geometry":{"type":"LineString","coordinates":[[12.44993,41.99371],[12.45148,41.9811],[12.44356,41.97368],[12.4421,41.96662]]}},{"type":"Feature","properties":{"id":0,"name":null,"kind":"Secondary Road","known":"1"},"geometry":{"type":"LineString","coordinates":[[12.53576,41.98218],[12.51327,41.98075]]}},{"type":"Feature","properties":{"id":0,"name":null,"kind":"Secondary Road","known":"1"},"geometry":{"type":"LineString","coordinates":[[12.72076,41.89549],[12.72938,41.89636],[12.74211,41.90754],[12.75294,41.92813]]}},{"type":"Feature","properties":{"id":0,"name":null,"kind":"Secondary Road","known":"0"},"geometry":{"type":"LineString","coordinates":[[12.75501,41.94336],[12.75294,41.92813],[12.7715,41.93824]]}},{"type":"Feature","properties":{"id":0,"name":null,"kind":"Secondary Road"},"geometry":{"type":"LineString","coordinates":[[12.72733,41.89553],[12.73605,41.89434],[12.78217,41.9095],[12.80957,41.90052],[12.81564,41.90159],[12.81935,41.89833]]}},{"type":"Feature","properties":{"id":0,"name":null,"kind":"Secondary Road","known":"1"},"geometry":{"type":"LineString","coordinates":[[12.75986,41.94971],[12.78209,41.95585],[12.79327,41.96346]]}},{"type":"Feature","properties":{"id":0,"name":null,"kind":"Secondary Road","known":"1"},"geometry":{"type":"LineString","coordinates":[[12.77697,41.9424],[12.78885,41.95383]]}},{"type":"Feature","properties":{"id":0,"name":null,"kind":"Secondary Road","known":"0"},"geometry":{"type":"LineString","coordinates":[[12.75615,41.92325],[12.7596,41.92539],[12.77828,41.91742],[12.80981,41.90267],[12.82777,41.89005],[12.85216,41.89065],[12.87477,41.90005],[12.88505,41.90025]]}},{"type":"Feature","properties":{"id":0,"name":null,"kind":"Secondary Road","known":"0"},"geometry":{"type":"LineString","coordinates":[[12.7596,41.92527],[12.76234,41.92729],[12.77388,41.92396],[12.8035,41.91183],[12.83157,41.91813]]}},{"type":"Feature","properties":{"id":0,"name":null,"kind":"Secondary Road","known":"1"},"geometry":{"type":"LineString","coordinates":[[12.78816,41.92979],[12.7928,41.92432],[12.78754,41.91761],[12.78893,41.9119]]}},{"type":"Feature","properties":{"id":0,"name":null,"kind":"Secondary Road","known":"1"},"geometry":{"type":"LineString","coordinates":[[12.77792,41.92158],[12.78292,41.92729],[12.78966,41.92759]]}},{"type":"Feature","properties":{"id":0,"name":null,"kind":"Secondary Road","known":"0"},"geometry":{"type":"LineString","coordinates":[[12.75603,41.89922],[12.77099,41.89525]]}},{"type":"Feature","properties":{"id":0,"name":null,"kind":"Secondary Road","known":"1"},"geometry":{"type":"LineString","coordinates":[[12.68905,41.87399],[12.70092,41.87726],[12.70988,41.88744]]}},{"type":"Feature","properties":{"id":0,"name":null,"kind":"Secondary Road","known":"0"},"geometry":{"type":"LineString","coordinates":[[12.72332,41.88994],[12.73902,41.86079],[12.736,41.8495],[12.74325,41.83848]]}},{"type":"Feature","properties":{"id":0,"name":null,"kind":"Secondary Road","known":"0"},"geometry":{"type":"LineString","coordinates":[[13.0171,41.69711],[13.01341,41.69937],[13.01472,41.70425],[13.02768,41.71186],[13.03114,41.72328],[13.03863,41.72971],[13.03827,41.74256],[13.0441,41.74993],[13.04529,41.76183],[13.05243,41.77516],[13.0516,41.78598],[13.05981,41.79455],[13.05743,41.8074]]}},{"type":"Feature","properties":{"id":0,"name":null,"kind":"Secondary Road","known":"0"},"geometry":{"type":"LineString","coordinates":[[13.14654,41.74755],[13.13952,41.75398],[13.11442,41.76302],[13.09264,41.78896],[13.08003,41.79538],[13.07408,41.80323],[13.06469,41.80728],[13.04958,41.80823],[13.04672,41.81335],[13.05636,41.82869],[13.05695,41.83726],[13.03958,41.84987],[13.03732,41.85868],[13.03185,41.86391],[13.03209,41.87914],[13.01305,41.90377],[13.02043,41.91721],[13.00829,41.92328],[12.99866,41.93351],[12.98581,41.93819]]}},{"type":"Feature","properties":{"id":0,"name":null,"kind":"Secondary Road","known":"1"},"geometry":{"type":"LineString","coordinates":[[12.98569,41.93815],[12.97047,41.94496],[12.94797,41.97955],[12.94191,41.98645],[12.93703,41.9874]]}},{"type":"Feature","properties":{"id":0,"name":null,"kind":"Secondary Road","known":"0"},"geometry":{"type":"LineString","coordinates":[[12.96225,41.914],[12.94952,41.92673],[12.94845,41.94029],[12.94209,41.95043]]}},{"type":"Feature","properties":{"id":0,"name":null,"kind":"Secondary Road","known":"1"},"geometry":{"type":"LineString","coordinates":[[12.88432,41.96635],[12.93132,41.96813],[12.93179,41.96278],[12.94202,41.95048]]}},{"type":"Feature","properties":{"id":0,"name":null,"kind":"Secondary Road","known":"1"},"geometry":{"type":"LineString","coordinates":[[12.93096,41.95433],[12.94607,41.95754],[12.96616,41.95218]]}},{"type":"Feature","properties":{"id":0,"name":null,"kind":"Secondary Road","known":"1"},"geometry":{"type":"LineString","coordinates":[[12.93727,41.95861],[12.94072,41.96611]]}},{"type":"Feature","properties":{"id":0,"name":null,"kind":"Secondary Road","known":"0"},"geometry":{"type":"LineString","coordinates":[[12.93167,41.96837],[12.93703,41.97229],[12.93798,41.9836],[12.92442,42.0162],[12.92493,42.02691]]}},{"type":"Feature","properties":{"id":0,"name":null,"kind":"Secondary Road","known":"0"},"geometry":{"type":"LineString","coordinates":[[12.93584,41.98919],[12.91036,41.96919]]}},{"type":"Feature","properties":{"id":0,"name":null,"kind":"Secondary Road","known":"0"},"geometry":{"type":"LineString","coordinates":[[12.89027,41.96825],[12.86826,41.98038],[12.84518,41.96849],[12.82759,41.9544]]}},{"type":"Feature","properties":{"id":0,"name":null,"kind":"Secondary Road","known":"0"},"geometry":{"type":"LineString","coordinates":[[12.7994,41.96256],[12.81581,41.95304],[12.88432,41.96635]]}},{"type":"Feature","properties":{"id":0,"name":null,"kind":"Secondary Road","known":"0"},"geometry":{"type":"LineString","coordinates":[[13.16907,41.8428],[13.12063,41.83043],[13.08684,41.83728],[13.03753,41.82215],[12.93998,41.82148],[12.93236,41.81805],[12.9237,41.82491],[12.9099,41.82767]]}},{"type":"Feature","properties":{"id":0,"name":null,"kind":"Secondary Road","known":"0"},"geometry":{"type":"LineString","coordinates":[[13.03383,41.65682],[13.04036,41.65915],[13.0482,41.66939],[13.05362,41.68748],[13.01013,41.72336],[13.00004,41.72755],[13.00565,41.73792],[12.99956,41.75496],[13.00042,41.78513],[12.98652,41.80017],[12.97348,41.80788],[12.96968,41.81425],[12.97187,41.82022]]}},{"type":"Feature","properties":{"id":0,"name":null,"kind":"Secondary Road","known":"0"},"geometry":{"type":"LineString","coordinates":[[13.16817,41.76179],[13.09162,41.71355],[13.07306,41.70984],[13.06478,41.70918],[13.027,41.72355],[12.99999,41.72954],[12.97827,41.72659],[12.96513,41.71593],[12.94791,41.7126],[12.93639,41.71298],[12.91926,41.72279],[12.91336,41.72164]]}},{"type":"Feature","properties":{"id":0,"name":null,"kind":"Secondary Road","known":"1"},"geometry":{"type":"LineString","coordinates":[[12.90726,41.72954],[12.91526,41.73288],[12.91221,41.73878],[12.91202,41.76171],[12.91671,41.76877]]}},{"type":"Feature","properties":{"id":0,"name":null,"kind":"Secondary Road","known":"0"},"geometry":{"type":"LineString","coordinates":[[12.91973,41.64569],[12.92487,41.65093],[12.91745,41.65473],[12.91888,41.66682],[12.93544,41.67358],[12.92049,41.689],[12.92068,41.70708],[12.91221,41.72174]]}},{"type":"Feature","properties":{"id":0,"name":null,"kind":"Secondary Road","known":"0"},"geometry":{"type":"LineString","coordinates":[[12.87566,41.70737],[12.89127,41.69718],[12.92094,41.69194]]}},{"type":"Feature","properties":{"id":0,"name":null,"kind":"Secondary Road","known":"0"},"geometry":{"type":"LineString","coordinates":[[12.88328,41.7383],[12.89422,41.73364],[12.90441,41.72155],[12.90812,41.72507]]}},{"type":"Feature","properties":{"id":0,"name":null,"kind":"Secondary Road","known":"0"},"geometry":{"type":"LineString","coordinates":[[12.89261,41.73411],[12.90327,41.71079],[12.90707,41.70889]]}},{"type":"Feature","properties":{"id":0,"name":null,"kind":"Secondary Road","known":"1"},"geometry":{"type":"LineString","coordinates":[[12.91516,41.71641],[12.90917,41.71241],[12.90745,41.70689],[12.92039,41.70303]]}},{"type":"Feature","properties":{"id":0,"name":null,"kind":"Secondary Road","known":"0"},"geometry":{"type":"LineString","coordinates":[[12.91488,41.72545],[12.94924,41.74752]]}},{"type":"Feature","properties":{"id":0,"name":null,"kind":"Secondary Road","known":"0"},"geometry":{"type":"LineString","coordinates":[[12.97836,41.72678],[12.94108,41.74214],[12.8819,41.74266]]}},{"type":"Feature","properties":{"id":0,"name":null,"kind":"Secondary Road","known":"0"},"geometry":{"type":"LineString","coordinates":[[12.95507,41.71317],[12.96668,41.70327],[12.99828,41.68814],[13.01304,41.68757],[13.02036,41.69261]]}},{"type":"Feature","properties":{"id":0,"name":null,"kind":"Secondary Road","known":"0"},"geometry":{"type":"LineString","coordinates":[[13.0236,41.69918],[13.0328,41.70432]]}},{"type":"Feature","properties":{"id":0,"name":null,"kind":"Secondary Road","known":"0"},"geometry":{"type":"LineString","coordinates":[[12.92861,41.68138],[12.94651,41.68081],[12.94594,41.68805],[12.95526,41.68976],[12.98391,41.68253],[12.99768,41.68846]]}},{"type":"Feature","properties":{"id":0,"name":null,"kind":"Secondary Road","known":"0"},"geometry":{"type":"LineString","coordinates":[[13.15128,41.74149],[13.15033,41.73683],[13.13758,41.73286],[13.1234,41.70656],[13.08962,41.67291]]}},{"type":"Feature","properties":{"id":0,"name":null,"kind":"Secondary Road","known":"0"},"geometry":{"type":"LineString","coordinates":[[13.16746,41.68067],[13.14516,41.69303],[13.09146,41.71352]]}},{"type":"Feature","properties":{"id":0,"name":null,"kind":"Secondary Road","known":"1"},"geometry":{"type":"LineString","coordinates":[[12.96262,41.43539],[13.04026,41.49656],[13.05294,41.49964]]}},{"type":"Feature","properties":{"id":0,"name":null,"kind":"Secondary Road","known":"1"},"geometry":{"type":"LineString","coordinates":[[12.94958,41.50145],[12.9551,41.50449],[13.0355,41.49222]]}},{"type":"Feature","properties":{"id":0,"name":null,"kind":"Secondary Road","known":"1"},"geometry":{"type":"LineString","coordinates":[[12.96314,41.43355],[12.94039,41.50332],[12.94166,41.50744]]}},{"type":"Feature","properties":{"id":0,"name":null,"kind":"Secondary Road","known":"0"},"geometry":{"type":"LineString","coordinates":[[13.16905,41.83106],[13.14739,41.83165],[13.128,41.81726],[13.12669,41.78621],[13.13562,41.7705],[13.13973,41.75379]]}},{"type":"Feature","properties":{"id":0,"name":null,"kind":"Secondary Road","known":"0"},"geometry":{"type":"LineString","coordinates":[[13.12066,41.83045],[13.14007,41.82752]]}},{"type":"Feature","properties":{"id":0,"name":null,"kind":"Secondary Road","known":"0"},"geometry":{"type":"LineString","coordinates":[[13.09769,41.92828],[13.09988,41.91315],[13.08836,41.90944],[13.09597,41.8884],[13.12262,41.86975],[13.16926,41.85281]]}},{"type":"Feature","properties":{"id":0,"name":null,"kind":"Secondary Road","known":"0"},"geometry":{"type":"LineString","coordinates":[[13.11282,41.91991],[13.14604,41.91429],[13.14832,41.90953],[13.15527,41.90668],[13.15641,41.90192],[13.16422,41.89754],[13.16298,41.89307],[13.16964,41.88755]]}},{"type":"Feature","properties":{"id":0,"name":null,"kind":"Secondary Road","known":"1"},"geometry":{"type":"LineString","coordinates":[[13.15594,41.90287],[13.14699,41.88888]]}},{"type":"Feature","properties":{"id":0,"name":null,"kind":"Secondary Road","known":"0"},"geometry":{"type":"LineString","coordinates":[[12.66521,41.45888],[12.66809,41.46398],[12.69355,41.47516],[12.73055,41.50824],[12.74404,41.47923]]}},{"type":"Feature","properties":{"id":0,"name":null,"kind":"Secondary Road","known":"1"},"geometry":{"type":"LineString","coordinates":[[12.74544,41.48175],[12.74673,41.50848]]}},{"type":"Feature","properties":{"id":0,"name":null,"kind":"Secondary Road","known":"1"},"geometry":{"type":"LineString","coordinates":[[12.757,41.51537],[12.74935,41.51383]]}},{"type":"Feature","properties":{"id":0,"name":null,"kind":"Secondary Road","known":"1"},"geometry":{"type":"LineString","coordinates":[[12.72578,41.54126],[12.72389,41.52692],[12.73055,41.50824],[12.74078,41.51133]]}},{"type":"Feature","properties":{"id":0,"name":null,"kind":"Secondary Road","known":"1"},"geometry":{"type":"LineString","coordinates":[[12.7246,41.53275],[12.72877,41.52299],[12.74316,41.51478]]}},{"type":"Feature","properties":{"id":0,"name":null,"kind":"Secondary Road","known":"1"},"geometry":{"type":"LineString","coordinates":[[12.64567,41.47179],[12.65628,41.45823]]}},{"type":"Feature","properties":{"id":0,"name":null,"kind":"Secondary Road","known":"0"},"geometry":{"type":"LineString","coordinates":[[12.6622,41.79467],[12.67957,41.78397]]}},{"type":"Feature","properties":{"id":0,"name":null,"kind":"Secondary Road","known":"0"},"geometry":{"type":"LineString","coordinates":[[12.67642,41.71835],[12.68647,41.71984],[12.69575,41.73043],[12.70372,41.73426],[12.70717,41.74113],[12.69423,41.74062]]}},{"type":"Feature","properties":{"id":0,"name":null,"kind":"Secondary Road","known":"0"},"geometry":{"type":"LineString","coordinates":[[12.70746,41.74099],[12.70967,41.74387],[12.70848,41.76327],[12.69789,41.77861],[12.67996,41.78455],[12.66696,41.77492]]}},{"type":"Feature","properties":{"id":0,"name":null,"kind":"Secondary Road","known":"0"},"geometry":{"type":"LineString","coordinates":[[12.68088,41.84939],[12.68992,41.83282],[12.7003,41.82274],[12.70639,41.80989],[12.70667,41.80132]]}},{"type":"Feature","properties":{"id":0,"name":null,"kind":"Secondary Road","known":"0"},"geometry":{"type":"LineString","coordinates":[[12.53194,41.8098],[12.53927,41.78553],[12.55683,41.76538]]}},{"type":"Feature","properties":{"id":0,"name":null,"kind":"Secondary Road","known":"0"},"geometry":{"type":"LineString","coordinates":[[12.52539,41.7731],[12.53118,41.77858],[12.5417,41.78203]]}},{"type":"Feature","properties":{"id":0,"name":null,"kind":"Secondary Road","known":"1"},"geometry":{"type":"LineString","coordinates":[[12.5051,41.78724],[12.51776,41.78145]]}},{"type":"Feature","properties":{"id":0,"name":null,"kind":"Secondary Road","known":"1"},"geometry":{"type":"LineString","coordinates":[[12.41172,41.80016],[12.4477,41.81187],[12.44313,41.81958],[12.44384,41.82973]]}},{"type":"Feature","properties":{"id":0,"name":null,"kind":"Secondary Road","known":"1"},"geometry":{"type":"LineString","coordinates":[[12.44789,41.81206],[12.45599,41.81523],[12.45077,41.82769]]}},{"type":"Feature","properties":{"id":0,"name":null,"kind":"Secondary Road","known":"0"},"geometry":{"type":"LineString","coordinates":[[12.16425,42.00148],[12.16381,42.01727],[12.15667,42.04268]]}},{"type":"Feature","properties":{"id":0,"name":null,"kind":"Secondary Road","known":"0"},"geometry":{"type":"LineString","coordinates":[[12.40627,42.0436],[12.4121,42.0248],[12.41055,42.016],[12.42352,42.01076],[12.43601,42.01255],[12.4698,41.99684],[12.49088,41.99567]]}},{"type":"Feature","properties":{"id":0,"name":null,"kind":"Secondary Road","known":"0"},"geometry":{"type":"LineString","coordinates":[[12.48991,42.00601],[12.49467,42.00589],[12.49966,42.01029],[12.5093,42.04372]]}},{"type":"Feature","properties":{"id":0,"name":null,"kind":"Secondary Road","known":"0"},"geometry":{"type":"LineString","coordinates":[[12.41194,42.02555],[12.42304,42.02671],[12.4378,42.02278],[12.48018,41.99574]]}},{"type":"Feature","properties":{"id":0,"name":null,"kind":"Secondary Road","known":"0"},"geometry":{"type":"LineString","coordinates":[[12.44636,42.04372],[12.44993,42.03158],[12.45636,42.02338],[12.4723,42.01088],[12.48407,42.00601]]}},{"type":"Feature","properties":{"id":0,"name":null,"kind":"Secondary Road","known":"0"},"geometry":{"type":"LineString","coordinates":[[12.46195,42.04336],[12.47551,42.01707],[12.48443,42.00589],[12.49242,42.00316]]}},{"type":"Feature","properties":{"id":0,"name":null,"kind":"Secondary Road","known":"1"},"geometry":{"type":"LineString","coordinates":[[12.49576,41.93511],[12.50666,41.94055],[12.50622,41.94581],[12.5175,41.9551],[12.53574,41.98215]]}},{"type":"Feature","properties":{"id":0,"name":"Via Salaria Vetus","kind":"Secondary Road","known":"1"},"geometry":{"type":"LineString","coordinates":[[12.4824,41.90802],[12.4923,41.92179],[12.49576,41.93511]]}},{"type":"Feature","properties":{"id":0,"name":null,"kind":"Secondary Road","known":"0"},"geometry":{"type":"LineString","coordinates":[[12.498,41.85056],[12.51616,41.84596]]}},{"type":"Feature","properties":{"id":0,"name":"delete_name","kind":"Secondary Road"},"geometry":{"type":"LineString","coordinates":[[12.50348,41.86649],[12.53532,41.82275],[12.56048,41.80727]]}},{"type":"Feature","properties":{"id":0,"name":"delete_name","kind":"Secondary Road"},"geometry":{"type":"LineString","coordinates":[[12.49692,41.89826],[12.5099,41.90416]]}}]}