{"type":"FeatureCollection","source":{"name":"ORBIS: the Stanford Geospatial Network Model of the Roman World","citation":"Scheidel and Meeks, ORBIS, Stanford University Libraries, base_routes v2","url":"https://github.com/emeeks/orbis_v2","licence":"MIT","licence_url":"https://opensource.org/licenses/MIT","period":"A model of the Roman Imperial period, centred on about AD 200","processing":"Filtered to t=upstream/downstream by script/extract_orbis_routes.py"},"features":[{"type":"Feature","properties":{"id":560618,"kind":"upstream"},"geometry":{"type":"LineString","coordinates":[[-7.4172,37.2261],[-7.4175,37.2386],[-7.4259,37.2457],[-7.4295,37.2514],[-7.4292,37.2554],[-7.4232,37.269],[-7.4219,37.2757],[-7.4222,37.279],[-7.4267,37.2843],[-7.4366,37.3036],[-7.4391,37.3157],[-7.4376,37.3292],[-7.4404,37.3352],[-7.4401,37.3489],[-7.4348,37.359],[-7.4342,37.3656],[-7.4344,37.3732],[-7.4378,37.3839],[-7.4451,37.393],[-7.4564,37.4003],[-7.4611,37.406],[-7.4543,37.416],[-7.4563,37.4211],[-7.4561,37.4252],[-7.4508,37.4303],[-7.4524,37.4444],[-7.47,37.4703],[-7.471,37.4868],[-7.4733,37.4889],[-7.4869,37.492],[-7.4955,37.4996],[-7.4988,37.5167],[-7.5004,37.5206],[-7.5025,37.5231],[-7.5146,37.5291],[-7.5207,37.547],[-7.5225,37.5544],[-7.5307,37.5544],[-7.5371,37.5537],[-7.5451,37.5487],[-7.5485,37.5473],[-7.5517,37.5469],[-7.5557,37.5473],[-7.5688,37.5533],[-7.5773,37.5539],[-7.5833,37.5564],[-7.5848,37.5613],[-7.5836,37.5667],[-7.5846,37.5689],[-7.5901,37.5751],[-7.5965,37.5842],[-7.6005,37.5879],[-7.6057,37.5912],[-7.6108,37.5935],[-7.6262,37.5968],[-7.6312,37.5989],[-7.6414,37.5973],[-7.6442,37.5992],[-7.6492,37.61],[-7.6537,37.6155],[-7.6652,37.6261],[-7.6658,37.6281],[-7.6653,37.6308],[-7.6559,37.6386],[-7.6533,37.6412],[-7.6518,37.6443],[-7.6527,37.6536],[-7.6614,37.6697],[-7.6626,37.6772],[-7.6613,37.6805],[-7.6557,37.6856],[-7.6538,37.6884],[-7.6512,37.6965],[-7.6478,37.7008],[-7.6449,37.7023],[-7.6431,37.7045],[-7.6363,37.7209],[-7.635,37.7234],[-7.6326,37.7256],[-7.6318,37.7346],[-7.6328,37.7376],[-7.6484,37.752],[-7.6487,37.7548],[-7.6447,37.7634],[-7.6386,37.7926],[-7.6361,37.7952],[-7.6323,37.8015],[-7.6315,37.8062],[-7.633,37.8102],[-7.6353,37.813],[-7.6441,37.8192],[-7.6454,37.8252],[-7.6461,37.8373],[-7.6472,37.8401],[-7.6458,37.8471],[-7.6473,37.8568],[-7.6498,37.8654],[-7.6508,37.8738],[-7.6542,37.8833],[-7.654,37.8906],[-7.6528,37.8929],[-7.6497,37.8947],[-7.644,37.8961],[-7.6407,37.8986],[-7.641,37.9013],[-7.6444,37.9063],[-7.6643,37.9202],[-7.668,37.9249],[-7.6773,37.9303],[-7.6804,37.9385],[-7.6799,37.9413]]}},{"type":"Feature","properties":{"id":560515,"kind":"upstream"},"geometry":{"type":"LineString","coordinates":[[6.9602,50.9391],[6.96471,50.93172],[6.96914,50.92468],[6.97374,50.91788],[6.97729,50.91441],[6.98884,50.90308],[6.99057,50.90186],[6.99704,50.89728],[7.00504,50.89488],[7.01164,50.89388],[7.0126,50.8939],[7.02854,50.89418],[7.03894,50.89298],[7.04674,50.89008],[7.05214,50.88598],[7.05224,50.87958],[7.04874,50.87438],[7.04154,50.87018],[7.03274,50.86798],[7.02204,50.86338],[7.01794,50.85888],[7.01154,50.85398],[6.99614,50.84648],[6.98594,50.84248],[6.9833,50.83991],[6.98204,50.83868],[6.98244,50.83408],[6.98824,50.82888],[6.99854,50.82578],[7.00026,50.8256],[7.01174,50.82438],[7.02084,50.82208],[7.02318,50.82079],[7.02734,50.81848],[7.02946,50.81573],[7.03434,50.80938],[7.03514,50.80338],[7.03374,50.79778],[7.03398,50.7971],[7.03724,50.78798],[7.04644,50.78198],[7.05724,50.77648],[7.0592,50.77576],[7.06624,50.77318],[7.08824,50.76288],[7.08824,50.76288],[7.09036,50.76192],[7.09044,50.76188],[7.10144,50.75678],[7.10534,50.75488],[7.1075,50.75029]]}},{"type":"Feature","properties":{"id":560204,"kind":"downstream"},"geometry":{"type":"LineString","coordinates":[[6.9602,50.9391],[6.9663,50.9482],[6.96644,50.94833],[6.971,50.9524],[6.9925,50.9645],[6.9952,50.9711],[6.9923,50.9755],[6.9857,50.9787],[6.9718,50.9785],[6.9655,50.9851],[6.9603,50.9922],[6.9591,50.998],[6.9602,51.0031],[6.9686,51.0153],[6.9684,51.0209],[6.9587,51.0287],[6.95,51.0333],[6.94841,51.03416],[6.9268,51.0459],[6.9108,51.052],[6.8556,51.0708],[6.8537,51.07247],[6.85249,51.07383],[6.85198,51.07451],[6.85014,51.07938],[6.8505,51.0808],[6.8509,51.0831],[6.85278,51.08465],[6.8543,51.0859],[6.864,51.0909],[6.8745,51.0945],[6.8789,51.1005],[6.8793,51.1045],[6.8771,51.1082],[6.8642,51.1198],[6.86111,51.12178],[6.85278,51.12712],[6.8472,51.1307],[6.8459,51.1368],[6.8485,51.1442],[6.85278,51.15009],[6.85278,51.15396],[6.85271,51.155],[6.8527,51.1552],[6.8486,51.157],[6.8406,51.1581],[6.84054,51.15808],[6.83575,51.1593],[6.8335,51.1587],[6.8154,51.1436],[6.8065,51.1425],[6.7987,51.1448],[6.7971,51.1463],[6.7951,51.1519],[6.799,51.1615],[6.79917,51.16856],[6.79463,51.16971],[6.7946,51.1709],[6.79246,51.17482],[6.7917,51.1762],[6.7882,51.1789],[6.7805,51.1813],[6.7655,51.1795],[6.7637,51.17911],[6.75908,51.1798],[6.75479,51.17978],[6.7524,51.18039],[6.73677,51.18433],[6.7326,51.1922],[6.7291,51.2029],[6.729,51.2083],[6.7262,51.2171],[6.728,51.2253],[6.73193,51.22594],[6.73244,51.22596],[6.74221,51.2263],[6.7459,51.2254],[6.755,51.2201],[6.7585,51.2203],[6.7632,51.2225],[6.7645,51.2269],[6.76447,51.22707],[6.76364,51.23209],[6.7626,51.2384],[6.7589,51.2434],[6.7509,51.2468],[6.7502,51.24702],[6.74575,51.25195],[6.7223,51.259],[6.716,51.2612],[6.7072,51.2669],[6.7048,51.2713],[6.7054,51.2814],[6.7122,51.2859],[6.71377,51.28739],[6.7306,51.3034],[6.7322,51.3094],[6.7322,51.3159],[6.7294,51.3204],[6.7216,51.3266],[6.7063,51.3336],[6.6642,51.3449],[6.66033,51.34647],[6.65639,51.35082],[6.66231,51.36525],[6.6639,51.3662],[6.6705,51.3688],[6.6803,51.3717],[6.7048,51.3734],[6.7115,51.3755],[6.726,51.3826],[6.7392,51.3915],[6.7427,51.3966],[6.7443,51.4014],[6.7438,51.4056],[6.7398,51.4104],[6.7321,51.4177],[6.7178,51.4274],[6.7127,51.4339],[6.7116,51.4393],[6.7148,51.4478],[6.7241,51.4553],[6.7206,51.4615],[6.7146,51.4658],[6.6904,51.475],[6.6857,51.4812],[6.688,51.4859],[6.7019,51.4936],[6.7147,51.4982],[6.723,51.5076],[6.7168,51.5138],[6.713,51.52],[6.70942,51.52135],[6.6915,51.5281],[6.6855,51.5334],[6.6812,51.54],[6.6819,51.5457],[6.6885,51.55314],[6.6906,51.5555],[6.6906,51.5601],[6.6907,51.5654],[6.6873,51.5705],[6.6776,51.5757],[6.6619,51.5777],[6.6518,51.5772],[6.6419,51.5743],[6.6326,51.5699],[6.63028,51.56925],[6.61167,51.56816],[6.6056,51.57],[6.6019,51.5734],[6.6015,51.5829],[6.6031,51.5896],[6.59987,51.59611],[6.5918,51.6124],[6.59,51.6193],[6.5921,51.6254],[6.5994,51.63018],[6.59934,51.63427],[6.6018,51.636],[6.6052,51.6421],[6.6034,51.6519],[6.5922,51.6575],[6.5847,51.6595],[6.56596,51.65928],[6.5596,51.6592],[6.5433,51.6599],[6.5233,51.6621],[6.4993,51.662],[6.4861,51.667],[6.4799,51.6709],[6.4769,51.6754]]}},{"type":"Feature","properties":{"id":560601,"kind":"upstream"},"geometry":{"type":"LineString","coordinates":[[29.91129,31.20034],[29.93137,31.18136],[29.9534,31.18703],[29.98218,31.1914],[30.00537,31.18281],[30.03095,31.16753],[30.04759,31.1525],[30.07207,31.13141],[30.08478,31.11704],[30.091,31.10229],[30.11901,31.08062],[30.14764,31.06923],[30.17502,31.06456],[30.19943,31.05997],[30.2121,31.05975],[30.22542,31.058],[30.23784,31.05818],[30.26784,31.06056],[30.27888,31.05872],[30.28908,31.05777],[30.30175,31.05753],[30.31001,31.05641],[30.31793,31.05301],[30.32555,31.0534],[30.33238,31.05365],[30.34089,31.04976],[30.34791,31.04828],[30.36064,31.04936],[30.37672,31.05175],[30.38302,31.05368],[30.39836,31.05003],[30.41276,31.04932],[30.43086,31.04495],[30.44844,31.03429],[30.47721,31.01948]]}},{"type":"Feature","properties":{"id":560506,"kind":"upstream"},"geometry":{"type":"LineString","coordinates":[[36.1691,36.20813],[36.17031,36.20894],[36.17109,36.21103],[36.17157,36.21366],[36.17178,36.21679],[36.17251,36.21942],[36.17468,36.22374],[36.17727,36.22764],[36.17879,36.23054],[36.1805,36.23281],[36.18332,36.23468],[36.18544,36.23547],[36.1874,36.23531],[36.18907,36.23495],[36.19252,36.23449],[36.1941,36.23484],[36.19541,36.23623],[36.19611,36.23702],[36.19697,36.23905],[36.19819,36.24114],[36.20071,36.24473],[36.20327,36.24752],[36.206,36.24964],[36.20944,36.25243],[36.21186,36.25476],[36.2134,36.25709],[36.21462,36.25738],[36.22198,36.25805],[36.2266,36.25823],[36.22934,36.25934],[36.23085,36.25937],[36.23253,36.25845],[36.23312,36.25737],[36.23363,36.25463],[36.23543,36.25322],[36.23692,36.25293],[36.23979,36.25163],[36.24187,36.25188],[36.24417,36.2529],[36.24571,36.25421],[36.24718,36.25594],[36.24853,36.25771],[36.24968,36.25993],[36.25073,36.26162],[36.25208,36.26131],[36.25218,36.26005],[36.25249,36.25849],[36.2536,36.25797],[36.25506,36.25864],[36.25623,36.26029],[36.25608,36.26219],[36.25612,36.26347],[36.2574,36.26419],[36.25872,36.26485],[36.25877,36.26601],[36.25828,36.26672],[36.25649,36.26813],[36.25548,36.27024],[36.25593,36.27195],[36.25698,36.27291],[36.25863,36.27268],[36.25962,36.27158],[36.26067,36.26957],[36.26184,36.26768],[36.26337,36.26642],[36.26469,36.26634],[36.26592,36.2677],[36.26584,36.26974],[36.2654,36.27218],[36.26609,36.27371],[36.26778,36.27368],[36.27019,36.27259],[36.27179,36.27119],[36.27476,36.27071],[36.27778,36.27106],[36.27807,36.27288],[36.27806,36.27537],[36.27627,36.27701],[36.27317,36.27933],[36.27116,36.28117],[36.27093,36.28302],[36.27212,36.28411],[36.27406,36.28447],[36.27654,36.28451],[36.27851,36.28409],[36.28049,36.28321],[36.28079,36.28184],[36.28022,36.27941],[36.28096,36.27835],[36.28224,36.27795],[36.28311,36.2785],[36.28401,36.27962],[36.28435,36.28054],[36.28475,36.28175],[36.28563,36.28249],[36.28692,36.28177],[36.28773,36.28069],[36.28863,36.27996],[36.28984,36.2799],[36.29152,36.27988],[36.29342,36.27948],[36.29396,36.27848],[36.29371,36.27658],[36.29354,36.27453],[36.29344,36.27297],[36.29456,36.27255],[36.29576,36.2723],[36.2971,36.27137],[36.29869,36.27081],[36.29987,36.27152],[36.30068,36.2728],[36.30194,36.27387],[36.30366,36.27441],[36.30555,36.27484],[36.30706,36.27462],[36.30851,36.2734],[36.30954,36.27212],[36.31119,36.27052],[36.31246,36.26993],[36.31342,36.27084],[36.31376,36.27226],[36.31347,36.27465],[36.31364,36.27619],[36.31418,36.27704],[36.31562,36.27748],[36.31684,36.27697],[36.31753,36.2751],[36.31784,36.27308],[36.31895,36.27299],[36.32051,36.27371],[36.32197,36.27421],[36.32353,36.27442],[36.32443,36.2742],[36.32492,36.27207],[36.32531,36.27023],[36.32622,36.26937],[36.32811,36.26979],[36.3293,36.26986],[36.32992,36.26903],[36.3293,36.26751],[36.32906,36.26631],[36.33028,36.26528],[36.33135,36.26559],[36.33212,36.26643],[36.33229,36.26765],[36.33358,36.26795],[36.33498,36.26712],[36.33666,36.26526],[36.33701,36.26349],[36.33717,36.26165],[36.33899,36.26127],[36.34215,36.26143],[36.34389,36.26069],[36.34675,36.26055],[36.35046,36.25958],[36.35438,36.25718],[36.35847,36.25521],[36.36034,36.25388],[36.3623,36.25385],[36.36482,36.25276],[36.36681,36.25126],[36.36693,36.25],[36.36542,36.24931],[36.36405,36.24893],[36.3633,36.24776],[36.36378,36.2465],[36.36518,36.24542],[36.3681,36.24474],[36.36949,36.24407],[36.37144,36.24357],[36.37274,36.24426],[36.37392,36.24576],[36.37461,36.24665],[36.3763,36.24757],[36.37737,36.24729],[36.37762,36.24646],[36.37731,36.24533],[36.376,36.24446],[36.37471,36.24289],[36.37502,36.24203],[36.37564,36.24108],[36.3774,36.24093],[36.37882,36.24142],[36.37991,36.24241],[36.38119,36.24335],[36.38264,36.2433],[36.38411,36.24266],[36.3848,36.2414],[36.38442,36.24012],[36.38297,36.23912],[36.38031,36.23821],[36.37885,36.23733],[36.37838,36.23602],[36.37857,36.23474],[36.37987,36.23404],[36.38206,36.23422],[36.38443,36.23417],[36.38562,36.23339],[36.38637,36.23228],[36.38637,36.23135],[36.38512,36.23063],[36.38238,36.23033],[36.38076,36.22956],[36.38015,36.22824],[36.38018,36.22584],[36.38088,36.22416],[36.38232,36.22377],[36.38392,36.22419],[36.38469,36.22541],[36.38488,36.22657],[36.38578,36.22763],[36.38708,36.22815],[36.38846,36.22795],[36.38926,36.22723],[36.38914,36.22605],[36.3881,36.22439],[36.38672,36.22279],[36.38693,36.22185],[36.38795,36.22147],[36.38899,36.2219],[36.39017,36.2231],[36.39185,36.22368],[36.39314,36.22374],[36.39436,36.22318],[36.39488,36.22231],[36.39459,36.22124],[36.39315,36.21977],[36.39306,36.21881],[36.39384,36.21792],[36.39592,36.21785],[36.39705,36.21708],[36.39748,36.2159],[36.39681,36.21413],[36.39632,36.2123],[36.39721,36.21179],[36.39939,36.21162],[36.40068,36.21128],[36.40194,36.21019],[36.40234,36.20904],[36.40213,36.20722],[36.40028,36.20591],[36.3985,36.2045],[36.39815,36.20307],[36.3981,36.20094],[36.39898,36.20015],[36.4021,36.20019],[36.40397,36.19952],[36.40577,36.19826],[36.40611,36.19653],[36.40528,36.19516],[36.40325,36.19435],[36.40215,36.19332],[36.40198,36.19183],[36.40162,36.19057],[36.4003,36.19064],[36.39895,36.19176],[36.39732,36.19159],[36.396,36.19029],[36.39407,36.18833],[36.39257,36.18777],[36.39237,36.18981],[36.39232,36.19196],[36.39131,36.19246],[36.39027,36.19201],[36.38951,36.19079],[36.38795,36.18785],[36.3866,36.18717],[36.38497,36.18768],[36.38322,36.18746],[36.38202,36.18621],[36.38078,36.18395],[36.37945,36.18376],[36.37771,36.18448],[36.37629,36.18408],[36.37561,36.18283],[36.37606,36.18089],[36.37853,36.17882],[36.381,36.17633],[36.38055,36.17399],[36.37835,36.17279],[36.37643,36.17177],[36.3759,36.16971],[36.37651,36.1654],[36.37783,36.16198],[36.37971,36.16045],[36.38196,36.16017],[36.38494,36.16034],[36.38591,36.15909],[36.3862,36.15746],[36.38527,36.15544],[36.38515,36.15316],[36.38648,36.15222],[36.38896,36.1511],[36.39092,36.15039],[36.39293,36.14916],[36.39468,36.14689],[36.39471,36.14491],[36.39334,36.14329],[36.39244,36.14134],[36.3923,36.13967],[36.39349,36.13732],[36.39508,36.13536],[36.39533,36.13365],[36.39437,36.13224],[36.39255,36.13187],[36.39142,36.13257],[36.38954,36.13343],[36.38749,36.13347],[36.38536,36.13243],[36.38404,36.13113],[36.38378,36.12898],[36.38393,36.12705],[36.3847,36.12535],[36.38617,36.1236],[36.38648,36.12247],[36.38575,36.12133],[36.38448,36.12105],[36.3829,36.12189],[36.38145,36.12166],[36.38036,36.12063],[36.38044,36.11924],[36.38086,36.11722],[36.38253,36.11635],[36.38454,36.11443],[36.38659,36.11395],[36.38888,36.11331],[36.39011,36.11215],[36.39005,36.11089],[36.38791,36.11096],[36.38644,36.11091],[36.38525,36.11034],[36.38516,36.10926],[36.38657,36.10736],[36.38887,36.10629],[36.39081,36.10602],[36.39285,36.10417],[36.39395,36.10228],[36.39444,36.09998],[36.39356,36.09829],[36.39181,36.09875],[36.39113,36.10086],[36.38995,36.10303],[36.38807,36.10388],[36.38615,36.10329],[36.38549,36.10186],[36.3857,36.09983],[36.38672,36.09779],[36.38949,36.09571],[36.39456,36.09145],[36.39721,36.08822],[36.39819,36.08542],[36.39674,36.08382],[36.39538,36.08176],[36.39371,36.08015],[36.39068,36.07939],[36.3893,36.07863],[36.38852,36.07716],[36.3884,36.07391],[36.3883,36.06745],[36.3889,36.06289],[36.38954,36.06046],[36.39173,36.05917],[36.39312,36.0577],[36.39359,36.05601],[36.39216,36.05492],[36.38842,36.05464],[36.38618,36.05381],[36.38551,36.05213],[36.38591,36.05029],[36.38786,36.0489],[36.39079,36.04832],[36.39478,36.04826],[36.39657,36.04743],[36.39699,36.04541],[36.39553,36.04313],[36.39305,36.04289],[36.39071,36.04157],[36.3873,36.03896],[36.38355,36.03723],[36.3816,36.03539],[36.38035,36.03226],[36.37829,36.02938],[36.37596,36.02873],[36.37462,36.02701],[36.3755,36.02489],[36.37938,36.02167],[36.38339,36.01794],[36.38572,36.01414],[36.38549,36.01083],[36.38554,36.00529],[36.38456,35.9967],[36.38515,35.99114],[36.38698,35.98949],[36.39027,35.98983],[36.39323,35.99104],[36.39714,35.99272],[36.40022,35.99295],[36.40338,35.99105],[36.4054,35.9898],[36.40708,35.98542],[36.40813,35.98126],[36.41003,35.97574],[36.41064,35.96941],[36.41004,35.96407],[36.40788,35.96138],[36.405,35.95953],[36.40171,35.95796],[36.39992,35.95607],[36.39952,35.95359],[36.40092,35.95223],[36.40371,35.95226],[36.40678,35.95252],[36.4083,35.95142],[36.40867,35.949],[36.40736,35.94573],[36.40428,35.94425],[36.40087,35.94365],[36.39752,35.94317],[36.39718,35.94083],[36.39629,35.93727],[36.39482,35.93405],[36.39392,35.92927],[36.39214,35.92416],[36.38925,35.91986],[36.38608,35.91656],[36.38389,35.91296],[36.38301,35.90741],[36.38206,35.90494],[36.37905,35.90237],[36.37861,35.90021],[36.37869,35.89757],[36.37751,35.89457],[36.37427,35.89191],[36.36979,35.89057],[36.36392,35.88982],[36.35766,35.88904],[36.35397,35.88822],[36.35226,35.88569],[36.3525,35.88377],[36.35372,35.882],[36.35669,35.88045],[36.36002,35.87847],[36.35951,35.87695],[36.35773,35.87506],[36.35457,35.87299],[36.35018,35.86901],[36.34788,35.86759],[36.34386,35.86686],[36.3391,35.8653],[36.33611,35.86318],[36.33442,35.85988],[36.33209,35.85356],[36.33184,35.84857],[36.33268,35.84355],[36.33269,35.8371],[36.33127,35.83357],[36.3303,35.83065],[36.33158,35.82902],[36.33549,35.82613],[36.33729,35.82337],[36.33881,35.81982],[36.33881,35.8166],[36.33596,35.8152],[36.33268,35.81486],[36.33017,35.81258],[36.32655,35.80867],[36.32341,35.80337],[36.32317,35.79961],[36.32449,35.79566],[36.32384,35.79342],[36.32152,35.79154],[36.32094,35.78866],[36.3216,35.78323],[36.32073,35.77891],[36.31786,35.77583],[36.3169,35.77291],[36.31846,35.77027],[36.32128,35.76799],[36.32437,35.7667],[36.32539,35.76408],[36.32455,35.76266],[36.32191,35.76089],[36.32107,35.75824],[36.32143,35.75214],[36.32109,35.73767],[36.32057,35.72802],[36.31989,35.72209],[36.31811,35.71575],[36.31598,35.70983],[36.30603,35.6932],[36.30133,35.68487],[36.3002,35.67832],[36.30034,35.67015],[36.30218,35.6665],[36.30302,35.6627],[36.30293,35.65644],[36.30161,35.64704],[36.30114,35.64075],[36.30238,35.63621],[36.30492,35.62927],[36.30537,35.62299],[36.30327,35.61552],[36.30078,35.61002],[36.29919,35.60531],[36.29937,35.60004],[36.30078,35.59345],[36.30332,35.58773],[36.30568,35.58039],[36.307,35.57077],[36.30617,35.56044],[36.30656,35.55403],[36.30838,35.54915],[36.31064,35.54445],[36.31028,35.53919],[36.31269,35.53321],[36.31723,35.52747],[36.3211,35.52347],[36.32671,35.51847],[36.32833,35.51519],[36.32759,35.5099],[36.32626,35.50173],[36.32447,35.49616],[36.32012,35.49018],[36.31301,35.48094],[36.3092,35.47494],[36.30779,35.46941],[36.30843,35.46475],[36.30993,35.45998],[36.31185,35.45614],[36.31466,35.45387],[36.31842,35.45206],[36.32227,35.45007],[36.32434,35.44818],[36.32413,35.4461],[36.32245,35.44279],[36.3211,35.43939],[36.32032,35.43688],[36.32,35.43253],[36.31871,35.42926],[36.31579,35.42604],[36.31386,35.42298],[36.31294,35.41974],[36.3123,35.4155],[36.31109,35.41281],[36.30775,35.40866]]}},{"type":"Feature","properties":{"id":560217,"kind":"downstream"},"geometry":{"type":"LineString","coordinates":[[36.1691,36.20813],[36.16614,36.20317],[36.16496,36.1999],[36.16368,36.1964],[36.16188,36.1945],[36.15923,36.19351],[36.15788,36.19224],[36.15727,36.19023],[36.15608,36.18865],[36.15371,36.18757],[36.15038,36.18576],[36.14729,36.18517],[36.14434,36.18453],[36.1423,36.18348],[36.14096,36.18156],[36.14149,36.17997],[36.14296,36.17873],[36.14398,36.17685],[36.14367,36.17513],[36.14189,36.17361],[36.13945,36.17308],[36.13782,36.17397],[36.13724,36.17545],[36.13596,36.17676],[36.13416,36.17694],[36.13193,36.17582],[36.13151,36.17387],[36.13226,36.17104],[36.13215,36.16873],[36.12747,36.16773],[36.12449,36.16736],[36.12215,36.16809],[36.11958,36.16864],[36.11758,36.16835],[36.11572,36.16737],[36.1144,36.16584],[36.1161,36.1644],[36.11884,36.16355],[36.12103,36.16286],[36.12208,36.16137],[36.12192,36.15895],[36.1196,36.15799],[36.11578,36.15853],[36.11204,36.15892],[36.10938,36.15858],[36.10811,36.15716],[36.10799,36.15447],[36.10912,36.15178],[36.11151,36.14844],[36.11281,36.14648],[36.11151,36.14533],[36.10878,36.14553],[36.10626,36.14515],[36.10484,36.14338],[36.10499,36.14165],[36.10668,36.14021],[36.10974,36.14004],[36.11316,36.14105],[36.11766,36.14198],[36.12091,36.14226],[36.12187,36.14092],[36.12161,36.13828],[36.1196,36.13696],[36.11799,36.13616],[36.11797,36.13474],[36.11845,36.132],[36.11886,36.12979],[36.11832,36.12827],[36.11716,36.12812],[36.11539,36.12906],[36.11425,36.13032],[36.11232,36.12885],[36.11155,36.12714],[36.11165,36.12529],[36.11118,36.12219],[36.10988,36.11897],[36.10895,36.11692],[36.10713,36.11567],[36.10456,36.11518],[36.10124,36.11544],[36.09959,36.11491],[36.09923,36.11308],[36.09894,36.1107],[36.09809,36.1085],[36.09643,36.10655],[36.09201,36.10404],[36.08512,36.10126],[36.08108,36.09992],[36.07775,36.09914],[36.07602,36.09774],[36.07448,36.0964],[36.071,36.09528],[36.06732,36.09474],[36.06324,36.09264],[36.06122,36.0899],[36.06005,36.08766],[36.05705,36.08484],[36.05433,36.08296],[36.05364,36.0811],[36.0519,36.08035],[36.04976,36.08114],[36.04825,36.08265],[36.04834,36.08457],[36.04781,36.08512],[36.0462,36.08433],[36.044,36.0819],[36.04303,36.07974],[36.04481,36.07814],[36.04551,36.07624],[36.0439,36.0744],[36.04162,36.07421],[36.03948,36.07604],[36.03876,36.0786],[36.03726,36.08011],[36.03469,36.08065],[36.03224,36.08076],[36.02953,36.08134],[36.02616,36.08356],[36.02287,36.08459],[36.01993,36.08395],[36.017,36.08265],[36.01253,36.08106],[36.00926,36.07935],[36.00777,36.07813],[36.00609,36.07683],[36.00645,36.07452],[36.0068,36.07285],[36.00568,36.0697],[36.00358,36.06815],[36.00004,36.06652],[35.99696,36.06593],[35.99542,36.06459],[35.99495,36.06253],[35.99537,36.06032],[35.99626,36.05849],[35.996,36.05585],[35.99463,36.0542],[35.99284,36.05437],[35.9914,36.05741],[35.99078,36.06019],[35.98994,36.06214],[35.98744,36.06214],[35.98645,36.06375],[35.98598,36.06584],[35.98394,36.06582],[35.98218,36.06468],[35.98078,36.06227],[35.9809,36.05976],[35.97969,36.05742],[35.97784,36.0554],[35.97534,36.05332],[35.9704,36.05135],[35.96151,36.05658],[35.9552,36.0658],[35.95,36.07818],[35.94327,36.09168],[35.93459,36.11058],[35.93428,36.11889]]}},{"type":"Feature","properties":{"id":560563,"kind":"upstream"},"geometry":{"type":"LineString","coordinates":[[36.30775,35.40866],[36.30569,35.40608],[36.30413,35.40305],[36.30339,35.40033],[36.30342,35.39801],[36.30533,35.39617],[36.30876,35.39598],[36.3115,35.39445],[36.31371,35.39416],[36.31624,35.39565],[36.31764,35.39636],[36.31889,35.39588],[36.31994,35.39365],[36.3211,35.39189],[36.32291,35.39221],[36.32492,35.39363],[36.3266,35.39432],[36.32849,35.39397],[36.32934,35.39238],[36.32863,35.38973],[36.32907,35.38852],[36.33088,35.38885],[36.33234,35.39036],[36.33405,35.39154],[36.33502,35.39065],[36.33437,35.38815],[36.33383,35.38651],[36.3349,35.38584],[36.33733,35.38581],[36.3395,35.3852],[36.3409,35.38245],[36.34268,35.38056],[36.34456,35.37996],[36.34681,35.37974],[36.34807,35.37884],[36.34836,35.37776],[36.34982,35.3773],[36.35003,35.37625],[36.34912,35.37489],[36.34727,35.37318],[36.34733,35.37201],[36.34861,35.3716],[36.35077,35.37206],[36.35383,35.37191],[36.35561,35.37044],[36.3558,35.3689],[36.35436,35.36788],[36.35292,35.36686],[36.35286,35.36564],[36.35446,35.3653],[36.35603,35.36488],[36.35629,35.36414],[36.35529,35.36281],[36.35361,35.36146],[36.35391,35.36062],[36.35529,35.36043],[36.35673,35.36079],[36.35724,35.35997],[36.35701,35.35881],[36.35759,35.35772],[36.35909,35.35716],[36.35994,35.35623],[36.35915,35.35533],[36.35823,35.35439],[36.35922,35.35268],[36.36142,35.35149],[36.36236,35.35012],[36.36155,35.34898],[36.35939,35.34852],[36.35828,35.34715],[36.35863,35.3449],[36.35967,35.34374],[36.36158,35.34494],[36.36254,35.3462],[36.36363,35.34601],[36.36481,35.34473],[36.36652,35.34353],[36.36825,35.34347],[36.36928,35.34272],[36.36844,35.34151],[36.36619,35.33977],[36.36562,35.33831],[36.36633,35.3375],[36.3676,35.33792],[36.36999,35.33823],[36.37188,35.33787],[36.37391,35.3387],[36.37657,35.33916],[36.37956,35.33714],[36.38092,35.33539],[36.38017,35.33242],[36.37758,35.33037],[36.37766,35.32903],[36.37999,35.32771],[36.38103,35.3259],[36.38009,35.3234],[36.38035,35.32094],[36.3816,35.31873],[36.38075,35.31686],[36.37928,35.31577],[36.37922,35.3139],[36.37962,35.31133],[36.38308,35.30292],[36.38452,35.29585],[36.38609,35.29263],[36.39,35.28968],[36.39284,35.28572],[36.39313,35.28186],[36.40091,35.28218],[36.41232,35.28229],[36.41678,35.28101],[36.42032,35.27815],[36.42311,35.27444],[36.42724,35.27327],[36.43621,35.27211],[36.44385,35.2717],[36.45106,35.27283],[36.4659,35.27433],[36.4737,35.27387],[36.48027,35.27316],[36.48557,35.27334],[36.4895,35.2738],[36.49298,35.27284],[36.50224,35.26986],[36.50717,35.26921],[36.51036,35.27132],[36.51227,35.27306],[36.5159,35.27408],[36.52055,35.27447],[36.52617,35.27454],[36.52956,35.27502],[36.53459,35.27747],[36.53651,35.27842],[36.53975,35.27816],[36.54249,35.27681],[36.5445,35.27428],[36.54692,35.27303],[36.54926,35.27368],[36.55165,35.27605],[36.55351,35.27686],[36.55752,35.27666],[36.56608,35.275],[36.5686,35.27426],[36.56855,35.2706],[36.56951,35.26903],[36.57278,35.26741],[36.57666,35.26672],[36.58038,35.26427],[36.58298,35.26343],[36.58474,35.26443],[36.58495,35.26734],[36.58435,35.27051],[36.58316,35.27404],[36.58337,35.27695],[36.58514,35.27716],[36.58889,35.27516],[36.59046,35.27246],[36.59165,35.27098],[36.59444,35.2718],[36.59592,35.27462],[36.5978,35.27589],[36.60068,35.27606],[36.60381,35.27599],[36.60735,35.27516],[36.61303,35.27536],[36.61588,35.27711],[36.61713,35.27984],[36.6172,35.28327],[36.61519,35.28988],[36.6145,35.29654],[36.61565,35.29946],[36.6183,35.30159],[36.62111,35.30366],[36.6262,35.305],[36.62935,35.30413],[36.63246,35.30156],[36.63382,35.29719],[36.63435,35.29263],[36.63517,35.28954],[36.63857,35.28514],[36.64279,35.2797],[36.64432,35.27528],[36.64565,35.2725],[36.64848,35.27174],[36.65103,35.26997],[36.65272,35.26675],[36.65527,35.26295],[36.65924,35.26103],[36.66343,35.25795],[36.66455,35.25429],[36.66359,35.25178],[36.65973,35.24864],[36.65742,35.24562],[36.65709,35.24368],[36.65609,35.2415],[36.65433,35.23846],[36.65546,35.23646],[36.65855,35.23424],[36.66108,35.23163],[36.66174,35.2284],[36.66275,35.22711],[36.66411,35.22744],[36.66629,35.22821],[36.66842,35.22771],[36.66914,35.22645],[36.66981,35.22361],[36.6704,35.22073],[36.67151,35.21883],[36.67302,35.21815],[36.6759,35.21862],[36.67823,35.21806],[36.67935,35.21686],[36.67937,35.21474],[36.67659,35.21148],[36.67545,35.20948],[36.67516,35.20669],[36.67566,35.20429],[36.67681,35.20398],[36.67972,35.20419],[36.6818,35.20441],[36.6839,35.20385],[36.68519,35.20286],[36.68537,35.20158],[36.68349,35.19848],[36.68277,35.19589],[36.68353,35.19424],[36.68536,35.19409],[36.68744,35.19514],[36.6893,35.19704],[36.69117,35.19765],[36.69226,35.19704],[36.69249,35.19555],[36.6928,35.19206],[36.69377,35.19136],[36.69559,35.19102],[36.69758,35.19006],[36.69989,35.18828],[36.7017,35.1866],[36.70356,35.18651],[36.70519,35.18707],[36.70637,35.18733],[36.70767,35.18601],[36.70808,35.18376],[36.70879,35.18231],[36.71109,35.18221],[36.71402,35.18311],[36.71551,35.18455],[36.71787,35.18571],[36.72248,35.186],[36.72611,35.18546],[36.72742,35.18433],[36.72816,35.18261],[36.72724,35.17977],[36.72615,35.17808],[36.72576,35.17622],[36.7265,35.1745],[36.72855,35.1707],[36.72976,35.16787],[36.72912,35.16564],[36.72814,35.16365],[36.72807,35.16201],[36.72981,35.161],[36.73254,35.16081],[36.73473,35.16061],[36.73666,35.15902],[36.73759,35.15673],[36.73889,35.15477],[36.74047,35.15406],[36.74276,35.15409],[36.74535,35.15342],[36.74761,35.15104],[36.74788,35.15001],[36.74736,35.1468],[36.74678,35.14566],[36.74579,35.14351],[36.74562,35.14225],[36.7464,35.14105],[36.74738,35.14073],[36.74856,35.14081],[36.74967,35.14121]]}},{"type":"Feature","properties":{"id":560657,"kind":"upstream"},"geometry":{"type":"LineString","coordinates":[[31.22477,29.4026],[31.23048,29.38973],[31.23292,29.38204],[31.23049,29.37357],[31.22342,29.36304],[31.21791,29.35421],[31.21191,29.34491],[31.21256,29.3368],[31.21298,29.32693],[31.21435,29.31192],[31.21461,29.29448],[31.21586,29.28011],[31.21665,29.26129],[31.21193,29.24981],[31.20941,29.24106],[31.2114,29.23197],[31.2103,29.22252],[31.20697,29.21431],[31.2025,29.20763],[31.19359,29.19944],[31.18899,29.19036],[31.18552,29.18066],[31.17863,29.17161],[31.16997,29.15909],[31.16079,29.14701],[31.15693,29.13712],[31.15361,29.12585],[31.14824,29.11333],[31.14137,29.09818],[31.13498,29.08655],[31.12549,29.07547],[31.11492,29.06714],[31.09974,29.05673],[31.08174,29.04772],[31.06703,29.03566],[31.0579,29.02758]]}},{"type":"Feature","properties":{"id":560330,"kind":"downstream"},"geometry":{"type":"LineString","coordinates":[[31.22477,29.4026],[31.20774,29.42533],[31.2062,29.43686],[31.21603,29.44877],[31.22445,29.45329],[31.23483,29.4623],[31.24367,29.47722],[31.25143,29.48879],[31.2565,29.49974],[31.25588,29.50998],[31.2609,29.51773],[31.26702,29.52884],[31.27386,29.53609],[31.27975,29.54497],[31.28049,29.55026],[31.27736,29.5589],[31.27228,29.56764],[31.26792,29.57709],[31.26526,29.59018],[31.26852,29.60163],[31.26731,29.61615],[31.26925,29.62659],[31.27528,29.6359],[31.29123,29.65114],[31.29851,29.66421],[31.29762,29.67361],[31.28721,29.68886],[31.27655,29.70189],[31.26713,29.71411],[31.26614,29.72171],[31.26552,29.73194],[31.27217,29.74611],[31.28449,29.76237],[31.29088,29.78027],[31.29449,29.80032],[31.29406,29.81417],[31.29204,29.83074],[31.29171,29.84639],[31.28786,29.86347],[31.284,29.88056],[31.28105,29.89281],[31.27746,29.90616],[31.27608,29.92164],[31.27257,29.93222],[31.26626,29.94037],[31.25483,29.9481],[31.2449,29.95588],[31.23427,29.96156],[31.22264,29.97025],[31.21743,29.97718],[31.21624,29.98574],[31.21479,29.99346],[31.21626,30.00403],[31.21687,30.01347]]}},{"type":"Feature","properties":{"id":560512,"kind":"upstream"},"geometry":{"type":"LineString","coordinates":[[19.0694,47.5683],[19.075,47.5735],[19.0766,47.5789],[19.0775,47.5887],[19.0807,47.5967],[19.08096,47.60014],[19.0816,47.6084],[19.084,47.6134],[19.0864,47.6187],[19.0909,47.6276],[19.09685,47.63443],[19.099,47.6369],[19.10455,47.64605],[19.11112,47.68027],[19.11459,47.69284],[19.1182,47.7012],[19.1169,47.7118],[19.12,47.716],[19.1208,47.7205],[19.11783,47.72891],[19.12722,47.77109],[19.12106,47.77542],[19.12234,47.77797],[19.12432,47.78693],[19.1152,47.8003],[19.08048,47.82018],[19.0735,47.8246],[19.0663,47.8274],[19.062,47.8313],[19.0491,47.8333],[19.0417,47.8328],[19.0336,47.8343],[19.0146,47.8341],[19.0064,47.835],[18.9992,47.8331],[18.9915,47.83],[18.9866,47.8265],[18.9709,47.8116],[18.9637,47.8023],[18.9627,47.7929],[18.96246,47.79252],[18.9583,47.786],[18.948,47.7762],[18.93471,47.77307],[18.931,47.7722],[18.9218,47.77595],[18.90457,47.78596],[18.9031,47.7877],[18.8928,47.8055],[18.8872,47.8095],[18.8704,47.8139],[18.8649,47.8149],[18.85596,47.81415],[18.85066,47.81722],[18.84971,47.81777],[18.82229,47.81753],[18.8203,47.818],[18.8122,47.8203],[18.8081,47.8209],[18.8013,47.8215],[18.797,47.8215],[18.7935,47.8212],[18.7895,47.8203],[18.7828,47.8183],[18.7759,47.8167],[18.7718,47.8165],[18.7665,47.816],[18.761,47.8163],[18.754,47.8155],[18.7496,47.8147],[18.7467,47.8138],[18.7435,47.8125],[18.741,47.811],[18.7384,47.809],[18.7333,47.8013],[18.72716,47.78845],[18.7265,47.7872],[18.7214,47.7839],[18.7104,47.778],[18.703,47.7744],[18.6997,47.7734],[18.6905,47.7687],[18.6814,47.7649],[18.6777,47.7636],[18.6665,47.7603],[18.66407,47.76006],[18.66305,47.75972],[18.66098,47.75968],[18.63695,47.75916],[18.63511,47.75934],[18.6323,47.7589],[18.6162,47.7591],[18.6016,47.7622],[18.59822,47.76295],[18.59722,47.76305],[18.57912,47.76448],[18.5784,47.7646],[18.5704,47.7654],[18.56785,47.76537],[18.5626,47.7653],[18.5594,47.7651],[18.5556,47.7645],[18.5503,47.764],[18.5425,47.7635],[18.5386,47.7623],[18.5359,47.761],[18.5332,47.76],[18.5301,47.758],[18.5278,47.7569],[18.5234,47.7551],[18.52,47.754],[18.5162,47.7534],[18.5133,47.7527],[18.5091,47.7522],[18.5009,47.7516],[18.4974,47.7512],[18.4937,47.7512],[18.4899,47.7514],[18.487,47.7522],[18.4823,47.7552],[18.4772,47.7573],[18.4722,47.7588],[18.45585,47.76449],[18.4518,47.7649],[18.447,47.7641],[18.4382,47.7623],[18.4311,47.7589],[18.424,47.7574],[18.42199,47.75713],[18.41333,47.75388],[18.38569,47.74858],[18.3845,47.7482],[18.3768,47.745],[18.3747,47.7444],[18.369,47.7444],[18.35872,47.74413],[18.3375,47.74083],[18.33232,47.74031],[18.3308,47.7392],[18.3269,47.7379],[18.32,47.737],[18.3157,47.7367],[18.3078,47.735],[18.2988,47.734],[18.2917,47.7341],[18.2893,47.7346],[18.2861,47.7355],[18.2832,47.7355],[18.2792,47.7362],[18.2684,47.7397],[18.2636,47.7408],[18.2591,47.7414],[18.2502,47.7418],[18.2437,47.7427],[18.2411,47.7422],[18.2382,47.7421],[18.2354,47.7423],[18.2335,47.7426],[18.2303,47.7435],[18.227,47.7442],[18.2243,47.7446],[18.2224,47.7451],[18.2165,47.7451],[18.2103,47.7448],[18.2051,47.7443],[18.2,47.7432],[18.1968,47.7423],[18.1925,47.7416],[18.1882,47.7411],[18.1791,47.741],[18.1711,47.7411],[18.1597,47.7436],[18.15047,47.74486]]}},{"type":"Feature","properties":{"id":560321,"kind":"downstream"},"geometry":{"type":"LineString","coordinates":[[19.0694,47.5683],[19.0606,47.5548],[19.0555,47.5496],[19.0501,47.5418],[19.0484,47.5342],[19.051,47.5147],[19.06585,47.49411],[19.0704,47.4878],[19.0714,47.4768],[19.0582,47.4557],[19.0595,47.4482],[19.0587,47.4372],[19.0539,47.4139],[19.0476,47.4073],[19.0405,47.3963],[19.0281,47.3913],[19.0202,47.3907],[19.0117,47.389],[19.0035,47.3861],[18.9932,47.3796],[18.98,47.3692],[18.9758,47.3636],[18.9713,47.353],[18.9703,47.3401],[18.9644,47.3236],[18.9549,47.3181],[18.947,47.3103],[18.92626,47.3014],[18.9258,47.3012],[18.9208,47.298],[18.9137,47.2907],[18.9047,47.247],[18.8837,47.2289],[18.8801,47.2253],[18.876,47.2227],[18.8747,47.2196],[18.8734,47.2133],[18.8737,47.2095],[18.8706,47.2023],[18.8706,47.1954],[18.8691,47.1891],[18.8632,47.18],[18.8622,47.1756],[18.8629,47.1727],[18.8608,47.1667],[18.8838,47.1378],[18.8872,47.1213],[18.88804,47.11911],[18.8962,47.098],[18.9055,47.0878],[18.9127,47.0849],[18.9241,47.0785],[18.9293,47.0752],[18.9368,47.0684],[18.9462,47.0641],[18.9502,47.0615],[18.9583,47.0532],[18.9664,47.0487],[18.9686,47.0443],[18.9715,47.0441],[18.9731,47.0456],[18.9738,47.0448],[18.9716,47.0408],[18.9707,47.0249],[18.9694,47.0217],[18.9673,47.0179],[18.96213,47.01331],[18.9558,47.0077],[18.9518,46.9954],[18.9523,46.9904],[18.9551,46.9843],[18.95611,46.98288],[18.95472,46.97585],[18.9558,46.9751],[18.9568,46.9705],[18.9611,46.9644],[18.9625,46.9568],[18.964,46.9544],[18.9615,46.9422],[18.9564,46.933],[18.9505,46.9255],[18.9434,46.9097],[18.9486,46.885],[18.9402,46.8761],[18.9373,46.8693],[18.93288,46.86512],[18.9318,46.8641],[18.9287,46.8575],[18.92997,46.85037],[18.9302,46.8491],[18.9393,46.8369],[18.9477,46.8306],[18.9575,46.8187],[18.9616,46.8026],[18.9642,46.7975],[18.9701,46.7911],[18.9787,46.7786],[18.988,46.7715],[18.9943,46.7625],[18.9973,46.754],[18.9931,46.7434],[18.9939,46.7372],[19.0034,46.7268],[19.0075,46.7241],[19.0104,46.719],[19.0128,46.7166],[19.0125,46.7123],[19.0147,46.7067],[19.0126,46.6955],[19.007,46.6874],[19.003,46.6853],[18.9977,46.6796],[18.9958,46.6797],[18.9942,46.6789],[18.9935,46.6771],[18.997,46.6775],[18.9972,46.6761],[18.9935,46.6719],[18.9883,46.6702],[18.9867,46.6612],[18.9852,46.6596],[18.9822,46.6599],[18.9795,46.659],[18.9499,46.6378],[18.9385,46.6333],[18.9173,46.6334],[18.9096,46.6319],[18.9061,46.6321],[18.899,46.6342],[18.8945,46.6343],[18.8905,46.6329],[18.8817,46.6254],[18.8811,46.6207],[18.8791,46.6173],[18.87652,46.6156],[18.8732,46.6134],[18.869,46.6004],[18.8691,46.5973],[18.8851,46.5803],[18.88819,46.57968],[18.8891,46.5795],[18.893,46.5774],[18.8965,46.5747],[18.899,46.5707],[18.9045,46.5573],[18.9074,46.5341],[18.9116,46.5266],[18.9119,46.5247],[18.9096,46.5192],[18.90932,46.51448],[18.91116,46.50881],[18.9116,46.508],[18.9167,46.5035],[18.9228,46.4964],[18.9238,46.4935],[18.9235,46.4881],[18.9279,46.4746],[18.9328,46.4639],[18.9173,46.4289],[18.9055,46.4147],[18.898,46.4071],[18.8916,46.3974],[18.8909,46.3842],[18.8942,46.3777],[18.8934,46.3747],[18.8972,46.3653],[18.8971,46.3512],[18.89853,46.34805],[18.9011,46.3424],[18.9019,46.3357],[18.9061,46.3284],[18.9076,46.323],[18.9103,46.3174],[18.9232,46.3069],[18.9299,46.298],[18.9302,46.2925],[18.9268,46.2821],[18.9242,46.279],[18.9221,46.2742],[18.9202,46.2661],[18.9222,46.2462],[18.9243,46.2425],[18.9245,46.2388],[18.9221,46.2048],[18.9248,46.201],[18.9266,46.1945],[18.9317,46.1916],[18.934,46.1889],[18.9376,46.1804],[18.9379,46.1752],[18.9362,46.1705],[18.9339,46.1653],[18.9287,46.158],[18.9174,46.1509],[18.8969,46.1496],[18.886,46.1519],[18.8783,46.1521],[18.8727,46.1539],[18.8673,46.1533],[18.848,46.1394],[18.8463,46.1303],[18.8436,46.1271],[18.8206,46.108],[18.8151,46.1018],[18.8142,46.0988],[18.8105,46.0953],[18.808,46.094],[18.8071,46.0958],[18.802,46.0934],[18.8003,46.0894],[18.7987,46.0883],[18.7852,46.0838],[18.775,46.0808],[18.7702,46.0772],[18.7669,46.0703],[18.764,46.0591],[18.7585,46.0539],[18.7514,46.0445],[18.7437,46.0369],[18.7327,46.0298],[18.7235,46.0249],[18.7099,46.0217],[18.6999,46.0133],[18.6973,46.0121],[18.6947,46.0135],[18.69319,46.01283],[18.6877,46.0104],[18.6844,46.0083],[18.6812,46.0048],[18.6794,45.9992],[18.6876,45.9821],[18.6996,45.9721],[18.7043,45.9693],[18.7105,45.9673],[18.7135,45.9639],[18.7248,45.9579],[18.7297,45.9533],[18.7361,45.9503],[18.7451,45.9475],[18.7506,45.9445],[18.7562,45.9428],[18.7599,45.9393],[18.7648,45.9366],[18.7658,45.9345],[18.7709,45.9206],[18.7731,45.9147],[18.7773,45.9101],[18.7904,45.9047],[18.8087,45.9031],[18.82429,45.89526],[18.8276,45.8936],[18.8346,45.8781],[18.83403,45.87406],[18.85407,45.85674],[18.86273,45.84925],[18.8653,45.8427],[18.8639,45.8315],[18.8612,45.8226],[18.8581,45.8161],[18.8553,45.8006],[18.8608,45.7923],[18.8703,45.7853],[18.8769,45.7816],[18.8878,45.7725],[18.8931,45.7652],[18.898,45.7603],[18.9017,45.7541],[18.9056,45.7426],[18.901,45.7218],[18.8987,45.7142],[18.9008,45.6987],[18.9069,45.6948],[18.9121,45.6929],[18.9193,45.6887],[18.924,45.6826],[18.9292,45.6778],[18.9361,45.6757],[18.9466,45.6753],[18.9532,45.673],[18.9598,45.67],[18.96648,45.66358],[18.94494,45.63816],[18.94258,45.63537],[18.9413,45.63],[18.943,45.6246],[18.939,45.6211],[18.9338,45.6199],[18.9215,45.6188],[18.9147,45.6165],[18.90847,45.60894],[18.90729,45.60217],[18.9094,45.6002],[18.9136,45.598],[18.9155,45.5928],[18.90375,45.58181],[18.90289,45.57688],[18.90224,45.57314],[18.90507,45.57017],[18.9025,45.5641],[18.9191,45.5507],[18.9318,45.54],[18.9298,45.5379],[18.9216,45.5391],[18.9155,45.5413],[18.8974,45.5427],[18.8762,45.5491],[18.8643,45.548],[18.8469,45.5434],[18.8156,45.5462],[18.8023,45.5416],[18.7776,45.5406],[18.7636,45.5476],[18.7536,45.5562],[18.7433,45.5581],[18.7231,45.5598],[18.7066,45.5598],[18.69726,45.56077],[18.68465,45.56207]]}},{"type":"Feature","properties":{"id":560241,"kind":"downstream"},"geometry":{"type":"LineString","coordinates":[[4.801,44.1592],[4.7981,44.158],[4.7971,44.1575],[4.7963,44.157],[4.7956,44.1558],[4.7942,44.1547],[4.7928,44.1538],[4.7906,44.1527],[4.7892,44.1517],[4.7886,44.1507],[4.7884,44.1497],[4.7869,44.1489],[4.7845,44.1483],[4.7833,44.1486],[4.7824,44.1489],[4.781,44.1494],[4.78,44.1495],[4.7782,44.1488],[4.7773,44.149],[4.7763,44.1496],[4.7747,44.1499],[4.7733,44.1498],[4.7718,44.1492],[4.7706,44.1494],[4.7695,44.1495],[4.7687,44.1492],[4.7679,44.1474],[4.7667,44.1459],[4.7659,44.1459],[4.7649,44.146],[4.7645,44.1462],[4.7628,44.1466],[4.761,44.1468],[4.7597,44.1467],[4.7585,44.1457],[4.7569,44.1456],[4.7549,44.1448],[4.7543,44.1449],[4.753,44.1451],[4.7513,44.1454],[4.7507,44.146],[4.7501,44.1469],[4.7491,44.1477],[4.7479,44.1478],[4.7471,44.1476],[4.7452,44.1476],[4.7436,44.1482],[4.7425,44.1484],[4.7395,44.1484],[4.7379,44.1479],[4.7366,44.1478],[4.7348,44.147],[4.7338,44.1466],[4.7324,44.1462],[4.7312,44.1459],[4.7311,44.1455],[4.7311,44.1445],[4.7311,44.1432],[4.7306,44.1431],[4.7297,44.143],[4.73,44.1422],[4.7307,44.1419],[4.7315,44.1419],[4.7314,44.1414],[4.7305,44.1411],[4.7306,44.1409],[4.7326,44.1388],[4.7329,44.1385],[4.7338,44.1374],[4.734,44.1361],[4.7339,44.1346],[4.7314,44.1338],[4.7305,44.1326],[4.7297,44.1318],[4.7273,44.1313],[4.7251,44.1307],[4.7232,44.1301],[4.7209,44.1289],[4.7193,44.1279],[4.7179,44.1267],[4.7166,44.1252],[4.7165,44.1234],[4.717,44.1216],[4.7179,44.119],[4.7188,44.117],[4.7191,44.1158],[4.7199,44.1135],[4.7206,44.1115],[4.7214,44.11],[4.722,44.1094],[4.7238,44.1081],[4.7265,44.1062],[4.7272,44.1055],[4.7287,44.1036],[4.7283,44.1017],[4.7272,44.1007],[4.7263,44.0997],[4.7259,44.0978],[4.7261,44.097],[4.7262,44.0969],[4.7263,44.0966],[4.7262,44.0964],[4.7266,44.0952],[4.727,44.0939],[4.7286,44.0923],[4.7302,44.0915],[4.7318,44.0909],[4.7325,44.0907],[4.7344,44.09],[4.7351,44.0893],[4.737,44.0887],[4.7399,44.088],[4.7461,44.0866],[4.7497,44.0859],[4.7515,44.0854],[4.754,44.0841],[4.7566,44.0826],[4.7577,44.0815],[4.76028,44.07918],[4.7622,44.0774],[4.7651,44.0748],[4.7667,44.074],[4.7689,44.0731],[4.7712,44.0725],[4.7753,44.0717],[4.779,44.0711],[4.7795,44.071],[4.7825,44.0703],[4.7866,44.0687],[4.7879,44.0678],[4.7898,44.0658],[4.7904,44.0645],[4.7909,44.0632],[4.7912,44.0612],[4.7911,44.06],[4.7909,44.0595],[4.7905,44.0579],[4.79,44.0554],[4.7904,44.0536],[4.7914,44.0527],[4.7933,44.0514],[4.7968,44.0496],[4.7979,44.0489],[4.8027,44.0458],[4.8064,44.0436],[4.8084,44.0421],[4.8104,44.0404],[4.8129,44.0384],[4.815,44.0365],[4.8166,44.0347],[4.8179,44.0332],[4.8191,44.0306],[4.8199,44.0281],[4.82,44.027],[4.8208,44.0216],[4.8204,44.0127],[4.8211,44.0099],[4.8214,44.0084],[4.8216,44.0062],[4.8217,44.0058],[4.8214,44.0027],[4.8214,44.0003],[4.8212,43.9992],[4.8207,43.9947],[4.8206,43.9916],[4.8202,43.9876],[4.8194,43.9822],[4.8188,43.9775],[4.8184,43.9759],[4.8183,43.9745],[4.8181,43.9724],[4.8175,43.9694],[4.8168,43.9657],[4.8165,43.9651],[4.8157,43.9642],[4.8149,43.9629],[4.8135,43.9619],[4.8107,43.9601],[4.8074,43.9588],[4.8027,43.9571],[4.8,43.9559],[4.7975,43.9543],[4.7958,43.9529],[4.7949,43.9527],[4.7947,43.9522],[4.7936,43.951],[4.7921,43.949],[4.7906,43.9473],[4.7901,43.9462],[4.788,43.944],[4.7865,43.9428],[4.7854,43.942],[4.7854,43.9416],[4.7858,43.9414],[4.7711,43.9382],[4.7661,43.9371],[4.759,43.9362],[4.7545,43.9353],[4.7502,43.9339],[4.7463,43.9321],[4.7428,43.9294],[4.7392,43.9261],[4.7363,43.9234],[4.7328,43.9194],[4.7292,43.9152],[4.7256,43.9107],[4.7233,43.9086],[4.7213,43.9075],[4.7179,43.9058],[4.7133,43.9042],[4.7062,43.9024],[4.7037,43.9017],[4.7013,43.9003],[4.7005,43.8999],[4.6969,43.8979],[4.6928,43.8942],[4.6899,43.8902],[4.6873,43.8873],[4.6849,43.8856],[4.6825,43.8847],[4.6751,43.8826],[4.6651,43.8803],[4.6612,43.8791],[4.656,43.8768],[4.6502,43.8739],[4.6462,43.8718],[4.6431,43.8709],[4.6397,43.8701],[4.6337,43.8695],[4.6272,43.8686],[4.6253,43.8679],[4.6225,43.8664],[4.621,43.8651],[4.6194,43.8626],[4.6188,43.8606],[4.6182,43.8577],[4.6182,43.8533],[4.6203,43.8487],[4.6228,43.8435],[4.6229,43.8433],[4.6225,43.8427],[4.6207,43.8421],[4.6215,43.8408],[4.6221,43.8385],[4.6228,43.8356],[4.6231,43.8339],[4.6236,43.8328],[4.6237,43.8317],[4.624,43.8302],[4.6242,43.8295],[4.6247,43.8275],[4.6259,43.8269],[4.6271,43.8263],[4.6281,43.8252],[4.6285,43.8248],[4.6304,43.8241],[4.6322,43.8234],[4.6331,43.8233],[4.6343,43.8231],[4.6359,43.8224],[4.6379,43.8211],[4.6386,43.8207],[4.6408,43.8192],[4.6429,43.8174],[4.6441,43.8161],[4.645,43.8152],[4.6464,43.8141],[4.6476,43.8126],[4.648,43.8113],[4.6484,43.81],[4.649,43.8091],[4.6495,43.8071],[4.6495,43.8061],[4.6502,43.8052],[4.6501,43.8046],[4.6495,43.8045],[4.6495,43.8039],[4.649,43.802],[4.6485,43.8014],[4.6481,43.7996],[4.6478,43.7994],[4.6477,43.7998],[4.6473,43.8005],[4.6471,43.8011],[4.647,43.8008],[4.6471,43.7995],[4.6478,43.7981],[4.6476,43.7961],[4.6471,43.7952],[4.6472,43.7934],[4.6481,43.7911],[4.6492,43.7894],[4.6491,43.7876],[4.6487,43.7845],[4.6469,43.7819],[4.644,43.7784],[4.6404,43.7756],[4.6392,43.7746],[4.6382,43.7741],[4.6377,43.7736],[4.6369,43.7729],[4.6359,43.7723],[4.6353,43.7717],[4.6344,43.7707],[4.633,43.7697],[4.632,43.7689],[4.63,43.7673],[4.6294,43.7668],[4.6291,43.7666],[4.6283,43.7667],[4.6278,43.7667],[4.627,43.7663],[4.6262,43.7658],[4.6257,43.7656],[4.6248,43.7653],[4.6258,43.7649],[4.6279,43.7645],[4.6281,43.7581],[4.6275,43.7561],[4.6275,43.7558],[4.6274,43.7552],[4.627,43.7546],[4.6267,43.7536],[4.6266,43.7533],[4.6264,43.7532],[4.6251,43.7463],[4.625,43.7455],[4.6245,43.7444],[4.624,43.7431],[4.6231,43.7419],[4.623,43.7415],[4.6225,43.7406],[4.6219,43.7401],[4.6215,43.7396],[4.6212,43.7392],[4.6213,43.7389],[4.6195,43.736],[4.6186,43.7343],[4.6185,43.7333],[4.6183,43.7331],[4.6176,43.7327],[4.6175,43.732],[4.6175,43.7307],[4.6176,43.7284],[4.6177,43.7275],[4.6179,43.7267],[4.6183,43.7254],[4.6184,43.7252],[4.6188,43.725],[4.619,43.7246],[4.6188,43.7244],[4.6179,43.7237],[4.6176,43.7231],[4.6175,43.7223],[4.6173,43.7212],[4.6171,43.7203],[4.6172,43.7198],[4.6173,43.7192],[4.6171,43.7173],[4.6174,43.7169],[4.6178,43.7165],[4.6177,43.716],[4.6175,43.7155],[4.6176,43.715],[4.6183,43.7142],[4.6188,43.7121],[4.6191,43.7097],[4.6191,43.7084],[4.6195,43.7073],[4.6197,43.7055],[4.6201,43.7048],[4.6207,43.7042],[4.6224,43.7022],[4.6251,43.6992],[4.6257,43.6985],[4.627,43.6967],[4.6279,43.6949],[4.628,43.6941],[4.6282,43.6938],[4.6286,43.6937],[4.629,43.6935],[4.6297,43.6909],[4.62984,43.69006],[4.62839,43.68805]]}},{"type":"Feature","properties":{"id":560555,"kind":"upstream"},"geometry":{"type":"LineString","coordinates":[[4.7166,44.1252],[4.71509,44.12614],[4.715,44.1283],[4.7153,44.1322],[4.7153,44.1331],[4.7158,44.1339],[4.7168,44.1355],[4.7176,44.1361],[4.72,44.1388],[4.7208,44.1397],[4.7223,44.1433],[4.7224,44.1453],[4.7224,44.147],[4.7222,44.1488],[4.7218,44.1498],[4.7212,44.1514],[4.7205,44.1541],[4.7197,44.1618],[4.7115,44.1801],[4.7103,44.1817],[4.7075,44.1869],[4.7065,44.1875],[4.7051,44.1914],[4.7042,44.1926],[4.7033,44.1937],[4.7032,44.1954],[4.7028,44.1964],[4.7026,44.1971],[4.7021,44.1974],[4.7017,44.1989],[4.7033,44.2015],[4.7049,44.2034],[4.7074,44.2058],[4.7086,44.2074],[4.7085,44.2104],[4.7071,44.2124],[4.7045,44.2138],[4.7027,44.2144],[4.7018,44.2143],[4.7013,44.214],[4.7009,44.2136],[4.7006,44.2132],[4.6997,44.2132],[4.6995,44.2134],[4.7,44.2141],[4.6998,44.2142],[4.6992,44.2142],[4.6994,44.2145],[4.7,44.215],[4.701,44.2153],[4.7006,44.2155],[4.6993,44.2156],[4.698,44.2155],[4.696,44.2152],[4.6941,44.2147],[4.6914,44.2136],[4.6899,44.2131],[4.6897,44.2129],[4.691,44.2126],[4.6909,44.2124],[4.6901,44.2123],[4.6878,44.2119],[4.6868,44.2119],[4.6856,44.2117],[4.6835,44.2117],[4.6824,44.2106],[4.6808,44.2101],[4.6783,44.21],[4.6772,44.2105],[4.6762,44.2118],[4.6752,44.2126],[4.6724,44.2227],[4.673,44.2236],[4.6736,44.2249],[4.674,44.225],[4.6742,44.2247],[4.6743,44.2244],[4.6748,44.2251],[4.6768,44.2268],[4.6776,44.23],[4.6772,44.2336],[4.6762,44.2356],[4.6754,44.2364],[4.674,44.2384],[4.6724,44.2394],[4.6707,44.2399],[4.6679,44.2418],[4.6663,44.243],[4.6637,44.2441],[4.6632,44.2448],[4.6628,44.2456],[4.6609,44.2465],[4.6595,44.2475],[4.6568,44.2502],[4.6556,44.2518],[4.6537,44.2535],[4.6526,44.2549],[4.6522,44.2572],[4.6513,44.2582],[4.649,44.2599],[4.6479,44.262],[4.6473,44.264],[4.6457,44.2661],[4.6477,44.2662],[4.6478,44.2673],[4.6482,44.2708],[4.6493,44.2739],[4.65,44.2763],[4.6501,44.2765],[4.6503,44.2804],[4.6502,44.2815],[4.6506,44.2817],[4.6506,44.2831],[4.6511,44.2859],[4.6508,44.2866],[4.6502,44.2852],[4.6498,44.2851],[4.6497,44.2856],[4.6503,44.2867],[4.6503,44.2876],[4.6512,44.2881],[4.6522,44.2924],[4.6519,44.2944],[4.6523,44.2945],[4.653,44.3017],[4.6485,44.3128],[4.6522,44.3206],[4.6497,44.3312],[4.6485,44.3357],[4.6475,44.3378],[4.6476,44.3393],[4.6476,44.3416],[4.6473,44.3423],[4.6458,44.3487],[4.6457,44.3524],[4.6459,44.3532],[4.6466,44.3582],[4.6471,44.3603],[4.6469,44.3635],[4.6468,44.3645],[4.6474,44.3658],[4.6482,44.3679],[4.649,44.3733],[4.6492,44.3764],[4.6498,44.3774],[4.6499,44.378],[4.651,44.3784],[4.651,44.3787],[4.6509,44.3792],[4.6512,44.3799],[4.652,44.3809],[4.6526,44.3826],[4.6548,44.3852],[4.6652,44.3952],[4.6646,44.3959],[4.6649,44.3965],[4.666,44.3968],[4.6661,44.3976],[4.6656,44.3983],[4.6654,44.3993],[4.665,44.3996],[4.6649,44.4005],[4.6645,44.4009],[4.6643,44.4024],[4.6641,44.4038],[4.6643,44.4069],[4.6638,44.4075],[4.6646,44.4078],[4.6649,44.4097],[4.6651,44.4105],[4.6656,44.4105],[4.6656,44.4111],[4.6655,44.4118],[4.665,44.4132],[4.6646,44.4151],[4.6646,44.418],[4.6653,44.421],[4.6657,44.4227],[4.6662,44.425],[4.6663,44.4257],[4.6668,44.4274],[4.6681,44.4306],[4.6704,44.4341],[4.6716,44.4347],[4.6749,44.4357],[4.6806,44.437],[4.6837,44.4375],[4.6874,44.4383],[4.6906,44.4396],[4.6934,44.4415],[4.6953,44.4426],[4.6955,44.4429],[4.6956,44.443],[4.6978,44.445],[4.6982,44.446],[4.699,44.4474],[4.6993,44.4485],[4.6994,44.4513],[4.6993,44.4518],[4.6996,44.4523],[4.7004,44.453],[4.7017,44.4569],[4.702,44.4595],[4.7023,44.4638],[4.7017,44.4676],[4.7016,44.4699],[4.7015,44.4718],[4.7008,44.4725],[4.7009,44.4733],[4.7013,44.474],[4.7011,44.4756],[4.7007,44.4772],[4.7016,44.4784],[4.7017,44.4794],[4.7012,44.4806],[4.6998,44.4818],[4.6997,44.4823],[4.6979,44.4859],[4.6976,44.4859],[4.6883,44.4917],[4.6882,44.4919],[4.6882,44.4929],[4.6868,44.4963],[4.6864,44.4989],[4.6864,44.4999],[4.6864,44.5006],[4.6866,44.5016],[4.6877,44.5058],[4.689,44.5101],[4.69,44.5134],[4.6905,44.5167],[4.6928,44.5186],[4.6938,44.5195],[4.6952,44.5205],[4.6973,44.5223],[4.6979,44.5228],[4.6983,44.5238],[4.699,44.525],[4.6996,44.5265],[4.7001,44.5282],[4.6996,44.5294],[4.6997,44.53],[4.6995,44.5312],[4.6992,44.5324],[4.6979,44.5343],[4.696,44.5368],[4.6955,44.5377],[4.694,44.5414],[4.6926,44.544],[4.691,44.5474],[4.69401,44.55911],[4.6944,44.56],[4.696,44.5612],[4.6988,44.5636],[4.7017,44.5711],[4.702,44.5716],[4.7025,44.5731],[4.7042,44.5756],[4.7058,44.5781],[4.7062,44.5792],[4.707,44.5804],[4.7091,44.5826],[4.7105,44.5839],[4.7117,44.5853],[4.7134,44.5862],[4.7141,44.5867],[4.7359,44.5972],[4.737,44.5971],[4.739,44.5963],[4.7437,44.6022],[4.7448,44.6036],[4.7462,44.605],[4.748,44.6076],[4.7495,44.6107],[4.751,44.6129],[4.7529,44.6141],[4.7553,44.616],[4.756,44.617],[4.7585,44.6195],[4.7611,44.6233],[4.7608,44.6239],[4.762,44.6257],[4.762,44.6273],[4.7659,44.632],[4.7678,44.6341],[4.7707,44.6423],[4.771,44.6424],[4.7712,44.6428],[4.7712,44.6429],[4.7714,44.6433],[4.7719,44.6438],[4.7758,44.645],[4.781,44.6643],[4.7812,44.6679],[4.782,44.6777],[4.7811,44.6838],[4.7806,44.6849],[4.7791,44.688],[4.7774,44.69],[4.7766,44.6906],[4.7761,44.6919],[4.7751,44.694],[4.7743,44.6963],[4.7741,44.6988],[4.7736,44.7027],[4.7733,44.7039],[4.7728,44.7058],[4.7718,44.7073],[4.7704,44.7088],[4.7702,44.7095],[4.7692,44.711],[4.7677,44.712],[4.7654,44.7148],[4.7641,44.717],[4.764,44.7181],[4.764,44.7185],[4.764,44.7188],[4.7645,44.7222],[4.7644,44.724],[4.7648,44.7256],[4.7645,44.7271],[4.7615,44.7358],[4.7616,44.7363],[4.7614,44.737],[4.7611,44.7376],[4.7602,44.739],[4.7591,44.7413],[4.7567,44.7459],[4.7558,44.7481],[4.7519,44.7532],[4.7513,44.7539],[4.7506,44.7563],[4.7505,44.7579],[4.7509,44.7593],[4.7524,44.7626],[4.7539,44.7668],[4.7551,44.7691],[4.7564,44.7704],[4.759,44.7729],[4.7601,44.7733],[4.7617,44.7748],[4.762,44.776],[4.7627,44.7773],[4.764,44.7788],[4.7655,44.78],[4.7668,44.7812],[4.7669,44.7821],[4.7694,44.7849],[4.7717,44.7872],[4.7755,44.7913],[4.7798,44.7972],[4.7824,44.7994],[4.7873,44.8022],[4.7913,44.8034],[4.806,44.8085],[4.8064,44.8096],[4.8075,44.8108],[4.8085,44.8125],[4.8092,44.8147],[4.8094,44.8157],[4.8102,44.8188],[4.8119,44.8225],[4.8134,44.8257],[4.815,44.8287],[4.8164,44.8327],[4.8185,44.8374],[4.8195,44.8389],[4.8216,44.8424],[4.823,44.8435],[4.8244,44.8442],[4.8281,44.8462],[4.8334,44.8493],[4.837,44.8517],[4.8374,44.8525],[4.8373,44.8537],[4.8376,44.8538],[4.8378,44.853],[4.8381,44.8531],[4.8392,44.854],[4.84,44.8552],[4.841,44.8562],[4.8434,44.8587],[4.8442,44.8597],[4.8446,44.8602],[4.846,44.8619],[4.8469,44.8637],[4.8478,44.8652],[4.8491,44.8666],[4.8511,44.8679],[4.856,44.8719],[4.8571,44.873],[4.8579,44.8741],[4.859,44.8752],[4.8597,44.8765],[4.8599,44.8777],[4.8596,44.8793],[4.8588,44.8811],[4.8588,44.8815],[4.8584,44.8823],[4.8574,44.8841],[4.8555,44.8867],[4.8542,44.8884],[4.854,44.8898],[4.8531,44.892],[4.8525,44.8937],[4.8522,44.8956],[4.8522,44.8961],[4.8524,44.8985],[4.8533,44.9016],[4.8542,44.9035],[4.8546,44.9039],[4.8556,44.904],[4.8568,44.9042],[4.859,44.9049],[4.8632,44.9064],[4.8662,44.9083],[4.8672,44.9101],[4.8676,44.9109],[4.8683,44.9126],[4.8691,44.9152],[4.8697,44.9176],[4.8704,44.9193],[4.8718,44.9223],[4.8735,44.9245],[4.8739,44.925],[4.8762,44.9273],[4.8782,44.9294]]}},{"type":"Feature","properties":{"id":560565,"kind":"upstream"},"geometry":{"type":"LineString","coordinates":[[7.8033,48.5932],[7.802,48.5915],[7.8024,48.5913],[7.8015,48.5899],[7.8004,48.5883],[7.8,48.5869],[7.799,48.5849],[7.7984,48.5827],[7.7984,48.5817],[7.7983,48.5789],[7.7986,48.5769],[7.799,48.5767],[7.7991,48.576],[7.7989,48.5757],[7.7996,48.5737],[7.80061,48.57157],[7.80148,48.57387],[7.8027,48.5698],[7.8053,48.5605],[7.805,48.5477],[7.8046,48.5324],[7.8051,48.5296],[7.8061,48.5211],[7.8051,48.5144],[7.8018,48.5071],[7.7955,48.5019],[7.7801,48.4964],[7.77074,48.49236],[7.76597,48.47969],[7.75238,48.44355],[7.7454,48.42495],[7.74468,48.42239],[7.74295,48.41628],[7.73667,48.39402],[7.73963,48.38342],[7.74306,48.37111],[7.7469,48.34711],[7.74871,48.33579],[7.74567,48.33254],[7.74419,48.33095],[7.7435,48.3285],[7.7421,48.3254],[7.7408,48.3239],[7.7393,48.322],[7.7366,48.32],[7.7335,48.3184],[7.73195,48.31784],[7.73062,48.31641],[7.7237,48.3147],[7.7088,48.3111],[7.703,48.3091],[7.6973,48.305],[7.6919,48.2995],[7.6895,48.2936],[7.6838,48.2811],[7.6852,48.28],[7.6852,48.2787],[7.6839,48.2784],[7.6827,48.2783],[7.6808,48.2778],[7.6809,48.2773],[7.6826,48.2773],[7.6828,48.2755],[7.6813,48.2749],[7.6798,48.2744],[7.6805,48.2734],[7.6797,48.2726],[7.6796,48.2688],[7.6783,48.2681],[7.6771,48.2643],[7.6762,48.2612],[7.676,48.2518],[7.6705,48.2487],[7.66917,48.24478],[7.6651,48.23944],[7.6632,48.2347],[7.6606,48.2284],[7.6577,48.2226],[7.6543,48.2175],[7.6479,48.2115],[7.6462,48.2102],[7.6445,48.209],[7.6436,48.2083],[7.6413,48.205],[7.6397,48.2023],[7.6382,48.1996],[7.6352,48.1944],[7.6312,48.1874],[7.6297,48.185],[7.6255,48.1807],[7.6204,48.1761],[7.6188,48.1745],[7.6142,48.1707],[7.61146,48.16909],[7.60721,48.16336],[7.59913,48.15043],[7.5981,48.14878],[7.5984,48.1468],[7.5992,48.1446],[7.5994,48.1429],[7.5996,48.1401],[7.5985,48.1369],[7.5968,48.1341],[7.5945,48.1319],[7.5906,48.1299],[7.5872,48.1286],[7.58509,48.12794],[7.58428,48.12665],[7.5806,48.125],[7.5782,48.1218],[7.5776,48.1206],[7.57801,48.11597],[7.5784,48.1116],[7.5799,48.1053],[7.5797,48.1007],[7.5755,48.0924],[7.572,48.0885],[7.57,48.0848],[7.56945,48.08221],[7.56958,48.07751],[7.5679,48.0689],[7.5734,48.0619],[7.5739,48.0591],[7.5744,48.0536],[7.5735,48.0479],[7.57274,48.04614],[7.56968,48.03907],[7.5668,48.0332],[7.5665,48.0301],[7.5668,48.0282],[7.5671,48.027],[7.5685,48.0242],[7.5702,48.0219],[7.5726,48.0201],[7.574,48.0192],[7.5791,48.0156],[7.5824,48.0131],[7.5888,48.0083],[7.5969,48.0017],[7.5989,48.0001],[7.599,48.0],[7.6,47.9992],[7.6014,47.9977],[7.6028,47.9963],[7.6043,47.9946],[7.6057,47.993],[7.607,47.9912],[7.6079,47.9899],[7.6089,47.9881],[7.61,47.986],[7.6109,47.984],[7.6115,47.9822],[7.612,47.9802],[7.6122,47.9781],[7.6121,47.9763],[7.6119,47.9734],[7.6117,47.9718],[7.6111,47.97],[7.6106,47.9687],[7.6098,47.9668],[7.6082,47.9637],[7.606,47.9604],[7.6046,47.9586],[7.6032,47.9571],[7.5999,47.9541],[7.5983,47.9526],[7.5978,47.9522],[7.5975,47.9519],[7.5965,47.9509],[7.5958,47.9503],[7.5947,47.9494],[7.5864,47.9419],[7.5838,47.9398],[7.5825,47.9386],[7.582,47.938],[7.5811,47.9371],[7.5804,47.9363],[7.5803,47.9361],[7.5796,47.9352],[7.5774,47.9324],[7.5762,47.9307],[7.5755,47.9295],[7.575,47.9285],[7.574,47.9264],[7.5734,47.9245],[7.5728,47.9228],[7.5719,47.9207],[7.5718,47.9199],[7.5714,47.9188],[7.5701,47.9155],[7.5681,47.9107],[7.5675,47.9092],[7.5655,47.904],[7.565,47.9025],[7.5648,47.9021],[7.5643,47.901],[7.5638,47.8995],[7.5614,47.8946],[7.5603,47.8922],[7.5587,47.8899],[7.5528,47.8787],[7.5524,47.8773],[7.5521,47.875],[7.5521,47.8723],[7.5523,47.8714],[7.5524,47.8709],[7.5527,47.8689],[7.5534,47.8646],[7.5543,47.8609],[7.5549,47.85712],[7.5549,47.8571],[7.5555,47.8533],[7.5559,47.8501],[7.5562,47.8485],[7.5564,47.8476],[7.5564,47.8463],[7.556,47.8451],[7.5559,47.8424],[7.555,47.8395],[7.5539,47.8369],[7.5534,47.836],[7.5512,47.8318],[7.5493,47.8286],[7.5488,47.8277],[7.5481,47.8265],[7.5475,47.8252],[7.5471,47.8245],[7.547,47.8239],[7.5468,47.8228],[7.5465,47.8217],[7.5458,47.8199],[7.5446,47.8171],[7.5433,47.8138],[7.5421,47.8114],[7.5401,47.8079],[7.5374,47.804],[7.5324,47.799],[7.5299,47.7953],[7.52925,47.79438],[7.5279,47.7925],[7.5271,47.7913],[7.5265,47.7905],[7.5263,47.79],[7.5262,47.7895],[7.5259,47.7891],[7.5252,47.7875],[7.5246,47.7858],[7.5241,47.7838],[7.524,47.7825],[7.5239,47.7806],[7.5237,47.7796],[7.524,47.7784],[7.5249,47.7773],[7.5242,47.7762],[7.5223,47.7754],[7.5217,47.7748],[7.5217,47.7737],[7.5219,47.7727],[7.5222,47.7708],[7.5225,47.7699],[7.5231,47.7672],[7.52328,47.76657],[7.5238,47.7648],[7.5243,47.7636],[7.5251,47.7621],[7.5261,47.7604],[7.5265,47.7595],[7.5278,47.7575],[7.53,47.754],[7.5312,47.7521],[7.532,47.7508],[7.5339,47.7478],[7.5352,47.7459],[7.5362,47.7442],[7.5376,47.7421],[7.5382,47.7411],[7.539,47.7398],[7.5398,47.7381],[7.5402,47.7337],[7.54,47.7328],[7.5397,47.7315],[7.5392,47.7295],[7.5379,47.7272],[7.537,47.7259],[7.5361,47.7248],[7.5352,47.7241],[7.534,47.7229],[7.5325,47.7218],[7.5303,47.7203],[7.5213,47.7141],[7.5188,47.7123],[7.5148,47.7094],[7.51426,47.70903],[7.5126,47.7079],[7.5122,47.7075],[7.5111,47.7071],[7.5075,47.7015],[7.5078,47.7009],[7.5074,47.7],[7.5073,47.6983],[7.5073,47.6976],[7.5073,47.6966],[7.5078,47.6953],[7.5088,47.6926],[7.5096,47.6908],[7.5104,47.6893],[7.511,47.6881],[7.5117,47.6868],[7.5121,47.6854],[7.5125,47.6841],[7.5127,47.6825],[7.5127,47.6804],[7.5126,47.6785],[7.5123,47.6766],[7.5122,47.6746],[7.5119,47.6716],[7.5118,47.6688]]}},{"type":"Feature","properties":{"id":560206,"kind":"downstream"},"geometry":{"type":"LineString","coordinates":[[7.8033,48.5932],[7.8033,48.5938],[7.8039,48.5944],[7.8064,48.5973],[7.8097,48.6008],[7.8108,48.6019],[7.8152,48.6066],[7.8171,48.6088],[7.8199,48.6116],[7.8234,48.6151],[7.8239,48.6158],[7.8259,48.6178],[7.8277,48.62],[7.8291,48.6223],[7.8302,48.6253],[7.831,48.6285],[7.8317,48.6303],[7.8322,48.6325],[7.8326,48.6341],[7.8338,48.6368],[7.8348,48.6389],[7.8361,48.6412],[7.8375,48.643],[7.8389,48.644],[7.8381,48.644],[7.8407,48.6456],[7.8429,48.6468],[7.8454,48.6477],[7.8478,48.6483],[7.8499,48.6487],[7.8518,48.6494],[7.8533,48.6503],[7.8554,48.6502],[7.858,48.6511],[7.8668,48.6545],[7.8712,48.6562],[7.8726,48.6567],[7.87391,48.65726],[7.87327,48.65653],[7.8774,48.6583],[7.8817,48.66],[7.8853,48.6615],[7.8876,48.6627],[7.8889,48.6637],[7.8895,48.6647],[7.8896,48.6658],[7.8912,48.6666],[7.8949,48.6692],[7.8984,48.6722],[7.899,48.673],[7.8994,48.6742],[7.8999,48.6756],[7.9004,48.6769],[7.9016,48.679],[7.9026,48.6805],[7.90333,48.68126],[7.9048,48.6828],[7.9051,48.6831],[7.9094,48.6861],[7.9109,48.6878],[7.9119,48.688],[7.91261,48.68806],[7.91346,48.68869],[7.9136,48.6887],[7.9145,48.689],[7.9155,48.6896],[7.9175,48.6909],[7.923,48.6942],[7.9258,48.6961],[7.9274,48.6967],[7.9283,48.6969],[7.9309,48.6977],[7.9329,48.6985],[7.9348,48.7],[7.9381,48.7021],[7.9396,48.7034],[7.9423,48.7057],[7.9509,48.7127],[7.9518,48.7133],[7.9524,48.7139],[7.9521,48.7143],[7.9551,48.7162],[7.9595,48.7197],[7.9629,48.7231],[7.96475,48.72588],[7.9653,48.7267],[7.9656,48.7285],[7.9656,48.7313],[7.965,48.7374],[7.9646,48.7408],[7.9642,48.7436],[7.9643,48.746],[7.9643,48.7462],[7.9642,48.7463],[7.9651,48.7492],[7.96561,48.75148],[7.966,48.7532],[7.9672,48.7552],[7.9694,48.7577],[7.9714,48.7591],[7.9734,48.7598],[7.9751,48.7602],[7.9789,48.7611],[7.9806,48.7615],[7.982,48.7615],[7.9845,48.7615],[7.9889,48.7604],[7.9923,48.7599],[7.998,48.7589],[8.0003,48.7586],[8.0034,48.7584],[8.0063,48.7587],[8.01,48.7596],[8.0142,48.7614],[8.0179,48.764],[8.0206,48.7669],[8.0217,48.7695],[8.0224,48.7718],[8.0235,48.777],[8.0238,48.7784],[8.0237,48.7798],[8.0243,48.7823],[8.025,48.7838],[8.0255,48.7847],[8.0268,48.7862],[8.0289,48.7874],[8.0301,48.7884],[8.0305,48.7894],[8.0318,48.7904],[8.035,48.7924],[8.036,48.7921],[8.0376,48.7914],[8.0421,48.7922],[8.046,48.7924],[8.0473,48.7923],[8.0511,48.7916],[8.0542,48.7911],[8.0545,48.7915],[8.0564,48.7906],[8.0583,48.7902],[8.0617,48.7903],[8.0649,48.7907],[8.0679,48.7916],[8.069,48.7927],[8.0694,48.7935],[8.0687,48.7937],[8.069,48.795],[8.0694,48.7954],[8.0702,48.7958],[8.071,48.7962],[8.0727,48.7958],[8.0742,48.7957],[8.0756,48.7961],[8.0773,48.7966],[8.0802,48.7984],[8.081,48.7989],[8.0858,48.8027],[8.0915,48.8074],[8.095,48.8106],[8.0969,48.8125],[8.0978,48.8135],[8.1006,48.8169],[8.1022,48.8196],[8.103,48.8237],[8.1031,48.8271],[8.1033,48.8314],[8.1041,48.8329],[8.1053,48.8354],[8.106,48.8362],[8.1059,48.8368],[8.1107,48.8437],[8.1107,48.8444],[8.1104,48.8448],[8.11,48.8452],[8.1095,48.8448],[8.1091,48.8448],[8.1089,48.845],[8.1089,48.8453],[8.1095,48.8456],[8.1102,48.8461],[8.1104,48.8465],[8.1101,48.8468],[8.1098,48.8472],[8.1102,48.8478],[8.1119,48.848],[8.1128,48.8493],[8.1137,48.8518],[8.1141,48.852],[8.1166,48.8573],[8.1191,48.8638],[8.1237,48.8715],[8.1254,48.8743],[8.1255,48.8748],[8.1265,48.8764],[8.1272,48.8774],[8.1327,48.8864],[8.13682,48.89197],[8.1375,48.8929],[8.13876,48.89448],[8.13935,48.89508],[8.1405,48.89626],[8.14194,48.89774],[8.1422,48.8987],[8.143,48.8995],[8.144,48.9005],[8.1497,48.9077],[8.1557,48.914],[8.1577,48.9163],[8.15751,48.9164],[8.1591,48.9176],[8.1628,48.9211],[8.1669,48.9249],[8.1721,48.929],[8.17534,48.93192],[8.1771,48.9335],[8.1781,48.93474],[8.1792,48.9361],[8.1825,48.9403],[8.1835,48.9419],[8.1833,48.9423],[8.1842,48.943],[8.1857,48.9454],[8.1891,48.9497],[8.1899,48.9512],[8.1905,48.9527],[8.1936,48.9556],[8.1952,48.9578],[8.1966,48.9589],[8.2013,48.9611],[8.208,48.9627],[8.2127,48.9636],[8.2138,48.9638],[8.2151,48.9642],[8.2184,48.9648],[8.2212,48.9654],[8.2211,48.9657],[8.2221,48.9655],[8.2243,48.966],[8.2315,48.9674],[8.2318,48.9675],[8.2492,48.976],[8.2607,48.9821],[8.26669,48.9864],[8.2699,48.9887],[8.27154,48.98955],[8.27878,48.9933],[8.2838,48.9959],[8.29,49.001],[8.2974,49.0119],[8.29986,49.02039],[8.30549,49.03984],[8.30627,49.04251],[8.3067,49.044],[8.3158,49.0607],[8.327,49.0708],[8.3338,49.0738],[8.33865,49.07672],[8.3441,49.08],[8.3499,49.0852],[8.35458,49.092],[8.35607,49.09417],[8.3594,49.099],[8.36748,49.13298],[8.37017,49.14426],[8.37093,49.14743],[8.3712,49.1544],[8.3676,49.161],[8.3668,49.1653],[8.3696,49.1716],[8.3748,49.1771],[8.37729,49.18189],[8.3838,49.1944],[8.3859,49.2041],[8.386,49.2093],[8.38527,49.21199],[8.3843,49.2156],[8.3849,49.2307],[8.3942,49.2429],[8.4002,49.2473],[8.4095,49.2506],[8.4181,49.2544],[8.43753,49.26318],[8.44872,49.27102],[8.4488,49.2711],[8.4533,49.2778],[8.4576,49.2824],[8.45997,49.2837],[8.4629,49.2853],[8.4826,49.2897],[8.4876,49.2927],[8.4901,49.2961],[8.4901,49.2995],[8.488,49.3029],[8.4842,49.3053],[8.47016,49.30953],[8.4663,49.3107],[8.4587,49.3151]]}},{"type":"Feature","properties":{"id":560304,"kind":"downstream"},"geometry":{"type":"LineString","coordinates":[[7.72748,47.54548],[7.72835,47.54679],[7.73086,47.54865],[7.73317,47.55001],[7.73629,47.55136],[7.74928,47.55373],[7.76451,47.55509],[7.78243,47.5588],[7.7923,47.56131],[7.80018,47.56649],[7.80678,47.57227],[7.81159,47.57635],[7.81438,47.58373],[7.81641,47.58732],[7.82133,47.58889],[7.82911,47.58946],[7.83664,47.58857],[7.84483,47.58706],[7.85661,47.58875],[7.87118,47.59113],[7.88239,47.59177],[7.89528,47.58972],[7.90262,47.5861],[7.90785,47.58055],[7.9107,47.57245],[7.91173,47.56284],[7.91475,47.55809],[7.92144,47.55487],[7.92971,47.55105],[7.93911,47.54998],[7.94593,47.55115],[7.95074,47.55522],[7.95402,47.55905],[7.95928,47.55999],[7.96925,47.56038],[7.98734,47.56051],[7.99764,47.56028],[8.00433,47.55685],[8.01191,47.55469],[8.02248,47.55551],[8.03301,47.55738],[8.04073,47.5594],[8.04815,47.561],[8.05184,47.56253],[8.05694,47.56764],[8.06121,47.57002],[8.06873,47.56932],[8.07629,47.56736],[8.08202,47.56453],[8.08871,47.56318],[8.09486,47.56538],[8.09756,47.56815],[8.10016,47.57342],[8.10246,47.57848],[8.1051,47.58272],[8.10842,47.5857],[8.11366,47.58747],[8.1258,47.58831],[8.13533,47.59224],[8.1399,47.59503],[8.14791,47.59789],[8.16218,47.60023],[8.17632,47.60611],[8.18306,47.60978],[8.18853,47.61364],[8.1967,47.62068],[8.20157,47.62432],[8.20645,47.62754],[8.21268,47.62785],[8.22031,47.62442],[8.22494,47.61717],[8.22939,47.61515],[8.23588,47.61693],[8.24762,47.62047],[8.25377,47.62329],[8.25787,47.6221],[8.26338,47.61654],[8.26968,47.61518],[8.27527,47.61589],[8.2878,47.61484],[8.29476,47.61223],[8.29739,47.60871],[8.29823,47.60245],[8.29994,47.59808],[8.3038,47.59501],[8.31136,47.59282],[8.32129,47.58566],[8.32647,47.58009],[8.33785,47.57587],[8.35102,47.57398],[8.36292,47.5727],[8.37542,47.57226],[8.38349,47.57343],[8.38931,47.57686],[8.39573,47.58072],[8.40255,47.58208],[8.40982,47.57946],[8.42337,47.57548],[8.43278,47.57373],[8.43867,47.57486],[8.44702,47.57728],[8.45668,47.57784],[8.47312,47.581],[8.48554,47.58306],[8.50137,47.58558],[8.51264,47.58448],[8.52115,47.58167],[8.52618,47.58048],[8.53977,47.57502],[8.54551,47.57091],[8.55458,47.55953],[8.55958,47.55918],[8.56538,47.56344],[8.56711,47.56827],[8.5679,47.5731],[8.56937,47.57625],[8.57455,47.58071],[8.57843,47.58662],[8.57924,47.59102],[8.58443,47.59486],[8.59304,47.59936],[8.59757,47.60465],[8.60268,47.61141],[8.60498,47.61855],[8.60445,47.62586],[8.60118,47.63126],[8.59811,47.64021],[8.59796,47.64544],[8.60215,47.65177],[8.60673,47.65539],[8.61079,47.65544],[8.61214,47.65211],[8.6085,47.64809],[8.61019,47.64372],[8.61495,47.64127],[8.62305,47.642],[8.62699,47.64623],[8.62622,47.65145],[8.6226,47.65789],[8.61738,47.66556],[8.61346,47.67158],[8.61354,47.67953],[8.61655,47.68375],[8.623,47.6878],[8.62412,47.69242],[8.62643,47.69914],[8.63199,47.70172],[8.64325,47.70166],[8.65366,47.69886],[8.66353,47.69229],[8.66955,47.68943],[8.67361,47.6899],[8.68602,47.69361],[8.69406,47.69684],[8.7019,47.69631],[8.71197,47.69392],[8.72447,47.69427],[8.74637,47.6939],[8.76365,47.69096],[8.77502,47.68649],[8.78828,47.68141],[8.80304,47.67907],[8.81365,47.68002],[8.82273,47.67949],[8.83467,47.6769],[8.8458,47.66907],[8.85781,47.66334],[8.87984,47.65688],[8.8974,47.65434],[8.9096,47.65363],[8.92207,47.65522],[8.94042,47.65937],[8.96461,47.66776],[8.98873,47.68033],[9.02112,47.6869],[9.05461,47.68531],[9.08157,47.68178],[9.11392,47.67389],[9.14118,47.67014],[9.15618,47.67068],[9.17276,47.66976],[9.19192,47.66426],[9.20957,47.65952],[9.24277,47.6519],[9.27059,47.64567],[9.34672,47.61546],[9.39725,47.58077],[9.41988,47.55876],[9.46052,47.54183],[9.49154,47.52699],[9.52134,47.5257],[9.58096,47.52095],[9.65435,47.52121],[9.69163,47.51347],[9.70767,47.50066],[9.72468,47.49541]]}},{"type":"Feature","properties":{"id":560298,"kind":"downstream"},"geometry":{"type":"LineString","coordinates":[[7.72756,47.54548],[7.7188,47.5443],[7.6996,47.539],[7.6937,47.5385],[7.67007,47.53468],[7.6676,47.5355],[7.6664,47.5363],[7.6655,47.5371],[7.6641,47.5386],[7.6627,47.5409],[7.6617,47.5433],[7.6608,47.5446],[7.6598,47.5451],[7.6571,47.5455],[7.6545,47.5458],[7.6517,47.5464],[7.6494,47.5473],[7.6461,47.5507],[7.64252,47.55465],[7.6422,47.555],[7.6413,47.5557],[7.6391,47.5577],[7.6368,47.5587],[7.634,47.5592],[7.6314,47.5592],[7.6287,47.55881],[7.6279,47.5587],[7.6256,47.5583],[7.6203,47.5584],[7.6182,47.5579],[7.6123,47.5564],[7.6055,47.5552],[7.6009,47.5548],[7.5995,47.5549],[7.5974,47.5551],[7.5937,47.5568],[7.5899,47.5596],[7.5859,47.5637],[7.5845,47.5661],[7.5842,47.5689],[7.5844,47.5703],[7.5825,47.5754],[7.5834,47.5754],[7.5838,47.5761],[7.5839,47.577],[7.5843,47.5801],[7.5851,47.5828],[7.5861,47.585],[7.5867,47.5862],[7.5873,47.5874],[7.588,47.5889],[7.58845,47.58967],[7.58856,47.59304],[7.5889,47.5931],[7.5894,47.5934],[7.5905,47.5946],[7.5915,47.596],[7.5917,47.5972],[7.5921,47.5988],[7.592,47.6004],[7.5916,47.6016],[7.5914,47.6026],[7.5908,47.6038],[7.5893,47.6051],[7.5866,47.6064],[7.5857,47.607],[7.5842,47.608],[7.58267,47.6089],[7.5813,47.6097],[7.5802,47.6102],[7.5766,47.612],[7.5724,47.6142],[7.5715,47.6147],[7.5683,47.6167],[7.5634,47.6199],[7.5573,47.6246],[7.5565,47.6254],[7.5512,47.6296],[7.545,47.6347],[7.5399,47.6387],[7.5383,47.6396],[7.5364,47.6406],[7.5318,47.6437],[7.5252,47.6491],[7.5223,47.6515],[7.5215,47.6523],[7.5209,47.6528],[7.5202,47.653],[7.5196,47.6532],[7.5188,47.6537],[7.5185,47.6543],[7.5176,47.6553],[7.5171,47.6558],[7.5171,47.6565],[7.5173,47.6574],[7.5172,47.658],[7.517,47.6586],[7.5163,47.6596],[7.5159,47.6603],[7.515,47.6613],[7.5142,47.6624],[7.5137,47.6633],[7.5133,47.6644],[7.5127,47.6656],[7.5118,47.6688]]}},{"type":"Feature","properties":{"id":560233,"kind":"downstream"},"geometry":{"type":"LineString","coordinates":[[7.6962,45.0657],[7.70517,45.0683],[7.72,45.0726],[7.7224,45.0781],[7.7227,45.0842],[7.7194,45.0913],[7.7229,45.0939],[7.7354,45.0926],[7.7487,45.096],[7.7601,45.1023],[7.7659,45.1106],[7.7687,45.1213],[7.7819,45.1295],[7.7906,45.1312],[7.8004,45.1356],[7.8075,45.1324],[7.816,45.1383],[7.8316,45.1457],[7.8333,45.1526],[7.8383,45.1576],[7.8387,45.1623],[7.8495,45.1697],[7.862,45.1769],[7.8796,45.1814],[7.889,45.1801],[7.9016,45.1816],[7.9095,45.1797],[7.9334,45.172],[7.9496,45.172],[7.9621,45.169],[7.9756,45.1718],[7.9854,45.1709],[7.994,45.1732],[8.0029,45.1761],[8.0096,45.1747],[8.0212,45.176],[8.0261,45.1749],[8.0358,45.1685],[8.0523,45.1691],[8.0588,45.167],[8.0663,45.1687],[8.0718,45.1741],[8.0869,45.1719],[8.0933,45.1771],[8.1013,45.1774],[8.1185,45.1702],[8.1312,45.1695],[8.1452,45.1668],[8.1611,45.1676],[8.1769,45.165],[8.1898,45.1695],[8.1995,45.1752],[8.2129,45.1713],[8.2142,45.1632],[8.2275,45.1646],[8.2438,45.1679],[8.2516,45.174],[8.2645,45.1794],[8.2775,45.1803],[8.2908,45.1748],[8.3028,45.1591],[8.3098,45.1529],[8.3188,45.1569],[8.3275,45.1557],[8.3302,45.1536],[8.335,45.1467],[8.3457,45.1484],[8.3663,45.1555],[8.3755,45.1558],[8.3879,45.1527],[8.396,45.1464],[8.4028,45.1386],[8.4107,45.1369],[8.429,45.1416],[8.4385,45.1381],[8.4517,45.1416],[8.4609,45.1471],[8.4744,45.1446],[8.4912,45.1481],[8.5016,45.1467],[8.5042,45.1486],[8.5064,45.1536],[8.5145,45.1537],[8.52,45.1477],[8.525,45.1473],[8.5342,45.1419],[8.5444,45.1457],[8.5515,45.1407],[8.5623,45.1379],[8.56148,45.13302],[8.5604,45.1266],[8.5692,45.1242],[8.5725,45.1197],[8.5796,45.1184],[8.5812,45.1131],[8.5789,45.1112],[8.5756,45.1164],[8.5783,45.1088],[8.585,45.1085],[8.5931,45.1098],[8.6024,45.0942],[8.6092,45.0932],[8.6123,45.0872],[8.6214,45.0833],[8.618,45.0806],[8.6087,45.0798],[8.6116,45.0722],[8.6306,45.0625],[8.6262,45.0569],[8.6281,45.0512],[8.627,45.0436],[8.6336,45.0369],[8.641,45.0316],[8.648,45.0285],[8.647,45.0237],[8.6535,45.0182],[8.6675,45.0194],[8.6801,45.0256],[8.6878,45.0225],[8.6952,45.017],[8.6886,45.0169],[8.6998,45.0131],[8.7097,45.015],[8.715,45.0105],[8.7264,45.0139],[8.7394,45.0158],[8.7518,45.015],[8.7602,45.0169],[8.789,45.0245],[8.7962,45.0274],[8.8067,45.0262],[8.8088,45.0337],[8.8159,45.0376],[8.8356,45.0453],[8.8345,45.0475],[8.8483,45.0493],[8.8557,45.0476],[8.8671,45.052],[8.8832,45.0556],[8.888,45.0615],[8.9013,45.0653],[8.9143,45.0678],[8.9239,45.0642],[8.9299,45.0732],[8.9386,45.0789],[8.961,45.0869],[8.9727,45.0908],[8.9821,45.0881],[8.9955,45.0888],[9.0127,45.0914],[9.029,45.0915],[9.03719,45.08725],[9.0448,45.0833],[9.0521,45.0868],[9.0526,45.0931],[9.0515,45.1025],[9.0606,45.1074],[9.0724,45.1088],[9.0865,45.1045],[9.0965,45.1041],[9.1037,45.1081],[9.1106,45.1076],[9.118,45.1104],[9.1259,45.1105],[9.12712,45.11097],[9.1322,45.1129],[9.1425,45.1142],[9.1468,45.1214],[9.1464,45.1301],[9.1611,45.1399],[9.1679,45.1397],[9.1791,45.143],[9.1905,45.1398],[9.2022,45.1413],[9.2115,45.1454],[9.2094,45.1532],[9.2041,45.1593],[9.1907,45.1595],[9.1781,45.1623],[9.1599,45.1764]]}},{"type":"Feature","properties":{"id":560180,"kind":"downstream"},"geometry":{"type":"LineString","coordinates":[[4.0765,48.3091],[4.0764,48.3096],[4.0765,48.3099],[4.0768,48.31],[4.0774,48.3104],[4.0778,48.3107],[4.0779,48.3114],[4.0772,48.3117],[4.0762,48.3125],[4.0758,48.3138],[4.0759,48.3149],[4.0766,48.3154],[4.0767,48.3162],[4.0765,48.3166],[4.0757,48.3174],[4.075,48.3178],[4.0743,48.3182],[4.0728,48.32],[4.0723,48.3205],[4.0718,48.3208],[4.0707,48.3213],[4.0707,48.3215],[4.0705,48.3219],[4.0699,48.3226],[4.0691,48.3241],[4.0692,48.3246],[4.07,48.3253],[4.0705,48.3263],[4.0704,48.3266],[4.0694,48.3281],[4.0691,48.3284],[4.0688,48.3286],[4.0683,48.3289],[4.0683,48.3291],[4.0682,48.3297],[4.0682,48.3306],[4.0689,48.3312],[4.0689,48.3315],[4.0687,48.3317],[4.0683,48.3318],[4.0677,48.3317],[4.0665,48.3316],[4.0652,48.3314],[4.0641,48.331],[4.0636,48.3307],[4.0632,48.3307],[4.0627,48.3307],[4.0621,48.3308],[4.0612,48.331],[4.0605,48.3312],[4.0596,48.3312],[4.0596,48.3314],[4.0602,48.3319],[4.0603,48.3322],[4.0603,48.3325],[4.0597,48.3325],[4.0591,48.3324],[4.0587,48.3324],[4.0585,48.3325],[4.0586,48.3329],[4.0585,48.3331],[4.0581,48.3331],[4.0578,48.3329],[4.0572,48.3327],[4.0565,48.3327],[4.056,48.3329],[4.0553,48.3334],[4.0546,48.334],[4.054,48.3341],[4.0537,48.3341],[4.0535,48.3339],[4.0534,48.3335],[4.0533,48.3332],[4.053,48.3331],[4.0528,48.3331],[4.0527,48.3338],[4.0526,48.334],[4.0523,48.3342],[4.052,48.3342],[4.0517,48.3342],[4.0514,48.334],[4.0511,48.334],[4.0508,48.3342],[4.0508,48.3345],[4.0505,48.3347],[4.0501,48.3346],[4.0495,48.3343],[4.0492,48.3344],[4.049,48.335],[4.0485,48.3356],[4.0477,48.336],[4.0471,48.3361],[4.0462,48.3361],[4.0445,48.3355],[4.0439,48.3355],[4.0433,48.3357],[4.0427,48.3363],[4.0418,48.337],[4.0418,48.3375],[4.0417,48.3378],[4.0415,48.3382],[4.0407,48.3385],[4.0398,48.3385],[4.0396,48.3387],[4.0394,48.3391],[4.0389,48.3397],[4.0382,48.3403],[4.0382,48.3407],[4.0379,48.3408],[4.0378,48.341],[4.0379,48.3412],[4.0379,48.3414],[4.0374,48.3426],[4.0372,48.3431],[4.0364,48.3437],[4.036,48.3439],[4.0357,48.3441],[4.0353,48.3442],[4.0349,48.3442],[4.0345,48.344],[4.0344,48.3438],[4.0341,48.3437],[4.0339,48.3438],[4.0342,48.3445],[4.0342,48.3452],[4.0343,48.3457],[4.0342,48.3461],[4.0338,48.3463],[4.0331,48.3463],[4.0328,48.3463],[4.0327,48.3466],[4.0327,48.347],[4.0332,48.3473],[4.0336,48.3477],[4.0337,48.3481],[4.0337,48.3488],[4.0333,48.3491],[4.0332,48.3494],[4.0336,48.3499],[4.0341,48.3506],[4.0339,48.351],[4.0335,48.3515],[4.0329,48.352],[4.0327,48.3523],[4.0323,48.3525],[4.0318,48.3524],[4.0316,48.352],[4.0314,48.3518],[4.0312,48.3512],[4.0306,48.3506],[4.0298,48.3499],[4.0292,48.3494],[4.0292,48.3486],[4.0292,48.3484],[4.029,48.3483],[4.0288,48.3482],[4.0285,48.3483],[4.0281,48.3485],[4.0277,48.3487],[4.0271,48.3487],[4.0266,48.3486],[4.0259,48.3486],[4.0255,48.3487],[4.0252,48.349],[4.0252,48.3495],[4.0254,48.3506],[4.0253,48.3511],[4.0249,48.3515],[4.0245,48.3516],[4.0234,48.3518],[4.0227,48.3522],[4.0225,48.3525],[4.0223,48.353],[4.0222,48.3534],[4.0216,48.3549],[4.0216,48.3557],[4.0214,48.3559],[4.021,48.3561],[4.0205,48.3562],[4.0199,48.356],[4.0193,48.3557],[4.0184,48.3557],[4.0176,48.3558],[4.0171,48.356],[4.0169,48.3565],[4.0169,48.3569],[4.0173,48.3575],[4.0176,48.3575],[4.0179,48.3575],[4.0183,48.3574],[4.0188,48.3577],[4.0192,48.3581],[4.0193,48.3586],[4.0184,48.3595],[4.018,48.3599],[4.0176,48.3601],[4.0162,48.3592],[4.0156,48.359],[4.0151,48.3591],[4.0145,48.3589],[4.014,48.359],[4.0135,48.3593],[4.0133,48.3595],[4.0127,48.36],[4.0121,48.3603],[4.0108,48.3606],[4.01,48.3608],[4.0068,48.3618],[4.0062,48.3622],[4.0061,48.3626],[4.0061,48.3633],[4.0063,48.3638],[4.0062,48.3642],[4.0059,48.3648],[4.0058,48.3655],[4.006,48.3658],[4.0065,48.3664],[4.0072,48.3669],[4.0075,48.3672],[4.0075,48.3675],[4.0073,48.368],[4.0067,48.3685],[4.006,48.3688],[4.0055,48.369],[4.0047,48.369],[4.0039,48.3689],[4.0032,48.369],[4.003,48.369],[4.003,48.3692],[4.0032,48.3695],[4.0039,48.37],[4.004,48.3704],[4.0039,48.3707],[4.0035,48.3709],[4.0029,48.3711],[4.0024,48.3713],[4.0019,48.3714],[4.0016,48.3714],[4.0014,48.371],[4.0012,48.3706],[4.0,48.3707],[3.9997,48.3708],[3.9995,48.3709],[3.9996,48.3718],[3.9998,48.3721],[3.9999,48.373],[4.0,48.3733],[3.9997,48.3736],[3.9995,48.3737],[3.9989,48.3741],[3.9985,48.3746],[3.9981,48.3753],[3.9981,48.3756],[3.9978,48.376],[3.9973,48.3762],[3.996,48.3766],[3.9951,48.3769],[3.9945,48.3772],[3.9943,48.3779],[3.9944,48.3782],[3.9947,48.3783],[3.9945,48.3788],[3.9941,48.379],[3.9936,48.3793],[3.9932,48.3796],[3.9929,48.38],[3.9923,48.3803],[3.9912,48.3805],[3.991,48.3805],[3.9916,48.3809],[3.9916,48.3813],[3.9913,48.3816],[3.9909,48.3817],[3.9905,48.3816],[3.99,48.3813],[3.9892,48.3813],[3.9887,48.3814],[3.9886,48.3819],[3.9883,48.3823],[3.9878,48.3825],[3.9874,48.3826],[3.9868,48.383],[3.9863,48.3832],[3.9858,48.3832],[3.9852,48.383],[3.9842,48.3826],[3.9839,48.3825],[3.9832,48.3825],[3.982,48.3827],[3.9809,48.3832],[3.98045,48.38333],[3.9795,48.3836],[3.9784,48.3839],[3.978,48.3843],[3.9776,48.385],[3.9772,48.3856],[3.9771,48.3858],[3.9765,48.3864],[3.9759,48.3868],[3.9756,48.3873],[3.9755,48.3877],[3.9747,48.3887],[3.9745,48.389],[3.9727,48.3907],[3.9723,48.3912],[3.972,48.3919],[3.9719,48.3924],[3.9715,48.3932],[3.9712,48.3936],[3.9712,48.3938],[3.9714,48.394],[3.9717,48.3939],[3.972,48.3936],[3.9734,48.3933],[3.974,48.3933],[3.9746,48.3937],[3.9752,48.3942],[3.9752,48.3949],[3.9749,48.3953],[3.9744,48.3958],[3.974,48.3959],[3.9722,48.3959],[3.9705,48.3961],[3.9701,48.3962],[3.9702,48.3973],[3.9705,48.3975],[3.9706,48.3977],[3.9706,48.3979],[3.9702,48.3981],[3.9699,48.3982],[3.9693,48.3982],[3.9691,48.3986],[3.969,48.399],[3.969,48.3993],[3.9694,48.3997],[3.9697,48.4],[3.9699,48.4005],[3.9701,48.4013],[3.97,48.4017],[3.9698,48.402],[3.9693,48.4022],[3.9687,48.4023],[3.9679,48.4023],[3.9664,48.4024],[3.9656,48.4022],[3.9655,48.4018],[3.9654,48.4015],[3.9651,48.4016],[3.9647,48.4017],[3.9641,48.4017],[3.9638,48.4017],[3.964,48.4019],[3.9645,48.4025],[3.9648,48.4036],[3.9646,48.4041],[3.9639,48.4048],[3.9639,48.4053],[3.9637,48.4057],[3.9631,48.4063],[3.963,48.4067],[3.9633,48.407],[3.9637,48.4074],[3.9637,48.4079],[3.9632,48.4086],[3.9623,48.4093],[3.9613,48.4096],[3.9605,48.4097],[3.96,48.41],[3.9588,48.4101],[3.957,48.4103],[3.9562,48.4106],[3.9559,48.4113],[3.956,48.4121],[3.9558,48.4131],[3.9563,48.4136],[3.9572,48.4139],[3.9582,48.4141],[3.9587,48.4145],[3.9587,48.415],[3.9584,48.4155],[3.9578,48.416],[3.9568,48.4161],[3.9553,48.4161],[3.9551,48.4162],[3.9553,48.4165],[3.9563,48.4171],[3.957,48.4175],[3.9572,48.418],[3.957,48.4183],[3.9567,48.4185],[3.9563,48.4185],[3.9561,48.4185],[3.9559,48.4184],[3.9557,48.4182],[3.9549,48.4181],[3.9537,48.4182],[3.9528,48.4183],[3.9526,48.4188],[3.9532,48.4194],[3.9535,48.42],[3.9531,48.4205],[3.9522,48.4207],[3.9516,48.4209],[3.9506,48.4216],[3.95,48.4217],[3.9495,48.4217],[3.949,48.4214],[3.9488,48.4207],[3.9491,48.4203],[3.9499,48.4198],[3.9508,48.4194],[3.9511,48.4193],[3.951,48.4191],[3.9504,48.4189],[3.9497,48.4188],[3.9494,48.419],[3.9493,48.4193],[3.949,48.4197],[3.9483,48.4201],[3.9469,48.4207],[3.9462,48.4211],[3.9457,48.4215],[3.9452,48.4223],[3.9446,48.4234],[3.9443,48.4238],[3.9442,48.4244],[3.9441,48.4249],[3.9442,48.4258],[3.9447,48.4261],[3.9454,48.4263],[3.9458,48.4264],[3.9463,48.4272],[3.9459,48.4277],[3.9455,48.4279],[3.944,48.4289],[3.9427,48.43],[3.9412,48.4308],[3.9407,48.4314],[3.9407,48.4317],[3.9413,48.4321],[3.942,48.432],[3.9427,48.4315],[3.943,48.431],[3.9429,48.4307],[3.9431,48.4305],[3.9437,48.4302],[3.9444,48.43],[3.9447,48.43],[3.9451,48.4304],[3.9452,48.4309],[3.9452,48.4316],[3.9448,48.4321],[3.944,48.433],[3.943,48.4338],[3.9423,48.4341],[3.9408,48.4346],[3.9402,48.4351],[3.9391,48.4352],[3.9387,48.4351],[3.9382,48.4349],[3.9377,48.4352],[3.9375,48.4355],[3.9372,48.4358],[3.9368,48.4359],[3.9363,48.4366],[3.9364,48.437],[3.9366,48.4373],[3.9372,48.4376],[3.9373,48.4379],[3.9372,48.4383],[3.9359,48.4394],[3.9356,48.4395],[3.935,48.4395],[3.9346,48.4394],[3.9341,48.4394],[3.9334,48.4397],[3.933,48.4401],[3.9328,48.4406],[3.9323,48.4411],[3.9317,48.4412],[3.931,48.4412],[3.9305,48.4412],[3.9306,48.4414],[3.9313,48.4416],[3.9317,48.4417],[3.932,48.4422],[3.9315,48.4424],[3.9314,48.4427],[3.9315,48.443],[3.9317,48.443],[3.9322,48.443],[3.933,48.4428],[3.9336,48.4428],[3.9339,48.4428],[3.934,48.443],[3.934,48.4432],[3.9327,48.444],[3.9324,48.4442],[3.9324,48.4443],[3.9316,48.4447],[3.9311,48.4446],[3.9306,48.4446],[3.9298,48.4447],[3.9287,48.4447],[3.9279,48.4448],[3.9271,48.4452],[3.927,48.4457],[3.9271,48.4464],[3.9275,48.4469],[3.9286,48.4477],[3.9295,48.448],[3.931,48.4482],[3.9313,48.4483],[3.9317,48.4487],[3.9319,48.4492],[3.9315,48.4495],[3.9309,48.4496],[3.9308,48.4499],[3.9309,48.4503],[3.9311,48.4508],[3.931,48.4513],[3.9308,48.4516],[3.9296,48.4526],[3.9295,48.4533],[3.9293,48.4534],[3.929,48.4534],[3.9286,48.4532],[3.9281,48.4529],[3.9277,48.4526],[3.927,48.4525],[3.9257,48.4521],[3.9248,48.4516],[3.9245,48.4515],[3.924,48.4515],[3.9238,48.4519],[3.9237,48.4525],[3.924,48.4532],[3.9241,48.454],[3.9239,48.4548],[3.9237,48.4554],[3.9234,48.456],[3.9228,48.4568],[3.9225,48.4571],[3.9219,48.4574],[3.9214,48.4576],[3.9204,48.4575],[3.9193,48.4573],[3.9187,48.4574],[3.9187,48.4577],[3.9189,48.4584],[3.919,48.4587],[3.9193,48.4598],[3.9195,48.4605],[3.92,48.4611],[3.9206,48.4616],[3.9207,48.4619],[3.9205,48.4623],[3.9204,48.4624],[3.9202,48.4625],[3.9199,48.4626],[3.9195,48.4625],[3.9188,48.4621],[3.9182,48.462],[3.9175,48.4621],[3.9167,48.4621],[3.9158,48.4619],[3.9152,48.462],[3.9149,48.4623],[3.9147,48.4632],[3.9143,48.4637],[3.9138,48.4651],[3.9135,48.4658],[3.9132,48.4664],[3.9128,48.4668],[3.912,48.4674],[3.9113,48.4677],[3.9108,48.4682],[3.9108,48.4687],[3.9111,48.4696],[3.911,48.47],[3.9107,48.4702],[3.91,48.4705],[3.9089,48.4706],[3.9085,48.4706],[3.9081,48.4707],[3.9075,48.4712],[3.9071,48.4719],[3.9068,48.4721],[3.9061,48.4725],[3.9054,48.4727],[3.90465,48.47274],[3.9037,48.4728],[3.9027,48.4732],[3.9015,48.4746],[3.9007,48.4757],[3.9004,48.4765],[3.9005,48.4771],[3.9007,48.4778],[3.9007,48.4784],[3.9004,48.4787],[3.8989,48.4798],[3.8984,48.4799],[3.8968,48.4794],[3.8963,48.4793],[3.8959,48.4793],[3.8956,48.4795],[3.8953,48.48],[3.895,48.481],[3.8952,48.4817],[3.8957,48.482],[3.896,48.4823],[3.8964,48.4828],[3.8974,48.4836],[3.8983,48.4842],[3.8991,48.4843],[3.8998,48.4841],[3.8998,48.4839],[3.8997,48.4834],[3.8993,48.4831],[3.8987,48.4827],[3.8986,48.4823],[3.8989,48.4821],[3.8994,48.482],[3.8999,48.482],[3.9004,48.4828],[3.901,48.4833],[3.9011,48.4838],[3.9012,48.4843],[3.902,48.4849],[3.9021,48.4854],[3.9034,48.4862],[3.9037,48.4865],[3.9036,48.4869],[3.9028,48.4874],[3.9021,48.4876],[3.9018,48.4876],[3.9015,48.4871],[3.9015,48.4868],[3.9013,48.4866],[3.9011,48.4868],[3.9005,48.4873],[3.9,48.4873],[3.8993,48.4874],[3.899,48.4878],[3.8987,48.4888],[3.8985,48.4892],[3.8981,48.4894],[3.8978,48.4894],[3.8972,48.4893],[3.8971,48.4895],[3.8977,48.4899],[3.898,48.4903],[3.8982,48.4906],[3.8999,48.491],[3.9004,48.4916],[3.9,48.4927],[3.8997,48.4932],[3.8996,48.4937],[3.8998,48.494],[3.9008,48.4941],[3.9013,48.4943],[3.9015,48.4948],[3.9013,48.495],[3.901,48.4956],[3.9015,48.4958],[3.9015,48.4961],[3.9011,48.4964],[3.9005,48.4968],[3.8999,48.4975],[3.8999,48.4982],[3.9004,48.4985],[3.901,48.499],[3.9009,48.4992],[3.9004,48.4997],[3.9006,48.5],[3.9012,48.5004],[3.9014,48.5007],[3.9014,48.501],[3.9001,48.5018],[3.8993,48.5021],[3.8986,48.5021],[3.8982,48.502],[3.8977,48.5018],[3.897,48.5018],[3.8965,48.5019],[3.8962,48.5022],[3.8961,48.5025],[3.8958,48.5029],[3.8967,48.5028],[3.8976,48.5028],[3.8979,48.5029],[3.8981,48.5031],[3.8981,48.5035],[3.8977,48.5038],[3.8973,48.504],[3.8966,48.5042],[3.8959,48.5049],[3.8954,48.5051],[3.8936,48.506],[3.8928,48.5063],[3.8911,48.5069],[3.8884,48.5078],[3.8861,48.5085],[3.8842,48.5089],[3.8836,48.5094],[3.8822,48.5105],[3.8809,48.5113],[3.8803,48.5115],[3.8798,48.5116],[3.8792,48.5116],[3.8784,48.5115],[3.8776,48.5109],[3.8773,48.5106],[3.8773,48.51],[3.8787,48.5092],[3.8789,48.5091],[3.8788,48.5089],[3.8775,48.5089],[3.8767,48.5091],[3.8761,48.509],[3.8749,48.5086],[3.8742,48.5086],[3.8738,48.5088],[3.8737,48.5091],[3.874,48.5093],[3.8746,48.5096],[3.8751,48.5099],[3.875,48.5103],[3.8746,48.5106],[3.874,48.5108],[3.8734,48.5109],[3.8726,48.5109],[3.8707,48.5106],[3.8697,48.5105],[3.8693,48.5104],[3.8691,48.5102],[3.8693,48.5098],[3.8698,48.5094],[3.8702,48.5091],[3.8701,48.5089],[3.8697,48.5088],[3.8695,48.5089],[3.8693,48.5093],[3.8689,48.51],[3.8684,48.5104],[3.8678,48.5109],[3.8671,48.5117],[3.8668,48.5118],[3.8662,48.5117],[3.8653,48.5112],[3.8647,48.5112],[3.8645,48.5114],[3.8641,48.5121],[3.8636,48.5124],[3.8629,48.5125],[3.8626,48.5123],[3.8618,48.5119],[3.8615,48.512],[3.8614,48.5123],[3.8616,48.513],[3.8614,48.5138],[3.861,48.5142],[3.8603,48.5146],[3.8599,48.5149],[3.8599,48.5152],[3.8602,48.5153],[3.8605,48.5154],[3.8602,48.5157],[3.8595,48.516],[3.8592,48.5161],[3.8586,48.5161],[3.858,48.5159],[3.8573,48.5157],[3.8568,48.5153],[3.8566,48.5149],[3.8566,48.5142],[3.8567,48.5134],[3.8564,48.5131],[3.8561,48.5131],[3.8558,48.5134],[3.8556,48.5139],[3.8552,48.5142],[3.8549,48.5143],[3.8537,48.5143],[3.8529,48.5143],[3.852,48.5147],[3.8513,48.5149],[3.851,48.5151],[3.8513,48.5152],[3.852,48.5151],[3.8528,48.515],[3.8534,48.5149],[3.854,48.5151],[3.8546,48.5154],[3.8553,48.5157],[3.8555,48.516],[3.8553,48.5163],[3.8539,48.5173],[3.8534,48.5175],[3.8527,48.5175],[3.8515,48.5172],[3.8505,48.5169],[3.8495,48.5167],[3.8482,48.5166],[3.8478,48.5166],[3.8476,48.5165],[3.8473,48.5166],[3.8471,48.5167],[3.847,48.5169],[3.847,48.5171],[3.8472,48.5175],[3.8474,48.5177],[3.8475,48.5179],[3.8473,48.5184],[3.8464,48.5188],[3.8455,48.5189],[3.8446,48.5189],[3.8434,48.519],[3.8419,48.5192],[3.8413,48.5194],[3.8412,48.5199],[3.8408,48.5204],[3.8403,48.5209],[3.8402,48.5214],[3.8403,48.522],[3.8397,48.5223],[3.8389,48.5225],[3.8383,48.5223],[3.8382,48.5219],[3.8385,48.5217],[3.8382,48.5214],[3.8374,48.521],[3.8366,48.5205],[3.836,48.5204],[3.8349,48.52],[3.8345,48.5201],[3.8338,48.5205],[3.8333,48.5206],[3.8325,48.5205],[3.8321,48.5204],[3.8315,48.5203],[3.8308,48.5203],[3.8299,48.5202],[3.8296,48.5201],[3.8292,48.5203],[3.8291,48.5216],[3.8286,48.522],[3.8279,48.522],[3.8272,48.5216],[3.8273,48.521],[3.8277,48.5205],[3.8281,48.5202],[3.8281,48.5198],[3.8278,48.5192],[3.8272,48.5184],[3.8271,48.5177],[3.8271,48.5175],[3.8268,48.5175],[3.8262,48.5187],[3.826,48.519],[3.8248,48.5197],[3.8241,48.5199],[3.8234,48.5199],[3.8226,48.5199],[3.8218,48.5195],[3.8213,48.5191],[3.8208,48.519],[3.8201,48.5188],[3.8193,48.5186],[3.8188,48.5187],[3.8187,48.5193],[3.8184,48.5198],[3.818,48.5204],[3.8182,48.5212],[3.8182,48.5216],[3.8178,48.5218],[3.8174,48.5218],[3.817,48.5215],[3.8166,48.5212],[3.8163,48.5211],[3.8152,48.5215],[3.8145,48.5216],[3.8135,48.5214],[3.8126,48.521],[3.8124,48.5209],[3.8114,48.5212],[3.8122,48.5217],[3.813,48.5219],[3.8136,48.522],[3.8146,48.5221],[3.8149,48.5223],[3.815,48.5226],[3.8148,48.5228],[3.8141,48.523],[3.8135,48.5233],[3.8135,48.524],[3.8134,48.5247],[3.8132,48.5251],[3.8128,48.5254],[3.8124,48.5254],[3.8119,48.5253],[3.811,48.5247],[3.8111,48.524],[3.8109,48.5238],[3.8106,48.5236],[3.8103,48.5236],[3.81,48.5236],[3.8096,48.5241],[3.8095,48.5243],[3.8089,48.5244],[3.8079,48.5242],[3.8075,48.5239],[3.8075,48.5236],[3.8072,48.5235],[3.807,48.5236],[3.8065,48.5241],[3.8063,48.5246],[3.8053,48.525],[3.8052,48.5247],[3.8044,48.5243],[3.8043,48.5241],[3.8043,48.5239],[3.8048,48.5237],[3.8051,48.5235],[3.805,48.5229],[3.805,48.5225],[3.8045,48.5227],[3.8039,48.523],[3.8032,48.5231],[3.803,48.5233],[3.8029,48.5237],[3.8028,48.5241],[3.8032,48.5243],[3.8035,48.5244],[3.8037,48.5247],[3.8035,48.525],[3.8026,48.525],[3.8016,48.5253],[3.8011,48.5252],[3.8008,48.5249],[3.8007,48.5245],[3.8005,48.5239],[3.8003,48.5234],[3.7999,48.5235],[3.7998,48.5237],[3.7993,48.5236],[3.7989,48.5234],[3.7985,48.523],[3.7981,48.523],[3.7976,48.5232],[3.797,48.5236],[3.7962,48.5236],[3.7964,48.5237],[3.7975,48.5244],[3.7976,48.5251],[3.7973,48.5254],[3.7969,48.5256],[3.7964,48.5256],[3.7959,48.5254],[3.7951,48.5251],[3.7947,48.525],[3.7941,48.5251],[3.7936,48.5254],[3.7932,48.5254],[3.7928,48.5253],[3.7924,48.525],[3.7924,48.5247],[3.7924,48.5244],[3.7928,48.5241],[3.7931,48.5239],[3.793,48.5236],[3.7926,48.5236],[3.792,48.5238],[3.7914,48.524],[3.7901,48.5243],[3.7893,48.5242],[3.7885,48.524],[3.788,48.5239],[3.787,48.5239],[3.7859,48.5238],[3.7853,48.5236],[3.7849,48.5234],[3.7845,48.5231],[3.7841,48.5232],[3.7833,48.5233],[3.7826,48.5233],[3.7818,48.5235],[3.7815,48.5236],[3.7814,48.5238],[3.7819,48.524],[3.7829,48.5243],[3.7832,48.5247],[3.7834,48.5251],[3.7834,48.5255],[3.7828,48.526],[3.7823,48.5261],[3.7814,48.5262],[3.78,48.5263],[3.7789,48.5262],[3.7778,48.526],[3.777,48.5262],[3.7765,48.5264],[3.7762,48.5272],[3.7758,48.5279],[3.7755,48.5284],[3.7752,48.5285],[3.7748,48.5285],[3.7746,48.5283],[3.7745,48.5282],[3.7743,48.5278],[3.7742,48.5273],[3.7741,48.5269],[3.7736,48.5266],[3.773,48.5266],[3.7726,48.5267],[3.7725,48.5269],[3.7725,48.5272],[3.7727,48.5279],[3.7726,48.5283],[3.7725,48.5287],[3.772,48.5289],[3.7717,48.5289],[3.7712,48.5289],[3.7704,48.5285],[3.7696,48.528],[3.769,48.528],[3.7678,48.528],[3.7671,48.5279],[3.7666,48.5277],[3.766,48.5271],[3.7657,48.5271],[3.7654,48.5272],[3.765,48.5275],[3.7642,48.5282],[3.7636,48.5283],[3.7631,48.5283],[3.7618,48.5279],[3.7616,48.5279],[3.7612,48.5276],[3.7606,48.5279],[3.7602,48.5277],[3.7596,48.5277],[3.7584,48.5276],[3.7573,48.5274],[3.757,48.5276],[3.7568,48.5278],[3.7569,48.5281],[3.7569,48.5288],[3.756,48.529],[3.7555,48.529],[3.7551,48.5288],[3.7549,48.5281],[3.7546,48.528],[3.7543,48.5282],[3.754,48.5286],[3.7539,48.5288],[3.7533,48.529],[3.7529,48.5293],[3.7526,48.5297],[3.7522,48.5302],[3.7514,48.5305],[3.7511,48.5311],[3.7499,48.5319],[3.7486,48.5322],[3.7481,48.5324],[3.748,48.5328],[3.7476,48.5332],[3.747,48.5333],[3.7465,48.5333],[3.7458,48.5331],[3.7455,48.533],[3.7449,48.5328],[3.7447,48.5324],[3.7441,48.5321],[3.7437,48.5322],[3.7431,48.5322],[3.7425,48.5324],[3.7426,48.5327],[3.7426,48.5329],[3.7428,48.5332],[3.7432,48.5334],[3.7431,48.5338],[3.7428,48.534],[3.7422,48.534],[3.7417,48.534],[3.7414,48.5341],[3.7413,48.5351],[3.7406,48.5356],[3.7406,48.5361],[3.7409,48.5366],[3.7409,48.5372],[3.7402,48.5376],[3.74,48.5376],[3.7396,48.5376],[3.7386,48.537],[3.7385,48.5367],[3.7386,48.5362],[3.7384,48.536],[3.7376,48.5359],[3.7369,48.5354],[3.7367,48.5355],[3.7374,48.5362],[3.7375,48.5368],[3.7376,48.5373],[3.738,48.53757],[3.7383,48.538],[3.7381,48.5384],[3.7378,48.5387],[3.737,48.5387],[3.7364,48.5383],[3.7356,48.5376],[3.7351,48.5375],[3.7348,48.5376],[3.7351,48.5381],[3.7353,48.5385],[3.7352,48.5388],[3.7344,48.5391],[3.7339,48.5393],[3.7337,48.5395],[3.7329,48.5395],[3.7319,48.5396],[3.7308,48.5401],[3.7307,48.5406],[3.7309,48.5411],[3.7308,48.5415],[3.7311,48.5418],[3.7315,48.5422],[3.7316,48.5425],[3.7314,48.5429],[3.7311,48.5431],[3.7304,48.5431],[3.7295,48.5431],[3.7296,48.5432],[3.73,48.5436],[3.7303,48.5444],[3.7305,48.5447],[3.7305,48.5451],[3.7304,48.5452],[3.7305,48.5454],[3.7307,48.5455],[3.7308,48.5459],[3.7302,48.546],[3.7296,48.546],[3.7292,48.5463],[3.7292,48.5472],[3.7295,48.5475],[3.7304,48.5478],[3.7308,48.548],[3.7308,48.5484],[3.7307,48.5488],[3.7302,48.5489],[3.7299,48.5489],[3.7288,48.5489],[3.7284,48.5491],[3.7281,48.5494],[3.7281,48.5498],[3.7282,48.5499],[3.7286,48.5495],[3.7292,48.5494],[3.7296,48.5495],[3.7301,48.5499],[3.7302,48.5503],[3.7303,48.5512],[3.7302,48.5514],[3.7295,48.5515],[3.7293,48.5517],[3.7296,48.552],[3.7298,48.5523],[3.7301,48.5526],[3.7304,48.5526],[3.7301,48.5533],[3.72963,48.554],[3.7293,48.5545],[3.7293,48.5554],[3.7293,48.5566],[3.7279,48.5574],[3.7276,48.5571],[3.7272,48.5566],[3.727,48.5561],[3.727,48.5558],[3.7273,48.5556],[3.7273,48.5554],[3.727,48.555],[3.7263,48.5548],[3.7255,48.5549],[3.7251,48.5551],[3.7249,48.5552],[3.7251,48.5555],[3.7252,48.556],[3.7248,48.5564],[3.724,48.5566],[3.7237,48.5571],[3.7234,48.5578],[3.7229,48.558],[3.7225,48.5579],[3.722,48.5575],[3.722,48.5571],[3.7221,48.5563],[3.7218,48.5561],[3.7214,48.556],[3.7211,48.5563],[3.721,48.5579],[3.7209,48.5582],[3.7204,48.5584],[3.7196,48.5585],[3.7188,48.559],[3.7182,48.5591],[3.7175,48.5589],[3.7165,48.5581],[3.7154,48.558],[3.7144,48.5582],[3.7139,48.5579],[3.7131,48.5573],[3.7119,48.5566],[3.7112,48.5561],[3.7112,48.5559],[3.7103,48.5553],[3.7092,48.5544],[3.7082,48.5535],[3.7076,48.5531],[3.7069,48.553],[3.7056,48.5531],[3.7039,48.5533],[3.7043,48.5537],[3.7035,48.5535],[3.7016,48.5531],[3.7006,48.5528],[3.6994,48.5523],[3.6983,48.5516],[3.6975,48.5509],[3.6967,48.5501],[3.6963,48.5497],[3.6959,48.5495],[3.695,48.5493],[3.6943,48.5492],[3.6933,48.5488],[3.6927,48.5482],[3.6924,48.5478],[3.6924,48.547],[3.6925,48.5464],[3.6924,48.5459],[3.6919,48.5454],[3.6912,48.5451],[3.6906,48.545],[3.69,48.5449],[3.6892,48.5451],[3.6888,48.5453],[3.6884,48.5458],[3.6883,48.5464],[3.6884,48.5469],[3.6887,48.5479],[3.6888,48.5488],[3.6887,48.5497],[3.6882,48.5505],[3.6874,48.551],[3.6867,48.5513],[3.6857,48.5513],[3.6842,48.5511],[3.6834,48.5508],[3.6828,48.5505],[3.6811,48.5493],[3.6799,48.5488],[3.6788,48.5484],[3.6787,48.5485],[3.6787,48.5486],[3.6782,48.5484],[3.6777,48.5482],[3.6774,48.5479],[3.6755,48.5472],[3.6725,48.546],[3.6704,48.5452],[3.6697,48.545],[3.6693,48.545],[3.6688,48.5451],[3.668,48.5456],[3.667,48.546],[3.6662,48.5462],[3.6653,48.5464],[3.6642,48.5462],[3.6634,48.5459],[3.6623,48.5452],[3.6614,48.5445],[3.6609,48.5442],[3.6604,48.5442],[3.6599,48.5442],[3.6591,48.5449],[3.6588,48.5456],[3.6586,48.5465],[3.6584,48.5469],[3.6578,48.5475],[3.6572,48.5477],[3.6564,48.5479],[3.6555,48.548],[3.6543,48.5478],[3.6535,48.5475],[3.6531,48.5469],[3.6532,48.546],[3.6537,48.5454],[3.6543,48.5447],[3.6548,48.5441],[3.6556,48.5438],[3.6564,48.5434],[3.657,48.5428],[3.6571,48.5423],[3.657,48.542],[3.6566,48.5416],[3.6561,48.5413],[3.6554,48.5411],[3.6549,48.541],[3.6542,48.541],[3.6536,48.5413],[3.6532,48.5417],[3.653,48.5423],[3.6526,48.5429],[3.652,48.5432],[3.6512,48.5434],[3.6502,48.5435],[3.6489,48.5432],[3.6484,48.5429],[3.6483,48.5425],[3.6485,48.5421],[3.6493,48.5415],[3.6499,48.541],[3.6502,48.5405],[3.6503,48.5401],[3.6502,48.5396],[3.6499,48.5393],[3.6496,48.539],[3.6491,48.5387],[3.6485,48.5385],[3.6477,48.538],[3.6469,48.5378],[3.6457,48.5375],[3.6445,48.5372],[3.6438,48.5367],[3.6429,48.5361],[3.6422,48.5355],[3.6413,48.5352],[3.6404,48.535],[3.6401,48.5354],[3.6398,48.5355],[3.6398,48.5351],[3.6398,48.5346],[3.6395,48.534],[3.6393,48.5334],[3.6395,48.5328],[3.6397,48.5323],[3.6398,48.5318],[3.6397,48.531],[3.6394,48.5302],[3.6388,48.5297],[3.6384,48.5298],[3.6378,48.5303],[3.6371,48.5314],[3.6364,48.5322],[3.6361,48.5327],[3.6356,48.5329],[3.635,48.5329],[3.6336,48.5327],[3.6329,48.5325],[3.632,48.532],[3.6312,48.5313],[3.6304,48.5309],[3.6299,48.5308],[3.629,48.5303],[3.6284,48.5298],[3.628,48.5294],[3.6276,48.529],[3.6272,48.528],[3.6268,48.5274],[3.6262,48.5273],[3.6255,48.5273],[3.6249,48.5275],[3.6241,48.5281],[3.6234,48.5284],[3.6229,48.5286],[3.622,48.5285],[3.6213,48.5284],[3.6207,48.528],[3.6199,48.5276],[3.6195,48.5274],[3.6189,48.5273],[3.6182,48.5274],[3.6181,48.5277],[3.6183,48.5279],[3.618,48.528],[3.6174,48.5278],[3.6167,48.5274],[3.6161,48.527],[3.6159,48.5266],[3.616,48.526],[3.6164,48.5255],[3.6172,48.5252],[3.6177,48.525],[3.6185,48.5252],[3.6194,48.5257],[3.62,48.5258],[3.6206,48.5257],[3.6212,48.5252],[3.6211,48.5249],[3.6208,48.5245],[3.6199,48.5236],[3.6196,48.5233],[3.6191,48.5232],[3.6183,48.5233],[3.61737,48.5234],[3.6165,48.5235],[3.6158,48.5234],[3.6145,48.5231],[3.6138,48.5229],[3.6128,48.5226],[3.6124,48.5224],[3.6122,48.5218],[3.6118,48.521],[3.6115,48.5205],[3.6113,48.5201],[3.6111,48.5194],[3.6104,48.5187],[3.6098,48.5183],[3.609,48.5179],[3.6081,48.5176],[3.6072,48.5175],[3.6064,48.5175],[3.6058,48.5175],[3.6054,48.5177],[3.605,48.5183],[3.6051,48.5187],[3.6055,48.5198],[3.6055,48.5204],[3.6053,48.521],[3.6046,48.5218],[3.6041,48.5222],[3.6033,48.5224],[3.6024,48.5226],[3.6011,48.5226],[3.6001,48.5225],[3.5991,48.5222],[3.5981,48.5221],[3.5971,48.5223],[3.5965,48.5226],[3.5959,48.523],[3.5956,48.5233],[3.5949,48.5238],[3.5934,48.5238],[3.592,48.5234],[3.5912,48.5232],[3.5907,48.523],[3.5903,48.5225],[3.5902,48.522],[3.5903,48.5217],[3.5905,48.5211],[3.5905,48.5205],[3.5904,48.5199],[3.5896,48.5192],[3.5884,48.5182],[3.5868,48.5168],[3.586,48.5157],[3.5855,48.5151],[3.5845,48.5144],[3.5836,48.5142],[3.5827,48.5142],[3.5817,48.5142],[3.5808,48.5145],[3.5801,48.5148],[3.5789,48.5155],[3.5781,48.5158],[3.5774,48.516],[3.5766,48.5162],[3.5758,48.5166],[3.5749,48.517],[3.5742,48.5173],[3.5734,48.5174],[3.5726,48.5173],[3.5719,48.5172],[3.5714,48.5169],[3.5711,48.5166],[3.5709,48.5162],[3.5711,48.5156],[3.5719,48.5147],[3.573,48.514],[3.573,48.5136],[3.5725,48.5134],[3.572,48.5132],[3.5715,48.5131],[3.5709,48.5132],[3.5702,48.5135],[3.5695,48.5142],[3.569,48.5153],[3.5689,48.5162],[3.5687,48.5168],[3.5682,48.5179],[3.5679,48.5191],[3.5672,48.5195],[3.5667,48.5195],[3.5659,48.5194],[3.5644,48.5185],[3.564,48.5178],[3.5636,48.5168],[3.5629,48.5161],[3.5615,48.5153],[3.5609,48.5151],[3.5602,48.5151],[3.5592,48.5152],[3.5584,48.5153],[3.5573,48.5153],[3.5565,48.5154],[3.5555,48.5158],[3.5543,48.5165],[3.5531,48.517],[3.5514,48.5173],[3.5507,48.5176],[3.5492,48.5187],[3.5482,48.5192],[3.5475,48.5193],[3.5467,48.5191],[3.5465,48.5188],[3.5467,48.5179],[3.5473,48.5173],[3.5476,48.5168],[3.5473,48.5165],[3.5466,48.5163],[3.5455,48.5163],[3.5444,48.5162],[3.543,48.516],[3.5424,48.5161],[3.542,48.5162],[3.5412,48.5171],[3.5407,48.5179],[3.5401,48.5186],[3.5393,48.5193],[3.5381,48.52],[3.5375,48.5203],[3.537,48.5204],[3.5365,48.5202],[3.5362,48.5197],[3.5355,48.5192],[3.5355,48.5183],[3.5357,48.5178],[3.5354,48.5175],[3.5343,48.5175],[3.5332,48.5177],[3.5321,48.5181],[3.5316,48.5184],[3.5311,48.5189],[3.5308,48.5196],[3.5305,48.5203],[3.5306,48.5204],[3.5311,48.5203],[3.531,48.5207],[3.5298,48.5215],[3.5287,48.522],[3.5281,48.5219],[3.5276,48.5218],[3.527,48.5213],[3.5265,48.5207],[3.5259,48.5198],[3.5256,48.5192],[3.5253,48.5186],[3.5254,48.5181],[3.5256,48.5175],[3.5262,48.5166],[3.5268,48.5159],[3.5274,48.5155],[3.5283,48.5154],[3.5292,48.5153],[3.5296,48.5151],[3.5299,48.5149],[3.5298,48.5144],[3.5294,48.514],[3.5287,48.5136],[3.5279,48.5132],[3.5273,48.513],[3.5267,48.5125],[3.5261,48.512],[3.526,48.5116],[3.5258,48.5111],[3.5254,48.5105],[3.5248,48.51],[3.5242,48.5096],[3.5234,48.5088],[3.5227,48.5081],[3.5219,48.5077],[3.5208,48.5074],[3.5196,48.5071],[3.5179,48.5064],[3.5166,48.5063],[3.5148,48.5066],[3.5133,48.5072],[3.5111,48.5077],[3.5097,48.5079],[3.5083,48.5076],[3.5067,48.5067],[3.5057,48.5059],[3.5051,48.505],[3.5044,48.5035],[3.5045,48.502],[3.5036,48.5016],[3.501,48.5006],[3.5,48.5002],[3.4995,48.5],[3.4989,48.4996],[3.4983,48.4993],[3.4981,48.4993],[3.4978,48.4993],[3.4971,48.4985],[3.497,48.4982],[3.4968,48.4968],[3.4965,48.4963],[3.4956,48.4953],[3.4938,48.4937],[3.4926,48.493],[3.4917,48.4926],[3.4899,48.4923],[3.4884,48.4923],[3.4873,48.4928],[3.4856,48.4937],[3.4843,48.4943],[3.483,48.4946],[3.4808,48.4949],[3.4776,48.4953],[3.4744,48.4956],[3.4728,48.4959],[3.4704,48.496],[3.4694,48.4962],[3.4688,48.4962],[3.4677,48.496],[3.4668,48.4955],[3.4646,48.4945],[3.4627,48.4936],[3.4607,48.4928],[3.4602,48.4927],[3.4597,48.4927],[3.458,48.4928],[3.4572,48.4926],[3.4565,48.4921],[3.456,48.4917],[3.4554,48.4909],[3.4552,48.4901],[3.4552,48.4885],[3.4554,48.4877],[3.45601,48.48685],[3.4569,48.4856],[3.4573,48.4849],[3.4574,48.4834],[3.4571,48.4823],[3.4562,48.482],[3.4554,48.4819],[3.4547,48.482],[3.4541,48.4826],[3.4535,48.4833],[3.4529,48.4848],[3.4523,48.4855],[3.4516,48.4861],[3.4505,48.4867],[3.4494,48.487],[3.4481,48.4873],[3.4474,48.4877],[3.4456,48.4893],[3.4448,48.4901],[3.4445,48.4909],[3.4439,48.493],[3.4436,48.4945],[3.443,48.4953],[3.4421,48.4957],[3.4413,48.4957],[3.4402,48.4955],[3.4393,48.4953],[3.4388,48.495],[3.4385,48.4946],[3.4385,48.4938],[3.4389,48.493],[3.4391,48.4924],[3.4387,48.492],[3.4378,48.4914],[3.4368,48.4912],[3.4353,48.4912],[3.4331,48.4912],[3.4308,48.4913],[3.4288,48.4911],[3.4278,48.4907],[3.4272,48.4899],[3.4271,48.4894],[3.4273,48.4887],[3.428,48.4879],[3.429,48.4869],[3.4295,48.4864],[3.4304,48.4857],[3.4311,48.485],[3.4316,48.4845],[3.4317,48.4841],[3.4312,48.4834],[3.4303,48.4828],[3.4295,48.4827],[3.4293,48.4819],[3.4294,48.4808],[3.4299,48.4796],[3.4302,48.479],[3.431,48.4781],[3.4319,48.4772],[3.4323,48.4765],[3.4326,48.476],[3.4327,48.4753],[3.4321,48.4745],[3.4305,48.4737],[3.429,48.4729],[3.4283,48.4723],[3.4275,48.4716],[3.4263,48.471],[3.4243,48.4704],[3.4231,48.4701],[3.4221,48.4701],[3.421,48.4702],[3.4203,48.4705],[3.4199,48.471],[3.4198,48.4716],[3.4198,48.4723],[3.4208,48.4732],[3.4212,48.4738],[3.4213,48.4744],[3.421,48.4747],[3.4202,48.475],[3.4189,48.4751],[3.4175,48.4751],[3.4161,48.4748],[3.4156,48.4716],[3.4148,48.4696],[3.4144,48.4689],[3.414,48.4684],[3.4133,48.4679],[3.412,48.4675],[3.4099,48.467],[3.4075,48.467],[3.4063,48.4667],[3.4044,48.4665],[3.4027,48.4665],[3.4014,48.4666],[3.3998,48.467],[3.3986,48.4674],[3.3974,48.4675],[3.3965,48.4675],[3.3954,48.4673],[3.3943,48.4669],[3.3932,48.4663],[3.3925,48.4655],[3.3923,48.4646],[3.3925,48.4639],[3.3931,48.4629],[3.3933,48.4624],[3.3932,48.462],[3.3928,48.4617],[3.3923,48.4615],[3.3917,48.4614],[3.3893,48.4613],[3.3882,48.4612],[3.3875,48.4609],[3.3869,48.4603],[3.3865,48.4596],[3.3865,48.4581],[3.3865,48.4574],[3.3862,48.4568],[3.3859,48.4565],[3.3853,48.4562],[3.3849,48.4562],[3.3844,48.4562],[3.3842,48.4564],[3.3843,48.4574],[3.3841,48.458],[3.3833,48.4588],[3.3823,48.4596],[3.3806,48.4605],[3.3796,48.4607],[3.3786,48.4609],[3.3773,48.4614],[3.3762,48.4619],[3.3748,48.4626],[3.374,48.463],[3.373,48.4639],[3.3723,48.4645],[3.3714,48.4648],[3.3704,48.465],[3.3687,48.465],[3.3675,48.4648],[3.3665,48.4646],[3.3658,48.4643],[3.365,48.4639],[3.3638,48.4632],[3.3626,48.4626],[3.3621,48.4624],[3.3615,48.4623],[3.3607,48.4625],[3.3602,48.4628],[3.3599,48.4635],[3.3594,48.464],[3.3588,48.4642],[3.3574,48.4642],[3.3554,48.463],[3.3545,48.462],[3.3541,48.4615],[3.3535,48.461],[3.3525,48.4606],[3.351,48.4602],[3.3499,48.4601],[3.3489,48.4604],[3.3482,48.4611],[3.3475,48.4618],[3.3473,48.4621],[3.3466,48.4624],[3.3453,48.4626],[3.3439,48.4627],[3.3426,48.4626],[3.3416,48.4624],[3.3408,48.462],[3.3401,48.4611],[3.3394,48.4604],[3.3388,48.4599],[3.3377,48.4594],[3.3363,48.4592],[3.3337,48.4593],[3.3301,48.4598],[3.3274,48.4603],[3.3259,48.4608],[3.3253,48.4612],[3.3242,48.4616],[3.3233,48.4613],[3.3225,48.4609],[3.322,48.46],[3.3218,48.4595],[3.3216,48.4585],[3.322,48.457],[3.3224,48.4556],[3.3223,48.4546],[3.3217,48.4533],[3.3201,48.4509],[3.3195,48.45],[3.3195,48.4492],[3.3199,48.4474],[3.3201,48.4465],[3.3197,48.4458],[3.3186,48.4447],[3.3181,48.4438],[3.3173,48.4431],[3.3166,48.4427],[3.3156,48.4425],[3.3132,48.4424],[3.3122,48.442],[3.3118,48.4415],[3.3115,48.4406],[3.3113,48.4393],[3.3116,48.4385],[3.3129,48.4368],[3.3134,48.4358],[3.3138,48.4348],[3.3137,48.4339],[3.313,48.4327],[3.3123,48.4319],[3.3115,48.4316],[3.3105,48.4313],[3.308,48.4313],[3.306,48.4312],[3.3031,48.4306],[3.3005,48.4303],[3.2987,48.4301],[3.297,48.4297],[3.2948,48.4296],[3.2906,48.4296],[3.2892,48.4293],[3.2867,48.4286],[3.2853,48.4285],[3.2828,48.4285],[3.2812,48.4284],[3.2798,48.4281],[3.2778,48.4273],[3.2757,48.4261],[3.2743,48.425],[3.2737,48.4248],[3.2725,48.4246],[3.2714,48.4244],[3.2702,48.4238],[3.269,48.423],[3.2684,48.4222],[3.2682,48.4215],[3.2682,48.4212],[3.2683,48.42],[3.2681,48.4193],[3.2678,48.4179],[3.2671,48.4172],[3.266,48.4169],[3.2647,48.4166],[3.2627,48.4166],[3.2613,48.4168],[3.2605,48.4172],[3.2597,48.4174],[3.2581,48.4173],[3.2567,48.417],[3.2559,48.4165],[3.2553,48.416],[3.2543,48.4158],[3.2534,48.4159],[3.2528,48.416],[3.2506,48.4163],[3.2497,48.4164],[3.2485,48.4163],[3.2475,48.4159],[3.2462,48.4156],[3.2452,48.4155],[3.2441,48.4156],[3.2426,48.4163],[3.2409,48.4171],[3.2397,48.4176],[3.2381,48.4178],[3.2362,48.418],[3.2346,48.4184],[3.2338,48.4184],[3.2322,48.4186],[3.2312,48.4192],[3.2307,48.4194],[3.2299,48.4201],[3.2264,48.4192],[3.2228,48.4192],[3.2194,48.4191],[3.2163,48.419],[3.2137,48.4188],[3.2129,48.4186],[3.204,48.4164],[3.2019,48.416],[3.195,48.4147],[3.1885,48.413],[3.179,48.4104],[3.177,48.4099],[3.1635,48.4065],[3.159,48.4055],[3.1552,48.4045],[3.1459,48.4023],[3.141,48.4011],[3.1328,48.399],[3.1257,48.3973],[3.123,48.3967],[3.1164,48.3952],[3.1093,48.3935],[3.1073,48.393],[3.1052,48.3925],[3.1022,48.3917],[3.0995,48.3911],[3.0924,48.3896],[3.0895,48.3897],[3.0872,48.3898],[3.0876,48.3909],[3.0804,48.3897],[3.0712,48.3891],[3.0631,48.3886],[3.0547,48.3882],[3.0538,48.3885],[3.0531,48.3892],[3.053,48.39],[3.0528,48.3907],[3.0522,48.3917],[3.0518,48.3921],[3.0509,48.3922],[3.049,48.3922],[3.0469,48.3922],[3.0438,48.3916],[3.0426,48.3911],[3.0408,48.3896],[3.0403,48.3892],[3.0396,48.3889],[3.0384,48.3888],[3.0367,48.3888],[3.0357,48.3887],[3.0346,48.3887],[3.0301,48.3886],[3.0273,48.3885],[3.0259,48.3885],[3.0237,48.3891],[3.0208,48.3901],[3.021,48.3904],[3.0164,48.3909],[3.0128,48.3917],[3.0096,48.3924],[3.0077,48.3931],[3.0067,48.3937],[3.0058,48.3939],[3.0045,48.394],[3.0027,48.3937],[3.0012,48.3932],[3.0005,48.3932],[3.0,48.3933],[2.9997,48.3933],[2.998,48.3939],[2.996,48.3943],[2.9952,48.3945],[2.9953,48.3947],[2.9959,48.3947],[2.9916,48.3965],[2.9908,48.3968],[2.99,48.3968],[2.9873,48.3965],[2.9862,48.3962],[2.9861,48.3961],[2.9811,48.3969],[2.9794,48.397],[2.9778,48.3968],[2.9771,48.3966],[2.9758,48.396],[2.9748,48.3955],[2.9728,48.3946],[2.9695,48.393],[2.9673,48.3922],[2.9659,48.3916],[2.9655,48.3913],[2.9632,48.3898],[2.9614,48.3891],[2.9596,48.3891],[2.9494,48.3894],[2.9453,48.3893],[2.9415,48.389],[2.9403,48.3889],[2.9382,48.3885],[2.9363,48.3882],[2.9347,48.3878],[2.9331,48.3873],[2.9317,48.3866],[2.9305,48.3855],[2.9294,48.3845],[2.928,48.3832],[2.9256,48.3818],[2.924,48.3812],[2.9233,48.3808],[2.9213,48.3799],[2.9195,48.379],[2.918,48.3783],[2.9172,48.3774],[2.916,48.3764],[2.9144,48.3755],[2.9121,48.3748],[2.9115,48.3747],[2.909,48.3742],[2.9068,48.3734],[2.9053,48.3725],[2.9028,48.3714],[2.901,48.3708],[2.8979,48.3704],[2.8958,48.3708],[2.8939,48.3714],[2.8917,48.3724],[2.8886,48.3741],[2.887,48.3751],[2.8859,48.3758],[2.8844,48.3761],[2.8804,48.3761],[2.8784,48.3762],[2.8758,48.3763],[2.8743,48.3763],[2.8728,48.3762],[2.8685,48.3755],[2.8679,48.3756],[2.868,48.3759],[2.8671,48.3761],[2.8664,48.3761],[2.8661,48.3756],[2.867,48.3756],[2.8673,48.3754],[2.8666,48.3749],[2.8639,48.374],[2.8612,48.373],[2.8592,48.3728],[2.8559,48.3735],[2.8532,48.3747],[2.8493,48.3763],[2.8465,48.378],[2.8459,48.3783],[2.8459,48.3787],[2.846,48.3789],[2.8435,48.3816],[2.8428,48.3821],[2.8419,48.3831],[2.8405,48.3843],[2.8389,48.3855],[2.8358,48.3876],[2.8338,48.3889],[2.8322,48.3895],[2.8297,48.39],[2.8284,48.3904],[2.8275,48.3909],[2.8263,48.3916],[2.8253,48.3925],[2.8246,48.3929],[2.823,48.3933],[2.8206,48.3935],[2.817,48.3935],[2.8142,48.3932],[2.811,48.3924],[2.8081,48.3913],[2.8035,48.3895],[2.8018,48.3891],[2.8003,48.3888],[2.7976,48.389],[2.7958,48.389],[2.7954,48.389],[2.7943,48.3892],[2.7945,48.3893],[2.7946,48.3895],[2.7946,48.3896],[2.7931,48.3898],[2.7915,48.3901],[2.7902,48.3905],[2.7896,48.3906],[2.7885,48.3931],[2.7887,48.3943],[2.789,48.3954],[2.7896,48.3972],[2.7901,48.3987],[2.791,48.3997],[2.7926,48.4014],[2.7942,48.4031],[2.7951,48.4051],[2.7953,48.4062],[2.7953,48.4073],[2.7948,48.4086],[2.7936,48.4104],[2.7921,48.412],[2.7898,48.4135],[2.7862,48.415],[2.7847,48.4152],[2.7828,48.4152],[2.7804,48.4149],[2.7772,48.414],[2.7749,48.4135],[2.7745,48.4133],[2.7703,48.4126],[2.7657,48.412],[2.7614,48.412],[2.7583,48.412],[2.7545,48.412],[2.7525,48.4123],[2.7506,48.4128],[2.7492,48.4138],[2.7479,48.415],[2.7471,48.4163],[2.7462,48.4189],[2.7459,48.4208],[2.7457,48.4234],[2.7457,48.4248],[2.7451,48.4278],[2.7448,48.4311],[2.745,48.435],[2.7453,48.4364],[2.746,48.438],[2.7471,48.4398],[2.7482,48.4413],[2.7488,48.4422],[2.7499,48.4437],[2.7505,48.4446],[2.7513,48.4453],[2.7529,48.4466],[2.7534,48.4466],[2.7538,48.4468],[2.7551,48.4478],[2.7565,48.4486],[2.7573,48.4488],[2.7576,48.4491],[2.7586,48.4499],[2.7588,48.4497],[2.7593,48.45],[2.7606,48.4509],[2.7614,48.4518],[2.7639,48.4529],[2.7655,48.4541],[2.7673,48.4556],[2.7689,48.4576],[2.7696,48.459],[2.7701,48.4604],[2.7707,48.4613],[2.7707,48.4621],[2.7707,48.4628],[2.7708,48.4636],[2.7712,48.4646],[2.7716,48.466],[2.7716,48.4667],[2.7716,48.4687],[2.7711,48.4708],[2.77,48.473],[2.7671,48.477],[2.7653,48.4795],[2.7639,48.4807],[2.7627,48.4817],[2.7606,48.4832],[2.7596,48.4839],[2.7582,48.4847],[2.7557,48.4856],[2.7538,48.486],[2.7528,48.4862],[2.7504,48.4868],[2.7499,48.487],[2.7481,48.4875],[2.7459,48.4879],[2.7433,48.4881],[2.7393,48.4879],[2.7353,48.4877],[2.7316,48.4873],[2.7288,48.4874],[2.7251,48.4873],[2.7217,48.487],[2.7193,48.4868],[2.7162,48.4864],[2.7133,48.4857],[2.7095,48.4848],[2.709,48.4848],[2.7087,48.485],[2.7084,48.4846],[2.7079,48.4844],[2.7066,48.484],[2.6913,48.4823],[2.6871,48.483],[2.6825,48.4842],[2.6798,48.4853],[2.6778,48.4865],[2.6752,48.4883],[2.6744,48.4891],[2.6731,48.4906],[2.6719,48.4932],[2.6714,48.496],[2.6714,48.4978],[2.6711,48.5],[2.6709,48.5008],[2.6706,48.5019],[2.6705,48.502],[2.6702,48.5045],[2.6702,48.5074],[2.6701,48.5136],[2.6703,48.5164],[2.6704,48.5182],[2.6705,48.5206],[2.6707,48.5227],[2.6708,48.5254],[2.6705,48.5272],[2.6696,48.5294],[2.6687,48.5307],[2.6636,48.5351],[2.6604,48.537],[2.658,48.538],[2.655,48.5384],[2.653,48.5386],[2.6508,48.5385],[2.6488,48.538],[2.6466,48.5371],[2.6439,48.5356],[2.641,48.5345],[2.6397,48.5337],[2.6386,48.5328],[2.6374,48.5321],[2.6367,48.5317],[2.6354,48.5303],[2.6332,48.5293],[2.6316,48.5287],[2.63,48.5278],[2.6283,48.5269],[2.6252,48.5259],[2.6232,48.525],[2.6219,48.5245],[2.6207,48.5242],[2.6201,48.5237],[2.6189,48.523],[2.6144,48.5205],[2.6106,48.5187],[2.608,48.5177],[2.6044,48.5167],[2.6025,48.5165],[2.5995,48.5164],[2.596,48.5174],[2.5982,48.5171],[2.5997,48.517],[2.6011,48.5172],[2.6013,48.517],[2.6014,48.5167],[2.6009,48.5165],[2.5995,48.5164],[2.5963,48.5167],[2.5931,48.5174],[2.5912,48.5184],[2.5909,48.5186],[2.5894,48.5194],[2.5864,48.5222],[2.5842,48.5244],[2.5832,48.5258],[2.582,48.5273],[2.5802,48.5288],[2.5791,48.5295],[2.5771,48.5307],[2.5759,48.5312],[2.5737,48.5326],[2.5708,48.5334],[2.5667,48.5346],[2.5658,48.535],[2.5627,48.5358],[2.5593,48.5365],[2.5553,48.537],[2.5518,48.5374],[2.5472,48.5383],[2.5423,48.5392],[2.5403,48.5397],[2.5373,48.5404],[2.5358,48.5409],[2.5337,48.5418],[2.532,48.5432],[2.5307,48.5449],[2.5301,48.5463],[2.5297,48.5477],[2.5299,48.5501],[2.5304,48.5516],[2.5309,48.5524],[2.5316,48.5532],[2.5335,48.5547],[2.5354,48.556],[2.5362,48.5567],[2.5373,48.557],[2.5384,48.5575],[2.54,48.5584],[2.5414,48.5592],[2.5417,48.5596],[2.5418,48.5603],[2.5422,48.5607],[2.5431,48.5612],[2.5457,48.5628],[2.5467,48.5637],[2.5479,48.5649],[2.5485,48.5671],[2.5485,48.5681],[2.5474,48.5695],[2.5461,48.571],[2.5453,48.5717],[2.5424,48.5729],[2.5404,48.5735],[2.5397,48.5737],[2.5383,48.5742],[2.5371,48.5744],[2.5351,48.5747],[2.5327,48.5748],[2.5302,48.5747],[2.5284,48.5745],[2.5257,48.5744],[2.5228,48.5741],[2.5215,48.5741],[2.5208,48.5743],[2.5182,48.5737],[2.5163,48.5734],[2.5144,48.5726],[2.5089,48.5709],[2.505,48.5699],[2.5044,48.5698],[2.504,48.5699],[2.5035,48.5698],[2.5031,48.5695],[2.5003,48.5688],[2.5,48.5687],[2.4995,48.5686],[2.4992,48.5681],[2.4989,48.5681],[2.4983,48.5683],[2.4972,48.5682],[2.4945,48.5682],[2.4936,48.5682],[2.4911,48.5686],[2.4893,48.5688],[2.4888,48.5691],[2.4876,48.5693],[2.4862,48.57],[2.487,48.571],[2.487,48.5712],[2.4868,48.5713],[2.4865,48.5712],[2.4863,48.571],[2.4863,48.5707],[2.4858,48.5703],[2.4843,48.5713],[2.4831,48.5723],[2.4826,48.5729],[2.482,48.5741],[2.4815,48.5748],[2.4802,48.576],[2.4802,48.5767],[2.4806,48.578],[2.4807,48.579],[2.4815,48.5807],[2.483,48.5838],[2.4851,48.5867],[2.4857,48.5879],[2.4859,48.589],[2.4858,48.5898],[2.4857,48.5906],[2.4858,48.5909],[2.48602,48.59095],[2.4851,48.5943],[2.4852,48.5963],[2.4857,48.5974],[2.4866,48.5986],[2.4886,48.6002],[2.4902,48.6017],[2.4911,48.6032],[2.4915,48.6048],[2.4913,48.6061],[2.4909,48.607],[2.4907,48.6079],[2.4909,48.6081],[2.4888,48.6107],[2.4876,48.612],[2.4872,48.612],[2.485,48.6133],[2.4838,48.6142],[2.4832,48.6147],[2.4813,48.6161],[2.4794,48.6175],[2.4786,48.6181],[2.4774,48.6192],[2.4766,48.6203],[2.4758,48.6213],[2.4751,48.6222],[2.474,48.6235],[2.4731,48.6244],[2.4722,48.625],[2.4702,48.6263],[2.4675,48.628],[2.4665,48.6288],[2.4655,48.6296],[2.4639,48.631],[2.4628,48.6318],[2.4595,48.6344],[2.458,48.6358],[2.4559,48.6372],[2.4552,48.6377],[2.454,48.6381],[2.4508,48.639],[2.4487,48.64],[2.4481,48.6405],[2.4473,48.6412],[2.446,48.6425],[2.4454,48.643],[2.4438,48.6444],[2.443,48.645],[2.4422,48.6459],[2.4408,48.6471],[2.4386,48.6487],[2.4364,48.6502],[2.4336,48.652],[2.4308,48.6537],[2.4289,48.6548],[2.4268,48.656],[2.425,48.6569],[2.4225,48.6582],[2.4207,48.6591],[2.418,48.6605],[2.4173,48.661],[2.4163,48.6617],[2.4154,48.6624],[2.413,48.6644],[2.4123,48.6651],[2.4108,48.6664],[2.4101,48.667],[2.4087,48.6677],[2.407,48.6683],[2.4065,48.6685],[2.4045,48.6691],[2.4022,48.6702],[2.4001,48.6716],[2.3987,48.6727],[2.395,48.6752],[2.3937,48.6762],[2.3917,48.6772],[2.3904,48.6777],[2.3892,48.6782],[2.3886,48.6786],[2.3885,48.679],[2.3869,48.6802],[2.3864,48.6813],[2.3863,48.6822],[2.3863,48.6829],[2.387,48.6845],[2.3873,48.6856],[2.3869,48.6858],[2.3869,48.6862],[2.3875,48.6862],[2.3883,48.6876],[2.3893,48.689],[2.3902,48.6905],[2.3908,48.6912],[2.3914,48.6924],[2.3928,48.6936],[2.3953,48.6956],[2.3973,48.6974],[2.3991,48.6992],[2.4007,48.7009],[2.4012,48.7013],[2.4017,48.702],[2.4024,48.7029],[2.4036,48.7044],[2.4044,48.7059],[2.4049,48.7078],[2.4052,48.7087],[2.4056,48.7098],[2.4062,48.7112],[2.4069,48.7122],[2.4077,48.713],[2.4083,48.7134],[2.4092,48.7139],[2.4123,48.7154],[2.4162,48.7173],[2.4173,48.7178],[2.4207,48.7195],[2.422,48.72],[2.4238,48.7208],[2.4253,48.7212],[2.4274,48.7219],[2.4298,48.7226],[2.4319,48.7228],[2.4327,48.7229],[2.4368,48.7234],[2.4396,48.7241],[2.442,48.7247],[2.4429,48.7252],[2.4436,48.7256],[2.4441,48.7264],[2.4446,48.7275],[2.4447,48.7281],[2.4452,48.7295],[2.4455,48.7302],[2.4456,48.7324],[2.4454,48.7349],[2.4441,48.7378],[2.4429,48.7389],[2.4424,48.7395],[2.4422,48.7399],[2.4406,48.7411],[2.4394,48.742],[2.4387,48.7429],[2.4375,48.7447],[2.4372,48.7455],[2.4367,48.746],[2.4358,48.7467],[2.434,48.7477],[2.432,48.749],[2.4294,48.7504],[2.4273,48.7515],[2.4259,48.752],[2.4243,48.7534],[2.4232,48.7543],[2.4224,48.7552],[2.4218,48.7563],[2.4213,48.7578],[2.4211,48.7587],[2.421,48.7592],[2.421,48.7595],[2.4213,48.7598],[2.4212,48.76],[2.4206,48.76],[2.4195,48.7607],[2.4185,48.7616],[2.4164,48.7631],[2.4151,48.7639],[2.4142,48.7645],[2.4133,48.7654],[2.4128,48.7665],[2.4124,48.7679],[2.4124,48.769],[2.4125,48.7708],[2.4127,48.7721],[2.4127,48.7728],[2.4137,48.7733],[2.4139,48.7745],[2.414,48.7746],[2.4141,48.7748],[2.4143,48.775],[2.415,48.7757],[2.4155,48.7768],[2.417,48.7775],[2.4173,48.7784],[2.4179,48.7793],[2.4189,48.7802],[2.422,48.7856],[2.4214,48.7858],[2.4218,48.7866],[2.4223,48.7877],[2.4227,48.7881],[2.4231,48.7882],[2.4234,48.7885],[2.4235,48.7895],[2.4235,48.79],[2.4235,48.7911],[2.423,48.7927],[2.4222,48.7952],[2.4218,48.796],[2.4209,48.7968],[2.4187,48.7984],[2.4173,48.7994],[2.4155,48.8006],[2.4146,48.8014],[2.4134,48.8022],[2.4127,48.8028],[2.4116,48.8035],[2.4103,48.8048],[2.4101,48.8054],[2.4099,48.8055],[2.4098,48.8051],[2.4096,48.8052],[2.4094,48.8062],[2.4091,48.8071],[2.4093,48.8088],[2.4097,48.81],[2.4099,48.8115],[2.4106,48.8135],[2.4108,48.8156],[2.4109,48.8158],[2.411,48.8161],[2.4107,48.8164],[2.4087,48.8172],[2.407,48.8179],[2.4037,48.8191],[2.4022,48.8195],[2.4019,48.8195],[2.4014,48.8193],[2.4006,48.8196],[2.3999,48.82],[2.3972,48.8215],[2.3958,48.8224],[2.3933,48.8241],[2.3922,48.825],[2.3895,48.827],[2.3877,48.8278],[2.3876,48.8286],[2.3857,48.8299],[2.3841,48.8311],[2.3829,48.832],[2.3789,48.835],[2.3755,48.8374],[2.3734,48.839],[2.3722,48.84],[2.3674,48.8437],[2.3657,48.845],[2.3629,48.847],[2.362,48.8476],[2.361,48.8487],[2.3605,48.8496],[2.3602,48.8508],[2.3601,48.8514],[2.3596,48.8517],[2.3583,48.8521],[2.3554,48.8532],[2.353,48.854],[2.3518,48.8546],[2.3503,48.8554],[2.3482,48.8563],[2.3465,48.8567],[2.3447,48.8572]]}},{"type":"Feature","properties":{"id":560509,"kind":"upstream"},"geometry":{"type":"LineString","coordinates":[[7.1075,50.75029],[7.11295,50.73868],[7.11964,50.72818],[7.12185,50.72689],[7.12714,50.72378],[7.13444,50.72098],[7.15394,50.71548],[7.16134,50.71158],[7.16644,50.70748],[7.17344,50.69218],[7.17854,50.68658],[7.18424,50.67778],[7.19504,50.66418],[7.19804,50.66178],[7.20254,50.66078],[7.20664,50.65758],[7.20894,50.65248],[7.21234,50.64888],[7.21474,50.64338],[7.21447,50.63489],[7.21474,50.62348],[7.21584,50.60818],[7.21644,50.60268],[7.21354,50.59968],[7.21164,50.59608],[7.21414,50.59048],[7.22364,50.58448],[7.23454,50.58008],[7.25804,50.57618],[7.26664,50.57078],[7.27144,50.56648],[7.28464,50.53688],[7.28843,50.53161],[7.29198,50.52667],[7.29628,50.52069],[7.29894,50.51698],[7.31024,50.50578],[7.32544,50.49428],[7.33684,50.48298],[7.35194,50.47098],[7.35624,50.46608],[7.37874,50.45188],[7.38701,50.44812],[7.39344,50.44518],[7.40414,50.44338],[7.41794,50.44348],[7.42814,50.44488],[7.43634,50.44448],[7.44142,50.44264],[7.44544,50.44118],[7.45115,50.43377],[7.45754,50.42548],[7.46424,50.42078],[7.47834,50.41598],[7.48854,50.41508],[7.50244,50.41518],[7.50984,50.41718],[7.51754,50.42218],[7.52218,50.42347],[7.52764,50.42498],[7.53874,50.42468],[7.55394,50.42168],[7.57424,50.41418],[7.59434,50.40388],[7.60934,50.39888],[7.61604,50.39518],[7.62004,50.38948],[7.61904,50.38388],[7.61634,50.37838],[7.61484,50.37478],[7.60975,50.36487],[7.60489,50.35542]]}},{"type":"Feature","properties":{"id":560197,"kind":"downstream"},"geometry":{"type":"LineString","coordinates":[[11.29264,44.51318],[11.29647,44.52248],[11.3096,44.53507],[11.31587,44.55215],[11.33746,44.57191],[11.3396,44.58142],[11.33599,44.59637],[11.34263,44.60661],[11.34689,44.61413],[11.34804,44.62807],[11.35092,44.63692],[11.3471,44.64685],[11.35179,44.65818],[11.35535,44.66866],[11.34704,44.67931],[11.34742,44.68632],[11.35404,44.69284],[11.35513,44.70526],[11.36278,44.72311],[11.3763,44.73329],[11.39305,44.75371],[11.4199,44.77235],[11.47511,44.80511],[11.48549,44.79848],[11.51714,44.79722],[11.54294,44.77526],[11.58908,44.75768],[11.60435,44.75112],[11.63399,44.74988],[11.65613,44.75062],[11.65314,44.76932],[11.63025,44.78626],[11.62401,44.80037],[11.63318,44.81124],[11.6249,44.8212]]}},{"type":"Feature","properties":{"id":560528,"kind":"upstream"},"geometry":{"type":"LineString","coordinates":[[22.9134,44.00086],[22.93665,44.00663],[22.9833,44.0113],[22.98825,44.01357],[22.99688,44.01753],[23.03764,44.05069],[23.04299,44.07257],[23.03724,44.07705],[23.01277,44.09611],[22.99745,44.10063],[22.98631,44.1014],[22.9849,44.1013],[22.9725,44.0981],[22.9604,44.0983],[22.9214,44.1056],[22.9117,44.1087],[22.894,44.12079],[22.84842,44.14221],[22.8466,44.1426],[22.83519,44.14842],[22.83029,44.15071],[22.8107,44.1559],[22.8011,44.1611],[22.78687,44.17106],[22.72302,44.20092],[22.71352,44.20536],[22.70261,44.21045],[22.69166,44.21556],[22.68297,44.22333],[22.6863,44.2351],[22.6956,44.2535],[22.6963,44.2667],[22.6948,44.278],[22.6845,44.2884],[22.6724,44.2928],[22.6448,44.298],[22.6165,44.3005],[22.6036,44.3032],[22.591,44.3226],[22.5638,44.3409],[22.5574,44.3522],[22.5629,44.3642],[22.5663,44.3769],[22.5495,44.3966],[22.5086,44.4217],[22.4942,44.4345],[22.4853,44.4397],[22.4777,44.4469],[22.4706,44.455],[22.4641,44.465],[22.4615,44.4725],[22.4726,44.4765],[22.4879,44.4756],[22.5208,44.4709],[22.5537,44.4824],[22.5619,44.4886],[22.5651,44.4948],[22.5653,44.5037],[22.5635,44.5113],[22.5642,44.5217],[22.5655,44.5289],[22.5681,44.5358],[22.57057,44.53958],[22.5719,44.5416],[22.58313,44.54604],[22.58624,44.54764],[22.58769,44.54784],[22.61408,44.55148],[22.6155,44.5515],[22.6272,44.547],[22.6439,44.5346],[22.6764,44.5194],[22.6903,44.5161],[22.7019,44.5163],[22.7623,44.5372],[22.7649,44.5399],[22.765,44.5489],[22.7627,44.5581],[22.7554,44.5717],[22.7499,44.5781],[22.7166,44.603],[22.7126,44.6071],[22.7093,44.613],[22.7012,44.6172],[22.6788,44.6212],[22.65983,44.61981]]}},{"type":"Feature","properties":{"id":560216,"kind":"downstream"},"geometry":{"type":"LineString","coordinates":[[22.9134,44.00086],[22.89287,43.99033],[22.8749,43.9523],[22.8639,43.9396],[22.8546,43.9348],[22.8515,43.9244],[22.85286,43.92058],[22.84196,43.89667],[22.84613,43.88253],[22.84792,43.87645],[22.8609,43.8594],[22.8842,43.8448],[22.9053,43.8385],[22.9401,43.8344],[22.9911,43.8172],[23.0316,43.8134],[23.1127,43.8141],[23.1395,43.8141],[23.1932,43.8325],[23.2354,43.8432],[23.2711,43.8556],[23.3481,43.8591],[23.3665,43.8563],[23.3833,43.8566],[23.4136,43.8617],[23.4387,43.8602],[23.4735,43.849],[23.5113,43.8456],[23.5254,43.8383],[23.5465,43.8227],[23.5663,43.8113],[23.6059,43.8014],[23.6226,43.7999],[23.6539,43.8046],[23.6829,43.8148],[23.7047,43.8188],[23.7673,43.8127],[23.7879,43.8081],[23.8008,43.8006],[23.8112,43.796],[23.8189,43.7881],[23.85079,43.77253],[23.94467,43.75307],[23.9858,43.7541],[24.0316,43.7318],[24.058,43.7262],[24.0741,43.721],[24.08076,43.71513],[24.0851,43.7113],[24.0922,43.708],[24.0979,43.70775],[24.1237,43.7066],[24.1392,43.7052],[24.1598,43.6926],[24.185,43.688],[24.2178,43.6921],[24.2532,43.7001],[24.2978,43.7027],[24.316,43.7065],[24.3383,43.7018],[24.3547,43.7031],[24.377,43.7158],[24.3869,43.7268],[24.3952,43.7332],[24.421,43.7451],[24.4356,43.7467],[24.4585,43.7489],[24.48703,43.7604]]}},{"type":"Feature","properties":{"id":560541,"kind":"upstream"},"geometry":{"type":"LineString","coordinates":[[18.15047,47.74486],[18.1195,47.7491],[18.0782,47.7534],[18.0549,47.7532],[18.0355,47.7541],[18.0249,47.7515],[18.0041,47.7434],[17.9978,47.7434],[17.9882,47.7493],[17.9744,47.7547],[17.9686,47.7536],[17.9595,47.7474],[17.9498,47.7442],[17.9363,47.7426],[17.9261,47.7435],[17.9196,47.7429],[17.9131,47.7414],[17.9053,47.7381],[17.8998,47.736],[17.8943,47.7355],[17.8818,47.7376],[17.86874,47.73701],[17.8597,47.7366],[17.8501,47.7393],[17.8425,47.7393],[17.8255,47.7377],[17.8008,47.7394],[17.7942,47.7379],[17.7767,47.737],[17.7691,47.7382],[17.7506,47.7467],[17.732,47.7471],[17.7238,47.7505],[17.7154,47.7521],[17.7066,47.7557],[17.6969,47.7622],[17.6857,47.7713],[17.6785,47.7748],[17.673,47.7763],[17.6667,47.7826],[17.6597,47.7844],[17.6535,47.7872],[17.6384,47.7961],[17.6281,47.8055],[17.6259,47.8082],[17.6231,47.8105],[17.61365,47.81745],[17.6114,47.8191],[17.6069,47.8207],[17.60675,47.82072],[17.60237,47.8228],[17.6012,47.8228],[17.5981,47.8225],[17.5907,47.821],[17.5867,47.8198],[17.5817,47.8172],[17.5764,47.8153],[17.5731,47.8146],[17.5703,47.8149],[17.5685,47.8157],[17.5637,47.8194],[17.5613,47.8216],[17.5594,47.8238],[17.554,47.8292],[17.5483,47.8363],[17.5472,47.8388],[17.5436,47.8455],[17.5429,47.8477],[17.5423,47.8512],[17.54226,47.85129],[17.54087,47.85195],[17.5402,47.8531],[17.5388,47.8541],[17.5333,47.8569],[17.5313,47.8586],[17.5288,47.8614],[17.5262,47.8649],[17.5239,47.866],[17.5213,47.8667],[17.51272,47.86527],[17.51076,47.8662],[17.5096,47.8662],[17.5052,47.8665],[17.4991,47.8676],[17.4962,47.8684],[17.4922,47.8701],[17.4767,47.8787],[17.4728,47.88],[17.4658,47.8808],[17.4626,47.8813],[17.4607,47.8822],[17.45487,47.88674],[17.4512,47.8913],[17.4494,47.8931],[17.4476,47.8958],[17.4464,47.898],[17.4443,47.9006],[17.4392,47.9076],[17.4378,47.91],[17.4359,47.9141],[17.4328,47.9194],[17.4289,47.9238],[17.4237,47.9281],[17.4198,47.9304],[17.412,47.9355],[17.4098,47.9378],[17.408,47.9407],[17.4055,47.9434],[17.4039,47.9454],[17.4022,47.9471],[17.3982,47.9503],[17.3958,47.952],[17.3941,47.9528],[17.3914,47.9537],[17.3826,47.956],[17.3801,47.9569],[17.3777,47.9583],[17.3752,47.9601],[17.3707,47.9637],[17.3626,47.9711],[17.3575,47.9747],[17.3498,47.9808],[17.3431,47.9866],[17.3338,47.9927],[17.3316,47.9936],[17.3291,47.9943],[17.3262,47.9947],[17.3171,47.9954],[17.3092,47.9955],[17.3011,47.9953],[17.2825,47.9936],[17.2788,47.9935],[17.2759,47.9936],[17.2729,47.9941],[17.269,47.9949],[17.2627,47.997],[17.2584,47.9998],[17.2559,48.0125],[17.2539,48.0134],[17.253,48.0129],[17.2507,48.0137],[17.2499,48.0145],[17.2493,48.0151],[17.248,48.0173],[17.2436,48.0235],[17.2422,48.0249],[17.2356,48.0294],[17.2217,48.0385],[17.1959,48.0509],[17.1821,48.0567],[17.1577,48.0701],[17.15322,48.07735],[17.1478,48.0861],[17.1445,48.0897],[17.1447,48.0906],[17.1437,48.0922],[17.1383,48.1063],[17.1429,48.1135],[17.1447,48.1157],[17.1462,48.1187],[17.1467,48.1204],[17.1469,48.1222],[17.1465,48.1244],[17.1456,48.1266],[17.1438,48.1288],[17.1417,48.1305],[17.14133,48.13079],[17.1399,48.1319],[17.1373,48.1333],[17.1185,48.1353],[17.1136,48.1354],[17.1105,48.1353],[17.1046,48.1346],[17.1,48.1344],[17.0957,48.1347],[17.0901,48.1356],[17.0856,48.1365],[17.0802,48.1381],[17.0743,48.1395],[17.0679,48.1406],[17.0599,48.1406],[17.0544,48.14],[17.0499,48.1392],[17.0368,48.138],[17.0331,48.1383],[17.0286,48.1389],[17.0218,48.1419],[17.0174,48.1457],[17.0105,48.1512],[17.004,48.1543],[16.9987,48.1573],[16.9923,48.1617],[16.9849,48.1661],[16.9798,48.1687],[16.9732,48.17],[16.9674,48.1706],[16.9616,48.1699],[16.9454,48.1543],[16.9393,48.1496],[16.9296,48.1463],[16.9101,48.1448]]}},{"type":"Feature","properties":{"id":560503,"kind":"upstream"},"geometry":{"type":"LineString","coordinates":[[-0.5571,44.8544],[-0.5587,44.8537],[-0.5605,44.8526],[-0.5621,44.8516],[-0.5635,44.8506],[-0.5643,44.85],[-0.565,44.8489],[-0.5654,44.8482],[-0.5655,44.8475],[-0.5655,44.8466],[-0.5653,44.8457],[-0.5651,44.8448],[-0.5654,44.8442],[-0.565,44.8435],[-0.5646,44.8429],[-0.5634,44.8418],[-0.5588,44.8382],[-0.5399,44.8218],[-0.5381,44.8192],[-0.5372,44.8179],[-0.5349,44.8144],[-0.5325,44.8105],[-0.531,44.8086],[-0.5296,44.8077],[-0.5279,44.8071],[-0.5297,44.8051],[-0.5295,44.8033],[-0.5287,44.8002],[-0.5284,44.7974],[-0.5277,44.7948],[-0.5271,44.793],[-0.5265,44.7918],[-0.5253,44.79],[-0.5232,44.7869],[-0.5212,44.7843],[-0.5189,44.7808],[-0.5173,44.7787],[-0.5166,44.7774],[-0.515,44.7761],[-0.5138,44.7746],[-0.5137,44.7739],[-0.5138,44.7722],[-0.51,44.7641],[-0.5103,44.7627],[-0.5105,44.761],[-0.5105,44.7602],[-0.5105,44.7595],[-0.5104,44.7584],[-0.5102,44.7578],[-0.5099,44.7572],[-0.5094,44.7563],[-0.5084,44.755],[-0.5072,44.7537],[-0.5064,44.7528],[-0.5053,44.752],[-0.5043,44.7513],[-0.5033,44.7506],[-0.5026,44.75],[-0.5015,44.7489],[-0.5009,44.7481],[-0.5004,44.7474],[-0.5001,44.7468],[-0.4997,44.7464],[-0.4988,44.7453],[-0.4977,44.7442],[-0.497,44.7433],[-0.4961,44.7425],[-0.4949,44.7418],[-0.493,44.7409],[-0.4906,44.7402],[-0.4876,44.7391],[-0.4858,44.7384],[-0.4852,44.7382],[-0.4823,44.7375],[-0.4799,44.7371],[-0.478,44.7367],[-0.4762,44.7362],[-0.4748,44.7358],[-0.4738,44.7355],[-0.4718,44.7349],[-0.4709,44.7344],[-0.4694,44.7337],[-0.4683,44.733],[-0.4662,44.732],[-0.4656,44.7315],[-0.4639,44.7305],[-0.462,44.7297],[-0.4566,44.7279],[-0.4499,44.7209],[-0.449,44.7196],[-0.4473,44.7173],[-0.4464,44.7156],[-0.4459,44.7142],[-0.4454,44.7126],[-0.4447,44.7111],[-0.4441,44.7106],[-0.4435,44.7098],[-0.4424,44.7083],[-0.4407,44.7067],[-0.4393,44.7051],[-0.4377,44.7037],[-0.4366,44.7029],[-0.4348,44.7021],[-0.4319,44.7015],[-0.4303,44.7013],[-0.4289,44.7016],[-0.4277,44.7017],[-0.427,44.7019],[-0.4239,44.7031],[-0.4223,44.7039],[-0.42,44.705],[-0.4184,44.7057],[-0.4159,44.7064],[-0.4143,44.7067],[-0.4127,44.7069],[-0.4106,44.7069],[-0.4087,44.7067],[-0.4062,44.706],[-0.4043,44.7053],[-0.402,44.7044],[-0.4002,44.704],[-0.3982,44.7034],[-0.397,44.7028],[-0.3965,44.7023],[-0.3962,44.7019],[-0.3962,44.7012],[-0.3964,44.7006],[-0.3966,44.7],[-0.3967,44.6995],[-0.3975,44.6985],[-0.3984,44.6975],[-0.3996,44.6964],[-0.4007,44.6956],[-0.4018,44.6947],[-0.404,44.6931],[-0.4056,44.6913],[-0.4038,44.6884],[-0.403,44.688],[-0.4023,44.6877],[-0.4011,44.6874],[-0.4003,44.6873],[-0.3992,44.6872],[-0.3982,44.6873],[-0.3971,44.6874],[-0.3949,44.6877],[-0.3932,44.6879],[-0.391,44.6882],[-0.3882,44.6885],[-0.3854,44.6889],[-0.3844,44.689],[-0.3834,44.689],[-0.3823,44.689],[-0.3814,44.6889],[-0.3809,44.6888],[-0.3799,44.6886],[-0.3788,44.6883],[-0.3771,44.6877],[-0.376,44.6872],[-0.3748,44.6866],[-0.3736,44.686],[-0.3729,44.6856],[-0.373,44.6855],[-0.3731,44.6853],[-0.3729,44.6848],[-0.3723,44.6839],[-0.3713,44.6825],[-0.3708,44.6816],[-0.3704,44.6802],[-0.3699,44.6789],[-0.3694,44.6775],[-0.3688,44.6765],[-0.3665,44.6708],[-0.3662,44.6704],[-0.3651,44.6693],[-0.3642,44.6683],[-0.3634,44.6671],[-0.3624,44.6646],[-0.3614,44.6632],[-0.3604,44.6617],[-0.3593,44.6606],[-0.3582,44.6591],[-0.3536,44.6549],[-0.3483,44.6538],[-0.3466,44.6536],[-0.3454,44.6533],[-0.3443,44.6529],[-0.343,44.6525],[-0.3422,44.6521],[-0.341,44.6517],[-0.34,44.6514],[-0.3389,44.651],[-0.3386,44.6507],[-0.3379,44.65],[-0.3364,44.6491],[-0.3357,44.6487],[-0.3354,44.6482],[-0.3351,44.6474],[-0.3346,44.646],[-0.3345,44.6449],[-0.3341,44.6431],[-0.3339,44.6417],[-0.3337,44.641],[-0.3329,44.64],[-0.3322,44.6391],[-0.3314,44.6382],[-0.3306,44.6376],[-0.3298,44.6371],[-0.3281,44.6364],[-0.3265,44.6355],[-0.31406,44.62976],[-0.3096,44.6266],[-0.3082,44.6254],[-0.3072,44.6245],[-0.306,44.6234],[-0.3049,44.6223],[-0.3039,44.6213],[-0.3031,44.6202],[-0.3024,44.6193],[-0.3017,44.6178],[-0.3011,44.6164],[-0.3007,44.6155],[-0.3006,44.6147],[-0.3007,44.6138],[-0.3011,44.612],[-0.3014,44.6114],[-0.3021,44.6099],[-0.3028,44.6085],[-0.3029,44.608],[-0.3028,44.6071],[-0.3025,44.6062],[-0.3022,44.6055],[-0.3017,44.6048],[-0.3011,44.6039],[-0.3003,44.6029],[-0.2995,44.6019],[-0.2975,44.5996],[-0.2968,44.5985],[-0.2962,44.5972],[-0.296,44.5961],[-0.2959,44.5956],[-0.2951,44.5939],[-0.2944,44.5925],[-0.2937,44.5914],[-0.2929,44.5905],[-0.2922,44.5898],[-0.2915,44.5893],[-0.2906,44.5886],[-0.2893,44.588],[-0.2778,44.5817],[-0.2709,44.5735],[-0.2699,44.5727],[-0.2688,44.5721],[-0.2678,44.5714],[-0.267,44.5709],[-0.2663,44.5705],[-0.2654,44.57],[-0.2645,44.5694],[-0.2637,44.5689],[-0.2622,44.5678],[-0.2606,44.5666],[-0.2595,44.5657],[-0.2582,44.5647],[-0.2572,44.5636],[-0.2561,44.5626],[-0.2558,44.5621],[-0.2544,44.5608],[-0.2533,44.56],[-0.2522,44.5591],[-0.2518,44.5589],[-0.2507,44.5582],[-0.249,44.5576],[-0.2465,44.5568],[-0.2374,44.5594],[-0.2367,44.5595],[-0.2357,44.5595],[-0.2344,44.5597],[-0.2326,44.5598],[-0.2313,44.5599],[-0.2298,44.5602],[-0.2287,44.5606],[-0.2268,44.5608],[-0.2261,44.5609],[-0.2251,44.561],[-0.2244,44.5612],[-0.2236,44.5614],[-0.222,44.5621],[-0.2204,44.5628],[-0.2187,44.5635],[-0.2169,44.5643],[-0.2153,44.5648],[-0.214,44.5652],[-0.2122,44.5658],[-0.2095,44.5663],[-0.2081,44.5665],[-0.2075,44.567],[-0.2054,44.5673],[-0.2031,44.5674],[-0.1999,44.5673],[-0.1978,44.5672],[-0.1942,44.5669],[-0.1912,44.5667],[-0.1896,44.5666],[-0.1871,44.5668],[-0.185,44.5672],[-0.1832,44.5676],[-0.1815,44.5681],[-0.1803,44.5684],[-0.1784,44.5688],[-0.1763,44.569],[-0.1746,44.5691],[-0.1675,44.5674],[-0.1667,44.5672],[-0.1654,44.5668],[-0.1639,44.5662],[-0.1626,44.5657],[-0.1618,44.5654],[-0.1607,44.5651],[-0.1594,44.5649],[-0.1586,44.5647],[-0.1577,44.5646],[-0.1567,44.5645],[-0.1558,44.5645],[-0.155,44.5644],[-0.1543,44.5643],[-0.1533,44.5643],[-0.1526,44.5643],[-0.1516,44.5643],[-0.1508,44.5643],[-0.1502,44.5649],[-0.1486,44.5656],[-0.1468,44.5662],[-0.1438,44.5673],[-0.1426,44.5677],[-0.1414,44.5682],[-0.1396,44.5691],[-0.1384,44.5698],[-0.1372,44.5703],[-0.1362,44.5711],[-0.1355,44.5719],[-0.1349,44.5725],[-0.1345,44.5731],[-0.1341,44.5735],[-0.1341,44.5745],[-0.134,44.5751],[-0.1344,44.5757],[-0.1344,44.5769],[-0.1342,44.5774],[-0.1339,44.5778],[-0.1333,44.578],[-0.1326,44.5781],[-0.1318,44.5781],[-0.1311,44.5779],[-0.1306,44.5776],[-0.1299,44.5771],[-0.1293,44.5766],[-0.1289,44.5761],[-0.1284,44.5754],[-0.128,44.5748],[-0.1276,44.5742],[-0.1269,44.5733],[-0.1259,44.5723],[-0.1252,44.5717],[-0.1243,44.5711],[-0.1233,44.5706],[-0.1223,44.5703],[-0.1217,44.5702],[-0.1208,44.5701],[-0.12,44.5701],[-0.1185,44.5702],[-0.1176,44.5704],[-0.1165,44.5708],[-0.1158,44.5712],[-0.1153,44.5718],[-0.1144,44.5728],[-0.1137,44.5736],[-0.1132,44.5743],[-0.1132,44.5749],[-0.1127,44.5758],[-0.1116,44.5774],[-0.1106,44.5787],[-0.1098,44.5798],[-0.1093,44.5803],[-0.1081,44.5814],[-0.1075,44.5819],[-0.1068,44.5822],[-0.1056,44.5824],[-0.1043,44.5826],[-0.1034,44.5827],[-0.1019,44.5826],[-0.1003,44.5822],[-0.0992,44.5815],[-0.098,44.5808],[-0.0974,44.5803],[-0.0965,44.5797],[-0.0954,44.5785],[-0.094,44.5773],[-0.0928,44.5764],[-0.0909,44.5752],[-0.0897,44.5747],[-0.0886,44.5743],[-0.0878,44.574],[-0.0871,44.5738],[-0.0858,44.5736],[-0.0844,44.5733],[-0.0833,44.5732],[-0.0822,44.5731],[-0.08,44.5729],[-0.0775,44.5727],[-0.0753,44.5725],[-0.0736,44.5725],[-0.0719,44.5725],[-0.0703,44.5726],[-0.0689,44.5729],[-0.0673,44.5733],[-0.0664,44.5737],[-0.066,44.5739],[-0.0661,44.574],[-0.0661,44.5742],[-0.0653,44.5749],[-0.0626,44.5762],[-0.0611,44.577],[-0.0596,44.5776],[-0.0588,44.5779],[-0.0577,44.5782],[-0.0568,44.5784],[-0.0562,44.5785],[-0.05448,44.57856],[-0.0512,44.5784],[-0.0482,44.5785],[-0.0455,44.5786],[-0.0425,44.5787],[-0.0405,44.5787],[-0.0374,44.5787],[-0.0353,44.5787],[-0.0311,44.5787],[-0.0286,44.5788],[-0.0256,44.5787],[-0.0243,44.5787],[-0.0235,44.5786],[-0.0228,44.5784],[-0.0223,44.5779],[-0.0211,44.5767],[-0.02,44.5756],[-0.0194,44.5749],[-0.0187,44.574],[-0.0182,44.5734],[-0.0179,44.5725],[-0.01663,44.57073],[-0.0159,44.5698],[-0.0151,44.5689],[-0.0135,44.5671],[-0.0127,44.5659],[-0.0122,44.5649],[-0.012,44.5639],[-0.0109,44.5619],[-0.0106,44.5611],[-0.0105,44.5603],[-0.0102,44.5585],[-0.0101,44.558],[-0.0098,44.5574],[-0.0096,44.5568],[-0.0059,44.5554],[0.0073,44.5508],[0.009,44.5502],[0.0107,44.5493],[0.0128,44.548],[0.0155,44.5461],[0.0166,44.5453],[0.0173,44.5448],[0.0187,44.5437],[0.0207,44.5424],[0.0218,44.5419],[0.0228,44.5416],[0.0237,44.5414],[0.0252,44.5413],[0.0265,44.5412],[0.028,44.5412],[0.0292,44.5414],[0.0309,44.5416],[0.032,44.5419],[0.0328,44.5423],[0.0335,44.5426],[0.0342,44.543],[0.035,44.5432],[0.0374,44.5438],[0.0384,44.5441],[0.0399,44.5443],[0.0415,44.5446],[0.0423,44.5447],[0.043,44.5446],[0.0436,44.5446],[0.0441,44.5444],[0.0444,44.5443],[0.0447,44.544],[0.0449,44.5437],[0.0449,44.5435],[0.0449,44.5431],[0.0448,44.5426],[0.0444,44.5421],[0.0439,44.5412],[0.0429,44.5401],[0.0422,44.5394],[0.0413,44.5389],[0.04,44.5381],[0.0392,44.5373],[0.0399,44.5332],[0.0399,44.5327],[0.0401,44.5322],[0.0403,44.5317],[0.0407,44.531],[0.0409,44.5297],[0.0411,44.5285],[0.0419,44.5261],[0.0428,44.5246],[0.0433,44.5238],[0.0441,44.5224],[0.0449,44.5197],[0.0453,44.5191],[0.0459,44.519],[0.0473,44.519],[0.0484,44.5191],[0.0499,44.5194],[0.053,44.5209],[0.0537,44.5215],[0.0544,44.5221],[0.0552,44.5231],[0.056,44.524],[0.0566,44.5246],[0.0571,44.5255],[0.0577,44.5262],[0.058,44.5269],[0.0583,44.5276],[0.0585,44.5287],[0.0589,44.53],[0.0592,44.5309],[0.0593,44.5322],[0.0593,44.5332],[0.0593,44.5347],[0.0595,44.5362],[0.0599,44.5371],[0.0607,44.5382],[0.0615,44.539],[0.0622,44.5397],[0.0632,44.5404],[0.0639,44.5408],[0.0647,44.5413],[0.0661,44.5417],[0.0677,44.5419],[0.0692,44.542],[0.0715,44.5421],[0.074,44.542],[0.0756,44.5418],[0.0772,44.5415],[0.078,44.5412],[0.0786,44.5408],[0.0791,44.5402],[0.0795,44.5394],[0.0799,44.5386],[0.0801,44.5371],[0.0802,44.536],[0.0805,44.535],[0.0811,44.534],[0.0825,44.5325],[0.0842,44.5313],[0.0851,44.531],[0.0861,44.5308],[0.0869,44.5304],[0.0875,44.53],[0.0895,44.5272],[0.087,44.5233],[0.0861,44.5219],[0.0857,44.5214],[0.0845,44.5198],[0.0837,44.5186],[0.0832,44.5178],[0.0831,44.5174],[0.083,44.5166],[0.0831,44.5158],[0.0834,44.5153],[0.0837,44.515],[0.0838,44.5148],[0.084,44.5145],[0.084,44.5143],[0.084,44.5141],[0.084,44.5137],[0.0837,44.5132],[0.0833,44.5127],[0.083,44.5122],[0.0829,44.512],[0.0829,44.5117],[0.083,44.5115],[0.0831,44.511],[0.0837,44.5101],[0.0847,44.5093],[0.0853,44.5089],[0.0863,44.5081],[0.0884,44.5068],[0.0904,44.5058],[0.0925,44.505],[0.0946,44.5042],[0.0969,44.5034],[0.0985,44.503],[0.1,44.5027],[0.102,44.5023],[0.1039,44.5021],[0.106,44.5018],[0.1084,44.5014],[0.1102,44.5011],[0.1114,44.501],[0.1126,44.5009],[0.1153,44.5005],[0.1166,44.5003],[0.1191,44.5002],[0.1223,44.5002],[0.1238,44.5004],[0.1257,44.5007],[0.1264,44.5014],[0.1271,44.5019],[0.128,44.5023],[0.1291,44.5027],[0.1304,44.5029],[0.1334,44.503],[0.1375,44.5037],[0.1379,44.5036],[0.1383,44.5034],[0.1387,44.5032],[0.1391,44.503],[0.1401,44.503],[0.1415,44.503],[0.1424,44.5031],[0.144,44.5028],[0.1456,44.5025],[0.147,44.5024],[0.1496,44.5025],[0.1507,44.5028],[0.1514,44.5031],[0.1517,44.5032],[0.1532,44.5031],[0.155,44.5025],[0.1572,44.5016],[0.1582,44.5012],[0.1597,44.5004],[0.1605,44.4998],[0.1607,44.4992],[0.1609,44.4986],[0.1609,44.4981],[0.1607,44.4974],[0.1603,44.4965],[0.1598,44.496],[0.1586,44.4937],[0.1585,44.4926],[0.1585,44.4913],[0.1585,44.4904],[0.1586,44.4899],[0.159,44.4893],[0.1594,44.4891],[0.1599,44.4883],[0.1604,44.4878],[0.161,44.4873],[0.1625,44.4865],[0.1644,44.4857],[0.1657,44.4852],[0.1667,44.4849],[0.1684,44.4849],[0.1697,44.4851],[0.174,44.4856],[0.175,44.4857],[0.1782,44.4856],[0.1791,44.4855],[0.1803,44.4852],[0.1814,44.4847],[0.1827,44.4838],[0.1837,44.4828],[0.1852,44.4746],[0.1852,44.4738],[0.1853,44.473],[0.1854,44.4721],[0.1856,44.471],[0.1857,44.4704],[0.1856,44.4701],[0.1855,44.4696],[0.1852,44.4689],[0.1847,44.4682],[0.1843,44.4675],[0.1838,44.467],[0.1828,44.466],[0.182,44.4651],[0.1809,44.4638],[0.1793,44.4619],[0.1781,44.4608],[0.177,44.4597],[0.1762,44.4588],[0.1757,44.458],[0.175,44.4571],[0.1744,44.4561],[0.174,44.4551],[0.1735,44.4543],[0.1731,44.4529],[0.1729,44.4517],[0.1729,44.4507],[0.173,44.4495],[0.1732,44.4487],[0.1734,44.4479],[0.1784,44.4465],[0.1802,44.4462],[0.1823,44.4461],[0.185,44.4462],[0.1879,44.4464],[0.1907,44.4466],[0.193,44.4468],[0.1939,44.4469],[0.1951,44.4472],[0.1965,44.4474],[0.1974,44.4475],[0.198,44.4475],[0.1991,44.4475],[0.2009,44.4474],[0.2026,44.4472],[0.2037,44.4467],[0.2055,44.4459],[0.2072,44.4452],[0.2082,44.4446],[0.2097,44.4434],[0.2104,44.4428],[0.21082,44.44228],[0.2118,44.4336],[0.2119,44.4318],[0.2119,44.4312],[0.212,44.4286],[0.2121,44.4274],[0.2122,44.4262],[0.2123,44.4256],[0.2128,44.4249],[0.2132,44.4244],[0.2136,44.423],[0.2141,44.4218],[0.2144,44.4212],[0.215,44.4202],[0.2156,44.4194],[0.2164,44.4188],[0.218,44.4175],[0.2194,44.4165],[0.2215,44.4147],[0.2228,44.4138],[0.2239,44.4129],[0.2258,44.4113],[0.2264,44.4108],[0.227,44.4103],[0.2272,44.4101],[0.2284,44.4093],[0.2295,44.4087],[0.2308,44.4079],[0.2321,44.4071],[0.2339,44.4062],[0.2349,44.4057],[0.236,44.4052],[0.2378,44.4045],[0.2394,44.4041],[0.2408,44.4038],[0.2423,44.4036],[0.2436,44.4034],[0.2445,44.4033],[0.2449,44.4032],[0.2452,44.4032],[0.2459,44.4031],[0.2468,44.4032],[0.2481,44.4034],[0.2491,44.4037],[0.2504,44.4043],[0.2518,44.4051],[0.2536,44.4061],[0.2549,44.407],[0.2557,44.4076],[0.2575,44.4089],[0.2632,44.4141],[0.2646,44.4146],[0.2657,44.4149],[0.2673,44.4153],[0.2682,44.4154],[0.2694,44.4156],[0.2706,44.4156],[0.2732,44.4154],[0.2746,44.4153],[0.2755,44.4152],[0.2768,44.4147],[0.2776,44.4144],[0.2797,44.4135],[0.2817,44.4125],[0.2852,44.4096],[0.2902,44.4001],[0.2911,44.3988],[0.2918,44.3976],[0.2926,44.3965],[0.2931,44.3956],[0.2939,44.3948],[0.2951,44.3934],[0.297,44.392],[0.2986,44.3909],[0.3006,44.3898],[0.3017,44.3893],[0.303,44.3888],[0.305,44.3883],[0.3068,44.3879],[0.309,44.3874],[0.3102,44.3872],[0.312,44.3867],[0.3134,44.3864],[0.3146,44.386],[0.3157,44.3856],[0.3166,44.385],[0.3171,44.3845],[0.3173,44.3841],[0.3173,44.3833],[0.3173,44.3832],[0.317,44.3827],[0.3165,44.3818],[0.316,44.3812],[0.3153,44.3807],[0.3146,44.3802],[0.3137,44.3798],[0.3109,44.3789],[0.3089,44.3783],[0.3079,44.378],[0.3067,44.3777],[0.3051,44.377],[0.3024,44.3672],[0.3022,44.3663],[0.3022,44.3657],[0.3023,44.365],[0.303,44.3632],[0.30344,44.36247],[0.3081,44.3547],[0.3128,44.3388],[0.3131,44.3376],[0.3135,44.3369],[0.3144,44.3355],[0.3151,44.3345],[0.3159,44.3336],[0.3169,44.3329],[0.3185,44.3322],[0.3199,44.3317],[0.3213,44.3313],[0.3225,44.3309],[0.3244,44.3301],[0.3273,44.3286],[0.3302,44.3272],[0.332,44.3262],[0.3333,44.3254],[0.3341,44.3248],[0.3351,44.3242],[0.3357,44.3235],[0.336,44.3229],[0.3364,44.3222],[0.3365,44.3216],[0.3364,44.3206],[0.33294,44.31165],[0.3324,44.311],[0.3318,44.3101],[0.3311,44.3089],[0.3305,44.3077],[0.3296,44.3063],[0.329,44.3055],[0.3288,44.3052],[0.3281,44.3041],[0.3271,44.3027],[0.326,44.301],[0.3254,44.3001],[0.3252,44.2996],[0.325,44.2991],[0.3246,44.2979],[0.3241,44.2971],[0.3239,44.296],[0.3238,44.2941],[0.3237,44.2932],[0.3237,44.2919],[0.324,44.291],[0.3246,44.2897],[0.3253,44.2885],[0.326,44.2872],[0.3271,44.2859],[0.3282,44.2847],[0.3296,44.2832],[0.3308,44.2819],[0.3314,44.2811],[0.3324,44.2799],[0.3365,44.2715],[0.3407,44.2587],[0.3407,44.2579],[0.3408,44.2569],[0.3411,44.2552],[0.3411,44.2536],[0.3413,44.2508],[0.3413,44.2504],[0.3418,44.2493],[0.3422,44.2486],[0.3425,44.2482],[0.3432,44.2474],[0.3447,44.2463],[0.3464,44.2453],[0.3475,44.2447],[0.3489,44.2441],[0.3511,44.2434],[0.3524,44.243],[0.3534,44.2429],[0.3552,44.2426],[0.3566,44.2424],[0.3582,44.2422],[0.3598,44.2419],[0.3616,44.2417],[0.3641,44.2416],[0.3659,44.2415],[0.3681,44.2415],[0.3695,44.2416],[0.3709,44.2418],[0.3724,44.2422],[0.3734,44.2425],[0.375,44.2432],[0.3767,44.2439],[0.3775,44.2443],[0.3783,44.2447],[0.3789,44.2449],[0.3803,44.2456],[0.3827,44.2465],[0.3853,44.2474],[0.3941,44.2484],[0.396,44.2485],[0.3977,44.2487],[0.4009,44.2487],[0.4013,44.2489],[0.4016,44.2491],[0.4022,44.2491],[0.4031,44.249],[0.4045,44.2487],[0.4054,44.2484],[0.4061,44.248],[0.4068,44.2474],[0.4074,44.2468],[0.4078,44.2464],[0.4086,44.2457],[0.4094,44.2451],[0.4101,44.2448],[0.4106,44.2445],[0.4107,44.2441],[0.4121,44.2429],[0.4135,44.2417],[0.4148,44.2407],[0.4159,44.2399],[0.4185,44.2382],[0.4199,44.2373],[0.4211,44.2367],[0.4223,44.2361],[0.4235,44.2356],[0.4248,44.2351],[0.4263,44.2348],[0.428,44.2344],[0.4294,44.2342],[0.4304,44.2341],[0.4312,44.234],[0.4324,44.2338],[0.4336,44.2336],[0.4358,44.2336],[0.4374,44.2336],[0.4392,44.2338],[0.4395,44.2341],[0.4398,44.2343],[0.4402,44.2343],[0.4406,44.234],[0.4412,44.234],[0.4429,44.2342],[0.4442,44.2347],[0.4457,44.2353],[0.4468,44.2357],[0.4482,44.2362],[0.4507,44.2373],[0.4521,44.238],[0.4529,44.2385],[0.4535,44.2387],[0.4542,44.239],[0.4551,44.2392],[0.4566,44.2392],[0.4666,44.2361],[0.4692,44.2356],[0.4705,44.2356],[0.4724,44.2356],[0.4735,44.2356],[0.476,44.2362],[0.4781,44.2368],[0.4797,44.2373],[0.4825,44.2382],[0.4846,44.2388],[0.4859,44.239],[0.487,44.2391],[0.4883,44.2392],[0.4893,44.2391],[0.4904,44.2391],[0.4913,44.2386],[0.4924,44.2381],[0.4939,44.2372],[0.4954,44.2361],[0.4971,44.2347],[0.49835,44.23285],[0.5,44.2304],[0.5016,44.2293],[0.5033,44.2283],[0.5046,44.2274],[0.5057,44.2267],[0.5063,44.226],[0.5074,44.2249],[0.508,44.2241],[0.5089,44.2233],[0.5097,44.2227],[0.5103,44.2222],[0.5114,44.2209],[0.5136,44.219],[0.5163,44.2168],[0.5169,44.2163],[0.5181,44.2157],[0.5204,44.2151],[0.5222,44.2146],[0.5242,44.2143],[0.5252,44.2143],[0.5267,44.214],[0.5292,44.214],[0.5328,44.2134],[0.5381,44.2136],[0.5403,44.2139],[0.5418,44.2142],[0.5447,44.215],[0.5506,44.2166],[0.5518,44.217],[0.5554,44.2182],[0.5565,44.2186],[0.5589,44.2189],[0.5603,44.2189],[0.5627,44.2187],[0.5655,44.2182],[0.5674,44.218],[0.5773,44.2176],[0.5795,44.2176],[0.5807,44.2176],[0.5829,44.2174],[0.5853,44.2171],[0.5863,44.217],[0.5871,44.217],[0.588,44.2171],[0.5909,44.2169],[0.5929,44.2167],[0.5943,44.2166],[0.5958,44.2164],[0.5981,44.2157],[0.6,44.2148],[0.6024,44.2136],[0.6038,44.2125],[0.6046,44.2114],[0.605,44.2109],[0.6063,44.2082],[0.6065,44.2074],[0.6086,44.1997]]}},{"type":"Feature","properties":{"id":560502,"kind":"upstream"},"geometry":{"type":"LineString","coordinates":[[4.84305,46.78277],[4.84445,46.78387],[4.84585,46.78487],[4.84705,46.78547],[4.84915,46.78627],[4.84995,46.78667],[4.85205,46.78737],[4.85305,46.78777],[4.85475,46.78827],[4.85575,46.78867],[4.85695,46.78927],[4.85865,46.78987],[4.85965,46.79017],[4.86045,46.79057],[4.86145,46.79087],[4.86215,46.79147],[4.86275,46.79187],[4.86355,46.79217],[4.86466,46.79257],[4.86706,46.79377],[4.86916,46.79467],[4.87056,46.79527],[4.87286,46.79627],[4.87446,46.79707],[4.87546,46.79767],[4.87636,46.79827],[4.87674,46.79894],[4.87676,46.79897],[4.87695,46.79984],[4.87696,46.79987],[4.87696,46.80077],[4.87696,46.80117],[4.87676,46.80197],[4.87656,46.80237],[4.87656,46.80337],[4.87646,46.80357],[4.87626,46.80367],[4.87576,46.80367],[4.87546,46.80377],[4.87536,46.80397],[4.87536,46.80427],[4.87546,46.80457],[4.87576,46.80467],[4.87626,46.80467],[4.87646,46.80467],[4.87666,46.80487],[4.87676,46.80507],[4.87676,46.80527],[4.87716,46.80657],[4.87746,46.80677],[4.87786,46.80717],[4.87856,46.80797],[4.87946,46.80877],[4.88076,46.80947],[4.88216,46.81027],[4.88326,46.81077],[4.88426,46.81117],[4.88516,46.81137],[4.88646,46.81147],[4.88836,46.81137],[4.88976,46.81107],[4.89076,46.81097],[4.89136,46.81077],[4.89206,46.81027],[4.89426,46.80887],[4.89576,46.80767],[4.89656,46.80707],[4.89726,46.80677],[4.89796,46.80647],[4.90016,46.80577],[4.90326,46.80417],[4.90476,46.80417],[4.90586,46.80427],[4.90776,46.80467],[4.90926,46.80517],[4.91006,46.80567],[4.91216,46.80697],[4.91346,46.80767],[4.91416,46.80817],[4.91496,46.80877],[4.91586,46.80987],[4.91656,46.81067],[4.91686,46.81137],[4.91746,46.81237],[4.91806,46.81357],[4.91886,46.81427],[4.91986,46.81517],[4.92256,46.81697],[4.92586,46.81897],[4.92756,46.81967],[4.93006,46.82077],[4.93136,46.82127],[4.93276,46.82167],[4.93356,46.82197],[4.93466,46.82247],[4.93526,46.82297],[4.93606,46.82377],[4.93636,46.82447],[4.93686,46.82587],[4.93716,46.82677],[4.93736,46.82777],[4.93786,46.82907],[4.93826,46.82997],[4.93916,46.83107],[4.94016,46.83177],[4.94096,46.83257],[4.94197,46.83327],[4.94247,46.83377],[4.94297,46.83437],[4.94347,46.83507],[4.94417,46.83587],[4.94477,46.83637],[4.94677,46.83657],[4.94777,46.83727],[4.94877,46.83817],[4.95037,46.83937],[4.95227,46.84067],[4.95407,46.84187],[4.95547,46.84317],[4.95647,46.84407],[4.95717,46.84447],[4.95797,46.84517],[4.95867,46.84577],[4.95907,46.84617],[4.95967,46.84677],[4.95997,46.84747],[4.96027,46.84817],[4.96087,46.84887],[4.96147,46.84987],[4.96177,46.85067],[4.96227,46.85177],[4.96227,46.85247],[4.96207,46.85307],[4.96157,46.85387],[4.96137,46.85447],[4.96137,46.85597],[4.96137,46.85757],[4.96157,46.85897],[4.96167,46.85977],[4.96207,46.86047],[4.96237,46.86127],[4.96247,46.86217],[4.96237,46.86297],[4.96217,46.86387],[4.96167,46.86437],[4.96067,46.86537],[4.95957,46.86577],[4.95897,46.86627],[4.95777,46.86687],[4.95677,46.86727],[4.95536,46.86837],[4.95456,46.86907],[4.95406,46.86957],[4.95356,46.87037],[4.95346,46.87087],[4.95356,46.87147],[4.95386,46.87207],[4.95456,46.87287],[4.95536,46.87367],[4.95626,46.87417],[4.95786,46.87487],[4.95947,46.87577],[4.96077,46.87657],[4.96167,46.87707],[4.96237,46.87767],[4.96307,46.87827],[4.96337,46.87887],[4.96337,46.87957],[4.96337,46.88027],[4.96257,46.88137],[4.96176,46.88257],[4.96116,46.88317],[4.96006,46.88377],[4.95776,46.88467],[4.95666,46.88517],[4.95556,46.88567],[4.95396,46.88687],[4.95256,46.88757],[4.95136,46.88837],[4.95066,46.88917],[4.94996,46.89007],[4.94966,46.89087],[4.94966,46.89147],[4.94966,46.89257],[4.94966,46.89337],[4.94986,46.89397],[4.95006,46.89467],[4.95066,46.89617],[4.95136,46.89757],[4.95196,46.89837],[4.95266,46.89877],[4.95366,46.89917],[4.95406,46.89947],[4.95576,46.89997],[4.95706,46.90017],[4.95816,46.90037],[4.95966,46.90037],[4.96106,46.90047],[4.96206,46.90057],[4.96286,46.90067],[4.96366,46.90087],[4.96426,46.90117],[4.96586,46.90217],[4.96776,46.90327],[4.96886,46.90387],[4.97006,46.90437],[4.97167,46.90497],[4.97267,46.90517],[4.97377,46.90517],[4.97527,46.90517],[4.97627,46.90517],[4.97777,46.90487],[4.97957,46.90457],[4.98137,46.90427],[4.98347,46.90407],[4.98507,46.90387],[4.98617,46.90377],[4.98777,46.90367],[4.98887,46.90368],[4.99007,46.90378],[4.99077,46.90398],[4.99167,46.90428],[4.99237,46.90478],[4.99297,46.90528],[4.99337,46.90568],[4.99357,46.90618],[4.99387,46.90668],[4.99437,46.90728],[4.99487,46.90788],[4.99527,46.90858],[4.99607,46.90888],[4.99657,46.90898],[4.99747,46.90928],[4.99867,46.91068],[4.99967,46.91168],[5.00127,46.91318],[5.00197,46.91368],[5.00327,46.91408],[5.00427,46.91458],[5.00607,46.91498],[5.00687,46.91468],[5.00867,46.91378],[5.01027,46.91268],[5.01137,46.91118],[5.01187,46.90968],[5.01227,46.90868],[5.01457,46.90738],[5.01707,46.90618],[5.01867,46.90578],[5.01967,46.90558],[5.02107,46.90508],[5.02207,46.90468],[5.02317,46.90418],[5.02387,46.90478],[5.02497,46.90528],[5.02567,46.90538],[5.02657,46.90508],[5.02694,46.90499],[5.02795,46.90473],[5.02787,46.90408],[5.02807,46.90258],[5.02857,46.90178],[5.02977,46.90128],[5.03107,46.90108],[5.03307,46.90108],[5.03468,46.90145],[5.03648,46.90188],[5.03778,46.90238],[5.03888,46.90258],[5.04058,46.90268],[5.04388,46.90268],[5.04808,46.90268],[5.05028,46.90278],[5.05258,46.90278],[5.05498,46.90268],[5.05728,46.90228],[5.05808,46.90208],[5.05938,46.90208],[5.06098,46.90188],[5.06208,46.90158],[5.06328,46.90108],[5.06408,46.90078],[5.06478,46.90058],[5.06568,46.90048],[5.06678,46.90058],[5.06828,46.90108],[5.06858,46.90118],[5.07018,46.90208],[5.07238,46.90358],[5.07438,46.90548],[5.07588,46.90658],[5.07718,46.90728],[5.07928,46.90838],[5.08108,46.90928],[5.08298,46.91028],[5.08448,46.91128],[5.08558,46.91198],[5.08618,46.91288],[5.08598,46.91448],[5.08518,46.91558],[5.08478,46.91668],[5.08488,46.91848],[5.08568,46.91978],[5.08688,46.92028],[5.08738,46.92058],[5.08778,46.92128],[5.08799,46.92138],[5.08809,46.92088],[5.08849,46.92128],[5.08959,46.92248],[5.08989,46.92328],[5.09009,46.92358],[5.09049,46.92448],[5.09089,46.92628],[5.09199,46.92798],[5.09329,46.92928],[5.09449,46.92998],[5.09609,46.93088],[5.09929,46.93268],[5.10009,46.93298],[5.10109,46.93338],[5.10229,46.93378],[5.10429,46.93468],[5.10669,46.93578],[5.10879,46.93748],[5.11075,46.93817],[5.11189,46.93928],[5.11389,46.94088],[5.11509,46.94228],[5.11579,46.94338],[5.11659,46.94588],[5.11779,46.94758],[5.11879,46.94828],[5.11969,46.94868],[5.12069,46.94878],[5.12169,46.94878],[5.12439,46.94838],[5.12549,46.94828],[5.12749,46.94808],[5.12879,46.94798],[5.12989,46.94808],[5.13119,46.94828],[5.13219,46.94828],[5.13379,46.94798],[5.13519,46.94778],[5.13709,46.94767],[5.1391,46.94767],[5.1411,46.94777],[5.142,46.94787],[5.1428,46.94807],[5.1439,46.94837],[5.1446,46.94857],[5.145,46.94867],[5.1451,46.94887],[5.1441,46.94877],[5.1442,46.94897],[5.1448,46.94917],[5.1461,46.94917],[5.1479,46.94887],[5.1487,46.94847],[5.1492,46.94797],[5.1491,46.94757],[5.1493,46.94757],[5.1499,46.94767],[5.1506,46.94737],[5.1539,46.94487],[5.1545,46.94487],[5.1554,46.94457],[5.1558,46.94417],[5.1563,46.94327],[5.1567,46.94227],[5.1568,46.94147],[5.1562,46.94007],[5.1558,46.93917],[5.1558,46.93847],[5.1563,46.93767],[5.1572,46.93707],[5.1583,46.93627],[5.1593,46.93567],[5.1619,46.93487],[5.1643,46.93457],[5.1662,46.93447],[5.168,46.93457],[5.1697,46.93487],[5.1706,46.93507],[5.1719,46.93547],[5.1734,46.93567],[5.1752,46.93597],[5.1772,46.93607],[5.1786,46.93647],[5.1803,46.93707],[5.1812,46.93727],[5.1821,46.93727],[5.1831,46.93717],[5.184,46.93717],[5.1849,46.93767],[5.186,46.93847],[5.1866,46.93967],[5.187,46.94187],[5.1876,46.94317],[5.1889,46.94407],[5.1905,46.94467],[5.1916,46.94487],[5.1923,46.94487],[5.1927,46.94467],[5.1927,46.94407],[5.192,46.94327],[5.1912,46.94187],[5.1908,46.94047],[5.1909,46.93917],[5.1914,46.93847],[5.1927,46.93727],[5.1934,46.93647],[5.1945,46.93497],[5.1957,46.93427],[5.19761,46.93217],[5.19801,46.93127],[5.19831,46.93047],[5.19891,46.93007],[5.20011,46.92947],[5.20101,46.92897],[5.20254,46.92772],[5.20291,46.92667],[5.20391,46.92467],[5.20481,46.92417],[5.20611,46.92397],[5.20651,46.92377],[5.20741,46.92367],[5.20821,46.92397],[5.20841,46.92707],[5.20841,46.92787],[5.20871,46.92797],[5.20941,46.92797],[5.20951,46.92837],[5.20861,46.92907],[5.20851,46.92937],[5.20901,46.92967],[5.20961,46.93007],[5.21011,46.93087],[5.21091,46.93147],[5.21211,46.93177],[5.21431,46.93187],[5.21621,46.93167],[5.21821,46.93147],[5.21911,46.93097],[5.21991,46.93047],[5.22241,46.92977],[5.22421,46.92957],[5.22581,46.92997],[5.22671,46.93077],[5.22731,46.93157],[5.22811,46.93187],[5.22941,46.93217],[5.23041,46.93227],[5.23121,46.93217],[5.23191,46.93197],[5.23271,46.93177],[5.23381,46.93157],[5.23501,46.93177],[5.23601,46.93247],[5.23651,46.93327],[5.23661,46.93417],[5.23641,46.93527],[5.23641,46.93597],[5.23711,46.93677],[5.23811,46.93747],[5.23911,46.93837],[5.24031,46.93887],[5.24161,46.93927],[5.24291,46.93927],[5.24451,46.93937],[5.24581,46.93917],[5.24701,46.93917],[5.24841,46.93967],[5.24961,46.93967],[5.25122,46.94007],[5.25252,46.94047],[5.25362,46.94077],[5.25522,46.94057],[5.25682,46.94027],[5.25812,46.93967],[5.25892,46.93897],[5.25942,46.93867],[5.25992,46.93867],[5.25962,46.93977],[5.26082,46.94157],[5.26092,46.94137],[5.26252,46.94147],[5.26442,46.94097],[5.26712,46.93867],[5.26712,46.93837],[5.26752,46.93807],[5.26832,46.93737],[5.26892,46.93717],[5.26982,46.93717],[5.27122,46.93737],[5.27182,46.93757],[5.27242,46.93757],[5.27432,46.93827],[5.27632,46.93987],[5.27732,46.94097],[5.27852,46.94187],[5.28022,46.94307],[5.28142,46.94387],[5.28252,46.94467],[5.28372,46.94547],[5.28512,46.94637],[5.28612,46.94707],[5.28742,46.94847],[5.28842,46.94907],[5.28932,46.94947],[5.29032,46.94967],[5.29352,46.94937],[5.29542,46.94877],[5.29732,46.94827],[5.29862,46.94767],[5.29932,46.94717],[5.29982,46.94617],[5.30122,46.94567],[5.30122,46.94467],[5.30162,46.94387],[5.30202,46.94277],[5.30282,46.94097],[5.30382,46.93907],[5.30422,46.93827],[5.30563,46.93677],[5.30502,46.93647],[5.30512,46.93617],[5.30563,46.93547],[5.30573,46.93427],[5.30593,46.93327],[5.30723,46.93247],[5.30923,46.93227],[5.31183,46.93247],[5.31493,46.93277],[5.31653,46.93297],[5.31703,46.93287],[5.31693,46.93247],[5.31853,46.93247],[5.32073,46.93237],[5.32233,46.93217],[5.32673,46.93247],[5.32963,46.93267],[5.33323,46.93277],[5.33563,46.93277],[5.33973,46.93267],[5.34413,46.93217],[5.34583,46.93187],[5.34833,46.93157],[5.35093,46.93137],[5.35273,46.93147],[5.35323,46.93167],[5.35373,46.93167],[5.35493,46.93157],[5.35673,46.93197],[5.35693,46.93177],[5.35763,46.93187],[5.35943,46.93267],[5.36144,46.93377],[5.36244,46.93517],[5.36294,46.93627],[5.36324,46.93747],[5.36404,46.93897],[5.36394,46.93967],[5.36414,46.94047],[5.36484,46.94067],[5.36604,46.94067],[5.36684,46.94047],[5.36804,46.94027],[5.36874,46.94027],[5.36854,46.94097],[5.36784,46.94147],[5.36664,46.94217],[5.36514,46.94297],[5.36504,46.94337],[5.36554,46.94577],[5.36564,46.94597],[5.36564,46.94657],[5.36514,46.94747],[5.36454,46.94827],[5.36454,46.94857],[5.36474,46.94907],[5.36364,46.95047],[5.36404,46.95107],[5.36424,46.95277],[5.36474,46.95367],[5.36604,46.95517],[5.36744,46.95627],[5.36854,46.95677],[5.36924,46.95727],[5.37054,46.95777],[5.37134,46.95807],[5.37194,46.95847],[5.37164,46.95867],[5.37294,46.95907],[5.37694,46.96047],[5.37914,46.96137],[5.38034,46.96187],[5.38254,46.96277],[5.38354,46.96287],[5.38454,46.96337],[5.38514,46.96387],[5.38524,46.96467],[5.38484,46.96627],[5.38454,46.96727],[5.38444,46.96837],[5.38424,46.96897],[5.38384,46.96977],[5.38321,46.97048],[5.38304,46.97067],[5.38234,46.97107],[5.38234,46.97107],[5.38084,46.97317],[5.38044,46.97387],[5.37964,46.97507],[5.37894,46.97617],[5.37804,46.97747],[5.37774,46.97827],[5.37664,46.98017],[5.37614,46.98107],[5.37544,46.98207],[5.37524,46.98307],[5.37554,46.98447],[5.37584,46.98497],[5.37594,46.98627],[5.37624,46.98717],[5.37684,46.98847],[5.37784,46.98807],[5.37824,46.98817],[5.37894,46.98937],[5.37994,46.99067],[5.38074,46.99197],[5.38084,46.99337],[5.38064,46.99427],[5.37984,46.99567],[5.37924,46.99717],[5.37884,46.99797],[5.37804,46.99907],[5.37734,47.00017],[5.37714,46.99987],[5.37704,47.00067],[5.37674,47.00137],[5.37634,47.00257],[5.37564,47.00417],[5.37534,47.00577],[5.37594,47.00797],[5.37664,47.00897],[5.37684,47.00927],[5.37874,47.01127],[5.38081,47.01176],[5.38124,47.01197],[5.38214,47.01197],[5.38354,47.01147],[5.38744,47.01087],[5.38854,47.01057],[5.39064,47.01057],[5.39174,47.01017],[5.39344,47.01017],[5.39504,47.01037],[5.39644,47.01047],[5.39764,47.01077],[5.39954,47.01277],[5.39994,47.01487],[5.40054,47.01687],[5.40134,47.01847],[5.40285,47.02077],[5.40385,47.02167],[5.40505,47.02217],[5.40665,47.02247],[5.40935,47.02227],[5.41175,47.02177],[5.41375,47.02177],[5.41545,47.02147],[5.41725,47.02107],[5.42065,47.02037],[5.42335,47.01797],[5.42455,47.01647],[5.42535,47.01547],[5.42655,47.01437],[5.42735,47.01317],[5.42795,47.01237],[5.42875,47.01187],[5.43035,47.01137],[5.43225,47.01097],[5.43365,47.01017],[5.43695,47.00947],[5.43905,47.00967],[5.44025,47.01007],[5.44165,47.01077],[5.44265,47.01187],[5.44325,47.01307],[5.44385,47.01337],[5.44535,47.01397],[5.44695,47.01487],[5.44825,47.01597],[5.44885,47.01677],[5.44965,47.01797],[5.45005,47.01887],[5.44975,47.01997],[5.44985,47.02077],[5.44975,47.02217],[5.44962,47.02531],[5.44955,47.02687],[5.44925,47.02957],[5.44925,47.03047],[5.44875,47.03137],[5.44775,47.03227],[5.44645,47.03327],[5.44595,47.03367],[5.44585,47.03427],[5.44635,47.03507],[5.44675,47.03577],[5.44675,47.03627],[5.44625,47.03677],[5.44655,47.03727],[5.44785,47.03777],[5.45015,47.03907],[5.45145,47.04007],[5.45426,47.04227],[5.45496,47.04317],[5.45546,47.04497],[5.45576,47.04537],[5.45586,47.04707],[5.45576,47.04817],[5.45496,47.05067],[5.45376,47.05247],[5.45246,47.05367],[5.45136,47.05427],[5.44895,47.05567],[5.44785,47.05627],[5.44725,47.05667],[5.44705,47.05777],[5.44815,47.05797],[5.45066,47.05767],[5.45286,47.05777],[5.45536,47.05837],[5.45676,47.05897],[5.45866,47.05977],[5.45946,47.06007],[5.46236,47.06197],[5.46366,47.06277],[5.46576,47.06417],[5.46676,47.06477],[5.46896,47.06527],[5.46926,47.06507],[5.47406,47.06397],[5.47536,47.06397],[5.47686,47.06447],[5.47756,47.06517],[5.47766,47.06627],[5.47656,47.06807],[5.47446,47.06927],[5.47276,47.07087],[5.47076,47.07277],[5.47006,47.07467],[5.47016,47.07537],[5.47056,47.07607],[5.47136,47.07677],[5.47236,47.07777],[5.47506,47.07907],[5.47886,47.08007],[5.48156,47.08087],[5.48666,47.08267],[5.48686,47.08557],[5.48646,47.08707],[5.48536,47.08767],[5.48446,47.08817],[5.48396,47.08877],[5.48406,47.09027],[5.48486,47.09137],[5.48726,47.09307],[5.49076,47.09477],[5.49326,47.09577],[5.49536,47.09627],[5.49736,47.09697],[5.49826,47.09727],[5.49866,47.09757],[5.49887,47.09737],[5.49887,47.09697],[5.49957,47.09727],[5.50017,47.09737],[5.50147,47.09717],[5.50517,47.09657],[5.51178,47.09496],[5.51317,47.09427],[5.51567,47.09297],[5.51667,47.09217],[5.51797,47.09097],[5.51847,47.09027],[5.51907,47.08967],[5.51957,47.08937],[5.52187,47.08947],[5.52247,47.08967],[5.52387,47.09037],[5.52527,47.09117],[5.52717,47.09217],[5.52857,47.09267],[5.53077,47.09307],[5.53127,47.09307],[5.53127,47.09247],[5.53167,47.09237],[5.53357,47.09317],[5.53377,47.09347],[5.53267,47.09427],[5.53157,47.09527],[5.53087,47.09677],[5.53097,47.09837],[5.53127,47.09927],[5.53197,47.10027],[5.53317,47.10127],[5.53427,47.10197],[5.53747,47.10357],[5.53997,47.10497],[5.54317,47.10647],[5.54467,47.10697],[5.54657,47.10737],[5.54947,47.10807],[5.55027,47.10857],[5.55067,47.10927],[5.55067,47.10987],[5.55067,47.11127],[5.55067,47.11407],[5.55047,47.11567],[5.55038,47.11717],[5.55048,47.11907],[5.55088,47.12027],[5.55188,47.12137],[5.55318,47.12247],[5.55448,47.12367],[5.55738,47.12607],[5.55902,47.12744],[5.55978,47.12807],[5.56108,47.12907],[5.56238,47.13047],[5.56368,47.13127],[5.56656,47.13355],[5.56708,47.13407],[5.56738,47.13457],[5.58008,47.14227],[5.58178,47.14287],[5.58248,47.14227],[5.58338,47.14137],[5.58448,47.14047],[5.58538,47.13937],[5.58598,47.13867],[5.58678,47.13807],[5.58798,47.13807],[5.58898,47.13827],[5.59286,47.1398],[5.59268,47.13967],[5.59358,47.13977],[5.59458,47.14007],[5.59568,47.14087],[5.59688,47.14167],[5.59778,47.14257],[5.59898,47.14307],[5.59978,47.14337],[5.60109,47.14397],[5.60129,47.14437],[5.60129,47.14487],[5.60079,47.14547],[5.60049,47.14637],[5.60039,47.14677],[5.60179,47.14707],[5.60639,47.14797],[5.60749,47.14897],[5.60869,47.14847],[5.61009,47.14757],[5.61189,47.14687],[5.61359,47.14647],[5.61729,47.14617],[5.61979,47.14597],[5.62429,47.14607],[5.62699,47.14617],[5.62989,47.14627],[5.63189,47.14627],[5.63339,47.14617],[5.63409,47.14637],[5.63459,47.14667],[5.63469,47.14767],[5.63459,47.14937],[5.63469,47.15127],[5.63529,47.15237],[5.63649,47.15317],[5.63829,47.15347],[5.64039,47.15397],[5.64219,47.15467],[5.64289,47.15507],[5.64529,47.15467],[5.6485,47.1545],[5.65374,47.15437],[5.6604,47.15447],[5.6619,47.15377],[5.6632,47.15317],[5.6637,47.15257],[5.6638,47.15227],[5.6631,47.15167],[5.6621,47.15137],[5.6617,47.15097],[5.662,47.15047],[5.6622,47.15027],[5.6632,47.14917],[5.6644,47.14827],[5.6657,47.14777],[5.6672,47.14737],[5.6698,47.14727],[5.6718,47.14747],[5.6733,47.14777],[5.6764,47.14867],[5.68021,47.15053],[5.68457,47.15276],[5.68862,47.15464],[5.69434,47.15669],[5.70119,47.15742],[5.70841,47.15771],[5.71341,47.15847],[5.71521,47.15807],[5.71481,47.15667],[5.71451,47.15577],[5.71401,47.15427],[5.71331,47.15337],[5.71241,47.15267],[5.71081,47.15207],[5.71011,47.15207],[5.70891,47.15227],[5.7076,47.15227],[5.7062,47.15167],[5.7061,47.15097],[5.7062,47.15037],[5.7069,47.14977],[5.7081,47.14907],[5.71001,47.14857],[5.71171,47.14837],[5.71431,47.14857],[5.71621,47.14897],[5.71811,47.14957],[5.71921,47.15007],[5.72091,47.15117],[5.72161,47.15177],[5.72231,47.15247],[5.72301,47.15337],[5.72441,47.15547],[5.72581,47.15607],[5.72701,47.15637],[5.73011,47.15647],[5.7312,47.15737],[5.73579,47.15892],[5.73991,47.15967],[5.74101,47.16047],[5.74211,47.16027],[5.74371,47.15947],[5.74461,47.15897],[5.74611,47.15837],[5.74761,47.15787],[5.74861,47.15757],[5.75031,47.15737],[5.75251,47.15727],[5.75501,47.15757],[5.75631,47.15787],[5.75801,47.15877],[5.75891,47.15937],[5.75951,47.15977],[5.76151,47.16027],[5.76282,47.16097],[5.76492,47.16177],[5.76652,47.16247],[5.76712,47.16337],[5.76742,47.16457],[5.76802,47.16657],[5.76842,47.16777],[5.76892,47.16837],[5.76922,47.16897],[5.77162,47.16937],[5.77407,47.17058],[5.77834,47.17383],[5.7828,47.17685],[5.7884,47.17844],[5.79458,47.17914],[5.80287,47.17889],[5.80865,47.17832],[5.81485,47.17685],[5.82137,47.17551],[5.82633,47.17447],[5.82713,47.17497],[5.82793,47.17457],[5.82893,47.17447],[5.83113,47.17487],[5.83213,47.17517],[5.83353,47.17557],[5.83553,47.17597],[5.83683,47.17597],[5.83823,47.17587],[5.84023,47.17577],[5.84203,47.17536],[5.84323,47.17516],[5.84523,47.17486],[5.84733,47.17436],[5.84863,47.17406],[5.84993,47.17356],[5.85123,47.17276],[5.85223,47.17206],[5.85253,47.17176],[5.85343,47.17066],[5.85423,47.16956],[5.85533,47.16826],[5.85603,47.16746],[5.85683,47.16636],[5.85703,47.16546],[5.85723,47.16456],[5.85733,47.16336],[5.85713,47.16256],[5.85673,47.16166],[5.85563,47.16026],[5.85403,47.15856],[5.85333,47.15776],[5.85283,47.15676],[5.85223,47.15606],[5.85133,47.15516],[5.85023,47.15426],[5.84903,47.15376],[5.84733,47.15306],[5.84553,47.15246],[5.84463,47.15186],[5.84323,47.15117],[5.84273,47.15067],[5.84253,47.15007],[5.84243,47.14947],[5.84263,47.14877],[5.84253,47.14777],[5.84233,47.14707],[5.84193,47.14667],[5.84173,47.14637],[5.84163,47.14587],[5.84143,47.14507],[5.84093,47.14447],[5.84013,47.14397],[5.83943,47.14357],[5.83933,47.14297],[5.84013,47.14267],[5.84203,47.14207],[5.84443,47.14137],[5.84573,47.14126],[5.84863,47.14126],[5.85093,47.14126],[5.85203,47.14156],[5.85433,47.14186],[5.85733,47.14236],[5.85953,47.14336],[5.86163,47.14456],[5.86343,47.14586],[5.86503,47.14686],[5.86673,47.14786],[5.86863,47.14856],[5.86983,47.14896],[5.87243,47.14976],[5.87474,47.14996],[5.87684,47.15026],[5.87984,47.15036],[5.88284,47.15046],[5.88424,47.15066],[5.88494,47.15116],[5.88584,47.15166],[5.88684,47.15206],[5.88794,47.15216],[5.88864,47.15246],[5.88884,47.15266],[5.88884,47.15326],[5.88884,47.15386],[5.88854,47.15436],[5.88754,47.15556],[5.88694,47.15636],[5.88674,47.15686],[5.88654,47.15826],[5.88644,47.15936],[5.88604,47.16046],[5.88584,47.16116],[5.88584,47.16356],[5.88584,47.16456],[5.88554,47.16466],[5.88594,47.16636],[5.8872,47.16882],[5.89283,47.17007],[5.89634,47.17237],[5.89733,47.17468],[5.89685,47.17637],[5.89566,47.17849],[5.89405,47.17957],[5.88839,47.18072],[5.88457,47.18411],[5.88298,47.1869],[5.88505,47.1904],[5.88968,47.19149],[5.89355,47.18958],[5.89965,47.18526],[5.90763,47.18055],[5.91486,47.17889],[5.9209,47.17923],[5.92736,47.18062],[5.934,47.18189],[5.93858,47.18366],[5.94362,47.1859],[5.94765,47.18916],[5.94865,47.19006],[5.95145,47.19076],[5.95535,47.19176],[5.95675,47.19216],[5.95785,47.19256],[5.95935,47.19326],[5.96175,47.19466],[5.96305,47.19546],[5.96415,47.19646],[5.96475,47.19706],[5.96555,47.19856],[5.96565,47.19946],[5.96535,47.20026],[5.96285,47.20186],[5.96155,47.20276],[5.96065,47.20346],[5.96035,47.20406],[5.96055,47.20606],[5.96085,47.20736],[5.96195,47.20806],[5.96265,47.20856],[5.96285,47.20876],[5.96545,47.20926],[5.96815,47.20926],[5.96985,47.20916],[5.97225,47.20916],[5.97436,47.20916],[5.97716,47.20896],[5.98116,47.20896],[5.98326,47.20876],[5.98386,47.20866],[5.98486,47.20836],[5.98616,47.20816],[5.98676,47.20816],[5.99026,47.20966],[5.99106,47.21046],[5.99246,47.21186],[5.99326,47.21276],[5.99496,47.21366],[5.99506,47.21436],[5.99546,47.21576],[5.99586,47.21686],[5.99696,47.21866],[5.99856,47.22036],[6.00046,47.22226],[6.00226,47.22386]]}},{"type":"Feature","properties":{"id":560295,"kind":"downstream"},"geometry":{"type":"LineString","coordinates":[[4.84305,46.78277],[4.84195,46.78157],[4.84135,46.78067],[4.84115,46.77937],[4.84085,46.77827],[4.84055,46.77687],[4.84055,46.77557],[4.84085,46.77477],[4.84125,46.77417],[4.84175,46.77337],[4.84255,46.77267],[4.84655,46.77027],[4.85055,46.76827],[4.85115,46.76827],[4.85195,46.76797],[4.85325,46.76767],[4.85456,46.76737],[4.85606,46.76707],[4.85686,46.76677],[4.85816,46.76627],[4.85976,46.76547],[4.86096,46.76507],[4.86286,46.76387],[4.86466,46.76317],[4.86566,46.76287],[4.86746,46.76257],[4.86876,46.76257],[4.86966,46.76247],[4.87106,46.76217],[4.87266,46.76187],[4.87386,46.76147],[4.87456,46.76107],[4.87526,46.76057],[4.87636,46.75937],[4.87726,46.75827],[4.87786,46.75727],[4.87866,46.75607],[4.87916,46.75537],[4.87956,46.75447],[4.87976,46.75367],[4.87986,46.75277],[4.87976,46.75197],[4.87956,46.75117],[4.87836,46.74847],[4.87766,46.74697],[4.87696,46.74547],[4.87656,46.74447],[4.87646,46.74337],[4.87656,46.74297],[4.87716,46.74227],[4.87846,46.74107],[4.87926,46.74057],[4.87986,46.73977],[4.88096,46.73907],[4.88236,46.73837],[4.88436,46.73807],[4.88586,46.73807],[4.88716,46.73817],[4.88826,46.73827],[4.88946,46.73857],[4.89056,46.73887],[4.89136,46.73907],[4.89246,46.73927],[4.89366,46.73927],[4.89466,46.73907],[4.89546,46.73887],[4.89616,46.73847],[4.89726,46.73757],[4.89806,46.73667],[4.89896,46.73567],[4.89997,46.73457],[4.90077,46.73387],[4.90197,46.73297],[4.90317,46.73207],[4.90377,46.73137],[4.90447,46.73027],[4.90527,46.72917],[4.90607,46.72817],[4.90647,46.72777],[4.90757,46.72697],[4.90957,46.72597],[4.91057,46.72557],[4.91247,46.72497],[4.91397,46.72457],[4.91527,46.72437],[4.91677,46.72417],[4.91757,46.72407],[4.91847,46.72377],[4.91917,46.72337],[4.92027,46.72277],[4.92127,46.72227],[4.92267,46.72137],[4.92397,46.72037],[4.92537,46.71947],[4.92687,46.71897],[4.92747,46.71847],[4.92847,46.71797],[4.92887,46.71777],[4.92967,46.71717],[4.93027,46.71667],[4.93057,46.71607],[4.93087,46.71527],[4.93127,46.71407],[4.93167,46.71297],[4.93197,46.71187],[4.93227,46.71097],[4.93247,46.71047],[4.93287,46.70947],[4.93357,46.70867],[4.93367,46.70817],[4.93387,46.70767],[4.93567,46.70557],[4.93707,46.70407],[4.93747,46.70367],[4.93807,46.70297],[4.93847,46.70207],[4.93877,46.70137],[4.93927,46.70037],[4.93947,46.69917],[4.93987,46.69737],[4.94007,46.69507],[4.94027,46.69307],[4.94067,46.69177],[4.94117,46.68987],[4.94188,46.68787],[4.94238,46.68667],[4.94328,46.68457],[4.94378,46.68297],[4.94438,46.68117],[4.94478,46.67937],[4.94638,46.67807],[4.94658,46.67687],[4.94638,46.67547],[4.94618,46.67487],[4.94608,46.67357],[4.94598,46.67197],[4.94608,46.67147],[4.94618,46.67027],[4.94698,46.66917],[4.94808,46.66737],[4.94908,46.66617],[4.94958,46.66497],[4.95008,46.66327],[4.95028,46.66187],[4.95048,46.66037],[4.95088,46.65647],[4.95088,46.65497],[4.95098,46.65327],[4.95068,46.65247],[4.95078,46.65077],[4.95118,46.64857],[4.95148,46.64797],[4.95198,46.64617],[4.95208,46.64517],[4.95188,46.64397],[4.95188,46.64257],[4.95158,46.64097],[4.95148,46.63927],[4.95098,46.63777],[4.95038,46.63657],[4.94938,46.63527],[4.94808,46.63397],[4.94658,46.63307],[4.94448,46.63177],[4.94358,46.63117],[4.94278,46.63057],[4.94198,46.62977],[4.94138,46.62877],[4.94078,46.62787],[4.94028,46.62697],[4.93998,46.62597],[4.93968,46.62507],[4.93918,46.62457],[4.93898,46.62367],[4.93858,46.62287],[4.93858,46.62217],[4.93578,46.61787],[4.93438,46.61617],[4.93378,46.61527],[4.93278,46.61437],[4.93198,46.61357],[4.93088,46.61257],[4.92998,46.61157],[4.92898,46.61047],[4.92788,46.60967],[4.92718,46.60887],[4.92678,46.60827],[4.92598,46.60727],[4.92538,46.60647],[4.92448,46.60477],[4.92378,46.60377],[4.92278,46.60267],[4.92128,46.60117],[4.92048,46.60037],[4.91908,46.59927],[4.91808,46.59847],[4.91688,46.59767],[4.91498,46.59627],[4.91338,46.59487],[4.91218,46.59337],[4.91078,46.59177],[4.90978,46.59037],[4.90928,46.58947],[4.90898,46.58867],[4.90868,46.58727],[4.90858,46.58597],[4.90858,46.58497],[4.90848,46.58407],[4.90868,46.58337],[4.90888,46.58227],[4.90908,46.58107],[4.90908,46.58037],[4.90878,46.57957],[4.90878,46.57797],[4.90868,46.57717],[4.90828,46.57617],[4.90818,46.57507],[4.90838,46.57397],[4.90848,46.57337],[4.90898,46.57207],[4.90948,46.57147],[4.90998,46.57077],[4.91078,46.56987],[4.91308,46.56757],[4.91368,46.56657],[4.91438,46.56527],[4.91478,46.56407],[4.91478,46.56287],[4.91538,46.56187],[4.91628,46.56017],[4.91678,46.55897],[4.91718,46.55767],[4.91728,46.55697],[4.91778,46.55647],[4.91838,46.55597],[4.91898,46.55507],[4.91948,46.55427],[4.92028,46.55347],[4.92078,46.55257],[4.92118,46.55217],[4.92138,46.55167],[4.92148,46.55127],[4.92188,46.55077],[4.92258,46.54917],[4.92328,46.54747],[4.92388,46.54627],[4.92438,46.54567],[4.92518,46.54417],[4.92638,46.54237],[4.92748,46.54087],[4.92898,46.53897],[4.93018,46.53777],[4.93138,46.53637],[4.93228,46.53497],[4.93278,46.53337],[4.93308,46.53207],[4.93338,46.53147],[4.93418,46.53017],[4.93468,46.52967],[4.93468,46.52857],[4.93449,46.52747],[4.93409,46.52647],[4.93358,46.52547],[4.93248,46.52377],[4.93118,46.52267],[4.92888,46.52057],[4.92768,46.51917],[4.92698,46.51807],[4.92628,46.51587],[4.92448,46.51227],[4.92418,46.51157],[4.92368,46.51077],[4.92318,46.50897],[4.92298,46.50817],[4.92248,46.50717],[4.92128,46.50507],[4.91858,46.50327],[4.91528,46.50107],[4.91218,46.49867],[4.91078,46.49557],[4.91008,46.49177],[4.91008,46.48907],[4.90998,46.48777],[4.91038,46.48627],[4.91078,46.48467],[4.91128,46.48307],[4.91148,46.48117],[4.91138,46.47897],[4.91078,46.47347],[4.91008,46.47087],[4.90948,46.46987],[4.90778,46.46737],[4.90338,46.46417],[4.90168,46.46337],[4.90008,46.46257],[4.89798,46.46107],[4.89638,46.45977],[4.89478,46.45897],[4.89378,46.45817],[4.89268,46.45697],[4.89118,46.45567],[4.88968,46.45397],[4.88908,46.45177],[4.88758,46.44937],[4.88678,46.44797],[4.88618,46.44607],[4.88578,46.44537],[4.88518,46.44317],[4.88488,46.44217],[4.88408,46.43957],[4.88558,46.43727],[4.88548,46.43497],[4.88508,46.43147],[4.88408,46.42697],[4.88438,46.42647],[4.88318,46.42337],[4.88308,46.41917],[4.88288,46.41807],[4.88358,46.41777],[4.88388,46.41647],[4.88599,46.41007],[4.88438,46.40827],[4.88138,46.40547],[4.88028,46.40367],[4.87928,46.40197],[4.87758,46.39907],[4.87588,46.39727],[4.87418,46.39557],[4.87328,46.39437],[4.87278,46.39347],[4.87228,46.39227],[4.87028,46.38997],[4.86858,46.38797],[4.86588,46.38537],[4.86278,46.38267],[4.86068,46.38057],[4.85828,46.37807],[4.85658,46.37587],[4.85448,46.37287],[4.85338,46.37157],[4.85338,46.37107],[4.85288,46.37027],[4.85188,46.36887],[4.85138,46.36747],[4.85048,46.36637],[4.84918,46.36387],[4.84868,46.36097],[4.84938,46.35817],[4.85068,46.35417],[4.85074,46.35183],[4.85107,46.34845],[4.85128,46.34697],[4.85148,46.34557],[4.85188,46.34397],[4.85198,46.34207],[4.84668,46.33477],[4.84558,46.33237],[4.84348,46.32977],[4.84128,46.32707],[4.83758,46.32267],[4.83548,46.31947],[4.83558,46.31887],[4.83508,46.31807],[4.83438,46.31617],[4.83288,46.31367],[4.83058,46.31097],[4.83008,46.30967],[4.82948,46.30927],[4.82858,46.30817],[4.82758,46.30587],[4.82788,46.30577],[4.82708,46.30447],[4.82656,46.30285],[4.82858,46.29657],[4.82778,46.29487],[4.82688,46.29277],[4.82588,46.28987],[4.82568,46.28777],[4.82498,46.28497],[4.82428,46.28337],[4.82378,46.28297],[4.82378,46.28247],[4.82218,46.28047],[4.82058,46.27877],[4.81958,46.27747],[4.81768,46.27547],[4.81488,46.27277],[4.81238,46.27117],[4.81188,46.27047],[4.81018,46.26837],[4.80918,46.26637],[4.80908,46.26477],[4.80908,46.26067],[4.80891,46.25905],[4.80888,46.25567],[4.80888,46.25317],[4.80848,46.25127],[4.80788,46.24947],[4.80778,46.24797],[4.80688,46.24587],[4.80668,46.24537],[4.80578,46.24377],[4.80448,46.24267],[4.80278,46.24107],[4.79938,46.23827],[4.79888,46.23697],[4.79778,46.23607],[4.79698,46.23477],[4.79638,46.23327],[4.79508,46.23017],[4.79398,46.22787],[4.79268,46.22587],[4.79168,46.22387],[4.79138,46.22227],[4.79088,46.21877],[4.79138,46.21517],[4.79078,46.20987],[4.79038,46.20937],[4.78818,46.20777],[4.78628,46.20547],[4.78488,46.20417],[4.78178,46.20117],[4.77968,46.19907],[4.77788,46.19697],[4.77818,46.19487],[4.77798,46.19077],[4.77798,46.18817],[4.77848,46.18497],[4.77898,46.18207],[4.77988,46.17977],[4.78058,46.17847],[4.78338,46.17527],[4.78638,46.17327],[4.78879,46.17247],[4.79669,46.16867],[4.79979,46.16677],[4.80069,46.16517],[4.80129,46.16217],[4.80059,46.15937],[4.79979,46.15857],[4.79889,46.15727],[4.79849,46.15607],[4.79839,46.15397],[4.79799,46.15257],[4.79729,46.15227],[4.79659,46.15147],[4.79609,46.15007],[4.79509,46.14907],[4.79419,46.14787],[4.79369,46.14697],[4.79279,46.14667],[4.79119,46.14517],[4.79009,46.14377],[4.78859,46.14227],[4.78619,46.13957],[4.78519,46.13887],[4.78409,46.13817],[4.78389,46.13767],[4.78279,46.13687],[4.77839,46.13377],[4.77499,46.13097],[4.77299,46.12887],[4.77219,46.12827],[4.77139,46.12637],[4.77009,46.12467],[4.76949,46.12397],[4.76859,46.12197],[4.76799,46.11997],[4.76759,46.11767],[4.76649,46.11657],[4.76459,46.11507],[4.76339,46.11367],[4.76239,46.11247],[4.76029,46.11057],[4.75838,46.10927],[4.75668,46.10777],[4.75478,46.10657],[4.75378,46.10547],[4.75278,46.10387],[4.75178,46.10257],[4.75128,46.10167],[4.75048,46.10037],[4.75018,46.09887],[4.74928,46.09647],[4.74818,46.09407],[4.74808,46.09237],[4.74888,46.09067],[4.75118,46.08947],[4.75359,46.08707],[4.75669,46.08162],[4.75809,46.07857],[4.75919,46.07507],[4.75869,46.07247],[4.75719,46.06957],[4.75629,46.06847],[4.75449,46.06667],[4.75249,46.06487],[4.75149,46.06417],[4.74959,46.06297],[4.74799,46.06177],[4.74669,46.06117],[4.74339,46.06007],[4.74179,46.05947],[4.73969,46.05857],[4.73849,46.05797],[4.73809,46.05747],[4.73648,46.05547],[4.73628,46.05377],[4.73669,46.05207],[4.73789,46.05057],[4.73979,46.04857],[4.74049,46.04717],[4.74229,46.04457],[4.74319,46.04227],[4.74389,46.04087],[4.74419,46.03867],[4.74429,46.03657],[4.74379,46.03557],[4.74399,46.03467],[4.74359,46.03327],[4.74279,46.03247],[4.74229,46.03017],[4.74129,46.02797],[4.74079,46.02657],[4.74139,46.02487],[4.74239,46.02327],[4.74289,46.02207],[4.74359,46.02117],[4.74509,46.01957],[4.74559,46.01767],[4.74619,46.01547],[4.74629,46.01367],[4.74779,46.01167],[4.74789,46.00827],[4.74659,46.00677],[4.74709,46.00507],[4.74829,46.00117],[4.74859,45.99977],[4.74819,45.99807],[4.74839,45.99687],[4.74849,45.99397],[4.74719,45.99247],[4.74759,45.99157],[4.74869,45.98987],[4.74959,45.98867],[4.75019,45.98777],[4.75069,45.98627],[4.75259,45.98347],[4.75279,45.98177],[4.75299,45.98067],[4.75269,45.97977],[4.75229,45.97897],[4.75209,45.97817],[4.75149,45.97657],[4.75109,45.97557],[4.74919,45.97267],[4.74759,45.97097],[4.74679,45.96987],[4.74509,45.96817],[4.73949,45.96517],[4.73709,45.96347],[4.73329,45.96077],[4.73159,45.95957],[4.72899,45.95777],[4.72829,45.95667],[4.72689,45.95547],[4.72599,45.95447],[4.72549,45.95267],[4.72599,45.95187],[4.72759,45.95087],[4.72809,45.95027],[4.72909,45.94957],[4.73069,45.94857],[4.73249,45.94747],[4.73279,45.94727],[4.73419,45.94697],[4.73529,45.94667],[4.73639,45.94657],[4.73879,45.94617],[4.74039,45.94597],[4.74179,45.94597],[4.74399,45.94567],[4.74589,45.94547],[4.74709,45.94477],[4.74929,45.94377],[4.75059,45.94347],[4.7526,45.94317],[4.7547,45.94287],[4.7556,45.94287],[4.7559,45.94297],[4.7587,45.94337],[4.7612,45.94457],[4.7621,45.94517],[4.7634,45.94567],[4.764,45.94597],[4.7651,45.94627],[4.7665,45.94657],[4.7676,45.94667],[4.7687,45.94667],[4.7716,45.94697],[4.774,45.94677],[4.7752,45.94617],[4.7766,45.94547],[4.7783,45.94417],[4.7805,45.94117],[4.7833,45.93687],[4.7854,45.93367],[4.7865,45.93247],[4.7876,45.93157],[4.7889,45.93097],[4.7911,45.93057],[4.7923,45.93077],[4.7932,45.93107],[4.7943,45.93117],[4.7946,45.93127],[4.795,45.93137],[4.7962,45.93147],[4.7975,45.93157],[4.7989,45.93157],[4.8019,45.93097],[4.8033,45.93067],[4.8042,45.93037],[4.8049,45.93017],[4.8059,45.92967],[4.8065,45.92927],[4.80751,45.92797],[4.80821,45.92677],[4.80821,45.92647],[4.80851,45.92497],[4.80861,45.92387],[4.80871,45.92307],[4.80861,45.92237],[4.80821,45.92177],[4.80801,45.92097],[4.80791,45.92017],[4.80811,45.91897],[4.80841,45.91827],[4.80871,45.91797],[4.80871,45.91737],[4.80811,45.91597],[4.80771,45.91497],[4.80711,45.91427],[4.80601,45.91347],[4.80541,45.91277],[4.80461,45.91247],[4.80431,45.91217],[4.80191,45.91007],[4.80151,45.90937],[4.80121,45.90847],[4.80141,45.90747],[4.80201,45.90577],[4.80311,45.90407],[4.80351,45.90297],[4.80401,45.90157],[4.80501,45.89987],[4.80831,45.89557],[4.81011,45.89397],[4.81171,45.89257],[4.81501,45.89077],[4.81751,45.88997],[4.81881,45.88957],[4.82221,45.88857],[4.82371,45.88827],[4.82721,45.88787],[4.82931,45.88757],[4.83111,45.88727],[4.83261,45.88667],[4.83361,45.88577],[4.83411,45.88497],[4.83461,45.88397],[4.83451,45.88317],[4.83391,45.88057],[4.83371,45.87957],[4.83351,45.87837],[4.83351,45.87717],[4.83401,45.87597],[4.83531,45.87447],[4.83651,45.87297],[4.83681,45.87217],[4.83691,45.87107],[4.83731,45.86997],[4.83761,45.86897],[4.83761,45.86877],[4.83801,45.86707],[4.83751,45.86597],[4.83641,45.86387],[4.83541,45.86197],[4.83501,45.86117],[4.83467,45.86017],[4.83361,45.85717],[4.82901,45.85177],[4.82781,45.84957],[4.82771,45.84807],[4.82801,45.84597],[4.82891,45.84487],[4.83001,45.84367],[4.83151,45.84257],[4.83452,45.84167],[4.83702,45.84127],[4.83862,45.84087],[4.84052,45.84047],[4.84152,45.84027],[4.84212,45.84047],[4.84442,45.83977],[4.84762,45.83717],[4.84862,45.83617],[4.84862,45.83577],[4.84952,45.83467],[4.85082,45.83227],[4.85172,45.83077],[4.85192,45.82947],[4.85182,45.82777],[4.85132,45.82667],[4.85072,45.82597],[4.84902,45.82507],[4.84792,45.82457],[4.84582,45.82367],[4.84462,45.82277],[4.84322,45.82167],[4.84232,45.82127],[4.84172,45.82097],[4.83982,45.82007],[4.83892,45.81937],[4.83862,45.81857],[4.83862,45.81707],[4.83832,45.81457],[4.83752,45.81307],[4.83612,45.81057],[4.83552,45.80977],[4.83462,45.80877],[4.83312,45.80787],[4.83092,45.80737],[4.82872,45.80657],[4.82732,45.80587],[4.82622,45.80517],[4.82302,45.80397],[4.81915,45.80157],[4.81682,45.79997],[4.81191,45.79617],[4.81121,45.79537],[4.80901,45.79257],[4.80681,45.78987],[4.80451,45.78687],[4.80431,45.78437],[4.80511,45.78257],[4.80571,45.78207],[4.80681,45.78137],[4.80762,45.78067],[4.80852,45.77907],[4.80902,45.77767],[4.80902,45.77677],[4.80962,45.77617],[4.81082,45.77547],[4.81192,45.77507],[4.81322,45.77487],[4.81432,45.77477],[4.81562,45.77507],[4.81812,45.77557],[4.82022,45.77577],[4.82202,45.77577],[4.82332,45.77557],[4.82412,45.77527],[4.82492,45.77467],[4.82542,45.77357],[4.82562,45.77247],[4.82542,45.77057],[4.82442,45.76897],[4.82342,45.76757],[4.82202,45.76527],[4.82092,45.76417],[4.82022,45.76277],[4.81832,45.76027]]}},{"type":"Feature","properties":{"id":560453,"kind":"downstream"},"geometry":{"type":"LineString","coordinates":[[38.12377,36.66939],[38.13506,36.66717],[38.14619,36.66463],[38.15266,36.66006],[38.16153,36.65737],[38.16803,36.65579],[38.17312,36.65797],[38.17826,36.65804],[38.18463,36.6562],[38.19038,36.64946],[38.19774,36.64668],[38.20752,36.64729],[38.21181,36.64494],[38.213,36.63855],[38.21843,36.63043],[38.23114,36.61865],[38.24219,36.60502],[38.24839,36.59334],[38.24946,36.58818],[38.24783,36.58274],[38.25133,36.57586],[38.26033,36.56982],[38.27151,36.56304],[38.27732,36.55208],[38.27677,36.54148],[38.27112,36.5338],[38.26186,36.52763],[38.25856,36.52246],[38.25516,36.51491],[38.25435,36.4972],[38.2536,36.48547],[38.25812,36.47704],[38.2636,36.46979],[38.25895,36.46117],[38.24795,36.45441],[38.23743,36.45077],[38.22514,36.45163],[38.21496,36.45088],[38.20587,36.44646],[38.20082,36.44068],[38.20036,36.43244],[38.20215,36.42435],[38.20204,36.41899],[38.19897,36.41134],[38.19454,36.40534],[38.19176,36.3946],[38.18949,36.38637],[38.18175,36.37221],[38.17629,36.36118],[38.17703,36.35463],[38.18091,36.34343],[38.18585,36.33217],[38.19543,36.31784],[38.20053,36.30473],[38.20031,36.29551],[38.19223,36.28357],[38.18464,36.27774],[38.16909,36.27192],[38.1565,36.26989],[38.14087,36.26829],[38.13474,36.26467],[38.12698,36.25921],[38.11793,36.24819],[38.10964,36.23871],[38.10685,36.23306],[38.10571,36.22267],[38.10386,36.2167],[38.09975,36.2091],[38.09593,36.19692],[38.08887,36.18553],[38.08275,36.17382],[38.07964,36.16529],[38.07945,36.15607],[38.08006,36.14777],[38.07722,36.13316],[38.07736,36.12024],[38.07854,36.11235],[38.08393,36.10274],[38.09056,36.09421],[38.09642,36.08264],[38.10176,36.06855],[38.10468,36.06127],[38.11276,36.05644],[38.11816,36.04981],[38.12036,36.03888],[38.12518,36.01735],[38.13333,36.00842],[38.14563,36.0033],[38.15602,36.00356],[38.16205,35.99961],[38.15952,35.99099],[38.15757,35.98123],[38.15846,35.97145],[38.16328,35.96271],[38.17077,35.95826],[38.18264,35.96038],[38.19417,35.95835],[38.20594,35.95102],[38.2171,35.95054],[38.22841,35.95616],[38.23563,35.9627],[38.24818,35.96505],[38.25954,35.96497],[38.27015,35.95992],[38.28198,35.94924],[38.29368,35.93718],[38.3073,35.93014],[38.32312,35.92757],[38.33378,35.92724],[38.34275,35.92464],[38.34571,35.91793],[38.34754,35.90782],[38.35198,35.90297],[38.36461,35.90433],[38.37338,35.90132],[38.38609,35.89363],[38.40024,35.89114],[38.41163,35.8877],[38.42279,35.88149],[38.43425,35.88276],[38.4476,35.88671],[38.45532,35.89307],[38.46105,35.89773],[38.47094,35.89813],[38.47795,35.89618],[38.49141,35.89344],[38.49943,35.89352],[38.51008,35.89317],[38.51726,35.88926],[38.52302,35.88252],[38.53028,35.87764],[38.53976,35.87721],[38.54924,35.87679],[38.55576,35.875],[38.56338,35.86857],[38.57638,35.86264],[38.58622,35.86066],[38.59492,35.86667],[38.59901,35.87143],[38.60727,35.87426],[38.61452,35.87508],[38.62278,35.87221],[38.63873,35.86762],[38.65108,35.86381],[38.66027,35.85824],[38.67249,35.85304],[38.68484,35.85493],[38.69071,35.86096],[38.69946,35.86362],[38.71444,35.86506],[38.72781,35.86896],[38.73956,35.87533],[38.75506,35.88799],[38.76382,35.89635],[38.77002,35.89847],[38.77669,35.90945],[38.78234,35.91842],[38.78766,35.9199],[38.79693,35.91904]]}},{"type":"Feature","properties":{"id":560539,"kind":"upstream"},"geometry":{"type":"LineString","coordinates":[[38.12365,36.66915],[38.11005,36.67176],[38.10506,36.67539],[38.09897,36.68022],[38.09327,36.68241],[38.0828,36.68592],[38.07206,36.69231],[38.06694,36.70183],[38.05822,36.71506],[38.04603,36.73224],[38.04462,36.73829],[38.04275,36.74617],[38.04449,36.75311],[38.04857,36.75928],[38.05053,36.76392],[38.04939,36.76709],[38.04161,36.77332],[38.03838,36.77913],[38.03689,36.78437],[38.03907,36.79424],[38.04307,36.80573],[38.04446,36.81948],[38.03972,36.82775],[38.02953,36.83394],[38.02597,36.84321],[38.02573,36.85027],[38.02724,36.85673],[38.03378,36.86375],[38.04363,36.87329],[38.04823,36.87845],[38.0485,36.8831],[38.04532,36.88834],[38.03886,36.89384],[38.02524,36.90479],[38.01668,36.91155],[38.01431,36.91707],[38.01179,36.92432],[38.00691,36.93096],[38.00708,36.93955],[38.01214,36.95041],[38.01202,36.95909],[38.00955,36.96577],[38.0053,36.97025],[37.99687,36.97249],[37.98621,36.97436],[37.97727,36.979],[37.97485,36.9851],[37.97072,36.99121],[37.96765,36.99808],[37.96658,37.00484],[37.9694,37.01533],[37.97557,37.02499],[37.98222,37.03839],[37.98562,37.04591],[37.9863,37.05209],[37.98368,37.05575],[37.9806,37.05983],[37.9751,37.0625],[37.96928,37.06247],[37.96241,37.06168],[37.95628,37.05758],[37.95049,37.05142],[37.94278,37.04896],[37.93791,37.04946],[37.93292,37.04832],[37.92585,37.04509],[37.91828,37.04564],[37.91302,37.04878],[37.90758,37.05364],[37.90297,37.05879],[37.89707,37.06408],[37.8919,37.06467],[37.88714,37.06402],[37.87819,37.06434]]}},{"type":"Feature","properties":{"id":560560,"kind":"upstream"},"geometry":{"type":"LineString","coordinates":[[0.6908,47.40164],[0.6936,47.4019],[0.6979,47.4015],[0.6998,47.4012],[0.7034,47.4008],[0.705,47.4006],[0.7084,47.4003],[0.7109,47.4003],[0.7126,47.4015],[0.715,47.4015],[0.7172,47.4015],[0.7202,47.4018],[0.7215,47.4024],[0.723,47.4025],[0.7245,47.4029],[0.726,47.4033],[0.7273,47.4036],[0.7284,47.4036],[0.7315,47.4042],[0.7338,47.4045],[0.7366,47.4046],[0.741,47.4052],[0.7443,47.4057],[0.7507,47.4067],[0.7541,47.4074],[0.7556,47.4077],[0.7587,47.4081],[0.7633,47.4089],[0.7663,47.4095],[0.7711,47.4098],[0.774,47.4101],[0.7762,47.4101],[0.7802,47.4101],[0.7858,47.409],[0.7887,47.4079],[0.7911,47.4068],[0.7932,47.4062],[0.7953,47.406],[0.7978,47.4055],[0.8003,47.4041],[0.8038,47.402],[0.8082,47.3992],[0.8101,47.3981],[0.8098,47.3979],[0.8085,47.3983],[0.8081,47.398],[0.8087,47.3975],[0.8095,47.3972],[0.811,47.3966],[0.813,47.3965],[0.8149,47.3964],[0.8172,47.3958],[0.8198,47.3947],[0.8202,47.3941],[0.8213,47.3938],[0.8226,47.3938],[0.8242,47.3937],[0.828,47.3926],[0.8289,47.3925],[0.8303,47.3925],[0.8316,47.3925],[0.8327,47.3924],[0.8338,47.3922],[0.8345,47.3923],[0.8349,47.3932],[0.8341,47.3936],[0.8325,47.394],[0.8313,47.394],[0.8306,47.3938],[0.8298,47.3943],[0.8298,47.3944],[0.8307,47.3947],[0.8313,47.395],[0.8356,47.3942],[0.8376,47.394],[0.8487,47.3963],[0.8492,47.3963],[0.8509,47.3964],[0.8523,47.3967],[0.8538,47.3972],[0.8553,47.3975],[0.8568,47.3981],[0.8573,47.3983],[0.8574,47.3976],[0.8577,47.3972],[0.86,47.3978],[0.8631,47.3982],[0.865,47.3982],[0.8654,47.3984],[0.8651,47.3987],[0.8643,47.3995],[0.8643,47.3996],[0.8653,47.3993],[0.8674,47.399],[0.8689,47.399],[0.8866,47.3985],[0.8875,47.3982],[0.8886,47.3982],[0.8902,47.3986],[0.8911,47.3986],[0.8933,47.3993],[0.894,47.3991],[0.8958,47.3991],[0.8977,47.3995],[0.9009,47.4005],[0.902,47.4006],[0.9069,47.4009],[0.9115,47.4014],[0.9134,47.4015],[0.9161,47.4019],[0.9178,47.4021],[0.9196,47.4025],[0.9215,47.4027],[0.9247,47.4038],[0.9267,47.4042],[0.933,47.4047],[0.9391,47.4058],[0.9437,47.4069],[0.9476,47.4082],[0.9494,47.4087],[0.9499,47.4088],[0.9509,47.4086],[0.9529,47.4084],[0.954,47.4082],[0.9557,47.4087],[0.9575,47.4096],[0.9582,47.4097],[0.9594,47.4101],[0.9603,47.4107],[0.9609,47.4119],[0.9615,47.4123],[0.9631,47.4124],[0.9672,47.4132],[0.9684,47.4135],[0.9713,47.4141],[0.9722,47.4141],[0.9735,47.414],[0.976,47.4143],[0.9779,47.4147],[0.9776,47.4144],[0.9778,47.4142],[0.9788,47.4145],[0.9798,47.4151],[0.9815,47.4166],[0.9823,47.4173],[0.984,47.4179],[0.9862,47.4199],[0.9894,47.4222],[0.991,47.4234],[0.9913,47.4235],[0.9932,47.4236],[0.9946,47.4241],[0.9962,47.4242],[0.9975,47.4244],[0.9985,47.4249],[1.0,47.4257],[1.0014,47.4266],[1.0021,47.4268],[1.0026,47.4269],[1.0036,47.4275],[1.0048,47.4276],[1.0056,47.428],[1.0075,47.4286],[1.0082,47.4303],[1.0103,47.4314],[1.0131,47.4326],[1.018,47.4347],[1.0215,47.4364],[1.0237,47.4373],[1.0247,47.4379],[1.027,47.4387],[1.0295,47.4395],[1.0306,47.4402],[1.0352,47.4418],[1.0386,47.443],[1.0418,47.4439],[1.0443,47.4447],[1.0463,47.4451],[1.0486,47.4458],[1.0508,47.4464],[1.0526,47.447],[1.0558,47.4478],[1.059,47.4492],[1.0621,47.4508],[1.0654,47.4523],[1.0658,47.4526],[1.0683,47.4539],[1.0702,47.455],[1.0715,47.4556],[1.0763,47.4576],[1.0783,47.4585],[1.0802,47.4601],[1.0806,47.4605],[1.0826,47.462],[1.0841,47.4629],[1.086,47.4639],[1.0895,47.4642],[1.0907,47.4643],[1.0914,47.4644],[1.0931,47.4644],[1.0949,47.4646],[1.0962,47.4649],[1.0977,47.4654],[1.0992,47.466],[1.1005,47.4663],[1.1018,47.4668],[1.1031,47.4669],[1.1038,47.4668],[1.105,47.467],[1.108,47.4676],[1.1108,47.4682],[1.1127,47.4684],[1.1138,47.4689],[1.1144,47.469],[1.1144,47.4688],[1.1139,47.4685],[1.1131,47.4683],[1.1121,47.468],[1.1121,47.4676],[1.1128,47.4675],[1.1139,47.468],[1.1171,47.469],[1.1196,47.4695],[1.1243,47.4709],[1.1302,47.4724],[1.1368,47.4741],[1.138,47.4746],[1.139,47.4749],[1.1429,47.4762],[1.1453,47.4768],[1.1506,47.4778],[1.1545,47.4788],[1.1603,47.4799],[1.1615,47.4801],[1.1643,47.4808],[1.1668,47.4809],[1.1689,47.481],[1.1709,47.4811],[1.1731,47.4811],[1.1742,47.4812],[1.1754,47.4815],[1.1772,47.4819],[1.1777,47.4821],[1.1784,47.4824],[1.182,47.4837],[1.1826,47.4842],[1.1841,47.4846],[1.1848,47.4849],[1.1848,47.4853],[1.1851,47.4856],[1.186,47.4856],[1.1866,47.4857],[1.1882,47.4861],[1.1926,47.4876],[1.1931,47.4879],[1.1951,47.4889],[1.1959,47.4895],[1.2015,47.492],[1.206,47.4935],[1.2089,47.4937],[1.2097,47.4937],[1.2128,47.4939],[1.2211,47.4937],[1.2289,47.4939],[1.2312,47.4941],[1.2347,47.4946],[1.2376,47.4952],[1.239,47.4958],[1.2398,47.4964],[1.2405,47.4969],[1.2415,47.4977],[1.2432,47.5],[1.2441,47.5015],[1.2443,47.502],[1.2449,47.503],[1.2458,47.5055],[1.2464,47.5081],[1.2467,47.5096],[1.2475,47.5123],[1.2484,47.5141],[1.2489,47.5155],[1.2504,47.5175],[1.2522,47.5204],[1.2545,47.5226],[1.256,47.5241],[1.2582,47.5262],[1.2588,47.5266],[1.2611,47.528],[1.2614,47.528],[1.2611,47.5278],[1.2612,47.5276],[1.2615,47.5276],[1.2623,47.528],[1.2627,47.5283],[1.2645,47.5295],[1.2648,47.5299],[1.2656,47.5303],[1.2665,47.5306],[1.2681,47.5317],[1.2689,47.532],[1.2695,47.5319],[1.2698,47.5318],[1.27,47.5322],[1.2702,47.5325],[1.2731,47.5336],[1.2763,47.5354],[1.2795,47.5376],[1.2806,47.5386],[1.2825,47.5402],[1.2828,47.5407],[1.2862,47.5446],[1.2894,47.5476],[1.2908,47.5488],[1.2913,47.549],[1.2918,47.5495],[1.2919,47.5503],[1.2939,47.5533],[1.2961,47.5563],[1.2989,47.5594],[1.2999,47.5606],[1.3019,47.5633],[1.3043,47.5656],[1.306,47.5675],[1.3064,47.5679],[1.3084,47.5694],[1.3096,47.5702],[1.312,47.5723],[1.3143,47.5736],[1.3175,47.5753],[1.3184,47.5756],[1.3193,47.5757],[1.3207,47.576],[1.3212,47.5763],[1.3214,47.5766],[1.321,47.5767],[1.3204,47.5765],[1.32,47.5765],[1.32,47.5767],[1.3205,47.5768],[1.3212,47.5769],[1.3226,47.5777],[1.3238,47.5782],[1.3253,47.5794],[1.3265,47.58],[1.3306,47.5815],[1.3323,47.5825],[1.3357,47.5851],[1.3387,47.5873],[1.3416,47.589],[1.3467,47.5915],[1.3502,47.5927],[1.3511,47.593],[1.3527,47.5938],[1.354,47.5945],[1.3557,47.5954],[1.3566,47.5957],[1.3574,47.5965],[1.3591,47.5971],[1.3598,47.5974],[1.3601,47.5978],[1.3602,47.5976],[1.3603,47.5974],[1.3608,47.5978],[1.3615,47.5982],[1.3617,47.5989],[1.3644,47.6004],[1.3659,47.6017],[1.3675,47.6033],[1.3688,47.6043],[1.3697,47.6055],[1.3702,47.6067],[1.3705,47.6075],[1.3707,47.6086],[1.3708,47.6091],[1.3712,47.6097],[1.3722,47.6106],[1.3739,47.6117],[1.3751,47.6121],[1.3763,47.6128],[1.3771,47.6134],[1.3785,47.6142],[1.3814,47.6153],[1.3831,47.6165],[1.3857,47.6183],[1.3859,47.6183],[1.3863,47.6184],[1.3864,47.6186],[1.3862,47.6187],[1.3867,47.6192],[1.3897,47.6211],[1.3911,47.6221],[1.3956,47.6249],[1.3974,47.6262],[1.4001,47.628],[1.4025,47.6295],[1.4069,47.6322],[1.4077,47.6327],[1.4084,47.6335],[1.4098,47.6342],[1.4109,47.635],[1.4121,47.6363],[1.4141,47.6388],[1.4152,47.6399],[1.4159,47.6407],[1.4178,47.6425],[1.4227,47.6469],[1.4236,47.6474],[1.4246,47.6481],[1.4279,47.6498],[1.4293,47.6507],[1.4298,47.6511],[1.4307,47.6515],[1.4315,47.6518],[1.4317,47.652],[1.4324,47.6524],[1.4329,47.6526],[1.4341,47.6528],[1.4353,47.6531],[1.4364,47.6534],[1.437,47.6535],[1.4373,47.6539],[1.4379,47.654],[1.4387,47.6541],[1.4398,47.6543],[1.4406,47.6543],[1.4415,47.6542],[1.4427,47.654],[1.4444,47.654],[1.4455,47.6541],[1.4468,47.6544],[1.4474,47.6544],[1.449,47.6544],[1.4501,47.6543],[1.4527,47.6542],[1.4555,47.6542],[1.4597,47.6537],[1.4625,47.6538],[1.4666,47.6547],[1.4677,47.6552],[1.4703,47.6557],[1.4721,47.6565],[1.4727,47.6567],[1.4739,47.6569],[1.4761,47.6575],[1.4797,47.6587],[1.4828,47.6598],[1.4868,47.6607],[1.489,47.6616],[1.4904,47.6619],[1.4912,47.6621],[1.492,47.6623],[1.4932,47.6625],[1.4941,47.6627],[1.4956,47.6633],[1.4964,47.6632],[1.4974,47.6628],[1.4976,47.6626],[1.4989,47.6628],[1.4999,47.6629],[1.5029,47.6636],[1.5082,47.6651],[1.5092,47.6657],[1.5132,47.6691],[1.5149,47.6706],[1.5158,47.6712],[1.52,47.6732],[1.522,47.6745],[1.5247,47.6753],[1.5266,47.6761],[1.5301,47.6778],[1.5355,47.6794],[1.5377,47.6804],[1.5399,47.6819],[1.542,47.6828],[1.5446,47.684],[1.5478,47.6856],[1.5486,47.6863],[1.5502,47.6869],[1.5513,47.6878],[1.5529,47.6889],[1.5539,47.6898],[1.557,47.6916],[1.5579,47.692],[1.5584,47.6927],[1.5588,47.6928],[1.5599,47.6938],[1.5607,47.6942],[1.563,47.6954],[1.5638,47.6958],[1.5657,47.6965],[1.5674,47.6975],[1.5701,47.6989],[1.5714,47.6992],[1.5739,47.7001],[1.5753,47.7008],[1.5772,47.7023],[1.5784,47.7042],[1.577,47.7098],[1.5749,47.7107],[1.5743,47.7113],[1.5739,47.7124],[1.5729,47.7145],[1.5714,47.717],[1.5706,47.7187],[1.5707,47.7207],[1.5715,47.7218],[1.572,47.723],[1.574,47.7248],[1.5745,47.7255],[1.5778,47.7272],[1.5782,47.7271],[1.5826,47.7278],[1.5867,47.7285],[1.5877,47.7288],[1.5899,47.7294],[1.5935,47.7302],[1.5978,47.7316],[1.6003,47.7326],[1.6024,47.7336],[1.6045,47.734],[1.6062,47.7345],[1.6079,47.7354],[1.6089,47.7359],[1.6104,47.7365],[1.6122,47.7374],[1.6176,47.7416],[1.62,47.7441],[1.6212,47.7456],[1.6215,47.7474],[1.622,47.7491],[1.622,47.7516],[1.6225,47.7532],[1.6235,47.7535],[1.6263,47.7562],[1.6275,47.7585],[1.628,47.7602],[1.6278,47.7609],[1.6286,47.7656],[1.6291,47.7669],[1.6296,47.7671],[1.6304,47.7684],[1.6304,47.7689],[1.6324,47.7719],[1.633,47.773],[1.6351,47.7767],[1.6369,47.7789],[1.6418,47.7815],[1.6444,47.7829],[1.6461,47.7842],[1.6469,47.7845],[1.6507,47.7857],[1.6523,47.7867],[1.6532,47.7875],[1.6534,47.7872],[1.6587,47.7872],[1.6605,47.7878],[1.6614,47.788],[1.67052,47.78975],[1.6707,47.7898],[1.6724,47.7906],[1.674,47.791],[1.6743,47.7911],[1.6767,47.7923],[1.6791,47.7939],[1.6802,47.7943],[1.6804,47.7949],[1.6821,47.7962],[1.6826,47.7967],[1.6839,47.7987],[1.6851,47.8004],[1.686,47.8028],[1.6867,47.8033],[1.6868,47.8038],[1.6878,47.8053],[1.6886,47.8066],[1.689,47.8076],[1.6907,47.8099],[1.6915,47.8111],[1.693,47.8138],[1.6935,47.8152],[1.6938,47.8157],[1.6948,47.8169],[1.6958,47.8182],[1.6966,47.8191],[1.6966,47.8198],[1.6985,47.8219],[1.6984,47.8224],[1.7005,47.8239],[1.7004,47.8246],[1.7016,47.8258],[1.704,47.8269],[1.7068,47.8297],[1.7104,47.8326],[1.711,47.8331],[1.713,47.8347],[1.7153,47.8362],[1.7168,47.8373],[1.7197,47.8394],[1.7209,47.8398],[1.7216,47.8404],[1.7223,47.841],[1.7236,47.8421],[1.727,47.8447],[1.7289,47.8461],[1.7359,47.8489],[1.7402,47.8502],[1.7428,47.8508],[1.7471,47.8524],[1.7484,47.8532],[1.7506,47.8543],[1.7533,47.8551],[1.7571,47.8566],[1.7594,47.858],[1.7601,47.8586],[1.7613,47.8591],[1.7631,47.8603],[1.7679,47.8629],[1.77,47.8638],[1.7726,47.8645],[1.775,47.8656],[1.7782,47.8666],[1.7806,47.8669],[1.7841,47.8669],[1.7872,47.8667],[1.7905,47.8662],[1.7936,47.8662],[1.7945,47.8658],[1.7958,47.8656],[1.7971,47.8655],[1.7984,47.8654],[1.8016,47.8665],[1.8038,47.8669],[1.8067,47.8688],[1.8101,47.8706],[1.8114,47.8713],[1.8148,47.8726],[1.8189,47.8741],[1.821,47.875],[1.8252,47.877],[1.8288,47.8787],[1.8313,47.8805],[1.8339,47.8812],[1.8365,47.8828],[1.8391,47.8845],[1.841,47.8857],[1.8426,47.8867],[1.8456,47.888],[1.8479,47.8897],[1.8502,47.8912],[1.8543,47.8926],[1.8591,47.8939],[1.866,47.8958],[1.8691,47.8962],[1.8726,47.8968],[1.8755,47.8974],[1.8783,47.8975],[1.8811,47.8976],[1.8829,47.8976],[1.8928,47.8975],[1.8963,47.8975],[1.8986,47.8976],[1.9022,47.8975],[1.9059,47.8977],[1.9074,47.8978],[1.9114,47.8977],[1.9181,47.8982]]}},{"type":"Feature","properties":{"id":560318,"kind":"downstream"},"geometry":{"type":"LineString","coordinates":[[0.6908,47.40164],[0.6904,47.4016],[0.6871,47.4013],[0.6858,47.401],[0.6833,47.4003],[0.681,47.4001],[0.67845,47.4001],[0.6777,47.4001],[0.6734,47.3985],[0.6707,47.3983],[0.6695,47.3978],[0.6648,47.397],[0.6608,47.3961],[0.6518,47.394],[0.6489,47.3933],[0.6457,47.3922],[0.6449,47.3917],[0.6444,47.3916],[0.643,47.3917],[0.6396,47.3908],[0.6376,47.3906],[0.633,47.3903],[0.6273,47.3894],[0.6248,47.3892],[0.622,47.3886],[0.615,47.3872],[0.6095,47.3867],[0.5978,47.3848],[0.5939,47.384],[0.5916,47.3839],[0.5902,47.3836],[0.5849,47.3822],[0.583,47.3812],[0.5802,47.3794],[0.5784,47.3787],[0.5766,47.3785],[0.5746,47.3785],[0.5732,47.3783],[0.5661,47.376],[0.5603,47.3748],[0.5583,47.3746],[0.5564,47.3744],[0.5543,47.374],[0.552,47.3734],[0.5492,47.3723],[0.5461,47.3718],[0.5439,47.3714],[0.5377,47.3699],[0.536,47.3696],[0.5346,47.3695],[0.5319,47.3696],[0.5286,47.3689],[0.5266,47.3684],[0.5236,47.3684],[0.5216,47.3682],[0.5185,47.3672],[0.5166,47.3664],[0.5142,47.3651],[0.5109,47.3644],[0.5094,47.3641],[0.5085,47.3638],[0.5048,47.363],[0.5028,47.3628],[0.5019,47.3629],[0.5014,47.3635],[0.4994,47.3628],[0.4987,47.3624],[0.4973,47.3618],[0.4926,47.3592],[0.4893,47.3575],[0.4873,47.3564],[0.4833,47.3534],[0.4816,47.3507],[0.4807,47.3497],[0.4798,47.3482],[0.4797,47.3472],[0.4793,47.3468],[0.4783,47.3464],[0.4779,47.3459],[0.4779,47.3453],[0.4778,47.3442],[0.4775,47.3439],[0.4766,47.3433],[0.475,47.3425],[0.4726,47.3413],[0.469,47.3399],[0.4686,47.3394],[0.468,47.3389],[0.4667,47.3387],[0.4657,47.3388],[0.4632,47.3363],[0.4619,47.3347],[0.4606,47.334],[0.4593,47.333],[0.4583,47.332],[0.4563,47.3307],[0.4544,47.3301],[0.4525,47.3293],[0.45,47.3282],[0.4485,47.328],[0.4448,47.3271],[0.4425,47.3266],[0.4395,47.3257],[0.4386,47.3253],[0.4364,47.3245],[0.4352,47.3231],[0.4343,47.3229],[0.4335,47.3227],[0.4319,47.3226],[0.4299,47.3226],[0.4291,47.3225],[0.4268,47.3228],[0.4257,47.3228],[0.4244,47.3222],[0.4234,47.3221],[0.4224,47.322],[0.4203,47.3227],[0.4172,47.3233],[0.4165,47.3233],[0.4153,47.3227],[0.4144,47.3227],[0.4128,47.3226],[0.4108,47.3224],[0.4093,47.3219],[0.4075,47.321],[0.4028,47.3198],[0.4007,47.3192],[0.3994,47.3187],[0.3925,47.3167],[0.3926,47.3165],[0.3922,47.3163],[0.3906,47.3158],[0.3894,47.3155],[0.3885,47.3148],[0.3867,47.3139],[0.3836,47.3127],[0.3811,47.3113],[0.3801,47.3107],[0.3768,47.3082],[0.3756,47.3073],[0.3744,47.3069],[0.3731,47.3066],[0.3722,47.3061],[0.3707,47.305],[0.3695,47.3036],[0.3687,47.3031],[0.3675,47.3027],[0.3663,47.3027],[0.3656,47.3024],[0.3639,47.3015],[0.3603,47.3007],[0.3581,47.3003],[0.3543,47.3003],[0.3519,47.3001],[0.3493,47.2996],[0.3478,47.299],[0.3448,47.2975],[0.341,47.2965],[0.34,47.2962],[0.3385,47.2955],[0.3369,47.2943],[0.3359,47.2932],[0.3355,47.2928],[0.3339,47.2915],[0.3318,47.2907],[0.3305,47.2901],[0.3288,47.2886],[0.3277,47.2869],[0.3262,47.2861],[0.3242,47.2847],[0.3235,47.2838],[0.323,47.2823],[0.3224,47.2813],[0.3215,47.2808],[0.3211,47.2805],[0.3206,47.2796],[0.3195,47.2789],[0.3188,47.2781],[0.3179,47.2781],[0.3162,47.2781],[0.3153,47.2779],[0.3145,47.2778],[0.3121,47.2768],[0.3103,47.2763],[0.3094,47.276],[0.3086,47.2755],[0.3074,47.2746],[0.3061,47.2732],[0.3051,47.2718],[0.3043,47.2713],[0.3026,47.2709],[0.3019,47.2705],[0.3006,47.2699],[0.2986,47.2698],[0.2967,47.2697],[0.2957,47.2694],[0.2949,47.2691],[0.2942,47.2685],[0.2935,47.268],[0.2922,47.2674],[0.2914,47.2674],[0.2906,47.2675],[0.2891,47.2678],[0.2858,47.2674],[0.2818,47.2663],[0.2809,47.2661],[0.2794,47.2654],[0.2757,47.2638],[0.2743,47.2636],[0.2728,47.2633],[0.2704,47.2631],[0.2684,47.2627],[0.2646,47.2618],[0.2632,47.2612],[0.2589,47.2597],[0.2574,47.2591],[0.2563,47.2587],[0.2528,47.2576],[0.251,47.257],[0.2494,47.2562],[0.2473,47.2552],[0.2441,47.2543],[0.2393,47.2527],[0.2361,47.2519],[0.2341,47.2512],[0.2313,47.2496],[0.2301,47.2492],[0.2269,47.2484],[0.2259,47.248],[0.2238,47.2471],[0.2211,47.2466],[0.2187,47.2463],[0.2144,47.2451],[0.2112,47.2439],[0.2041,47.2415],[0.1987,47.24],[0.1962,47.2394],[0.1926,47.2386],[0.1905,47.2379],[0.1884,47.2377],[0.1836,47.2377],[0.1811,47.2377],[0.1788,47.2378],[0.1756,47.2377],[0.1743,47.2377],[0.1728,47.238],[0.171,47.2384],[0.1686,47.2385],[0.1654,47.2379],[0.1625,47.2375],[0.161,47.2375],[0.1578,47.2378],[0.1542,47.238],[0.1498,47.238],[0.1486,47.2379],[0.1469,47.2374],[0.1438,47.2377],[0.1424,47.2381],[0.1403,47.238],[0.1378,47.2378],[0.1335,47.2374],[0.131,47.237],[0.1275,47.2359],[0.1209,47.2342],[0.1195,47.2332],[0.1181,47.2319],[0.1155,47.2292],[0.114,47.2285],[0.1107,47.2271],[0.1079,47.2265],[0.1064,47.2257],[0.1053,47.2256],[0.1032,47.2254],[0.1006,47.2241],[0.0981,47.223],[0.0967,47.2225],[0.0948,47.2215],[0.0916,47.2196],[0.0887,47.2183],[0.0867,47.2179],[0.0844,47.2176],[0.0832,47.2175],[0.0823,47.2175],[0.0801,47.2171],[0.0761,47.2163],[0.0735,47.216],[0.071,47.2162],[0.0696,47.2165],[0.0675,47.2175],[0.0647,47.2184],[0.0635,47.2187],[0.0608,47.2196],[0.0595,47.2202],[0.0577,47.2212],[0.0566,47.2222],[0.0561,47.2227],[0.0554,47.2241],[0.0548,47.225],[0.054,47.2254],[0.0495,47.2266],[0.0457,47.2278],[0.0438,47.2285],[0.0425,47.229],[0.0399,47.2297],[0.0385,47.2303],[0.037,47.231],[0.0334,47.2323],[0.0319,47.2329],[0.0308,47.2335],[0.0301,47.2335],[0.0295,47.2338],[0.0285,47.2339],[0.0274,47.2343],[0.0263,47.2346],[0.0258,47.2349],[0.0245,47.2353],[0.0242,47.2356],[0.0229,47.236],[0.0222,47.2365],[0.0212,47.2371],[0.02,47.2375],[0.0192,47.238],[0.0178,47.2385],[0.0169,47.2388],[0.014,47.2394],[0.0133,47.2399],[0.0115,47.2409],[0.0079,47.2422],[0.0061,47.2428],[0.005,47.2434],[0.0037,47.2434],[0.0028,47.2434],[0.0002,47.2447],[-0.0029,47.2463],[-0.005,47.2472],[-0.0096,47.2481],[-0.0131,47.2487],[-0.0146,47.2488],[-0.0157,47.249],[-0.0192,47.2498],[-0.0211,47.2502],[-0.0227,47.2505],[-0.0238,47.2505],[-0.0253,47.2503],[-0.0261,47.2504],[-0.0286,47.2505],[-0.0309,47.2507],[-0.0324,47.2512],[-0.0335,47.2517],[-0.0348,47.2519],[-0.0384,47.2529],[-0.0419,47.254],[-0.043,47.2542],[-0.0444,47.2548],[-0.0469,47.2554],[-0.0503,47.2562],[-0.0526,47.2566],[-0.0555,47.2572],[-0.0562,47.2575],[-0.0579,47.2578],[-0.0591,47.2583],[-0.0614,47.2594],[-0.0632,47.2609],[-0.064,47.2615],[-0.0647,47.2615],[-0.0658,47.2624],[-0.0667,47.263],[-0.0668,47.2633],[-0.068,47.2646],[-0.0712,47.267],[-0.0744,47.2687],[-0.0786,47.2709],[-0.0803,47.2715],[-0.082,47.2718],[-0.0832,47.2724],[-0.084,47.2727],[-0.0881,47.2737],[-0.09,47.2741],[-0.0912,47.2743],[-0.0921,47.2746],[-0.093,47.275],[-0.0944,47.2758],[-0.0955,47.2766],[-0.0986,47.279],[-0.0994,47.2798],[-0.1004,47.2809],[-0.1013,47.2817],[-0.1021,47.2822],[-0.1036,47.2834],[-0.1043,47.284],[-0.1045,47.2851],[-0.1047,47.2854],[-0.1066,47.2866],[-0.1073,47.2871],[-0.1089,47.2888],[-0.1103,47.2897],[-0.1116,47.2905],[-0.1136,47.2912],[-0.1151,47.2916],[-0.1164,47.2922],[-0.1173,47.2928],[-0.1182,47.2929],[-0.1186,47.2931],[-0.1201,47.2932],[-0.1195,47.2927],[-0.12,47.2927],[-0.1214,47.2927],[-0.1222,47.293],[-0.123,47.2934],[-0.124,47.2938],[-0.1263,47.2947],[-0.1286,47.2959],[-0.1297,47.2962],[-0.1302,47.2965],[-0.1316,47.2974],[-0.1332,47.2984],[-0.1351,47.2993],[-0.1359,47.2996],[-0.1368,47.3002],[-0.1383,47.3012],[-0.1401,47.3032],[-0.1413,47.3047],[-0.1416,47.3054],[-0.1418,47.3063],[-0.1417,47.3065],[-0.1419,47.307],[-0.1431,47.3078],[-0.1445,47.3084],[-0.1457,47.3088],[-0.1467,47.31],[-0.1474,47.3109],[-0.1488,47.3123],[-0.1502,47.3131],[-0.1517,47.3137],[-0.154,47.315],[-0.1549,47.315],[-0.1561,47.3158],[-0.1574,47.3168],[-0.1575,47.3171],[-0.1579,47.3178],[-0.1593,47.319],[-0.1602,47.3195],[-0.1618,47.3201],[-0.1624,47.3206],[-0.1631,47.3212],[-0.1653,47.3223],[-0.1686,47.3235],[-0.174,47.3253],[-0.1761,47.326],[-0.1783,47.3271],[-0.1808,47.3278],[-0.1825,47.3281],[-0.1831,47.3284],[-0.1844,47.3293],[-0.186,47.3301],[-0.189,47.332],[-0.1919,47.3332],[-0.1934,47.3337],[-0.1963,47.3349],[-0.1977,47.3358],[-0.2001,47.3366],[-0.2013,47.3374],[-0.2025,47.3383],[-0.2037,47.3388],[-0.206,47.3395],[-0.2079,47.3405],[-0.21,47.3413],[-0.2153,47.3432],[-0.21868,47.34524],[-0.2211,47.3466],[-0.2219,47.3471],[-0.2236,47.3474],[-0.2245,47.3479],[-0.229,47.3497],[-0.2313,47.351],[-0.2335,47.3514],[-0.236,47.3522],[-0.2375,47.3531],[-0.2388,47.3535],[-0.2402,47.3543],[-0.2412,47.3546],[-0.2423,47.355],[-0.2436,47.3564],[-0.2448,47.357],[-0.2463,47.3584],[-0.2474,47.359],[-0.2494,47.36],[-0.2513,47.361],[-0.2522,47.362],[-0.2537,47.364],[-0.2542,47.3644],[-0.256,47.3649],[-0.2569,47.3653],[-0.2575,47.366],[-0.2582,47.3679],[-0.2588,47.3694],[-0.2591,47.3706],[-0.2595,47.3717],[-0.2604,47.3729],[-0.2611,47.3741],[-0.262,47.3771],[-0.2625,47.3778],[-0.2635,47.3789],[-0.2659,47.3832],[-0.2679,47.385],[-0.2705,47.3878],[-0.2717,47.3892],[-0.2728,47.3914],[-0.2741,47.392],[-0.2773,47.3942],[-0.2796,47.396],[-0.2805,47.3967],[-0.2828,47.3985],[-0.2838,47.3993],[-0.2846,47.4003],[-0.2858,47.4009],[-0.2889,47.4021],[-0.2922,47.4033],[-0.2936,47.4038],[-0.295,47.4043],[-0.2986,47.4056],[-0.2999,47.4064],[-0.3011,47.4073],[-0.3018,47.4079],[-0.3025,47.4079],[-0.3052,47.4073],[-0.3065,47.4071],[-0.3087,47.4071],[-0.3107,47.4073],[-0.3122,47.4076],[-0.3135,47.4077],[-0.3151,47.4077],[-0.317,47.4077],[-0.3185,47.4076],[-0.3217,47.4076],[-0.3224,47.4078],[-0.3227,47.408],[-0.3228,47.4087],[-0.3236,47.409],[-0.3263,47.4093],[-0.3301,47.4095],[-0.3318,47.4097],[-0.3339,47.4103],[-0.3378,47.4115],[-0.3408,47.4121],[-0.3419,47.4122],[-0.3431,47.4124],[-0.3447,47.413],[-0.3458,47.4132],[-0.3474,47.4131],[-0.3486,47.4132],[-0.3515,47.4141],[-0.352,47.4146],[-0.3576,47.4158],[-0.3592,47.4161],[-0.3625,47.4165],[-0.3646,47.4168],[-0.3671,47.4168],[-0.3694,47.4168],[-0.3711,47.4173],[-0.3738,47.4181],[-0.3783,47.4186],[-0.3802,47.4189],[-0.3832,47.4195],[-0.3854,47.4199],[-0.3898,47.42],[-0.396,47.4197],[-0.4053,47.4192],[-0.4075,47.419],[-0.4096,47.4188],[-0.4117,47.4187],[-0.4137,47.4188],[-0.4154,47.4189],[-0.4168,47.4185],[-0.4181,47.4183],[-0.4229,47.4178],[-0.4255,47.4176],[-0.4271,47.4176],[-0.4291,47.4172],[-0.432,47.4174],[-0.4335,47.4172],[-0.4354,47.4168],[-0.4376,47.4167],[-0.4395,47.4168],[-0.441,47.4167],[-0.4432,47.4168],[-0.4449,47.4174],[-0.4513,47.4199],[-0.4521,47.4197],[-0.454,47.4194],[-0.4585,47.4194],[-0.4614,47.4194],[-0.4649,47.4189],[-0.467,47.4189],[-0.4693,47.4188],[-0.4715,47.4183],[-0.4731,47.4181],[-0.4759,47.4183],[-0.4793,47.4186],[-0.4823,47.4185],[-0.4854,47.4185],[-0.486,47.4185],[-0.4868,47.4188],[-0.4888,47.4194],[-0.4916,47.4201],[-0.4936,47.4202],[-0.497,47.42],[-0.4989,47.4199],[-0.5004,47.4201],[-0.5021,47.4205],[-0.5038,47.4211],[-0.507,47.4228],[-0.5123,47.4252],[-0.5138,47.4258],[-0.5172,47.4268],[-0.5186,47.4275],[-0.5186,47.4277],[-0.5192,47.4281],[-0.5217,47.4282],[-0.5235,47.4281],[-0.5255,47.4277],[-0.5269,47.4273],[-0.529,47.4266],[-0.5306,47.4263],[-0.5334,47.426],[-0.5349,47.4261],[-0.5389,47.4263]]}},{"type":"Feature","properties":{"id":560501,"kind":"upstream"},"geometry":{"type":"LineString","coordinates":[[16.9101,48.1448],[16.8949,48.1357],[16.88195,48.13024],[16.8745,48.1271],[16.86253,48.12395],[16.83933,48.12336],[16.8225,48.1194],[16.7961,48.1158],[16.7881,48.1156],[16.76764,48.1215],[16.76249,48.12137],[16.72425,48.12676],[16.7059,48.1203],[16.6973,48.1184],[16.6897,48.1176],[16.658,48.1256],[16.635,48.1289],[16.6023,48.1321],[16.5913,48.1324],[16.5775,48.1345],[16.5423,48.1423],[16.5379,48.1449],[16.5297,48.1528],[16.5242,48.1563],[16.498,48.1682],[16.49,48.1729],[16.44855,48.20247],[16.4018,48.2355]]}},{"type":"Feature","properties":{"id":560292,"kind":"downstream"},"geometry":{"type":"LineString","coordinates":[[40.44861,35.17175],[40.43095,35.13063],[40.43567,35.06864],[40.44579,35.06449],[40.45925,35.07194],[40.47534,35.06281],[40.47411,35.05229],[40.46156,35.04802],[40.4478,35.03878],[40.44501,35.03049],[40.44999,35.02851],[40.47697,35.03496],[40.48319,35.02779],[40.48565,35.00901],[40.51071,34.98599],[40.53648,34.98554],[40.54692,34.97143],[40.57406,34.95761],[40.58303,34.95341],[40.57601,34.92934],[40.58818,34.88867],[40.58581,34.87492],[40.59593,34.86785],[40.62856,34.88388],[40.63788,34.88032],[40.62081,34.83911],[40.63112,34.82188],[40.64509,34.79856],[40.6759,34.79178],[40.68736,34.77437],[40.70697,34.7817],[40.72981,34.746]]}},{"type":"Feature","properties":{"id":560516,"kind":"upstream"},"geometry":{"type":"LineString","coordinates":[[40.44861,35.17175],[40.46189,35.17213],[40.46325,35.19026],[40.48491,35.20322],[40.48849,35.21391],[40.50664,35.21353],[40.51863,35.24329],[40.55054,35.24544],[40.56897,35.26158],[40.56486,35.27713],[40.54485,35.30205],[40.57029,35.33235],[40.5642,35.35213],[40.57722,35.37397],[40.59364,35.37654],[40.59078,35.3872],[40.60424,35.39097],[40.61265,35.43694],[40.6441,35.44716],[40.67171,35.48656],[40.67201,35.51402],[40.68817,35.5565],[40.70422,35.57569],[40.73948,35.61247],[40.74401,35.67541],[40.73124,35.68271],[40.76936,35.74692],[40.86042,35.7744],[40.8924,35.80892],[40.87336,35.94233],[40.81523,35.99921],[40.78337,35.99601],[40.78489,36.01429],[40.76177,36.05461],[40.71418,36.0967],[40.7132,36.15698],[40.84932,36.46565],[40.76821,36.49509],[40.77072,36.59285],[40.79087,36.60396],[40.93508,36.59153],[40.96689,36.63561],[41.10148,36.64425],[41.15915,36.81923],[41.19283,36.84892],[41.20541,36.92233],[41.27592,37.02059],[41.23113,37.07247]]}},{"type":"Feature","properties":{"id":560620,"kind":"upstream"},"geometry":{"type":"LineString","coordinates":[[40.44861,35.17175],[40.40652,35.20955],[40.38362,35.21114],[40.3386,35.23609],[40.35051,35.25291],[40.30099,35.27119],[40.2577,35.26246],[40.27565,35.28857],[40.26811,35.30567],[40.23026,35.28077],[40.23657,35.31306],[40.21149,35.32569],[40.17889,35.31295],[40.16449,35.34045],[40.13668,35.35683],[40.11115,35.37118],[40.11911,35.3857],[40.11604,35.40331],[40.07753,35.41272],[40.06516,35.46774],[40.04701,35.47188],[40.05765,35.48058],[40.02306,35.48783],[39.9613,35.53179],[39.92111,35.52733],[39.91127,35.55706],[39.87799,35.56787],[39.89616,35.58809],[39.87928,35.59742],[39.85663,35.5937],[39.84927,35.60889],[39.824,35.65119],[39.85802,35.67366],[39.82999,35.68982],[39.82763,35.71741],[39.81522,35.73765],[39.77761,35.75698],[39.73678,35.73782],[39.69869,35.7722],[39.62389,35.80368],[39.61418,35.7707],[39.57824,35.77516],[39.60244,35.78997],[39.60015,35.80729],[39.55196,35.79394],[39.5296,35.80822],[39.43635,35.8143],[39.40854,35.82457],[39.40158,35.85367],[39.37719,35.84271],[39.35731,35.85242],[39.3447,35.83526],[39.31933,35.84202],[39.28466,35.83408],[39.28238,35.84539],[39.23604,35.87832],[39.21586,35.87211],[39.18907,35.87248],[39.18842,35.89052],[39.1795,35.89115],[39.17232,35.87936],[39.16214,35.87598],[39.1493,35.88575],[39.11118,35.89334],[39.07723,35.90499],[39.07142,35.93826],[39.04125,35.94452],[39.01015,35.94526],[38.9739,35.93823],[38.94628,35.95244],[38.93455,35.9432],[38.79693,35.91904]]}},{"type":"Feature","properties":{"id":560561,"kind":"upstream"},"geometry":{"type":"LineString","coordinates":[[-1.5491,47.2079],[-1.5404,47.2114],[-1.5335,47.2128],[-1.5122,47.2161],[-1.498,47.2188],[-1.4855,47.2262],[-1.481,47.2287],[-1.4803,47.2293],[-1.4794,47.2296],[-1.4773,47.2306],[-1.4759,47.2316],[-1.4746,47.2326],[-1.4742,47.2331],[-1.4741,47.2337],[-1.4741,47.2345],[-1.4734,47.2353],[-1.4727,47.2358],[-1.4711,47.2372],[-1.4689,47.2392],[-1.4677,47.2401],[-1.4664,47.2409],[-1.4646,47.2425],[-1.4626,47.2443],[-1.4603,47.2459],[-1.4591,47.2463],[-1.4572,47.2466],[-1.4555,47.2471],[-1.4547,47.2475],[-1.454,47.2478],[-1.4536,47.2475],[-1.4525,47.248],[-1.452,47.2484],[-1.451,47.2491],[-1.4501,47.2499],[-1.4491,47.2505],[-1.4483,47.2511],[-1.4475,47.2519],[-1.4469,47.2525],[-1.4462,47.2533],[-1.4455,47.2546],[-1.4443,47.2551],[-1.4435,47.2553],[-1.4428,47.2558],[-1.4418,47.2567],[-1.4406,47.2571],[-1.4397,47.2578],[-1.4388,47.2583],[-1.4381,47.2587],[-1.4371,47.2594],[-1.4359,47.26],[-1.4345,47.2608],[-1.4325,47.2615],[-1.431,47.262],[-1.4288,47.2627],[-1.427,47.2633],[-1.4259,47.2638],[-1.4239,47.2647],[-1.4228,47.2651],[-1.422,47.2657],[-1.4211,47.2662],[-1.4195,47.2675],[-1.4189,47.2679],[-1.418,47.2686],[-1.4177,47.2698],[-1.4166,47.2709],[-1.4151,47.2729],[-1.4146,47.2734],[-1.4138,47.2746],[-1.4122,47.2758],[-1.4114,47.2767],[-1.4103,47.2775],[-1.4089,47.2782],[-1.4078,47.2789],[-1.4071,47.2797],[-1.406,47.2806],[-1.394,47.2881],[-1.3932,47.2886],[-1.391,47.2898],[-1.3877,47.2916],[-1.3863,47.2927],[-1.3835,47.2933],[-1.3821,47.2937],[-1.3794,47.2952],[-1.3773,47.2961],[-1.3753,47.2973],[-1.3735,47.2982],[-1.3711,47.2996],[-1.3695,47.3005],[-1.3643,47.3023],[-1.3613,47.3031],[-1.3611,47.3033],[-1.361,47.3039],[-1.3606,47.3047],[-1.36,47.3054],[-1.3586,47.3064],[-1.3573,47.3077],[-1.3565,47.3087],[-1.3554,47.3096],[-1.3539,47.3105],[-1.3522,47.3114],[-1.3513,47.312],[-1.3511,47.3126],[-1.3503,47.3132],[-1.3494,47.3136],[-1.3489,47.3139],[-1.3479,47.3143],[-1.3465,47.3146],[-1.3459,47.315],[-1.3449,47.3154],[-1.3438,47.3158],[-1.3426,47.3169],[-1.3415,47.3175],[-1.3409,47.3179],[-1.3404,47.3193],[-1.34,47.3197],[-1.3374,47.3209],[-1.3354,47.3216],[-1.3344,47.322],[-1.3337,47.3223],[-1.3319,47.323],[-1.3316,47.3233],[-1.33,47.3251],[-1.3289,47.3261],[-1.327,47.3271],[-1.3228,47.3293],[-1.3217,47.33],[-1.3209,47.3304],[-1.3165,47.3326],[-1.3134,47.3341],[-1.3112,47.3354],[-1.3098,47.3364],[-1.309,47.3373],[-1.3078,47.3384],[-1.3068,47.3391],[-1.3059,47.3395],[-1.3054,47.3398],[-1.3046,47.34],[-1.3038,47.3406],[-1.3031,47.3407],[-1.3026,47.3405],[-1.3019,47.3408],[-1.3009,47.3413],[-1.2985,47.3413],[-1.2971,47.3415],[-1.296,47.3418],[-1.2948,47.3419],[-1.2919,47.3423],[-1.2885,47.3424],[-1.2885,47.3422],[-1.2862,47.3428],[-1.2845,47.3429],[-1.283,47.3429],[-1.2823,47.3427],[-1.2802,47.3414],[-1.278,47.3413],[-1.2761,47.3416],[-1.2747,47.342],[-1.2736,47.3422],[-1.2713,47.3428],[-1.269,47.343],[-1.2673,47.3432],[-1.2664,47.3433],[-1.2656,47.3433],[-1.2646,47.3438],[-1.2623,47.3445],[-1.2576,47.3459],[-1.2535,47.347],[-1.2513,47.3472],[-1.2507,47.3474],[-1.2492,47.3479],[-1.247,47.349],[-1.2441,47.3501],[-1.2396,47.3514],[-1.2384,47.3517],[-1.2377,47.3521],[-1.2354,47.3526],[-1.2347,47.3527],[-1.233,47.3532],[-1.2298,47.3551],[-1.2281,47.3556],[-1.2263,47.356],[-1.2247,47.356],[-1.2231,47.356],[-1.2216,47.3563],[-1.2203,47.3564],[-1.219,47.3567],[-1.2173,47.3566],[-1.2145,47.3566],[-1.2129,47.3563],[-1.2113,47.3561],[-1.2094,47.3561],[-1.2051,47.356],[-1.2027,47.3557],[-1.2011,47.3557],[-1.2,47.356],[-1.1983,47.3567],[-1.1964,47.357],[-1.1955,47.3573],[-1.1943,47.3578],[-1.1936,47.3579],[-1.1923,47.3583],[-1.1903,47.3592],[-1.1896,47.3591],[-1.1886,47.36],[-1.1866,47.3611],[-1.185,47.3613],[-1.1823,47.3621],[-1.1793,47.3625],[-1.1773,47.3632],[-1.1766,47.3635],[-1.1759,47.3642],[-1.1747,47.3652],[-1.1728,47.3671],[-1.1716,47.3683],[-1.1696,47.3696],[-1.1688,47.3702],[-1.1686,47.3706],[-1.1684,47.3709],[-1.1679,47.3705],[-1.1678,47.3706],[-1.1668,47.3708],[-1.1646,47.3709],[-1.1628,47.3709],[-1.1616,47.3711],[-1.1572,47.3712],[-1.1554,47.3713],[-1.1543,47.3715],[-1.1533,47.3716],[-1.1521,47.3717],[-1.1507,47.3719],[-1.1491,47.3726],[-1.1465,47.3734],[-1.1435,47.3743],[-1.1431,47.3743],[-1.1416,47.3741],[-1.1382,47.3735],[-1.1365,47.3731],[-1.1352,47.3731],[-1.134,47.3727],[-1.1338,47.3727],[-1.1328,47.373],[-1.1303,47.3739],[-1.1288,47.3741],[-1.1285,47.3741],[-1.1278,47.3744],[-1.1261,47.3751],[-1.1229,47.3751],[-1.1196,47.3751],[-1.1175,47.3748],[-1.1169,47.3744],[-1.1148,47.3736],[-1.113,47.3735],[-1.1125,47.373],[-1.1121,47.3729],[-1.1115,47.3732],[-1.1104,47.3733],[-1.1089,47.373],[-1.1078,47.3727],[-1.1058,47.3725],[-1.105,47.3723],[-1.1029,47.3715],[-1.0983,47.3707],[-1.0969,47.3707],[-1.0953,47.3707],[-1.0924,47.3714],[-1.0908,47.3714],[-1.089,47.3719],[-1.0871,47.3718],[-1.0859,47.372],[-1.0842,47.3722],[-1.0822,47.3722],[-1.0803,47.3728],[-1.0759,47.3728],[-1.0751,47.3724],[-1.0741,47.3723],[-1.0733,47.372],[-1.0722,47.372],[-1.0707,47.372],[-1.0694,47.372],[-1.0674,47.3722],[-1.0641,47.372],[-1.0618,47.3719],[-1.0616,47.372],[-1.0606,47.3721],[-1.0586,47.3715],[-1.0575,47.3715],[-1.0563,47.3711],[-1.0548,47.371],[-1.0529,47.3708],[-1.0472,47.3704],[-1.0447,47.3709],[-1.0417,47.371],[-1.0387,47.3706],[-1.0372,47.3706],[-1.0351,47.3703],[-1.0338,47.3702],[-1.0318,47.3707],[-1.0285,47.3707],[-1.0272,47.3707],[-1.0244,47.3708],[-1.022,47.3707],[-1.0205,47.3706],[-1.0176,47.3706],[-1.017,47.3711],[-1.0163,47.3713],[-1.0147,47.3716],[-1.0133,47.372],[-1.0087,47.3729],[-1.0051,47.3738],[-1.003,47.3743],[-0.9993,47.3761],[-0.9968,47.3768],[-0.9942,47.377],[-0.9933,47.3773],[-0.9903,47.3773],[-0.9897,47.3772],[-0.9863,47.377],[-0.9851,47.3769],[-0.9822,47.3769],[-0.9795,47.3774],[-0.9762,47.3779],[-0.9737,47.3779],[-0.9723,47.3783],[-0.97,47.3787],[-0.9677,47.3792],[-0.9648,47.3793],[-0.9628,47.3796],[-0.9618,47.3797],[-0.9606,47.3798],[-0.96,47.3807],[-0.9586,47.3812],[-0.9554,47.3826],[-0.9543,47.3832],[-0.9538,47.3836],[-0.9511,47.3852],[-0.95,47.3859],[-0.9495,47.3867],[-0.9477,47.3877],[-0.9475,47.3879],[-0.947,47.3885],[-0.9465,47.3891],[-0.9442,47.3903],[-0.9434,47.3907],[-0.9418,47.3922],[-0.9404,47.3934],[-0.9379,47.3955],[-0.9359,47.3964],[-0.9328,47.3979],[-0.9307,47.3989],[-0.9282,47.3996],[-0.9243,47.4009],[-0.9211,47.4027],[-0.9186,47.4043],[-0.9166,47.4042],[-0.9148,47.4043],[-0.9129,47.4049],[-0.9116,47.405],[-0.9099,47.4048],[-0.9093,47.4046],[-0.9079,47.4046],[-0.9071,47.4046],[-0.9044,47.4044],[-0.9026,47.4037],[-0.8986,47.4029],[-0.897,47.4024],[-0.8922,47.4012],[-0.8897,47.4005],[-0.8885,47.4],[-0.8871,47.3994],[-0.8862,47.3991],[-0.8852,47.3989],[-0.8842,47.3988],[-0.8822,47.3978],[-0.8812,47.3979],[-0.8791,47.398],[-0.8769,47.3977],[-0.8737,47.3974],[-0.8718,47.397],[-0.8689,47.3966],[-0.8664,47.3966],[-0.8617,47.3962],[-0.857,47.3963],[-0.852,47.396],[-0.8505,47.3959],[-0.8497,47.3964],[-0.8491,47.3965],[-0.8492,47.3959],[-0.8486,47.3952],[-0.8459,47.395],[-0.8443,47.3951],[-0.8445,47.3955],[-0.8452,47.3963],[-0.8449,47.3966],[-0.8447,47.3962],[-0.8443,47.3959],[-0.8436,47.3952],[-0.841,47.3941],[-0.8395,47.3936],[-0.8381,47.3928],[-0.8363,47.3921],[-0.8335,47.3907],[-0.8307,47.3894],[-0.8286,47.389],[-0.8271,47.3889],[-0.8261,47.3885],[-0.8237,47.388],[-0.8195,47.3876],[-0.818,47.3874],[-0.8198,47.3881],[-0.8194,47.3881],[-0.817,47.3875],[-0.8144,47.3866],[-0.8127,47.386],[-0.8119,47.3853],[-0.8105,47.3849],[-0.8081,47.3845],[-0.8068,47.3841],[-0.8047,47.3834],[-0.8032,47.383],[-0.8015,47.3829],[-0.8004,47.3827],[-0.7988,47.3827],[-0.7975,47.382],[-0.7969,47.3817],[-0.7967,47.3814],[-0.7955,47.381],[-0.7913,47.3801],[-0.7901,47.3797],[-0.7896,47.3796],[-0.7885,47.3798],[-0.787,47.3796],[-0.7848,47.3789],[-0.782,47.377],[-0.7802,47.3767],[-0.7769,47.3749],[-0.7741,47.3741],[-0.7728,47.3742],[-0.7708,47.3742],[-0.7696,47.3738],[-0.7661,47.3725],[-0.7654,47.3721],[-0.7636,47.3712],[-0.7627,47.3709],[-0.7621,47.371],[-0.76,47.3708],[-0.7584,47.3702],[-0.7575,47.3701],[-0.756,47.3697],[-0.7552,47.3692],[-0.7533,47.3689],[-0.752,47.3688],[-0.7485,47.3683],[-0.7423,47.3673],[-0.7406,47.36681],[-0.7385,47.3662],[-0.7362,47.3656],[-0.733,47.3647],[-0.7303,47.3636],[-0.7303,47.3635],[-0.7303,47.3634],[-0.7296,47.3631],[-0.7283,47.3625],[-0.7278,47.3624],[-0.7272,47.3626],[-0.7272,47.3628],[-0.7265,47.3627],[-0.7251,47.3627],[-0.7236,47.3627],[-0.7233,47.3628],[-0.7222,47.3633],[-0.7218,47.3633],[-0.7203,47.3633],[-0.7183,47.3634],[-0.7179,47.3635],[-0.7179,47.3637],[-0.7184,47.3638],[-0.719,47.3641],[-0.7186,47.3642],[-0.7174,47.3642],[-0.7168,47.3642],[-0.7145,47.3639],[-0.7127,47.3638],[-0.7112,47.364],[-0.7103,47.3641],[-0.7086,47.3646],[-0.708,47.3646],[-0.7067,47.3649],[-0.7055,47.3652],[-0.7034,47.3653],[-0.7006,47.3657],[-0.6984,47.366],[-0.6967,47.3664],[-0.6959,47.3664],[-0.6941,47.3671],[-0.6919,47.3677],[-0.6906,47.3681],[-0.6903,47.3685],[-0.6888,47.3687],[-0.6877,47.3694],[-0.6868,47.3699],[-0.6849,47.3705],[-0.6833,47.371],[-0.681,47.3713],[-0.6798,47.3715],[-0.6778,47.3722],[-0.6766,47.3724],[-0.6743,47.373],[-0.6695,47.374],[-0.668,47.3746],[-0.6674,47.3749],[-0.6661,47.3761],[-0.6652,47.3765],[-0.6642,47.3767],[-0.6624,47.3775],[-0.6614,47.3775],[-0.6601,47.3775],[-0.6582,47.3773],[-0.6552,47.3767],[-0.654,47.3767],[-0.6526,47.3768],[-0.6514,47.3771],[-0.6504,47.3775],[-0.6496,47.3782],[-0.6485,47.3795],[-0.6473,47.3812],[-0.6469,47.3815],[-0.6449,47.3826],[-0.6442,47.383],[-0.6432,47.3838],[-0.6417,47.3855],[-0.6407,47.3864],[-0.6392,47.3878],[-0.6383,47.3884],[-0.6364,47.3897],[-0.6331,47.3917],[-0.6314,47.3929],[-0.6306,47.3933],[-0.6301,47.3936],[-0.6294,47.3943],[-0.6288,47.3952],[-0.6282,47.3955],[-0.6279,47.3957],[-0.6276,47.396],[-0.6274,47.3966],[-0.6271,47.3969],[-0.6264,47.3973],[-0.6262,47.3976],[-0.6258,47.398],[-0.6251,47.3983],[-0.6236,47.3992],[-0.6228,47.3998],[-0.622,47.4011],[-0.6219,47.4017],[-0.6217,47.4026],[-0.6215,47.4029],[-0.6205,47.4036],[-0.6201,47.4039],[-0.6187,47.4058],[-0.6181,47.4066],[-0.6168,47.4071],[-0.6162,47.4075],[-0.6159,47.408],[-0.6158,47.4084],[-0.6153,47.4111],[-0.6151,47.4119],[-0.612,47.412],[-0.6113,47.4122],[-0.6091,47.4131],[-0.608,47.4136],[-0.605,47.4143],[-0.6036,47.4147],[-0.5993,47.4159],[-0.5971,47.4161],[-0.5961,47.4164],[-0.5953,47.4165],[-0.5931,47.4164],[-0.5919,47.4163],[-0.5904,47.4164],[-0.5874,47.4169],[-0.5862,47.417],[-0.5847,47.417],[-0.5833,47.4169],[-0.5822,47.4169],[-0.581,47.4171],[-0.5801,47.4172],[-0.5791,47.4173],[-0.5782,47.4172],[-0.5774,47.4172],[-0.5766,47.4173],[-0.573,47.4183],[-0.5714,47.4186],[-0.5701,47.4186],[-0.5676,47.4187],[-0.5648,47.4187],[-0.5618,47.4189],[-0.5596,47.419],[-0.5586,47.4193],[-0.5574,47.4196],[-0.556,47.4206],[-0.5543,47.4218],[-0.5535,47.422],[-0.5521,47.4221],[-0.551,47.4222],[-0.5503,47.4226],[-0.5498,47.4227],[-0.5496,47.4223],[-0.5493,47.4223],[-0.5488,47.4223],[-0.5479,47.4229],[-0.5464,47.4239],[-0.545,47.4247],[-0.5435,47.4254],[-0.543,47.4255],[-0.5389,47.4263]]}},{"type":"Feature","properties":{"id":560548,"kind":"upstream"},"geometry":{"type":"LineString","coordinates":[[6.65344,49.77313],[6.6436,49.77015],[6.63784,49.76736],[6.63061,49.75928],[6.62709,49.74632],[6.62773,49.73753],[6.62124,49.72447],[6.60917,49.71673],[6.59463,49.71225],[6.58246,49.71093],[6.56993,49.70436],[6.55929,49.7026],[6.5509,49.70544],[6.54387,49.70999],[6.53728,49.7136],[6.52767,49.71283],[6.51438,49.71171],[6.50473,49.71141],[6.50011,49.70865],[6.48561,49.69891],[6.47518,49.6943],[6.46715,49.69238],[6.46116,49.68815],[6.45442,49.68389],[6.449,49.67705],[6.44053,49.6713],[6.43133,49.6653],[6.42947,49.66047],[6.4326,49.65843],[6.43706,49.65833],[6.44136,49.65561],[6.43998,49.64937],[6.43101,49.63075],[6.42424,49.61838],[6.40444,49.60679],[6.39855,49.59947],[6.38891,49.59769],[6.37991,49.59242],[6.37985,49.5872],[6.38573,49.57834],[6.37927,49.57552],[6.37295,49.57579],[6.36691,49.57726],[6.36404,49.57598],[6.36177,49.57186],[6.36587,49.56675],[6.37547,49.56253],[6.38101,49.55795],[6.38241,49.55418],[6.3796,49.54742],[6.3709,49.54023],[6.36374,49.53238],[6.3628,49.52544],[6.36597,49.51792],[6.36882,49.50515],[6.36943,49.49255],[6.36853,49.47085],[6.36925,49.46158],[6.37314,49.45432],[6.37017,49.4497],[6.36466,49.44452],[6.35744,49.44238],[6.35185,49.44292],[6.34789,49.44636],[6.34355,49.44979],[6.3387,49.45035],[6.33326,49.44898],[6.32805,49.44476],[6.32514,49.43943],[6.32423,49.43225],[6.32337,49.42436],[6.3195,49.42185],[6.31421,49.42335],[6.31244,49.4271],[6.30746,49.42932],[6.30243,49.42749],[6.29833,49.4233],[6.2957,49.41917],[6.28959,49.41706],[6.28565,49.4155],[6.28523,49.41144],[6.28707,49.40697],[6.28556,49.40263],[6.27866,49.40121],[6.27221,49.40338],[6.26642,49.40653],[6.26254,49.40425],[6.25942,49.397],[6.25114,49.39434],[6.2403,49.39136],[6.23348,49.38899],[6.22497,49.38918],[6.21319,49.38878],[6.20863,49.38577],[6.20863,49.38125],[6.2093,49.37293],[6.20299,49.36891],[6.19069,49.36587],[6.1804,49.36076],[6.17023,49.35422],[6.16871,49.35035],[6.1712,49.34686],[6.1762,49.34441],[6.17537,49.34105],[6.1721,49.33594],[6.17262,49.32952],[6.17464,49.32292],[6.1769,49.31776],[6.17485,49.31578],[6.1692,49.31273],[6.16922,49.30797],[6.17288,49.3038],[6.18168,49.29529],[6.1882,49.28765],[6.19114,49.28322],[6.19052,49.27725],[6.19338,49.27377],[6.20022,49.27114],[6.20268,49.26813],[6.19823,49.26393],[6.19199,49.25919],[6.19081,49.25558],[6.1932,49.24875],[6.19241,49.24038],[6.19361,49.23471],[6.19664,49.22909],[6.20241,49.22595],[6.20504,49.2208],[6.20285,49.21596],[6.2021,49.21165],[6.20362,49.20646],[6.20325,49.20192],[6.19852,49.19676],[6.19101,49.1896],[6.19271,49.18679],[6.1969,49.18503],[6.20556,49.18247],[6.21096,49.17931],[6.21181,49.17339],[6.21064,49.16501],[6.20686,49.15726],[6.20221,49.14662],[6.19843,49.13887],[6.19432,49.13515],[6.18658,49.13108],[6.17102,49.12319]]}},{"type":"Feature","properties":{"id":560232,"kind":"downstream"},"geometry":{"type":"LineString","coordinates":[[6.65344,49.77313],[6.67061,49.77699],[6.68686,49.78137],[6.70067,49.78344],[6.70443,49.79192],[6.70205,49.80078],[6.70569,49.81093],[6.71025,49.82054],[6.72229,49.82312],[6.73385,49.82011],[6.74196,49.81644],[6.75241,49.81674],[6.76559,49.81544],[6.77398,49.81182],[6.78361,49.80664],[6.7975,49.80143],[6.8106,49.79667],[6.82356,49.79399],[6.83043,49.79611],[6.83531,49.79801],[6.83959,49.79765],[6.84414,49.79329],[6.85027,49.79154],[6.85582,49.79473],[6.8563,49.80244],[6.85333,49.80556],[6.85252,49.81002],[6.84802,49.81358],[6.84596,49.81817],[6.84561,49.82328],[6.8405,49.82842],[6.83742,49.83314],[6.83864,49.83734],[6.84344,49.84036],[6.85486,49.84212],[6.86373,49.84428],[6.87172,49.84483],[6.87733,49.84338],[6.8826,49.83968],[6.88449,49.83397],[6.88574,49.82647],[6.88855,49.8219],[6.89275,49.81914],[6.90041,49.81694],[6.90726,49.81953],[6.90976,49.82328],[6.90948,49.8276],[6.90412,49.83274],[6.90028,49.84144],[6.8949,49.85059],[6.89454,49.85602],[6.89714,49.86586],[6.89723,49.87195],[6.89709,49.87787],[6.90078,49.88262],[6.90734,49.88584],[6.91828,49.88742],[6.92809,49.88705],[6.93521,49.88564],[6.9354,49.88276],[6.93298,49.87757],[6.92888,49.87137],[6.93095,49.86662],[6.93758,49.86504],[6.94472,49.86699],[6.94982,49.87338],[6.94952,49.8817],[6.94981,49.88875],[6.95336,49.89573],[6.96171,49.90236],[6.97664,49.90821],[6.99062,49.91338],[7.00359,49.91469],[7.018,49.91699],[7.032,49.91799],[7.03888,49.91641],[7.04717,49.91246],[7.0546,49.91009],[7.06287,49.91031],[7.06972,49.91305],[7.07502,49.91671],[7.07531,49.92008],[7.07038,49.92652],[7.06569,49.93312],[7.0567,49.94026],[7.04271,49.94678],[7.02429,49.9519],[7.0112,49.95621],[7.00404,49.96194],[7.00146,49.96684],[7.00513,49.97222],[7.01369,49.97981],[7.02029,49.98287],[7.02757,49.98306],[7.03853,49.98062],[7.05265,49.97618],[7.06372,49.97199],[7.07268,49.96949],[7.08169,49.97005],[7.08898,49.97408],[7.09385,49.98061],[7.09764,49.98423],[7.1026,49.98547],[7.10754,49.98288],[7.11081,49.9788],[7.10842,49.97281],[7.10463,49.96503],[7.10423,49.95941],[7.11111,49.95382],[7.11806,49.95128],[7.12686,49.95118],[7.1344,49.95521],[7.13644,49.96679],[7.13559,49.97238],[7.12624,49.98127],[7.11808,49.99115],[7.11664,49.99816],[7.11932,50.00752],[7.12366,50.01467],[7.1243,50.02045],[7.12268,50.02634],[7.11714,50.03437],[7.1172,50.04157],[7.12239,50.04715],[7.12958,50.04893],[7.13996,50.04391],[7.14771,50.03674],[7.15301,50.02822],[7.15744,50.02177],[7.16452,50.01714],[7.17285,50.0167],[7.18239,50.0211],[7.1845,50.02772],[7.18183,50.03438],[7.17463,50.04109],[7.16361,50.04418],[7.14905,50.04766],[7.14074,50.05161],[7.1342,50.05561],[7.13209,50.06116],[7.13431,50.07403],[7.13514,50.08911],[7.13742,50.09701],[7.13366,50.10076],[7.1259,50.10393],[7.12421,50.10677],[7.12787,50.10878],[7.14324,50.10484],[7.16146,50.09553],[7.17546,50.08915],[7.19033,50.08503],[7.20024,50.08368],[7.20635,50.08671],[7.2061,50.09086],[7.20141,50.09748],[7.19677,50.10345],[7.19551,50.10758],[7.19826,50.11197],[7.20341,50.11434],[7.20914,50.1156],[7.21918,50.11216],[7.22989,50.11018],[7.23811,50.11182],[7.24114,50.1159],[7.24061,50.12053],[7.23371,50.12628],[7.23095,50.13022],[7.23138,50.13568],[7.23724,50.14318],[7.23724,50.14735],[7.23376,50.15062],[7.22746,50.15047],[7.21579,50.14731],[7.20354,50.14557],[7.18566,50.14497],[7.17606,50.14505],[7.1736,50.14819],[7.17266,50.15521],[7.17658,50.1614],[7.18122,50.16391],[7.1986,50.1645],[7.20537,50.16515],[7.21592,50.17021],[7.22291,50.1715],[7.23196,50.1722],[7.24794,50.17082],[7.27036,50.17168],[7.28875,50.17244],[7.29913,50.17621],[7.30674,50.18423],[7.31184,50.18755],[7.31962,50.18838],[7.33532,50.18778],[7.3487,50.18777],[7.36192,50.19064],[7.37386,50.1938],[7.37973,50.20162],[7.38907,50.21496],[7.40024,50.22306],[7.41706,50.22953],[7.42457,50.23082],[7.4368,50.22901],[7.44634,50.23018],[7.45032,50.23588],[7.44823,50.24175],[7.44865,50.24769],[7.45009,50.25364],[7.44645,50.26012],[7.4477,50.2648],[7.45374,50.26989],[7.45952,50.27514],[7.46379,50.28036],[7.46273,50.28578],[7.461,50.28959],[7.46376,50.29461],[7.46771,50.30094],[7.46763,50.30702],[7.46612,50.31147],[7.46741,50.31567],[7.47328,50.31948],[7.48141,50.3235],[7.48719,50.32427],[7.49338,50.32232],[7.50079,50.3164],[7.50858,50.31288],[7.51773,50.31228],[7.52465,50.31531],[7.53013,50.32168],[7.53428,50.32465],[7.53896,50.32699],[7.54908,50.32721],[7.55753,50.33027],[7.56104,50.33579],[7.55969,50.342],[7.55954,50.34968],[7.56022,50.35594],[7.56447,50.36179],[7.57125,50.3677],[7.58067,50.37174],[7.58959,50.37046]]}},{"type":"Feature","properties":{"id":560230,"kind":"downstream"},"geometry":{"type":"LineString","coordinates":[[6.4769,51.6754],[6.47634,51.67953],[6.47494,51.68658],[6.47274,51.69088],[6.46778,51.6965],[6.46284,51.70208],[6.46084,51.70308],[6.45434,51.70648],[6.44256,51.70828],[6.43265,51.70979],[6.42874,51.71038],[6.41764,51.71348],[6.41134,51.71858],[6.41184,51.72368],[6.41782,51.73078],[6.42354,51.73758],[6.42224,51.74698],[6.41774,51.75188],[6.40994,51.75478],[6.39964,51.75578],[6.39141,51.7559],[6.34964,51.75648],[6.33464,51.76728],[6.33092,51.77538],[6.32714,51.78358],[6.31615,51.79768],[6.30555,51.80638],[6.28225,51.81908],[6.25205,51.82728],[6.22275,51.83008],[6.18324,51.83916],[6.16644,51.84299],[6.16304,51.84359],[6.16234,51.84469],[6.15624,51.84559],[6.15034,51.84699],[6.14844,51.84799],[6.14754,51.84899],[6.14634,51.84909],[6.14344,51.84899],[6.14134,51.84949],[6.13994,51.84949],[6.13434,51.84979],[6.13234,51.85009],[6.13084,51.85019],[6.11894,51.85029],[6.11534,51.84989],[6.11054,51.84949],[6.10694,51.84989],[6.10564,51.85019],[6.10164,51.85079],[6.10054,51.85089],[6.09904,51.85209],[6.09814,51.85299],[6.09504,51.85329],[6.09344,51.85379],[6.09194,51.85439],[6.09334,51.85459],[6.09324,51.85589],[6.09254,51.85669],[6.09134,51.85769],[6.09014,51.85789],[6.08884,51.85799],[6.08864,51.85749],[6.08804,51.85729],[6.08644,51.85799],[6.08574,51.85799],[6.08484,51.85839],[6.08424,51.85909],[6.08254,51.85979],[6.07854,51.86169],[6.07854,51.86239],[6.07604,51.86239],[6.06954,51.86559],[6.06674,51.86659],[6.06174,51.86889],[6.05784,51.87039],[6.0323,51.8808],[6.0236,51.8918],[6.0223,51.8939],[6.0219,51.896],[6.0201,51.8975],[6.0171,51.8995],[6.0143,51.9009],[6.0124,51.9017],[6.0079,51.9028],[6.0016,51.9046],[5.9931,51.9083],[5.9903,51.9099],[5.9836,51.915],[5.9779,51.9208],[5.9755,51.9229],[5.9676,51.9279],[5.9645,51.9306],[5.9626,51.9319],[5.9612,51.9346],[5.9602,51.9391],[5.9594,51.9418],[5.958,51.9445],[5.957,51.9456],[5.9544,51.9476],[5.9488,51.9508],[5.9417,51.9539],[5.9403,51.9549],[5.938,51.9564],[5.9357,51.9584],[5.9343,51.9602],[5.9328,51.9645],[5.9316,51.966],[5.9299,51.9673],[5.9282,51.9684],[5.9258,51.9692],[5.9232,51.9697],[5.9199,51.9701],[5.9174,51.9706],[5.9152,51.9716],[5.9129,51.9729],[5.9096,51.9743],[5.9072,51.9755],[5.9067,51.9745],[5.90386,51.97468],[5.9035,51.9747],[5.8997,51.9801],[5.8927,51.9826],[5.8895,51.9831],[5.8861,51.9833],[5.8825,51.983],[5.8797,51.9822],[5.875,51.9807],[5.8739,51.9809],[5.8725,51.9802],[5.8732,51.9794],[5.8717,51.9781],[5.8706,51.9769],[5.8691,51.9752],[5.8673,51.9734],[5.8663,51.9732],[5.8593,51.968],[5.8576,51.9679],[5.8569,51.9685],[5.8554,51.9684],[5.8534,51.9693],[5.85337,51.96931],[5.8505,51.9702],[5.8434,51.972],[5.8395,51.9727],[5.8359,51.9729],[5.8326,51.9729],[5.8298,51.9726],[5.8274,51.9722],[5.8255,51.9717],[5.8127,51.9654],[5.8099,51.9639],[5.8083,51.9632],[5.8005,51.9619],[5.7973,51.9616],[5.7931,51.961],[5.78736,51.95962],[5.78492,51.95926],[5.77172,51.95962],[5.7714,51.9597],[5.7626,51.9627],[5.7566,51.965],[5.745,51.9714],[5.74,51.9712],[5.7368,51.9705],[5.7313,51.969],[5.7226,51.963],[5.7203,51.9628],[5.7184,51.9628],[5.7144,51.9625],[5.711,51.9621],[5.705,51.9617],[5.70386,51.96148],[5.7024,51.9612],[5.7001,51.961],[5.6936,51.9601],[5.6907,51.959],[5.6897,51.9588],[5.6869,51.9589],[5.6837,51.9586],[5.681,51.9578],[5.6763,51.9562],[5.6734,51.9541],[5.6686,51.9518],[5.6639,51.9517],[5.6556,51.9525],[5.6541,51.953],[5.6519,51.9531],[5.6485,51.9528],[5.6461,51.9518],[5.6429,51.9491],[5.6422,51.9483],[5.6411,51.9473],[5.64,51.9466],[5.638,51.9451],[5.6354,51.9434],[5.6326,51.9424],[5.6305,51.9418],[5.6073,51.9441],[5.6029,51.9454],[5.5963,51.949],[5.5933,51.9504],[5.5913,51.951],[5.5851,51.9514],[5.5722,51.9541],[5.5696,51.9543],[5.5629,51.9554],[5.5601,51.9562],[5.5572,51.9572],[5.5578,51.958],[5.5578,51.9586],[5.5554,51.9607],[5.5547,51.9602],[5.5554,51.9593],[5.5542,51.9585],[5.5519,51.9596],[5.5495,51.9612],[5.5473,51.9632],[5.54489,51.96568],[5.54053,51.96579],[5.5399,51.9664],[5.5295,51.9686],[5.5192,51.9706],[5.5094,51.973],[5.5062,51.9742],[5.5042,51.9755],[5.5005,51.9774],[5.497,51.9789],[5.4901,51.9814],[5.4864,51.9826],[5.4839,51.983],[5.4821,51.9829],[5.4745,51.9842],[5.47092,51.98415],[5.4666,51.9841],[5.4583,51.9846],[5.4544,51.985],[5.4509,51.9857],[5.4483,51.9866],[5.4454,51.9875],[5.4424,51.988],[5.4399,51.9881],[5.437,51.9875],[5.4347,51.9868],[5.432,51.9866],[5.4325,51.9854],[5.4302,51.9843],[5.4291,51.9847],[5.4277,51.9849],[5.4263,51.9844],[5.4255,51.9833],[5.4246,51.9823],[5.4237,51.982],[5.4213,51.9805],[5.4197,51.9798],[5.4144,51.9782],[5.4119,51.9771],[5.4099,51.9768],[5.4074,51.9766],[5.4053,51.9761],[5.404,51.9757],[5.4013,51.9754],[5.3986,51.9748],[5.397,51.9743],[5.3955,51.9745],[5.3937,51.9745],[5.3925,51.9741],[5.392,51.9734],[5.392,51.9726],[5.3925,51.972],[5.3859,51.9704],[5.3831,51.9701],[5.3802,51.97],[5.375,51.9702],[5.3723,51.9707],[5.3695,51.971],[5.3636,51.9719],[5.3615,51.9719],[5.3453,51.9678],[5.3405,51.9634],[5.3364,51.9608],[5.336,51.9598],[5.3337,51.9589],[5.3322,51.958],[5.3279,51.9568],[5.3245,51.9563],[5.3224,51.9561],[5.3191,51.956],[5.3158,51.9569],[5.3135,51.9577],[5.3107,51.959],[5.3078,51.9606],[5.3042,51.9622],[5.3012,51.9629],[5.297,51.9636],[5.2923,51.9637],[5.288,51.9639],[5.2837,51.9643],[5.2777,51.9652],[5.2742,51.9659],[5.2714,51.9668],[5.2658,51.9684],[5.2631,51.9696],[5.2599,51.9709],[5.25679,51.97274],[5.2545,51.9741],[5.2477,51.9789],[5.2438,51.9806],[5.2403,51.9809],[5.2373,51.9807],[5.2308,51.9788],[5.22627,51.97345],[5.2225,51.969],[5.2198,51.9662],[5.2177,51.9644],[5.2153,51.9626],[5.2122,51.9614],[5.2081,51.9609],[5.2046,51.9611],[5.2012,51.9614],[5.1983,51.9618],[5.1951,51.9627],[5.1897,51.9647],[5.1866,51.9661],[5.1795,51.9694],[5.1743,51.9708],[5.166,51.9716],[5.1633,51.9717],[5.1578,51.9724],[5.1556,51.9728],[5.1545,51.9732],[5.151,51.975],[5.15082,51.97516],[5.14872,51.97521],[5.14631,51.97527],[5.145,51.9773],[5.1427,51.9804],[5.1353,51.988],[5.1328,51.9907],[5.13,51.9933],[5.1256,51.9961],[5.1199,51.9984],[5.1158,51.9995],[5.1092,52.0011],[5.105,52.0016],[5.1011,52.0019],[5.0966,52.0016],[5.0937,52.0013],[5.0915,52.001],[5.0866,51.9993],[5.0834,51.9985],[5.0815,51.9976],[5.0767,51.9957],[5.0737,51.9947],[5.0731,51.9928],[5.0701,51.9916],[5.067,51.9916],[5.0652,51.9906],[5.0636,51.9893],[5.0641,51.9879],[5.0634,51.9864],[5.0616,51.9856],[5.0602,51.9852],[5.059,51.9853],[5.0584,51.9858],[5.0577,51.9866],[5.0551,51.9856],[5.0536,51.9848],[5.0504,51.9834],[5.0476,51.9818],[5.045,51.98],[5.0421,51.9781],[5.04162,51.97756],[5.0404,51.9762],[5.0398,51.9744],[5.0387,51.9725],[5.0367,51.9706],[5.0345,51.969],[5.0322,51.9679],[5.0304,51.9673],[5.0274,51.9672],[5.0246,51.9672],[5.0222,51.9676],[5.0194,51.9684],[5.0168,51.9696],[5.0147,51.9709],[5.0118,51.973],[5.0094,51.9743],[5.0067,51.9756],[5.0036,51.9765],[5.0011,51.9766],[4.99926,51.97645],[5.00258,51.97736],[4.9994,51.9775],[4.9954,51.977],[4.9898,51.9752],[4.9863,51.9737],[4.98492,51.97255],[4.9809,51.9692],[4.9733,51.9623],[4.9676,51.9599],[4.9644,51.9597],[4.96,51.9602],[4.9561,51.9613],[4.9518,51.9628],[4.95012,51.96307],[4.94726,51.96229],[4.9452,51.9628],[4.944,51.9628],[4.9414,51.9626],[4.9395,51.9619],[4.9365,51.9602],[4.93521,51.959],[4.93146,51.95798],[4.92861,51.9572],[4.9282,51.9565],[4.9271,51.9555],[4.9268,51.9544],[4.9257,51.9531],[4.925,51.9527],[4.9219,51.9502],[4.9203,51.9484],[4.9164,51.9445],[4.9142,51.9437],[4.9086,51.943],[4.9023,51.942],[4.8929,51.9416],[4.8889,51.9412],[4.8824,51.9398],[4.878,51.9391],[4.8732,51.939],[4.8684,51.9394],[4.86558,51.93997],[4.86212,51.93902],[4.8591,51.9397],[4.8534,51.9406],[4.8507,51.9406],[4.8461,51.9403],[4.838,51.9392],[4.8354,51.9385],[4.8328,51.937],[4.8299,51.9342],[4.8245,51.9312],[4.81857,51.92709],[4.77549,51.91526],[4.7729,51.9151],[4.7709,51.9151],[4.7691,51.915],[4.7656,51.914],[4.7607,51.9113],[4.7592,51.91079],[4.73318,51.90363],[4.7322,51.9033],[4.7305,51.9026],[4.7274,51.9011],[4.7263,51.9003],[4.7226,51.8988],[4.72,51.8982],[4.7165,51.898],[4.71352,51.89821],[4.7039,51.8989],[4.7011,51.8989],[4.6984,51.8987],[4.6961,51.8977],[4.6932,51.8967],[4.6702,51.8879],[4.6583,51.888],[4.6559,51.8878],[4.6533,51.8877],[4.6488,51.8882],[4.6459,51.8887],[4.6426,51.8891],[4.6402,51.8891],[4.6394,51.8888],[4.6353,51.889],[4.6325,51.8889],[4.6308,51.8883],[4.6293,51.8888],[4.6278,51.8881],[4.6221,51.888],[4.6172,51.8881],[4.6152,51.8891],[4.6135,51.8896],[4.6079,51.8903],[4.6043,51.8905],[4.6041,51.8909],[4.5994,51.8913],[4.5961,51.8919],[4.5928,51.8927],[4.59,51.8935],[4.58927,51.89391],[4.5877,51.8948],[4.5846,51.8974],[4.583,51.8992],[4.5809,51.9003],[4.5788,51.9011],[4.5759,51.9014],[4.5757,51.9001],[4.5726,51.9002],[4.5725,51.902],[4.5703,51.9015],[4.5679,51.9012],[4.5656,51.9015],[4.56149,51.90604],[4.5679,51.9104],[4.56991,51.91171],[4.5722,51.9132],[4.5768,51.9147],[4.5795,51.9176],[4.5794,51.9194],[4.5787,51.9208],[4.5796,51.9218],[4.5812,51.9224],[4.5842,51.9224],[4.5868,51.9227],[4.5878,51.9233],[4.5892,51.9244],[4.5908,51.9253],[4.5929,51.926],[4.5965,51.927],[4.5997,51.9276],[4.6015,51.9277],[4.6057,51.9275],[4.608,51.9271],[4.6095,51.9271],[4.6108,51.9277],[4.6114,51.9285],[4.6113,51.9297],[4.6108,51.9312],[4.611,51.9319],[4.6158,51.9337],[4.6168,51.9344],[4.6189,51.9368],[4.6198,51.9375],[4.621,51.9381],[4.6225,51.9384],[4.6244,51.9384],[4.6285,51.9382],[4.6306,51.9382],[4.6313,51.9385],[4.6329,51.9419],[4.6344,51.9442],[4.6349,51.9473],[4.6361,51.9509],[4.6366,51.9521],[4.6382,51.9533],[4.6404,51.9543],[4.6419,51.9548],[4.6422,51.9553],[4.6418,51.956],[4.6396,51.9586],[4.6373,51.9608],[4.6354,51.9624],[4.63211,51.96453],[4.6325,51.9686],[4.6379,51.9722],[4.6417,51.9727],[4.6449,51.9734],[4.6479,51.9742],[4.6495,51.975],[4.6531,51.9775],[4.654,51.9779],[4.6581,51.9782],[4.6603,51.9787],[4.6642,51.9798],[4.6675,51.9812],[4.6679,51.9818],[4.6674,51.9824],[4.6676,51.9829],[4.6684,51.9837],[4.67,51.986],[4.6709,51.987],[4.6741,51.9885],[4.6763,51.9898],[4.6775,51.9925],[4.6786,51.993],[4.6832,51.9946],[4.6847,51.9958],[4.6874,51.9976],[4.6889,51.9983],[4.6897,51.9993],[4.6921,51.9994],[4.6928,52.0037],[4.6923,52.0058],[4.691,52.0075],[4.6887,52.0091],[4.6865,52.0112],[4.6846,52.0133],[4.6834,52.0159],[4.6811,52.0207],[4.677,52.0224],[4.6744,52.0229],[4.6718,52.0235],[4.6701,52.0243],[4.6687,52.0255],[4.6649,52.0284],[4.6612,52.0319],[4.6599,52.0369],[4.6599,52.0411],[4.6619,52.049],[4.6639,52.0588],[4.6597,52.0641],[4.659,52.0701],[4.66004,52.07545],[4.66131,52.08247],[4.6615,52.0839],[4.6623,52.0871],[4.6627,52.0894],[4.6634,52.0908],[4.6641,52.0965],[4.6648,52.1002],[4.6681,52.1064],[4.6706,52.1114],[4.6718,52.1134],[4.6728,52.1154],[4.6752,52.1188],[4.6729,52.1203],[4.6693,52.121],[4.6685,52.1214],[4.6667,52.1224],[4.6652,52.1242],[4.6635,52.1281],[4.6638,52.131],[4.664,52.1361],[4.6633,52.1394],[4.6627,52.1402],[4.6615,52.141],[4.6592,52.1416],[4.6565,52.1421],[4.6529,52.1429],[4.6507,52.1426],[4.6486,52.1429],[4.6474,52.1427],[4.6362,52.1404],[4.632,52.1399],[4.6296,52.1392],[4.6267,52.138],[4.626,52.1371],[4.6234,52.1353],[4.6222,52.1338],[4.6208,52.1323],[4.6179,52.131],[4.6146,52.1301],[4.6122,52.1299],[4.5992,52.1319],[4.5954,52.1321],[4.5914,52.1319],[4.5879,52.1305],[4.584,52.1293],[4.5813,52.1288],[4.5724,52.1289],[4.5661,52.13],[4.5615,52.1319],[4.5582,52.1338],[4.5528,52.1373],[4.5482,52.1394],[4.5428,52.1408],[4.5368,52.1413],[4.5338,52.1417],[4.5315,52.1421],[4.53,52.1427],[4.5285,52.1436],[4.5258,52.1454],[4.5242,52.1474],[4.5217,52.1535],[4.521,52.1545],[4.5201,52.1552],[4.5178,52.1561],[4.5133,52.1568],[4.5119,52.1569],[4.5108,52.1569],[4.5087,52.1573],[4.5042,52.1575],[4.5049,52.1583],[4.5047,52.1592],[4.5058,52.1606],[4.5061,52.1612],[4.5055,52.1622],[4.504,52.1624],[4.5025,52.1629],[4.5005,52.163],[4.4986,52.1636],[4.4943,52.1637],[4.4929,52.1642],[4.4921,52.1643],[4.4908,52.1643],[4.4897,52.1642],[4.4868,52.1647],[4.4853,52.1642],[4.4831,52.1628],[4.4813,52.161],[4.4793,52.1594],[4.4755,52.1591],[4.4736,52.1583],[4.4722,52.1569],[4.4699,52.1552],[4.4678,52.1538],[4.4651,52.1522],[4.4629,52.1526],[4.4603,52.1543],[4.4573,52.1564],[4.4548,52.1579],[4.4504,52.161],[4.4489,52.1623],[4.4478,52.1635],[4.4471,52.1647],[4.4467,52.1668],[4.4471,52.1697],[4.4475,52.1709],[4.4482,52.1721],[4.4487,52.1734],[4.449,52.1776],[4.4466,52.179],[4.4443,52.1793],[4.441,52.1799],[4.4362,52.181],[4.4336,52.1833],[4.43,52.1871],[4.4273,52.1891],[4.4267,52.1905],[4.4262,52.1922],[4.4266,52.1936],[4.4277,52.1944],[4.4292,52.1951],[4.4313,52.1963],[4.4297,52.1975],[4.4211,52.2026],[4.4181,52.2039],[4.4094,52.2066]]}},{"type":"Feature","properties":{"id":560667,"kind":"upstream"},"geometry":{"type":"LineString","coordinates":[[32.78536,26.00232],[32.78332,25.99293],[32.77958,25.98326],[32.77784,25.97198],[32.77471,25.96262],[32.769,25.9516],[32.76056,25.93849],[32.75162,25.92997],[32.74299,25.92234],[32.73482,25.91457],[32.72913,25.90206],[32.72514,25.88706],[32.72542,25.87268],[32.73361,25.86074],[32.74482,25.8503],[32.76049,25.835],[32.76942,25.82381],[32.77228,25.80959],[32.76614,25.79724],[32.75387,25.78929],[32.74175,25.78178],[32.7226,25.77747],[32.69676,25.7728],[32.6878,25.7702],[32.67358,25.76088],[32.6668,25.75267],[32.65944,25.74267],[32.65019,25.7239],[32.64348,25.70975],[32.64066,25.70276]]}},{"type":"Feature","properties":{"id":560341,"kind":"downstream"},"geometry":{"type":"LineString","coordinates":[[32.78536,26.00232],[32.78475,26.00873],[32.78258,26.02275],[32.77803,26.04062],[32.77318,26.06036],[32.76594,26.08664],[32.75916,26.1061],[32.74262,26.12107],[32.72472,26.13335],[32.68954,26.14883],[32.66813,26.16574],[32.65412,26.17323],[32.64129,26.17191],[32.62992,26.16392],[32.62353,26.15437],[32.61623,26.13933],[32.60572,26.1284],[32.58555,26.11871],[32.55487,26.11185],[32.5186,26.11159],[32.48838,26.11299],[32.46524,26.11085],[32.44773,26.11051],[32.43238,26.10284],[32.41958,26.09039],[32.40752,26.0746],[32.40042,26.0697],[32.38453,26.07284],[32.36025,26.07413],[32.34371,26.07391],[32.33288,26.07016],[32.32457,26.06296],[32.32433,26.05106],[32.32064,26.03978],[32.3113,26.02803],[32.30012,26.02039],[32.28663,26.01966],[32.27333,26.02509],[32.26092,26.03467],[32.25501,26.05156],[32.25541,26.06118],[32.24844,26.08461],[32.23374,26.09842],[32.21077,26.11212],[32.19477,26.12056],[32.18093,26.13144],[32.16821,26.13311],[32.15799,26.13402],[32.15376,26.1393],[32.15319,26.14878],[32.15342,26.15934],[32.14656,26.1734],[32.13932,26.18492],[32.13066,26.19908],[32.12261,26.20109],[32.10813,26.20018],[32.09205,26.19577],[32.07813,26.18672],[32.06399,26.17418],[32.05021,26.16552],[32.03665,26.16743],[32.02351,26.17628],[32.0181,26.18501],[32.01412,26.20526],[32.01421,26.2225],[32.01326,26.23652],[32.01048,26.25198],[32.00798,26.25982],[32.00655,26.27663],[32.00116,26.28402],[31.98994,26.29184],[31.975,26.29946],[31.94669,26.3111],[31.93336,26.32087],[31.91803,26.33302],[31.90215,26.34488],[31.89154,26.35603],[31.86726,26.37882],[31.84973,26.39558],[31.83609,26.41162],[31.81986,26.42533],[31.81218,26.43426],[31.81198,26.44361],[31.81049,26.45468],[31.81141,26.46325],[31.81424,26.47347],[31.81427,26.47428]]}},{"type":"Feature","properties":{"id":560238,"kind":"downstream"},"geometry":{"type":"LineString","coordinates":[[-4.7767,37.8762],[-4.782,37.8714],[-4.7854,37.8685],[-4.792,37.8605],[-4.8004,37.8542],[-4.8056,37.8485],[-4.8102,37.8478],[-4.8145,37.8494],[-4.82,37.8509],[-4.8273,37.8504],[-4.8386,37.8434],[-4.8436,37.8424],[-4.8459,37.8412],[-4.85,37.8345],[-4.8531,37.8324],[-4.8581,37.8312],[-4.8625,37.8338],[-4.8668,37.841],[-4.8691,37.8428],[-4.8748,37.843],[-4.8771,37.8405],[-4.8796,37.834],[-4.8822,37.8312],[-4.8868,37.8281],[-4.8889,37.8282],[-4.8938,37.8306],[-4.9009,37.8305],[-4.9053,37.8286],[-4.9177,37.8168],[-4.9224,37.8148],[-4.9276,37.8166],[-4.9315,37.8205],[-4.934,37.8278],[-4.9362,37.8303],[-4.9444,37.8304],[-4.9478,37.8297],[-4.9515,37.8257],[-4.9563,37.8215],[-4.9575,37.8193],[-4.9594,37.8136],[-4.9609,37.8108],[-4.964,37.8087],[-4.9664,37.8081],[-4.9751,37.8099],[-4.9789,37.81],[-4.9845,37.8089],[-4.9921,37.8049],[-4.9998,37.8024],[-5.008,37.802],[-5.0167,37.8049],[-5.0194,37.8048],[-5.0226,37.804],[-5.0342,37.7985],[-5.0453,37.798],[-5.0521,37.7985],[-5.0569,37.8005],[-5.0571,37.8074],[-5.0596,37.8095],[-5.0741,37.8105],[-5.0783,37.8099],[-5.0816,37.808],[-5.0846,37.8055],[-5.0871,37.8018],[-5.0917,37.7984],[-5.1023,37.7984],[-5.1054,37.7963],[-5.111,37.7964],[-5.1186,37.799],[-5.122,37.7983],[-5.1298,37.7948],[-5.1323,37.7901],[-5.1332,37.7844],[-5.132,37.7822],[-5.1282,37.7786],[-5.119,37.7717],[-5.1197,37.7697],[-5.1212,37.7689],[-5.1278,37.7679],[-5.1304,37.7681],[-5.132,37.769],[-5.1334,37.7715],[-5.1388,37.7772],[-5.1396,37.7829],[-5.1435,37.785],[-5.1478,37.7847],[-5.1534,37.7832],[-5.1575,37.7789],[-5.1622,37.7758],[-5.1651,37.7744],[-5.1676,37.7745],[-5.1748,37.7812],[-5.1809,37.7842],[-5.1932,37.7819],[-5.199,37.7763],[-5.2021,37.7698],[-5.2047,37.7567],[-5.2085,37.7543],[-5.2113,37.7536],[-5.2175,37.7545],[-5.2239,37.7541],[-5.2295,37.7509],[-5.2322,37.7478],[-5.233,37.7455],[-5.2328,37.7409],[-5.2298,37.7355],[-5.2287,37.7291],[-5.2357,37.7267],[-5.2479,37.7276],[-5.2782,37.7232],[-5.2822,37.722],[-5.2938,37.7146],[-5.3047,37.7095],[-5.311,37.7053],[-5.3146,37.7022],[-5.3193,37.6963],[-5.3257,37.6954],[-5.3275,37.6941],[-5.3301,37.6939],[-5.3365,37.6974],[-5.3368,37.7017],[-5.3378,37.7044],[-5.3415,37.7057],[-5.3476,37.7046],[-5.3665,37.6958],[-5.3725,37.6884],[-5.3734,37.68],[-5.3746,37.6783],[-5.3769,37.6777],[-5.3802,37.6783],[-5.3865,37.6815],[-5.3909,37.6884],[-5.3951,37.6921],[-5.4028,37.692],[-5.411,37.6891],[-5.4129,37.6869],[-5.4161,37.6815],[-5.4181,37.6758],[-5.4184,37.6659],[-5.421,37.6627],[-5.4267,37.6603],[-5.4286,37.6606],[-5.4319,37.6661],[-5.4345,37.6681],[-5.4402,37.6718],[-5.446,37.6731],[-5.4513,37.6698],[-5.4522,37.6657],[-5.4538,37.6642],[-5.4581,37.6636],[-5.4591,37.662],[-5.4573,37.6558],[-5.4577,37.6522],[-5.4636,37.6526],[-5.4676,37.6538],[-5.4705,37.6568],[-5.4736,37.6634],[-5.4735,37.6655],[-5.4761,37.67],[-5.4775,37.671],[-5.4788,37.6772],[-5.48,37.6787],[-5.4819,37.6785],[-5.5026,37.666],[-5.5057,37.6624],[-5.5056,37.6583],[-5.5067,37.6537],[-5.5108,37.649],[-5.519,37.6459],[-5.5255,37.6457],[-5.5319,37.647],[-5.5376,37.6515],[-5.5405,37.6518],[-5.5448,37.649],[-5.5531,37.6363],[-5.5537,37.6277],[-5.5562,37.622],[-5.5588,37.6202],[-5.5625,37.6191],[-5.5724,37.6194],[-5.5919,37.6142],[-5.5938,37.615],[-5.5978,37.6196],[-5.603,37.6219],[-5.6099,37.6195],[-5.6123,37.6171],[-5.6152,37.6113],[-5.6174,37.6087],[-5.6254,37.6076],[-5.6292,37.608],[-5.6321,37.6092],[-5.6387,37.6157],[-5.641,37.6164],[-5.6443,37.6167],[-5.6471,37.6161],[-5.6526,37.6132],[-5.6577,37.6095],[-5.6644,37.6015],[-5.6663,37.6004],[-5.6697,37.6009],[-5.6716,37.6027],[-5.6698,37.6092],[-5.6776,37.6207],[-5.684,37.6231],[-5.696,37.622],[-5.702,37.6235],[-5.7072,37.62],[-5.7122,37.6211],[-5.7145,37.6221],[-5.7171,37.6249],[-5.7172,37.6269],[-5.715,37.6311],[-5.7178,37.633],[-5.7255,37.6339],[-5.7302,37.6336],[-5.7369,37.6309],[-5.7421,37.6205],[-5.7465,37.6191],[-5.748,37.6203],[-5.7535,37.6207],[-5.7808,37.6157],[-5.7846,37.6135],[-5.7875,37.6112],[-5.7904,37.605],[-5.7896,37.5987],[-5.7911,37.5888],[-5.806,37.5915],[-5.8219,37.5918],[-5.8288,37.5883],[-5.8324,37.5856],[-5.8404,37.5826],[-5.8441,37.5823],[-5.8519,37.5834],[-5.8608,37.5827],[-5.8632,37.5817],[-5.8669,37.5781],[-5.8683,37.5759],[-5.8702,37.5651],[-5.8735,37.563],[-5.8857,37.5608],[-5.8961,37.5602],[-5.9023,37.5607],[-5.906,37.5585],[-5.9043,37.552],[-5.9026,37.5501],[-5.8985,37.5476],[-5.8893,37.5443],[-5.8882,37.5428],[-5.89,37.5409],[-5.8958,37.5384],[-5.9048,37.5371],[-5.9097,37.535],[-5.9296,37.5154],[-5.9375,37.5107],[-5.9432,37.5105],[-5.9502,37.5127],[-5.957,37.5122],[-5.9659,37.513],[-5.9702,37.5143],[-5.9726,37.5184],[-5.9736,37.5188],[-5.9775,37.5146],[-5.979,37.5094],[-5.981,37.5069],[-5.9918,37.501],[-6.0059,37.4912],[-6.0065,37.4866],[-6.0042,37.4838],[-5.992,37.4779],[-5.9847,37.4705],[-5.9836,37.4684],[-5.9835,37.4659],[-5.9846,37.4645],[-5.9929,37.46],[-6.0065,37.4566],[-6.0098,37.4536],[-6.0061,37.4438],[-6.0066,37.4339],[-6.0056,37.4304],[-6.0038,37.429],[-5.9943,37.4259],[-5.9935,37.4251],[-5.99,37.4198],[-5.99017,37.4187],[-5.9931,37.4121],[-5.9948,37.4091],[-6.0062,37.3964],[-6.007,37.3923],[-6.0048,37.386],[-5.998,37.3818]]}},{"type":"Feature","properties":{"id":560195,"kind":"downstream"},"geometry":{"type":"LineString","coordinates":[[-2.00331,54.97612],[-1.99564,54.96577],[-1.98527,54.95797],[-1.97371,54.95295],[-1.96608,54.95215],[-1.9603,54.95537],[-1.95179,54.95388],[-1.93805,54.95059],[-1.92726,54.95046],[-1.92551,54.95368],[-1.91296,54.95677],[-1.90073,54.96098],[-1.89167,54.9668],[-1.88436,54.96481],[-1.87651,54.96554],[-1.86897,54.9674],[-1.86492,54.97198],[-1.8587,54.97209],[-1.85016,54.97401],[-1.84437,54.97692],[-1.84078,54.97893],[-1.83536,54.97804],[-1.8307,54.97555],[-1.82432,54.97559],[-1.81054,54.9798],[-1.79717,54.9837],[-1.78759,54.98543],[-1.77751,54.98371],[-1.76678,54.98317],[-1.75171,54.98206],[-1.73733,54.97907],[-1.72878,54.97582],[-1.72657,54.97156],[-1.72072,54.97001],[-1.71474,54.96972],[-1.70807,54.97132],[-1.70176,54.97246],[-1.69301,54.9702],[-1.68183,54.96718],[-1.6747,54.96631],[-1.65916,54.96439],[-1.64587,54.96171],[-1.63775,54.96078],[-1.62848,54.96275],[-1.61053,54.96872],[-1.60193,54.97132],[-1.59384,54.97136],[-1.58606,54.96817],[-1.57814,54.96624],[-1.57132,54.96645],[-1.56389,54.96448],[-1.55709,54.96217],[-1.54889,54.9618],[-1.53898,54.9641],[-1.53457,54.96938],[-1.53208,54.97881],[-1.53058,54.9848],[-1.52688,54.98737]]}},{"type":"Feature","properties":{"id":560520,"kind":"upstream"},"geometry":{"type":"LineString","coordinates":[[22.4067,44.7085],[22.40738,44.7024],[22.36429,44.68291],[22.34984,44.67636],[22.33882,44.67137],[22.3231,44.6691],[22.3072,44.6614],[22.3021,44.6525],[22.3013,44.6441],[22.2966,44.6383],[22.2889,44.6358],[22.2818,44.6298],[22.275,44.6263],[22.2734,44.6183],[22.2659,44.6019],[22.2607,44.5939],[22.2465,44.5818],[22.2397,44.5725],[22.2362,44.5634],[22.21957,44.53742],[22.2122,44.5259],[22.2074,44.5191],[22.198,44.5097],[22.1958,44.5],[22.1918,44.495],[22.187,44.4805],[22.1813,44.4777],[22.1773,44.4743],[22.17,44.4717],[22.1601,44.4696],[22.1499,44.4704]]}},{"type":"Feature","properties":{"id":560742,"kind":"upstream"},"geometry":{"type":"LineString","coordinates":[[32.64066,25.70276],[32.62391,25.67502],[32.61406,25.65743],[32.60732,25.64772],[32.60033,25.64079],[32.57781,25.62052],[32.56696,25.61629],[32.55026,25.61088],[32.52638,25.60132],[32.50113,25.59751],[32.49074,25.59632],[32.47894,25.59415],[32.47531,25.59138],[32.47124,25.58396],[32.46806,25.57537],[32.46678,25.56814],[32.46917,25.55657],[32.47112,25.54868],[32.47495,25.54038],[32.47647,25.53174],[32.47878,25.52215],[32.48223,25.51272],[32.48601,25.5032],[32.49427,25.49351],[32.50973,25.47642],[32.5203,25.46494],[32.5255,25.45922],[32.53077,25.4526],[32.5346,25.4427],[32.54787,25.42344],[32.55614,25.41214],[32.56143,25.40284],[32.56628,25.39332],[32.5661,25.38503],[32.56001,25.36316],[32.55604,25.34168],[32.55557,25.32975],[32.55763,25.32112],[32.55871,25.31225],[32.55783,25.30294],[32.56045,25.29271]]}},{"type":"Feature","properties":{"id":560553,"kind":"upstream"},"geometry":{"type":"LineString","coordinates":[[27.2577,44.1331],[27.245,44.1299],[27.2094,44.1286],[27.1866,44.1325],[27.17424,44.14007],[27.1577,44.1502],[27.1507,44.1523],[27.1186,44.153],[27.1005,44.1512],[27.0935,44.1523],[27.0808,44.1587],[27.0669,44.1617],[27.0507,44.1613],[27.0275,44.1581],[27.0062,44.15],[26.9964,44.148],[26.9865,44.1507],[26.9754,44.1496],[26.9599,44.1457],[26.9036,44.1451],[26.871,44.1311],[26.8481,44.1286],[26.8361,44.1205],[26.8187,44.1127],[26.7943,44.1033],[26.7823,44.0971],[26.7677,44.0924],[26.7484,44.0887],[26.7192,44.0914],[26.696,44.0886],[26.6546,44.0747],[26.6213,44.0684],[26.5982,44.0653],[26.5823,44.0657],[26.5556,44.0702],[26.5439,44.0704],[26.5252,44.0676],[26.5006,44.0587],[26.473,44.0524],[26.4616,44.0528],[26.4556,44.0546],[26.448,44.0537],[26.4369,44.0499],[26.4262,44.049],[26.39899,44.0397],[26.3857,44.0366],[26.3528,44.0362],[26.34427,44.03735],[26.3424,44.0376],[26.3366,44.0377],[26.3268,44.0358],[26.32349,44.03414],[26.30461,44.03123],[26.3033,44.0331],[26.2933,44.0287],[26.29276,44.02816],[26.28544,44.02604],[26.2777,44.0211],[26.2704,44.0162],[26.2473,44.0084],[26.2185,43.9955],[26.2026,43.9922],[26.176,43.9943],[26.1684,43.9949],[26.1411,43.9871],[26.1023,43.96335],[26.089,43.9552],[26.0782,43.9378],[26.065,43.9237],[26.0481,43.9118],[26.01755,43.90167],[25.98299,43.87711],[25.9576,43.8681],[25.9381,43.8492],[25.92754,43.83397],[25.88456,43.79302],[25.88028,43.78952],[25.86619,43.778],[25.86493,43.77696],[25.85595,43.76961],[25.85029,43.76498],[25.8221,43.7541],[25.8159,43.7496],[25.7937,43.7211],[25.77583,43.714],[25.7542,43.7054],[25.73312,43.69779],[25.7326,43.6976],[25.7,43.6984],[25.6766,43.6973],[25.6522,43.686],[25.6324,43.6782],[25.5996,43.6638],[25.58415,43.65619],[25.5619,43.65083],[25.5283,43.6522],[25.4844,43.6478],[25.4439,43.633],[25.4185,43.628],[25.3879,43.6262]]}},{"type":"Feature","properties":{"id":560219,"kind":"downstream"},"geometry":{"type":"LineString","coordinates":[[27.2577,44.1331],[27.2926,44.1422],[27.30183,44.14539],[27.3111,44.1486],[27.3286,44.1485],[27.33996,44.14439],[27.3565,44.1384],[27.3647,44.1375],[27.3917,44.1399],[27.4038,44.1373],[27.4526,44.1331],[27.4698,44.1387],[27.4964,44.1684],[27.5075,44.1713],[27.5231,44.1793],[27.5438,44.1844],[27.55034,44.18795],[27.5611,44.1938],[27.5682,44.2059],[27.5851,44.215],[27.5878,44.2185],[27.5775,44.2267],[27.5769,44.2306],[27.5811,44.2367],[27.5885,44.2417],[27.6108,44.2515],[27.6156,44.2505],[27.6194,44.2533],[27.6198,44.2572],[27.637,44.2605],[27.6521,44.2716],[27.6696,44.2773],[27.6732,44.2816],[27.6733,44.2967],[27.6775,44.3017],[27.6919,44.3104],[27.7146,44.3201],[27.72088,44.32203],[27.7444,44.3318],[27.7511,44.3322],[27.7654,44.3298],[27.7759,44.3263],[27.7921,44.3274],[27.8078,44.3321],[27.8267,44.3409],[27.8344,44.3461],[27.8504,44.3726],[27.8584,44.3785],[27.8766,44.4067],[27.9218,44.4201],[27.9311,44.4267],[27.935,44.4519],[27.9415,44.4605],[27.9434,44.4807],[27.9413,44.4882],[27.9384,44.4903],[27.9216,44.4953],[27.9085,44.4979],[27.9035,44.5013],[27.9007,44.5073],[27.9033,44.5142],[27.9176,44.5335],[27.92,44.5427],[27.9201,44.5509],[27.9092,44.5675],[27.9111,44.5714],[27.9269,44.5788],[27.9305,44.5829],[27.9326,44.5946],[27.9304,44.6001],[27.9184,44.6082],[27.914,44.6155],[27.9143,44.6181],[27.9264,44.6319],[27.9269,44.6445],[27.9218,44.6496],[27.9075,44.6573],[27.9019,44.6651],[27.8997,44.672],[27.9008,44.6765],[27.9056,44.6802],[27.9028,44.6848],[27.891,44.6888],[27.8751,44.698],[27.8694,44.704],[27.8663,44.7116],[27.8719,44.7274],[27.87797,44.75195],[27.8797,44.7571],[27.8882,44.7685],[27.8947,44.773],[27.9424,44.7852],[27.9558,44.7828],[27.9664,44.7786],[27.98,44.7703],[27.9973,44.7633],[28.0117,44.7613],[28.0175,44.7645],[28.0374,44.7648],[28.0442,44.7686],[28.0498,44.7759],[28.06341,44.78572],[28.08484,44.83655],[28.0947,44.852],[28.1001,44.8675],[28.1084,44.8779],[28.1386,44.8983],[28.14,44.9012],[28.1299,44.9121],[28.1273,44.9309],[28.1292,44.949],[28.1326,44.9592],[28.1471,44.9776],[28.13563,45.00373],[28.1364,45.0231],[28.13742,45.02638],[28.1388,45.0308],[28.1525,45.0399],[28.1552,45.0467],[28.1425,45.0793],[28.1406,45.0981],[28.1423,45.1036],[28.1582,45.1042],[28.1714,45.107],[28.178,45.1129],[28.1787,45.1156],[28.1753,45.1219],[28.1822,45.1321],[28.1953,45.1388],[28.1979,45.1425],[28.1967,45.1461],[28.1871,45.1492],[28.18073,45.15314]]}},{"type":"Feature","properties":{"id":560214,"kind":"downstream"},"geometry":{"type":"LineString","coordinates":[[-1.08479,53.95757],[-1.0831,53.95118],[-1.08391,53.94452],[-1.08627,53.93982],[-1.08484,53.93636],[-1.08039,53.93316],[-1.08213,53.93121],[-1.08972,53.92801],[-1.09387,53.92651],[-1.09427,53.92395],[-1.09034,53.92216],[-1.09037,53.91901],[-1.09146,53.91576],[-1.09467,53.91157],[-1.09547,53.90885],[-1.09425,53.9067],[-1.09747,53.90414],[-1.10346,53.90146],[-1.10409,53.89813],[-1.10227,53.89615],[-1.09918,53.89265],[-1.09884,53.8889],[-1.09999,53.88262],[-1.10221,53.87713],[-1.10792,53.87586],[-1.11356,53.87347],[-1.11908,53.86982],[-1.12547,53.86622],[-1.1262,53.86326],[-1.12304,53.85951],[-1.12175,53.85547],[-1.1249,53.85267],[-1.12605,53.84967],[-1.12663,53.84697],[-1.13125,53.84403],[-1.13294,53.84224],[-1.13206,53.83892],[-1.13052,53.83478],[-1.12897,53.83378],[-1.12551,53.8346],[-1.11876,53.83685],[-1.11205,53.83758],[-1.10588,53.83712],[-1.1001,53.83487],[-1.09464,53.83297],[-1.09001,53.83427],[-1.08485,53.83599],[-1.08057,53.83612],[-1.07955,53.8347],[-1.08046,53.8316],[-1.0849,53.82717],[-1.08719,53.82356],[-1.08495,53.82162],[-1.07882,53.81965],[-1.07329,53.81914],[-1.06905,53.817],[-1.06416,53.81316],[-1.05791,53.81158],[-1.05224,53.81133],[-1.04874,53.81114],[-1.04833,53.80879],[-1.05065,53.8053],[-1.0519,53.80103],[-1.05196,53.79549],[-1.05238,53.79217],[-1.06039,53.78982],[-1.06758,53.78766],[-1.06761,53.78615],[-1.0622,53.78361],[-1.05204,53.78024],[-1.04414,53.77805],[-1.03369,53.77685],[-1.02995,53.77655],[-1.0288,53.77464],[-1.03081,53.77244],[-1.0359,53.77048],[-1.03708,53.7676],[-1.0354,53.76447],[-1.0315,53.76193],[-1.02577,53.76143],[-1.01852,53.76422],[-1.00962,53.76892],[-1.00663,53.76982],[-1.00619,53.76734],[-1.00258,53.7659],[-0.99638,53.76607],[-0.99368,53.7648],[-0.99265,53.76087],[-0.99165,53.75705],[-0.98622,53.75275],[-0.97937,53.7521],[-0.97377,53.75046],[-0.97026,53.74775],[-0.9704,53.74333],[-0.97023,53.7402],[-0.96691,53.73734],[-0.9585,53.73482],[-0.94233,53.73311],[-0.92752,53.73329],[-0.92124,53.73234],[-0.91619,53.73027],[-0.90828,53.72883],[-0.89655,53.7276],[-0.89003,53.72654],[-0.88126,53.72593],[-0.87318,53.72715],[-0.86762,53.72978],[-0.86141,53.73159],[-0.85716,53.73095],[-0.8535,53.72762],[-0.85107,53.72154],[-0.85162,53.71533],[-0.85474,53.70989],[-0.86708,53.70351],[-0.87228,53.70028],[-0.87127,53.6947],[-0.86571,53.69066],[-0.85886,53.68913],[-0.84259,53.6961],[-0.82852,53.70414],[-0.81887,53.70675],[-0.80959,53.70581],[-0.80143,53.70337],[-0.78938,53.69914],[-0.78185,53.69829],[-0.77153,53.70083],[-0.7605,53.70482],[-0.75099,53.70716],[-0.73805,53.70703],[-0.72341,53.70529],[-0.70897,53.70264],[-0.69554,53.70142],[-0.67784,53.70283],[-0.66075,53.7067],[-0.64026,53.71074],[-0.62478,53.71246],[-0.6071,53.71058],[-0.59276,53.70402],[-0.58672,53.69535],[-0.58504,53.69298]]}},{"type":"Feature","properties":{"id":560212,"kind":"downstream"},"geometry":{"type":"LineString","coordinates":[[36.71528,34.74523],[36.71737,34.74525],[36.71933,34.74704],[36.72141,34.74911],[36.72368,34.75031],[36.72536,34.75201],[36.72631,34.75424],[36.72626,34.75728],[36.72703,34.75945],[36.72878,34.76172],[36.7297,34.76359],[36.72892,34.7647],[36.72882,34.76776],[36.7299,34.7714],[36.73095,34.7762],[36.73064,34.77896],[36.73041,34.78145],[36.7321,34.78217],[36.73462,34.78177],[36.73713,34.78101],[36.73935,34.7804],[36.74054,34.78098],[36.73993,34.78293],[36.73791,34.78475],[36.73673,34.7864],[36.73714,34.78887],[36.73862,34.79165],[36.74073,34.79314],[36.7425,34.79359],[36.74447,34.79494],[36.74519,34.79652],[36.74488,34.7988],[36.74399,34.80188],[36.74394,34.80552],[36.74465,34.8085],[36.74683,34.81233],[36.75069,34.81705],[36.753,34.81883],[36.75623,34.82074],[36.75834,34.82302],[36.75922,34.82479],[36.76039,34.82549],[36.76212,34.82553],[36.76365,34.82527],[36.76604,34.82552],[36.76796,34.82707],[36.77079,34.82935],[36.77524,34.83158],[36.77827,34.83464],[36.78176,34.83961],[36.78457,34.8442],[36.78673,34.85003],[36.7884,34.85384],[36.79176,34.85776],[36.8005,34.86439],[36.80842,34.87015],[36.81326,34.8751],[36.81552,34.87896],[36.81602,34.88255],[36.81664,34.88937],[36.81674,34.89817],[36.8169,34.90557],[36.81884,34.90965],[36.82249,34.91542],[36.82305,34.91759],[36.82275,34.92084],[36.82156,34.92323],[36.81926,34.92525],[36.81671,34.92639],[36.81305,34.92699],[36.8105,34.92752],[36.80941,34.92951],[36.80998,34.93356],[36.80946,34.93712],[36.80817,34.93821],[36.80568,34.93903],[36.80352,34.93853],[36.80154,34.937],[36.79992,34.93486],[36.79887,34.93351],[36.79756,34.93285],[36.79588,34.9334],[36.79156,34.93724],[36.79009,34.93966],[36.79077,34.94192],[36.79235,34.94382],[36.7949,34.94704],[36.79587,34.94932],[36.79536,34.95101],[36.79133,34.95426],[36.78967,34.95578],[36.78883,34.95738],[36.78975,34.95877],[36.79389,34.96063],[36.79686,34.96117],[36.80028,34.9635],[36.80266,34.9658],[36.80545,34.96617],[36.80723,34.96524],[36.80926,34.96364],[36.81204,34.96366],[36.81472,34.965],[36.81689,34.96522],[36.81934,34.96454],[36.822,34.96553],[36.82431,34.96665],[36.82627,34.9667],[36.8287,34.96509],[36.83111,34.96523],[36.83381,34.96598],[36.83725,34.96626],[36.8412,34.96765],[36.84442,34.96986],[36.84597,34.97204],[36.84694,34.97475],[36.84763,34.97686],[36.84861,34.97754],[36.85066,34.97738],[36.85297,34.97679],[36.85401,34.97588],[36.8539,34.97419],[36.85293,34.97165],[36.85312,34.97018],[36.8548,34.96879],[36.85836,34.9679],[36.86108,34.96762],[36.8636,34.96848],[36.86463,34.96988],[36.86479,34.97195],[36.86533,34.9734],[36.86638,34.97367],[36.86832,34.97315],[36.87075,34.97224],[36.8731,34.97186],[36.87476,34.9726],[36.87503,34.97391],[36.87217,34.97575],[36.86848,34.97752],[36.86577,34.97914],[36.8651,34.98042],[36.86652,34.98164],[36.86827,34.98213],[36.87153,34.9833],[36.87428,34.98469],[36.87721,34.98788],[36.87827,34.99033],[36.87817,34.99199],[36.87653,34.9942],[36.87477,34.99685],[36.87367,34.99907],[36.87417,35.00075],[36.87617,35.00222],[36.87858,35.00255],[36.88113,35.00261],[36.88305,35.00131],[36.88504,34.99931],[36.88737,34.99703],[36.88923,34.99631],[36.89074,34.99671],[36.89161,34.99816],[36.89287,35.00049],[36.89404,35.00229],[36.89384,35.00432],[36.89246,35.0055],[36.89013,35.00576],[36.88794,35.00547],[36.88642,35.00664],[36.8859,35.00911],[36.88706,35.01018],[36.8892,35.01094],[36.89017,35.01219],[36.88906,35.01339],[36.88672,35.01506],[36.88606,35.01651],[36.88767,35.019],[36.89081,35.02094],[36.89461,35.02429],[36.89599,35.02585],[36.89618,35.02786],[36.89494,35.02933],[36.89221,35.03062],[36.88765,35.03223],[36.88248,35.03583],[36.87951,35.03961],[36.87903,35.0419],[36.87895,35.04416],[36.87817,35.0452],[36.87666,35.04581],[36.87393,35.04609],[36.87257,35.04631],[36.87183,35.04773],[36.87281,35.04999],[36.8728,35.05184],[36.87127,35.05385],[36.86959,35.05525],[36.8682,35.0557],[36.86737,35.05491],[36.86688,35.05384],[36.86598,35.05273],[36.86464,35.05272],[36.86321,35.05364],[36.86257,35.05542],[36.86309,35.05872],[36.8639,35.06221],[36.86383,35.06436],[36.8624,35.06617],[36.85887,35.06873],[36.85562,35.07119],[36.85434,35.07273],[36.85378,35.07353],[36.85405,35.07513],[36.85608,35.07681],[36.85694,35.0781],[36.85687,35.07997],[36.85595,35.08156],[36.85421,35.08314],[36.85313,35.08293],[36.85268,35.08196],[36.85168,35.08122],[36.84986,35.08103],[36.84833,35.08187],[36.8473,35.08238],[36.84608,35.08205],[36.84425,35.07979],[36.84267,35.07779],[36.84135,35.07665],[36.83983,35.07637],[36.83825,35.07655],[36.83601,35.07874],[36.83564,35.08082],[36.83651,35.08272],[36.83833,35.08453],[36.83885,35.08638],[36.83827,35.08959],[36.83725,35.09099],[36.83465,35.09268],[36.83063,35.09405],[36.82906,35.0954],[36.82878,35.09695],[36.83042,35.09866],[36.83286,35.10049],[36.83337,35.10189],[36.83303,35.10318],[36.83183,35.10402],[36.83012,35.10435],[36.82856,35.10414],[36.8273,35.10254],[36.827,35.10117],[36.82606,35.09941],[36.82478,35.09893],[36.82338,35.09906],[36.82178,35.1002],[36.82102,35.10201],[36.82077,35.1045],[36.82009,35.10562],[36.81879,35.10627],[36.81678,35.10609],[36.81479,35.10623],[36.81421,35.10799],[36.81508,35.11235],[36.81518,35.11619],[36.81436,35.11786],[36.81259,35.11877],[36.80608,35.11849],[36.80065,35.1188],[36.7971,35.11901],[36.79556,35.11985],[36.7935,35.12215],[36.79272,35.12655],[36.79184,35.12852],[36.78996,35.12935],[36.78845,35.12923],[36.78467,35.12895],[36.78303,35.12971],[36.78243,35.13159],[36.78228,35.13343],[36.78113,35.1347],[36.77785,35.13594],[36.77571,35.13792],[36.77393,35.13912],[36.77248,35.13914],[36.77067,35.13822],[36.7689,35.13712],[36.76686,35.136],[36.76454,35.13586],[36.76222,35.13616],[36.76034,35.13683],[36.75701,35.13999],[36.75521,35.14142],[36.75407,35.14212],[36.75252,35.14252],[36.75127,35.14209],[36.74967,35.14121]]}},{"type":"Feature","properties":{"id":560291,"kind":"downstream"},"geometry":{"type":"LineString","coordinates":[[11.25692,43.76669],[11.19697,43.77251],[11.15923,43.78482],[11.12755,43.78362],[11.09749,43.77866],[11.06484,43.78651],[11.0482,43.7654],[11.03595,43.77794],[11.02498,43.77357],[11.02408,43.75326],[11.00337,43.737],[10.98183,43.74217],[10.96301,43.73764],[10.94019,43.72577],[10.93036,43.72411],[10.89123,43.73419],[10.87715,43.72106],[10.82267,43.71451],[10.79995,43.71838],[10.79068,43.70583],[10.7701,43.70645],[10.75459,43.69506],[10.7176,43.69282],[10.70321,43.6753],[10.67517,43.66176],[10.66415,43.6617],[10.649,43.66233],[10.63353,43.66512],[10.62022,43.67011],[10.61285,43.68127],[10.57914,43.68241],[10.56876,43.67645],[10.55082,43.68413],[10.53645,43.6803],[10.52239,43.6901],[10.50156,43.69668],[10.49355,43.71066],[10.4822,43.70953],[10.47912,43.70318],[10.46749,43.70306],[10.46836,43.72],[10.44528,43.72145],[10.4385,43.70137],[10.42474,43.70669],[10.39633,43.71242]]}},{"type":"Feature","properties":{"id":560663,"kind":"upstream"},"geometry":{"type":"LineString","coordinates":[[31.0579,29.02758],[31.05785,29.02754],[31.04878,29.01665],[31.0434,29.00504],[31.0409,28.99112],[31.03863,28.97895],[31.03026,28.96513],[31.02458,28.9597],[31.01886,28.95002],[31.00788,28.93418],[31.00006,28.92203],[30.99506,28.91154],[30.99342,28.90742],[30.98571,28.90073],[30.97001,28.89563],[30.96067,28.89304],[30.95509,28.88788],[30.94311,28.87597],[30.93053,28.86422],[30.92327,28.85375],[30.91667,28.84126],[30.91227,28.82847],[30.90709,28.81528],[30.90547,28.80812],[30.90627,28.80242],[30.90989,28.79533],[30.9129,28.78628],[30.91203,28.77739],[30.90797,28.76359],[30.90336,28.75117],[30.8995,28.74005],[30.89395,28.72667],[30.88801,28.71827],[30.87595,28.71521],[30.87123,28.71164],[30.86961,28.70448],[30.87106,28.69981],[30.87407,28.69076],[30.87537,28.67945],[30.87284,28.66736],[30.86743,28.65851],[30.85729,28.64913],[30.84619,28.6388],[30.842,28.63174],[30.84202,28.63093]]}},{"type":"Feature","properties":{"id":560535,"kind":"upstream"},"geometry":{"type":"LineString","coordinates":[[31.09974,29.05673],[31.04114,29.11521],[30.98304,29.12081],[30.96367,29.13532],[30.95219,29.16962],[30.95208,29.18017],[30.95882,29.18817],[30.97401,29.20464],[30.9625,29.22054],[30.94929,29.22351],[30.92482,29.24648],[30.90846,29.24883],[30.89823,29.25332],[30.86649,29.25846],[30.86281,29.27022],[30.85533,29.27434],[30.85736,29.29951],[30.8393,29.3166]]}},{"type":"Feature","properties":{"id":560655,"kind":"upstream"},"geometry":{"type":"LineString","coordinates":[[30.89722,27.78063],[30.89579,27.77485],[30.88279,27.76307],[30.87938,27.75962],[30.87459,27.7473],[30.86888,27.73348],[30.86951,27.7236],[30.87765,27.70943],[30.89152,27.69276],[30.89997,27.68113],[30.89925,27.66988],[30.89533,27.65291],[30.88444,27.64186],[30.86996,27.63271],[30.85957,27.61579],[30.86161,27.59848],[30.85758,27.5811],[30.85155,27.56473],[30.84696,27.55148],[30.85296,27.53349],[30.86552,27.51719],[30.87132,27.50454],[30.86686,27.49169],[30.85649,27.47478],[30.85276,27.46129],[30.85758,27.44848],[30.86722,27.43475],[30.87208,27.4206],[30.87683,27.41354],[30.89247,27.40869],[30.90844,27.4064],[30.92241,27.40069],[30.93287,27.39113],[30.94843,27.38012],[30.96082,27.3753],[30.97253,27.36978],[30.97841,27.36635],[30.98042,27.36093],[30.97499,27.35542],[30.96161,27.34818],[30.95844,27.34247],[30.96139,27.33414],[30.98959,27.32659],[31.00074,27.32078],[31.00735,27.3123],[31.01103,27.29891],[31.01287,27.29001],[31.01701,27.27957],[31.02815,27.27376],[31.044,27.2697],[31.06226,27.26891],[31.08562,27.27108],[31.10486,27.26603],[31.11985,27.25778],[31.12329,27.25106],[31.11613,27.22973],[31.1138,27.21937],[31.1152,27.215],[31.12046,27.2082],[31.12925,27.20084],[31.14024,27.20343],[31.15386,27.21144],[31.16294,27.21237],[31.17372,27.21281],[31.18275,27.21066],[31.18949,27.20123],[31.19233,27.19115],[31.19532,27.18636]]}},{"type":"Feature","properties":{"id":560421,"kind":"downstream"},"geometry":{"type":"LineString","coordinates":[[30.89722,27.78063],[30.89752,27.78185],[30.89381,27.79083],[30.88454,27.79695],[30.86375,27.80497],[30.84263,27.81043],[30.83424,27.81938],[30.83289,27.83298],[30.83995,27.8451],[30.84258,27.85054],[30.8379,27.86242],[30.83769,27.87217],[30.84265,27.88356],[30.85422,27.90412],[30.86261,27.92645],[30.86961,27.94433],[30.86977,27.9597],[30.86413,27.9745],[30.85411,27.98874],[30.84203,28.00533],[30.83775,28.0215],[30.83584,28.03481],[30.82186,28.04839],[30.79857,28.06808],[30.77354,28.08824],[30.76392,28.10235],[30.75586,28.12],[30.75082,28.12932],[30.74294,28.14603],[30.73863,28.1622],[30.74043,28.17095],[30.7491,28.1822],[30.75896,28.19577],[30.76168,28.21043],[30.75549,28.22359],[30.74897,28.2342],[30.7496,28.24372],[30.75288,28.25118],[30.75044,28.26286],[30.74328,28.27144],[30.73825,28.28384],[30.73736,28.29598],[30.74132,28.31162],[30.74889,28.3223],[30.75814,28.33384],[30.76368,28.34552],[30.76521,28.35787],[30.77216,28.37195],[30.78381,28.38425],[30.80104,28.39775],[30.81772,28.41049],[30.83239,28.42408],[30.83822,28.42916],[30.84314,28.43754],[30.84477,28.44683],[30.84668,28.45908],[30.84533,28.4692],[30.84294,28.47503],[30.83277,28.48607],[30.82475,28.49467],[30.82103,28.50453],[30.81993,28.51548],[30.82082,28.52345],[30.82537,28.53376],[30.83072,28.54142],[30.83394,28.55057],[30.83851,28.563],[30.84041,28.57313],[30.84335,28.58449],[30.84534,28.5949],[30.84512,28.61171],[30.84217,28.62195],[30.84202,28.63093]]}},{"type":"Feature","properties":{"id":560761,"kind":"upstream"},"geometry":{"type":"LineString","coordinates":[[30.47721,31.01948],[30.4836,31.00721],[30.49749,30.99445],[30.51402,30.9783],[30.53459,30.95838],[30.55139,30.94079],[30.56462,30.92954],[30.57546,30.92366],[30.5812,30.91708],[30.58438,30.91185],[30.58551,30.90377],[30.58794,30.89739],[30.59033,30.88988],[30.59259,30.88056],[30.59323,30.87166],[30.59346,30.8642],[30.595,30.85718],[30.59805,30.85198]]}},{"type":"Feature","properties":{"id":560542,"kind":"upstream"},"geometry":{"type":"LineString","coordinates":[[30.47606,31.01729],[30.74935,31.20893],[31.27854,30.95814],[32.56943,31.04057]]}},{"type":"Feature","properties":{"id":560266,"kind":"downstream"},"geometry":{"type":"LineString","coordinates":[[32.70767,23.05919],[32.7229,23.08281],[32.74375,23.135],[32.75547,23.15679],[32.7658,23.17427],[32.77067,23.18758],[32.77789,23.19535],[32.79079,23.20423],[32.82322,23.21505],[32.85496,23.2237],[32.87353,23.23728],[32.89329,23.26],[32.92912,23.30486],[32.93775,23.32051],[32.94065,23.34402],[32.94494,23.37363],[32.94321,23.39568],[32.93656,23.40801],[32.92043,23.42406],[32.90982,23.44067],[32.89662,23.47305],[32.88984,23.50152],[32.88416,23.52605],[32.87277,23.54947],[32.86927,23.56612],[32.87168,23.58084],[32.87245,23.59967],[32.87734,23.61656],[32.88771,23.64298],[32.89667,23.66868],[32.89955,23.69578],[32.91025,23.75967],[32.91688,23.78912],[32.91482,23.80471],[32.90879,23.82458],[32.90008,23.84353],[32.8876,23.86192],[32.87493,23.88156],[32.87138,23.9036],[32.86768,23.92543],[32.8694,23.93331],[32.88335,23.93846],[32.88743,23.94548],[32.8834,23.95872],[32.87905,23.97746],[32.87503,24.00439],[32.87044,24.0196],[32.86723,24.0445],[32.87338,24.06516],[32.89475,24.08597]]}},{"type":"Feature","properties":{"id":560540,"kind":"upstream"},"geometry":{"type":"LineString","coordinates":[[28.76816,44.55247],[28.80275,44.56301],[28.88493,44.618],[28.94231,44.68864],[28.94275,44.7309],[28.98077,44.78484],[28.98497,44.83109],[28.99501,44.90446],[29.04461,44.93583],[29.10269,44.93105],[29.17726,44.94034],[29.24151,44.95157],[29.26647,44.98759],[29.2795,45.0273],[29.2798,45.0454],[29.262,45.0421],[29.23182,45.04448],[29.19369,45.05188],[29.21555,45.07276],[29.21415,45.07412],[29.2184,45.0764],[29.2222,45.0825],[29.2146,45.0961],[29.1948,45.1105],[29.1836,45.1132],[29.1694,45.1137],[29.1551,45.1128],[29.145,45.11],[29.141,45.1048],[29.1469,45.1001],[29.1518,45.1009],[29.16768,45.09941],[29.1689,45.0993],[29.171,45.0969],[29.1715,45.0917],[29.1667,45.0842],[29.1575,45.0791],[29.1477,45.077],[29.14157,45.07743],[29.13472,45.07166]]}},{"type":"Feature","properties":{"id":560194,"kind":"downstream"},"geometry":{"type":"LineString","coordinates":[[14.4694,48.2406],[14.47852,48.24315],[14.4912,48.2467],[14.498,48.2457],[14.5198,48.24],[14.5243,48.2394],[14.5355,48.2384],[14.54293,48.23602],[14.5786,48.2246],[14.5831,48.221],[14.5885,48.2117],[14.6011,48.202],[14.6091,48.1947],[14.6232,48.1892],[14.634,48.1805],[14.6423,48.1773],[14.64594,48.17531],[14.64895,48.17368],[14.6533,48.1713],[14.6707,48.1648],[14.6847,48.1671],[14.7118,48.1761],[14.7345,48.1764],[14.742,48.1771],[14.786,48.1854],[14.8037,48.19],[14.812,48.1913],[14.8241,48.1921],[14.8319,48.1968],[14.8395,48.2002],[14.8418,48.2023],[14.8439,48.2062],[14.848,48.2093],[14.849,48.2117],[14.847,48.21837],[14.85324,48.22172],[14.86109,48.22593],[14.86555,48.22832],[14.86931,48.22839],[14.87662,48.22852],[14.89688,48.22889],[14.9053,48.2315],[14.9281,48.2301],[14.92955,48.22948],[14.93748,48.22963],[14.9428,48.2248],[14.9505,48.21],[14.9532,48.2069],[14.9571,48.2045],[14.9637,48.203],[14.975,48.1985],[14.9987,48.1948],[15.0149,48.1938],[15.0226,48.1947],[15.0385,48.1978],[15.0516,48.1975],[15.0591,48.1961],[15.064,48.1936],[15.0702,48.1883],[15.0771,48.1842],[15.0978,48.1771],[15.1037,48.1757],[15.1086,48.1756],[15.1114,48.1783],[15.1105,48.1813],[15.1071,48.1843],[15.1045,48.1883],[15.1042,48.1925],[15.1061,48.1995],[15.1124,48.2066],[15.1206,48.2106],[15.1328,48.2123],[15.1818,48.2158],[15.2124,48.2134],[15.2386,48.2199],[15.2502,48.2212],[15.2619,48.2235],[15.2754,48.2242],[15.2921,48.2284],[15.3182,48.2313],[15.327,48.2333],[15.3344,48.237],[15.3458,48.2444],[15.352,48.2469],[15.3689,48.2566],[15.3831,48.2728],[15.3875,48.2755],[15.3941,48.2783],[15.4028,48.2832],[15.4101,48.2925],[15.4139,48.3157],[15.4136,48.3256],[15.4114,48.3366],[15.41137,48.3375],[15.4111,48.3468],[15.4117,48.3513],[15.4137,48.3557],[15.419,48.3629],[15.4247,48.3657],[15.4393,48.3709],[15.44209,48.37209],[15.4461,48.3738],[15.4515,48.3771],[15.458,48.3818],[15.4624,48.3861],[15.4679,48.3896],[15.47196,48.39331],[15.4851,48.4053],[15.4908,48.4077],[15.4975,48.4095],[15.5036,48.4099],[15.5118,48.4061],[15.5146,48.4028],[15.51651,48.39831],[15.5198,48.3906],[15.525,48.3869],[15.5336,48.3845],[15.5378,48.385],[15.5475,48.3882],[15.5681,48.3977],[15.5993,48.4018],[15.62213,48.4031],[15.65102,48.39922],[15.6629,48.3918],[15.6705,48.3892],[15.6797,48.3892],[15.70346,48.39215],[15.70874,48.39143],[15.7121,48.3909],[15.7196,48.389],[15.7422,48.3765],[15.7477,48.375],[15.7543,48.3746],[15.7678,48.376],[15.7797,48.3792],[15.78425,48.3812],[15.7854,48.3817],[15.7915,48.3826],[15.8102,48.3814],[15.8347,48.3841],[15.8611,48.3781],[15.8669,48.3752],[15.8749,48.3728],[15.8894,48.3568],[15.91385,48.34998],[15.931,48.3467],[15.9398,48.3417],[15.9474,48.3408],[15.9578,48.3408],[15.968,48.3421],[15.9988,48.3437],[16.0175,48.3379],[16.0347,48.335],[16.0487,48.3361],[16.0652,48.336],[16.0732,48.3367],[16.0823,48.3365],[16.0972,48.3349],[16.1593,48.341],[16.18673,48.34617],[16.2018,48.349],[16.2497,48.3549],[16.2719,48.3547],[16.2825,48.3537],[16.28385,48.35315],[16.29,48.35359],[16.29735,48.34763],[16.3126,48.3414],[16.3197,48.3376],[16.3245,48.3323],[16.3343,48.3238],[16.3378,48.3197],[16.341,48.3136],[16.34146,48.31188],[16.3463,48.2938],[16.3495,48.2902],[16.361,48.2785],[16.3701,48.2672],[16.4018,48.2355]]}},{"type":"Feature","properties":{"id":560494,"kind":"upstream"},"geometry":{"type":"LineString","coordinates":[[14.4694,48.2406],[14.4614,48.2403],[14.4545,48.2422],[14.45152,48.24381],[14.4484,48.2455],[14.4393,48.2537],[14.4334,48.2556],[14.42859,48.25626],[14.4173,48.2578],[14.4088,48.2582],[14.4014,48.26],[14.38821,48.26759],[14.38314,48.2705],[14.3781,48.2734],[14.3681,48.275],[14.3619,48.277],[14.3514,48.2836],[14.3469,48.2877],[14.33168,48.31013],[14.33,48.3126],[14.3227,48.3195],[14.3187,48.32222],[14.3138,48.32426],[14.3047,48.3225],[14.30206,48.32111],[14.2973,48.3186],[14.2825,48.3089],[14.2751,48.3063],[14.2705,48.3052],[14.265,48.3055],[14.2473,48.3096],[14.2339,48.3077],[14.227,48.3075],[14.2196,48.3098],[14.2102,48.3143],[14.20512,48.31827],[14.2029,48.32],[14.1943,48.3247],[14.1878,48.3305],[14.1822,48.3316],[14.1729,48.3302],[14.1615,48.3245],[14.1566,48.3206],[14.15389,48.3196],[14.1485,48.3176],[14.14405,48.31644],[14.1328,48.3135],[14.1225,48.3082],[14.1145,48.3071],[14.0896,48.3142],[14.0708,48.3167],[14.0496,48.3223],[14.0305,48.3299],[14.0254,48.3333],[14.0172,48.3415],[14.0166,48.3456],[14.01799,48.35369],[14.0187,48.3578],[14.0194,48.35938],[14.0267,48.3759],[14.0224,48.3837],[14.0151,48.3898],[14.0131,48.3932],[14.0043,48.4004],[14.00332,48.40203],[14.00059,48.40654],[13.9962,48.4138],[13.99585,48.41414],[13.99437,48.41755],[13.9892,48.4193],[13.98732,48.42039],[13.98111,48.41856],[13.9773,48.4179],[13.97443,48.41659],[13.96966,48.41518],[13.9663,48.4145],[13.9547,48.4154],[13.9523,48.4129],[13.95183,48.40992],[13.9515,48.4078],[13.9481,48.4033],[13.9422,48.4016],[13.9353,48.4031],[13.9271,48.4115],[13.92618,48.41268],[13.924,48.4155],[13.92334,48.41778],[13.9229,48.4193],[13.9242,48.4275],[13.9232,48.4308],[13.9182,48.4377],[13.9169,48.4413],[13.917,48.4453],[13.9149,48.4482],[13.9104,48.4507],[13.9057,48.4524],[13.9013,48.4522],[13.8882,48.4443],[13.88074,48.44298],[13.8775,48.4424],[13.8717,48.4428],[13.8621,48.4476],[13.8581,48.4484],[13.8549,48.4477],[13.853,48.4455],[13.8536,48.4423],[13.8561,48.4392],[13.8599,48.4369],[13.8733,48.4325],[13.8753,48.4296],[13.8733,48.426],[13.8678,48.4241],[13.8619,48.4239],[13.8528,48.427],[13.8332,48.4409],[13.8211,48.4505],[13.8032,48.4618],[13.7943,48.4649],[13.7808,48.4658],[13.7762,48.4677],[13.7677,48.4756],[13.7624,48.479],[13.7498,48.485],[13.7415,48.4917],[13.7376,48.4959],[13.736,48.4994],[13.73235,48.50327],[13.7274,48.5085],[13.7021,48.5159],[13.6889,48.5226],[13.6697,48.5286],[13.6575,48.5336],[13.6544,48.538],[13.654,48.5424],[13.6497,48.5473],[13.6419,48.5505],[13.6332,48.552],[13.6266,48.5518],[13.6195,48.5544],[13.6027,48.564],[13.5944,48.566],[13.5917,48.5663],[13.5885,48.5629],[13.5811,48.5577],[13.5752,48.5564],[13.57032,48.55755],[13.565,48.5588],[13.555,48.56399],[13.5415,48.571],[13.5356,48.5762],[13.52218,48.58388],[13.5211,48.5845],[13.5144,48.5861],[13.5074,48.5868],[13.5034,48.5854],[13.49736,48.57772],[13.4935,48.5728],[13.4905,48.5713],[13.4716,48.5716],[13.471,48.5731],[13.4691,48.5737],[13.454,48.57368]]}},{"type":"Feature","properties":{"id":560220,"kind":"downstream"},"geometry":{"type":"LineString","coordinates":[[-0.54139,53.23695],[-0.43515,53.24157],[-0.37596,53.23709],[-0.34926,53.2271],[-0.32352,53.19428],[-0.26502,53.162],[-0.23044,53.13109],[-0.21561,53.09807],[-0.19069,53.07584],[-0.13662,53.04489],[-0.13787,53.02132],[-0.05705,53.00627],[0.00541,52.96357]]}},{"type":"Feature","properties":{"id":560630,"kind":"upstream"},"geometry":{"type":"LineString","coordinates":[[0.724,49.524],[0.7279,49.524],[0.7316,49.524],[0.7338,49.524],[0.7346,49.5238],[0.7358,49.5236],[0.7371,49.5236],[0.7392,49.5233],[0.7428,49.5228],[0.7464,49.522],[0.7487,49.5213],[0.7519,49.5203],[0.7563,49.5188],[0.7586,49.5178],[0.7611,49.5168],[0.763,49.5157],[0.7644,49.5149],[0.7676,49.5129],[0.7711,49.5101],[0.7725,49.5085],[0.7742,49.5067],[0.775,49.5046],[0.7757,49.5024],[0.7762,49.5],[0.7762,49.4999],[0.7761,49.4988],[0.7759,49.4952],[0.7755,49.4923],[0.7751,49.4905],[0.7748,49.4885],[0.7748,49.4878],[0.7752,49.4869],[0.7758,49.4861],[0.7773,49.4842],[0.7792,49.4823],[0.7807,49.4817],[0.7842,49.481],[0.7872,49.4805],[0.7908,49.4799],[0.7933,49.4796],[0.7939,49.4803],[0.7941,49.4795],[0.7959,49.4792],[0.7999,49.4783],[0.8037,49.4771],[0.8059,49.4761],[0.807,49.4756],[0.8089,49.474],[0.8098,49.4731],[0.8111,49.4722],[0.8113,49.4721],[0.8117,49.4711],[0.8125,49.4701],[0.8131,49.4691],[0.8134,49.468],[0.8142,49.4668],[0.8155,49.464],[0.8165,49.4624],[0.8163,49.4622],[0.818,49.4587],[0.8187,49.4567],[0.8191,49.4552],[0.8194,49.4537],[0.8194,49.4528],[0.8188,49.4517],[0.8182,49.4511],[0.818,49.4492],[0.8178,49.4472],[0.8174,49.4453],[0.8168,49.4441],[0.8159,49.4427],[0.8151,49.4419],[0.8142,49.4412],[0.8121,49.4399],[0.8101,49.4385],[0.8054,49.4354],[0.8045,49.4346],[0.8036,49.4332],[0.8034,49.4318],[0.8028,49.4288],[0.803,49.4273],[0.8038,49.4253],[0.8054,49.4246],[0.8059,49.4243],[0.8063,49.4235],[0.806,49.4233],[0.8058,49.4232],[0.8052,49.4233],[0.805,49.4232],[0.8054,49.4218],[0.8056,49.4214],[0.8068,49.421],[0.8072,49.42],[0.8091,49.4189],[0.8088,49.4164],[0.8087,49.4162],[0.8081,49.4158],[0.8083,49.4154],[0.8085,49.4147],[0.8084,49.4143],[0.8077,49.414],[0.8079,49.4127],[0.8084,49.4123],[0.8084,49.4111],[0.8091,49.4097],[0.8099,49.4069],[0.8109,49.4051],[0.8122,49.4033],[0.8149,49.4011],[0.8199,49.398],[0.8207,49.3976],[0.8231,49.3965],[0.827,49.3954],[0.8311,49.3946],[0.8316,49.3945],[0.832,49.3945],[0.8326,49.3945],[0.8329,49.3944],[0.8333,49.394],[0.8336,49.3938],[0.834,49.3936],[0.8355,49.3936],[0.8394,49.3932],[0.8423,49.393],[0.8434,49.3931],[0.8452,49.393],[0.846,49.3934],[0.8471,49.393],[0.8478,49.3931],[0.8507,49.3935],[0.8526,49.394],[0.8574,49.3953],[0.8612,49.3972],[0.8632,49.3985],[0.8647,49.4003],[0.8653,49.4015],[0.8664,49.4045],[0.8666,49.4054],[0.867,49.4085],[0.8673,49.4092],[0.8666,49.4128],[0.8665,49.4135],[0.8653,49.4162],[0.8639,49.419],[0.8616,49.4233],[0.8603,49.4263],[0.8598,49.4275],[0.8586,49.4307],[0.8578,49.4335],[0.8572,49.4352],[0.8565,49.4379],[0.8562,49.4396],[0.8559,49.4408],[0.8557,49.4421],[0.8557,49.4433],[0.8559,49.4446],[0.8557,49.4453],[0.8553,49.4465],[0.8551,49.4484],[0.8549,49.4495],[0.8545,49.4517],[0.8543,49.4537],[0.8545,49.4553],[0.8546,49.456],[0.8546,49.4569],[0.855,49.4579],[0.8551,49.4599],[0.8554,49.4608],[0.8563,49.4624],[0.8568,49.4632],[0.8575,49.465],[0.8579,49.4661],[0.8584,49.4668],[0.8592,49.4677],[0.8603,49.4689],[0.8613,49.4701],[0.8631,49.4722],[0.8654,49.4747],[0.8677,49.4769],[0.8682,49.4773],[0.8698,49.4784],[0.8721,49.4792],[0.8737,49.4798],[0.8769,49.4808],[0.8801,49.482],[0.8813,49.4826],[0.8843,49.4838],[0.8899,49.4851],[0.8939,49.4855],[0.8977,49.4858],[0.9027,49.4859],[0.9057,49.4858],[0.9071,49.4858],[0.9093,49.4856],[0.912,49.4853],[0.915,49.4848],[0.9182,49.4842],[0.9204,49.4836],[0.9209,49.4836],[0.9211,49.4837],[0.9215,49.4839],[0.9218,49.4842],[0.9224,49.4843],[0.9228,49.4842],[0.9233,49.4841],[0.9236,49.484],[0.9247,49.4834],[0.9244,49.4832],[0.9239,49.483],[0.9235,49.4826],[0.9239,49.4822],[0.9248,49.4816],[0.9255,49.4807],[0.9261,49.4807],[0.9268,49.4804],[0.9273,49.4798],[0.9277,49.4787],[0.9284,49.4775],[0.9293,49.4761],[0.9303,49.4743],[0.9327,49.4703],[0.9328,49.4701],[0.9327,49.4693],[0.9329,49.4691],[0.9336,49.4682],[0.9341,49.4662],[0.9349,49.4626],[0.9355,49.4597],[0.9359,49.4583],[0.9363,49.4557],[0.9365,49.4522],[0.9372,49.4494],[0.9373,49.4478],[0.938,49.4462],[0.93801,49.44615],[0.9388,49.4428],[0.9388,49.4408],[0.9387,49.4375],[0.9387,49.4362],[0.9384,49.4336],[0.9383,49.4302],[0.9388,49.4278],[0.9384,49.427],[0.9374,49.4246],[0.9367,49.4228],[0.9356,49.4199],[0.93452,49.41757],[0.9287,49.4135],[0.9276,49.4123],[0.9264,49.4109],[0.9254,49.4097],[0.9239,49.4079],[0.9235,49.407],[0.9227,49.4052],[0.9216,49.4028],[0.9203,49.3998],[0.9195,49.3968],[0.9193,49.3956],[0.9184,49.3934],[0.9176,49.391],[0.917,49.3895],[0.9165,49.3885],[0.9155,49.3855],[0.9153,49.3839],[0.9152,49.3812],[0.9151,49.3782],[0.9156,49.3766],[0.9159,49.3748],[0.916,49.3739],[0.9157,49.3711],[0.9159,49.3691],[0.9162,49.3674],[0.9166,49.3666],[0.9171,49.3656],[0.9174,49.3648],[0.9177,49.3641],[0.9186,49.3629],[0.9201,49.3607],[0.9208,49.3599],[0.9214,49.3594],[0.9224,49.3581],[0.9247,49.3559],[0.9269,49.3542],[0.9291,49.3527],[0.9299,49.3523],[0.9306,49.3522],[0.9309,49.3521],[0.932,49.352],[0.9337,49.3518],[0.936,49.3505],[0.9383,49.35],[0.9435,49.35],[0.9464,49.35],[0.9485,49.3501],[0.9559,49.3502],[0.9612,49.3505],[0.9684,49.3507],[0.9734,49.3514],[0.9771,49.3525],[0.9803,49.3534],[0.9844,49.3555],[0.9894,49.3594],[0.9904,49.3604],[0.9933,49.3625],[0.9971,49.3658],[1.0,49.3672],[1.0008,49.3677],[1.00196,49.36894],[1.0074,49.3822],[1.0083,49.3838],[1.0088,49.385],[1.0098,49.3868],[1.0101,49.3881],[1.0102,49.3895],[1.01,49.3918],[1.0094,49.3942],[1.0097,49.3959],[1.01,49.3972],[1.0105,49.3995],[1.0108,49.4004],[1.0116,49.4027],[1.0119,49.4043],[1.0124,49.4068],[1.0128,49.4092],[1.0134,49.4108],[1.0138,49.4115],[1.0153,49.4142],[1.0174,49.418],[1.0196,49.4214],[1.0222,49.4253],[1.0238,49.4271],[1.0264,49.4299],[1.029,49.4326],[1.03,49.4336],[1.0314,49.4346],[1.0356,49.4365],[1.0369,49.4371],[1.0374,49.4376],[1.0376,49.4375],[1.0379,49.4373],[1.0382,49.4374],[1.038,49.4378],[1.039,49.4382],[1.0394,49.438],[1.0396,49.4382],[1.0404,49.4386],[1.042,49.4389],[1.042,49.4393],[1.0434,49.4399],[1.0591,49.4425],[1.062,49.4431],[1.0645,49.4431],[1.0683,49.4424],[1.0748,49.4408],[1.0799,49.4392],[1.0849,49.4378],[1.0874,49.437],[1.0912,49.4362],[1.093,49.4362],[1.0945,49.4355],[1.0957,49.4344]]}},{"type":"Feature","properties":{"id":560210,"kind":"downstream"},"geometry":{"type":"LineString","coordinates":[[0.724,49.524],[0.53651,49.5255]]}},{"type":"Feature","properties":{"id":560184,"kind":"downstream"},"geometry":{"type":"LineString","coordinates":[[2.3447,48.8572],[2.342,48.8579],[2.3399,48.8584],[2.3378,48.8586],[2.3366,48.8586],[2.3349,48.8589],[2.333,48.8594],[2.3311,48.86],[2.3288,48.8607],[2.3268,48.8613],[2.3233,48.8623],[2.3199,48.8633],[2.3178,48.8636],[2.3159,48.8637],[2.3119,48.8636],[2.3076,48.8634],[2.3043,48.8633],[2.3002,48.8633],[2.299,48.8633],[2.2977,48.863],[2.2959,48.8625],[2.2949,48.8621],[2.2936,48.8614],[2.2923,48.8604],[2.2902,48.8587],[2.2885,48.8573],[2.2877,48.8566],[2.2861,48.8552],[2.2848,48.8543],[2.2835,48.8533],[2.2817,48.852],[2.2805,48.8514],[2.2796,48.8508],[2.2787,48.85],[2.2775,48.8488],[2.2758,48.847],[2.274,48.8454],[2.2722,48.8435],[2.27,48.8415],[2.2688,48.8402],[2.2676,48.8387],[2.266,48.8374],[2.2645,48.8363],[2.2623,48.8343],[2.2618,48.8337],[2.2599,48.832],[2.2573,48.8302],[2.2555,48.829],[2.254,48.8279],[2.2531,48.8272],[2.2517,48.8261],[2.251,48.8255],[2.2497,48.8248],[2.2471,48.8242],[2.2453,48.8237],[2.2428,48.8231],[2.2412,48.8229],[2.2396,48.8229],[2.2387,48.8232],[2.2369,48.8241],[2.2354,48.8248],[2.2331,48.826],[2.2312,48.8272],[2.2296,48.8284],[2.2283,48.8285],[2.2276,48.8286],[2.2276,48.8292],[2.2284,48.8302],[2.2277,48.8321],[2.2276,48.8328],[2.2271,48.8334],[2.2256,48.8352],[2.2247,48.8367],[2.2245,48.8375],[2.2246,48.8382],[2.2248,48.8391],[2.2249,48.8398],[2.2254,48.8407],[2.2259,48.842],[2.2261,48.8426],[2.2263,48.8429],[2.2263,48.8436],[2.2268,48.8446],[2.2273,48.8459],[2.2267,48.8463],[2.2265,48.8475],[2.2269,48.8485],[2.2266,48.8504],[2.2263,48.8517],[2.226,48.8539],[2.2262,48.8553],[2.2264,48.856],[2.2274,48.8584],[2.2286,48.8613],[2.2298,48.8642],[2.2308,48.8662],[2.2309,48.8667],[2.2314,48.8671],[2.2331,48.8683],[2.2346,48.8691],[2.2356,48.8697],[2.2372,48.8702],[2.2395,48.8708],[2.2411,48.8716],[2.2433,48.8731],[2.2459,48.8754],[2.246,48.8756],[2.2465,48.8765],[2.2472,48.8773],[2.2496,48.8796],[2.2505,48.8805],[2.2515,48.8815],[2.2524,48.8825],[2.2533,48.8834],[2.2541,48.8846],[2.255,48.8857],[2.2563,48.8866],[2.2576,48.8879],[2.2594,48.8891],[2.2606,48.8898],[2.2629,48.891],[2.2648,48.8918],[2.2654,48.8921],[2.2666,48.8925],[2.2683,48.8932],[2.2695,48.8939],[2.2713,48.895],[2.2721,48.8956],[2.2738,48.8966],[2.2751,48.8972],[2.2765,48.8978],[2.2774,48.8983],[2.279,48.8988],[2.2807,48.8994],[2.2817,48.8999],[2.283,48.9005],[2.2847,48.9011],[2.2864,48.9019],[2.2887,48.9031],[2.2912,48.9041],[2.2964,48.9066],[2.299,48.9078],[2.3004,48.9086],[2.3015,48.909],[2.303,48.9095],[2.3061,48.9106],[2.3116,48.9123],[2.3137,48.9128],[2.3165,48.9136],[2.3184,48.9141],[2.3205,48.9147],[2.3225,48.9153],[2.3232,48.9155],[2.3249,48.9161],[2.3257,48.9164],[2.3267,48.9169],[2.3288,48.918],[2.3295,48.9185],[2.3303,48.9189],[2.3309,48.9194],[2.3317,48.9204],[2.3332,48.9221],[2.3368,48.9261],[2.339,48.928],[2.3399,48.9292],[2.3408,48.9308],[2.3414,48.9322],[2.3418,48.9334],[2.342,48.9341],[2.3416,48.9354],[2.3412,48.9365],[2.3405,48.9389],[2.3403,48.9397],[2.3405,48.9409],[2.3395,48.9417],[2.3383,48.9425],[2.3362,48.9437],[2.3346,48.9445],[2.333,48.9451],[2.3306,48.9458],[2.3259,48.9471],[2.3222,48.9482],[2.3207,48.9485],[2.3179,48.949],[2.3142,48.9497],[2.3114,48.9503],[2.3081,48.9508],[2.3039,48.9513],[2.3013,48.9514],[2.2997,48.9514],[2.2975,48.9514],[2.2945,48.9514],[2.2914,48.9511],[2.2886,48.9508],[2.2863,48.9504],[2.2842,48.9503],[2.282,48.9499],[2.2788,48.9491],[2.2782,48.9488],[2.2771,48.9484],[2.275,48.9478],[2.27016,48.94647],[2.2685,48.946],[2.2657,48.9452],[2.2642,48.9447],[2.2622,48.944],[2.2599,48.9431],[2.2583,48.9424],[2.2564,48.9415],[2.255,48.9398],[2.2537,48.9393],[2.2518,48.9392],[2.2504,48.9383],[2.248,48.9371],[2.2454,48.9359],[2.2433,48.9347],[2.2403,48.9332],[2.2388,48.9325],[2.237,48.9317],[2.2346,48.9305],[2.2325,48.9294],[2.2306,48.9282],[2.2268,48.9256],[2.2239,48.9236],[2.2217,48.9219],[2.2186,48.9198],[2.2166,48.9187],[2.2136,48.9168],[2.2105,48.915],[2.2082,48.9139],[2.2054,48.913],[2.2038,48.9123],[2.2017,48.9112],[2.2004,48.9104],[2.1988,48.9098],[2.1916,48.9068],[2.1903,48.9063],[2.1886,48.9056],[2.1875,48.9052],[2.1857,48.9051],[2.183,48.9049],[2.1819,48.9048],[2.1803,48.9044],[2.1785,48.9039],[2.1767,48.9033],[2.1753,48.9026],[2.1737,48.9017],[2.1717,48.9005],[2.1704,48.8997],[2.1683,48.8981],[2.1665,48.8967],[2.1656,48.896],[2.1651,48.8954],[2.1645,48.8943],[2.1634,48.8925],[2.1628,48.891],[2.161,48.8878],[2.16,48.8861],[2.1585,48.8841],[2.1568,48.8822],[2.1539,48.8791],[2.1518,48.8769],[2.1478,48.8736],[2.1453,48.872],[2.1444,48.8714],[2.1427,48.8708],[2.1405,48.8703],[2.1377,48.8701],[2.1351,48.8702],[2.1326,48.8705],[2.1302,48.871],[2.1294,48.871],[2.1286,48.8716],[2.1273,48.8726],[2.126,48.8734],[2.1235,48.875],[2.1211,48.8765],[2.1203,48.8772],[2.1193,48.8781],[2.1181,48.879],[2.1166,48.8801],[2.1158,48.881],[2.1153,48.8818],[2.1142,48.8832],[2.1129,48.885],[2.112,48.8858],[2.1114,48.8865],[2.1122,48.8867],[2.1134,48.8871],[2.1137,48.8873],[2.1138,48.8875],[2.1136,48.8877],[2.113,48.8877],[2.1117,48.8872],[2.1116,48.8869],[2.1113,48.8867],[2.111,48.8868],[2.1103,48.8876],[2.1092,48.8888],[2.1089,48.8893],[2.1079,48.8908],[2.1077,48.8919],[2.1077,48.8934],[2.1083,48.8966],[2.1084,48.8983],[2.1086,48.8994],[2.1092,48.9004],[2.1103,48.9013],[2.1108,48.9016],[2.1113,48.9019],[2.1116,48.9022],[2.1118,48.9026],[2.1126,48.9051],[2.1129,48.9062],[2.1134,48.9076],[2.114,48.9089],[2.1148,48.9107],[2.1158,48.9125],[2.1168,48.9138],[2.1174,48.9145],[2.1182,48.9155],[2.1193,48.9175],[2.1205,48.9188],[2.122,48.9205],[2.1224,48.9209],[2.123,48.9216],[2.1236,48.9224],[2.1242,48.9228],[2.1246,48.9233],[2.1249,48.9237],[2.1265,48.9249],[2.1276,48.9258],[2.1281,48.9261],[2.1289,48.9267],[2.132,48.9289],[2.1333,48.9299],[2.1347,48.9307],[2.1381,48.9329],[2.1413,48.9348],[2.1425,48.9356],[2.1435,48.9363],[2.1443,48.937],[2.1454,48.9376],[2.1472,48.9385],[2.1488,48.9392],[2.1502,48.9397],[2.1517,48.9403],[2.1523,48.9407],[2.1547,48.942],[2.1566,48.9431],[2.1576,48.9436],[2.1604,48.9451],[2.1618,48.9458],[2.1622,48.9459],[2.1653,48.9474],[2.1671,48.9481],[2.1688,48.9487],[2.1701,48.9496],[2.1724,48.9511],[2.1744,48.9528],[2.1753,48.9536],[2.1758,48.9541],[2.1774,48.9557],[2.1791,48.9577],[2.1799,48.959],[2.1803,48.9602],[2.1803,48.961],[2.1801,48.9616],[2.1797,48.9629],[2.1799,48.9637],[2.1812,48.9656],[2.1815,48.9662],[2.1816,48.9667],[2.1814,48.9675],[2.181,48.9682],[2.1803,48.9697],[2.1795,48.9712],[2.1789,48.9725],[2.1783,48.9734],[2.177,48.9754],[2.176,48.9769],[2.1744,48.9786],[2.1735,48.9797],[2.1726,48.981],[2.171,48.982],[2.1697,48.9827],[2.1681,48.9836],[2.1658,48.9846],[2.1629,48.9856],[2.1615,48.9858],[2.1586,48.9861],[2.1555,48.9865],[2.1517,48.9873],[2.1489,48.9882],[2.146,48.9891],[2.1439,48.9897],[2.1418,48.9901],[2.1401,48.9904],[2.1396,48.9904],[2.1389,48.9903],[2.137,48.99],[2.1346,48.9899],[2.1302,48.9899],[2.1284,48.9901],[2.1268,48.9906],[2.1255,48.9908],[2.1247,48.9912],[2.1238,48.9914],[2.1208,48.9916],[2.1197,48.9916],[2.1171,48.9913],[2.1146,48.9911],[2.1135,48.9909],[2.1117,48.9908],[2.10133,48.98989],[2.0997,48.9898],[2.0974,48.9899],[2.0956,48.9899],[2.0932,48.9898],[2.0914,48.9897],[2.0894,48.9894],[2.0871,48.989],[2.0856,48.9887],[2.0836,48.9882],[2.0821,48.988],[2.0806,48.9874],[2.0764,48.9865],[2.0752,48.9861],[2.0738,48.9857],[2.0664,48.9846],[2.0651,48.9841],[2.0639,48.9835],[2.0626,48.9826],[2.0617,48.982],[2.061,48.9809],[2.0597,48.9799],[2.0578,48.9781],[2.0558,48.9763],[2.0548,48.9752],[2.0547,48.975],[2.0523,48.9726],[2.0504,48.9707],[2.0494,48.9694],[2.0487,48.9679],[2.047,48.9653],[2.0463,48.9645],[2.046,48.9636],[2.0456,48.9615],[2.0455,48.9605],[2.0455,48.9594],[2.0448,48.9578],[2.045,48.9554],[2.0447,48.9519],[2.04417,48.94934],[2.0441,48.9485],[2.0438,48.9481],[2.0433,48.947],[2.0418,48.9441],[2.0411,48.9428],[2.0408,48.9414],[2.0404,48.9407],[2.0396,48.9397],[2.0389,48.9392],[2.0385,48.9386],[2.0381,48.9378],[2.0376,48.9371],[2.0362,48.9359],[2.0348,48.9349],[2.0339,48.9345],[2.033,48.9342],[2.0313,48.9337],[2.0299,48.9332],[2.0286,48.9326],[2.0276,48.9321],[2.0252,48.9311],[2.0228,48.9304],[2.0212,48.9302],[2.0205,48.9302],[2.019,48.9303],[2.0154,48.9312],[2.0132,48.9319],[2.0114,48.9326],[2.0101,48.9335],[2.0041,48.9365],[2.0032,48.9383],[2.0024,48.9399],[2.002,48.9413],[2.0009,48.9438],[2.0,48.9453],[1.9991,48.9462],[1.9979,48.9476],[1.99765,48.95308],[1.9976,48.9549],[1.9975,48.9562],[1.9982,48.9589],[1.998,48.9597],[1.9969,48.9623],[1.9971,48.9656],[1.9983,48.9675],[1.9988,48.9695],[1.9998,48.9714],[2.0012,48.9726],[2.0013,48.9737],[2.0008,48.975],[1.9999,48.9773],[2.0004,48.9778],[2.0001,48.9783],[1.9987,48.98],[1.9967,48.9825],[1.9953,48.9839],[1.9918,48.9852],[1.9908,48.9857],[1.9889,48.987],[1.9855,48.9883],[1.9849,48.9882],[1.984,48.9888],[1.9833,48.9894],[1.9793,48.9921],[1.9734,48.9952],[1.9696,48.9973],[1.9663,48.999],[1.9639,48.9999],[1.9634,49.0001],[1.9622,49.0006],[1.9586,49.0021],[1.9542,49.0035],[1.9507,49.0045],[1.9466,49.0051],[1.9436,49.0055],[1.941,49.0056],[1.9387,49.0054],[1.9362,49.0052],[1.9311,49.0043],[1.9264,49.0031],[1.9237,49.0024],[1.9188,49.0013],[1.9157,49.0006],[1.9132,49.0002],[1.9113,49.0],[1.9101,48.9998],[1.9079,48.999],[1.9052,48.9986],[1.9006,48.9973],[1.8976,48.9964],[1.8946,48.996],[1.8919,48.9952],[1.8866,48.9937],[1.8818,48.9927],[1.8769,48.9914],[1.8714,48.9902],[1.8649,48.9883],[1.8584,48.9868],[1.8559,48.9863],[1.853,48.9859],[1.8488,48.9861],[1.8451,48.9851],[1.8423,48.9841],[1.839,48.9835],[1.8366,48.9833],[1.8348,48.9831],[1.8295,48.9809],[1.826,48.9795],[1.8215,48.9776],[1.8158,48.9753],[1.8138,48.9737],[1.8126,48.972],[1.8106,48.971],[1.8044,48.9692],[1.8004,48.9681],[1.7967,48.9683],[1.7928,48.969],[1.7852,48.9663],[1.7812,48.9652],[1.7766,48.9647],[1.774,48.9647],[1.7716,48.9648],[1.7643,48.9654],[1.7613,48.9659],[1.7601,48.9658],[1.7568,48.9653],[1.7552,48.9652],[1.751,48.9661],[1.7428,48.9692],[1.7411,48.9758],[1.7401,48.9761],[1.7387,48.9779],[1.7373,48.9785],[1.7365,48.9798],[1.7341,48.9827],[1.7304,48.9868],[1.7294,48.9891],[1.7276,48.9903],[1.7261,48.9916],[1.7221,48.9958],[1.7202,48.9974],[1.7197,48.9988],[1.719,49.0],[1.7177,49.0012],[1.7153,49.003],[1.7124,49.005],[1.7104,49.0076],[1.7075,49.009],[1.7023,49.0104],[1.6981,49.011],[1.6955,49.0109],[1.6929,49.0108],[1.6898,49.0112],[1.6848,49.0113],[1.6794,49.0109],[1.6787,49.0108],[1.6786,49.0107],[1.6775,49.0105],[1.6572,49.0054],[1.6556,49.0048],[1.6549,49.0045],[1.6519,49.004],[1.6492,49.0034],[1.6457,49.0031],[1.6388,49.0028],[1.6352,49.0032],[1.6322,49.004],[1.6261,49.0057],[1.6214,49.0066],[1.6176,49.0077],[1.615,49.009],[1.612,49.0132],[1.6111,49.0158],[1.611,49.0191],[1.6116,49.0204],[1.6171,49.0255],[1.6196,49.0273],[1.6222,49.0292],[1.6233,49.0299],[1.6257,49.031],[1.6305,49.0328],[1.6376,49.0346],[1.6415,49.0374],[1.642,49.0375],[1.642,49.0381],[1.6405,49.0378],[1.642,49.0384],[1.6452,49.0395],[1.65,49.0408],[1.6515,49.0416],[1.6531,49.0423],[1.6541,49.0428],[1.6549,49.0434],[1.6575,49.0443],[1.6612,49.0456],[1.6647,49.0468],[1.6666,49.0471],[1.6673,49.0467],[1.6677,49.0463],[1.6699,49.0475],[1.6718,49.0483],[1.6758,49.0489],[1.6795,49.0497],[1.6852,49.0514],[1.687,49.0521],[1.6904,49.0539],[1.6911,49.0545],[1.6923,49.0563],[1.693,49.0573],[1.6944,49.0586],[1.6953,49.0601],[1.6955,49.0618],[1.6951,49.063],[1.6942,49.0641],[1.6921,49.0654],[1.6889,49.0672],[1.6877,49.0679],[1.6854,49.0695],[1.6828,49.071],[1.6795,49.0724],[1.6664,49.0765],[1.6455,49.0792],[1.6413,49.0794],[1.636,49.0797],[1.6314,49.0791],[1.6278,49.0779],[1.6222,49.0752],[1.6157,49.0724],[1.6144,49.0717],[1.6115,49.0699],[1.6094,49.0679],[1.6075,49.0648],[1.6053,49.0611],[1.6032,49.058],[1.6012,49.0567],[1.5984,49.0546],[1.5964,49.0531],[1.5948,49.0518],[1.5929,49.0501],[1.5916,49.049],[1.5908,49.0484],[1.5896,49.0478],[1.5885,49.0471],[1.5857,49.0454],[1.5839,49.0446],[1.5806,49.0436],[1.5769,49.0426],[1.5756,49.0421],[1.5727,49.041],[1.5698,49.04],[1.5679,49.0394],[1.5657,49.0385],[1.5649,49.0382],[1.5637,49.0381],[1.5629,49.038],[1.5605,49.0374],[1.5588,49.0373],[1.5571,49.0373],[1.5539,49.0375],[1.5504,49.0379],[1.5476,49.0386],[1.5445,49.0399],[1.5428,49.0404],[1.5424,49.0409],[1.541,49.0417],[1.5346,49.0474],[1.5303,49.0497],[1.52757,49.05581],[1.5263,49.0588],[1.5249,49.0614],[1.5239,49.0631],[1.5208,49.067],[1.5186,49.0697],[1.5168,49.0714],[1.5152,49.0728],[1.5146,49.0736],[1.5132,49.075],[1.5121,49.0762],[1.51,49.0779],[1.5081,49.0794],[1.5071,49.0802],[1.5048,49.0828],[1.5037,49.084],[1.5022,49.0851],[1.4999,49.0864],[1.4973,49.088],[1.4937,49.0898],[1.4925,49.0905],[1.4907,49.0923],[1.49,49.0926],[1.4887,49.0941],[1.4857,49.0954],[1.4835,49.096],[1.481,49.0968],[1.4772,49.0985],[1.4749,49.1002],[1.4729,49.1024],[1.4715,49.1046],[1.47,49.1071],[1.4678,49.109],[1.4641,49.111],[1.4619,49.1121],[1.4595,49.1129],[1.4586,49.1133],[1.4574,49.1144],[1.4563,49.1152],[1.4546,49.1161],[1.4528,49.1168],[1.4516,49.1176],[1.4492,49.1194],[1.4478,49.1205],[1.4463,49.1219],[1.4441,49.1231],[1.43657,49.12838],[1.4345,49.1299],[1.4321,49.1316],[1.4301,49.1326],[1.4275,49.1342],[1.4258,49.1354],[1.4214,49.1383],[1.4203,49.1393],[1.4197,49.1401],[1.4179,49.1419],[1.4166,49.1435],[1.416,49.1441],[1.415,49.1452],[1.4138,49.1464],[1.4125,49.1477],[1.4106,49.1492],[1.4092,49.1505],[1.4083,49.1517],[1.4067,49.153],[1.4052,49.1542],[1.404,49.1549],[1.4025,49.156],[1.4016,49.1569],[1.3998,49.1583],[1.397,49.1606],[1.3945,49.1626],[1.3923,49.1641],[1.3889,49.1657],[1.3866,49.1666],[1.3833,49.1682],[1.3793,49.1701],[1.3753,49.1719],[1.3736,49.1728],[1.3717,49.1738],[1.3706,49.1742],[1.3686,49.1745],[1.3672,49.1746],[1.3637,49.1751],[1.3591,49.1762],[1.3529,49.1781],[1.35,49.1791],[1.3465,49.1803],[1.3419,49.1822],[1.3383,49.1844],[1.3366,49.1857],[1.3365,49.1862],[1.3354,49.1877],[1.3346,49.1894],[1.3341,49.1908],[1.3339,49.1923],[1.3348,49.1943],[1.3371,49.1975],[1.339,49.1995],[1.3404,49.2007],[1.3446,49.2032],[1.346,49.2036],[1.3476,49.2044],[1.3488,49.2054],[1.3498,49.2061],[1.3519,49.2072],[1.3553,49.2082],[1.3598,49.2094],[1.3644,49.2107],[1.367,49.2115],[1.3682,49.2121],[1.3693,49.2132],[1.3702,49.2141],[1.3728,49.2151],[1.3758,49.2168],[1.3774,49.2174],[1.3795,49.2179],[1.3825,49.2194],[1.3912,49.223],[1.3932,49.2246],[1.3943,49.2254],[1.3963,49.2277],[1.3966,49.2286],[1.3968,49.23],[1.397,49.2312],[1.3974,49.2321],[1.3982,49.233],[1.3989,49.234],[1.399,49.2348],[1.3989,49.2357],[1.3991,49.2365],[1.3998,49.238],[1.3999,49.2393],[1.3997,49.2399],[1.3987,49.2412],[1.3976,49.2428],[1.3973,49.2434],[1.3956,49.2445],[1.3928,49.2458],[1.3914,49.2471],[1.3899,49.2478],[1.3869,49.2487],[1.3852,49.2496],[1.3833,49.2503],[1.3814,49.2508],[1.3804,49.2508],[1.3784,49.2507],[1.3772,49.2509],[1.3762,49.2511],[1.372,49.2524],[1.3697,49.2527],[1.3681,49.2528],[1.3636,49.2524],[1.3589,49.2517],[1.3552,49.2508],[1.3524,49.2499],[1.3513,49.2494],[1.3475,49.2482],[1.3434,49.2463],[1.3401,49.2443],[1.3376,49.2429],[1.3381,49.2427],[1.3375,49.2419],[1.3362,49.2408],[1.3339,49.2391],[1.3311,49.2371],[1.3289,49.2351],[1.3261,49.2329],[1.3219,49.23],[1.318,49.2274],[1.3171,49.2267],[1.3167,49.2258],[1.3157,49.2248],[1.3141,49.2236],[1.3118,49.2224],[1.3103,49.2222],[1.3055,49.2221],[1.3018,49.2218],[1.3011,49.2218],[1.3011,49.222],[1.3021,49.2226],[1.3021,49.2229],[1.3013,49.2226],[1.3002,49.2222],[1.2977,49.2221],[1.2958,49.2218],[1.2928,49.2207],[1.2887,49.2188],[1.2873,49.2179],[1.2855,49.2168],[1.2854,49.2161],[1.2843,49.2154],[1.2791,49.212],[1.2752,49.2089],[1.2724,49.2071],[1.2686,49.2057],[1.265,49.2049],[1.2629,49.2047],[1.259,49.2046],[1.2559,49.2049],[1.2524,49.2055],[1.2483,49.2064],[1.2442,49.2083],[1.2411,49.2101],[1.239,49.2114],[1.2366,49.2133],[1.2353,49.2149],[1.2336,49.2169],[1.2318,49.2194],[1.2307,49.222],[1.2304,49.2228],[1.2303,49.2251],[1.2311,49.2275],[1.2318,49.2285],[1.2328,49.2291],[1.2343,49.2301],[1.2374,49.2319],[1.2392,49.2329],[1.2424,49.2344],[1.2461,49.2359],[1.2488,49.2373],[1.249,49.2378],[1.2491,49.2384],[1.2507,49.2392],[1.2539,49.2405],[1.257,49.2423],[1.2606,49.2448],[1.2647,49.2497],[1.2644,49.252],[1.2638,49.2536],[1.2626,49.2566],[1.2627,49.2573],[1.2634,49.2579],[1.2641,49.2586],[1.2648,49.2595],[1.2659,49.2628],[1.2665,49.2653],[1.2671,49.2668],[1.2676,49.2679],[1.2679,49.2686],[1.2679,49.2693],[1.2673,49.2698],[1.2659,49.2707],[1.2656,49.2712],[1.2652,49.2731],[1.2649,49.2743],[1.2633,49.2765],[1.2626,49.2779],[1.2626,49.2794],[1.2636,49.2813],[1.2647,49.2831],[1.265,49.2844],[1.26586,49.2863],[1.2658,49.2865],[1.2658,49.2877],[1.2666,49.2891],[1.2671,49.2906],[1.2671,49.2917],[1.2666,49.2929],[1.2661,49.294],[1.2656,49.2948],[1.2641,49.2964],[1.2611,49.2986],[1.2596,49.3005],[1.2581,49.3023],[1.2573,49.3034],[1.2567,49.3039],[1.2557,49.3047],[1.2536,49.3058],[1.2517,49.3071],[1.2511,49.3073],[1.2502,49.3081],[1.2473,49.3097],[1.2451,49.3105],[1.2407,49.3117],[1.2378,49.3119],[1.235,49.3119],[1.2318,49.3116],[1.2286,49.3112],[1.2205,49.3101],[1.2167,49.31],[1.212,49.3103],[1.2086,49.3102],[1.2001,49.3088],[1.1975,49.3087],[1.1934,49.3082],[1.19,49.3078],[1.184,49.3069],[1.1788,49.3062],[1.1768,49.3061],[1.1738,49.3064],[1.1709,49.3066],[1.167,49.3071],[1.1629,49.3074],[1.1601,49.3077],[1.1577,49.308],[1.1563,49.3085],[1.1548,49.309],[1.1528,49.3093],[1.1501,49.3095],[1.1462,49.3098],[1.1426,49.31],[1.1394,49.31],[1.1371,49.3102],[1.1355,49.3104],[1.1318,49.3104],[1.1289,49.3102],[1.1257,49.3099],[1.1227,49.3098],[1.12,49.3098],[1.1175,49.3096],[1.1147,49.3096],[1.1112,49.3096],[1.1076,49.3099],[1.1044,49.3101],[1.1019,49.3102],[1.0971,49.3103],[1.0928,49.3104],[1.091,49.3109],[1.0916,49.3105],[1.0916,49.3104],[1.0876,49.3103],[1.0838,49.3097],[1.0797,49.3089],[1.0727,49.3074],[1.0666,49.3055],[1.06043,49.30369],[1.0605,49.3034],[1.0588,49.3028],[1.0526,49.3008],[1.0489,49.2996],[1.0418,49.2977],[1.0363,49.2963],[1.034,49.2957],[1.0306,49.2948],[1.026,49.2938],[1.0241,49.2936],[1.021,49.2936],[1.0208,49.2938],[1.0212,49.294],[1.02097,49.29451],[1.0209,49.2945],[1.0185,49.294],[1.0173,49.294],[1.0115,49.294],[1.0082,49.2941],[1.005,49.2941],[1.0034,49.2942],[1.0014,49.295],[0.9999,49.2956],[0.9989,49.2961],[0.9965,49.2977],[0.9946,49.2996],[0.9944,49.3016],[0.9942,49.3034],[0.9948,49.3042],[0.9949,49.3043],[0.9967,49.3048],[0.9969,49.306],[0.9985,49.3083],[0.9999,49.3085],[1.0,49.3085],[1.0024,49.31],[1.0036,49.3109],[1.006,49.3128],[1.0074,49.314],[1.0108,49.3157],[1.0148,49.3175],[1.018,49.3183],[1.0218,49.3191],[1.0246,49.32],[1.0266,49.3211],[1.0295,49.3218],[1.0333,49.3222],[1.0362,49.3226],[1.0399,49.3226],[1.0437,49.3229],[1.0508,49.3236],[1.0536,49.3239],[1.0548,49.324],[1.0576,49.3246],[1.0627,49.3257],[1.0674,49.3267],[1.0695,49.3271],[1.0709,49.3277],[1.0728,49.3284],[1.0749,49.3286],[1.0784,49.3292],[1.0805,49.3301],[1.0823,49.3312],[1.0845,49.3322],[1.0856,49.3326],[1.087,49.3328],[1.0879,49.3327],[1.0896,49.3327],[1.0904,49.333],[1.0927,49.333],[1.0947,49.333],[1.0956,49.3337],[1.0965,49.3341],[1.0974,49.3344],[1.0984,49.3344],[1.0995,49.3344],[1.1004,49.3347],[1.1011,49.3352],[1.1016,49.3357],[1.1034,49.3353],[1.1045,49.3348],[1.1066,49.3348],[1.1096,49.3357],[1.1121,49.3363],[1.113,49.3369],[1.1148,49.3378],[1.1171,49.3383],[1.1184,49.3388],[1.1202,49.3398],[1.1229,49.3413],[1.1244,49.3425],[1.1255,49.3438],[1.126,49.3449],[1.1263,49.3457],[1.1268,49.3463],[1.1273,49.3471],[1.1278,49.3488],[1.128,49.3494],[1.1281,49.3505],[1.1284,49.351],[1.1285,49.3519],[1.1292,49.3531],[1.1299,49.3545],[1.1301,49.3565],[1.1303,49.3593],[1.1302,49.3604],[1.1301,49.3634],[1.1298,49.3655],[1.1295,49.3666],[1.1285,49.3687],[1.1273,49.3709],[1.1264,49.3727],[1.1261,49.3738],[1.1259,49.3748],[1.1255,49.3777],[1.1254,49.38],[1.1255,49.3835],[1.1255,49.386],[1.1255,49.3872],[1.1251,49.3886],[1.1248,49.3912],[1.1241,49.3922],[1.1238,49.3938],[1.1234,49.3965],[1.1228,49.3985],[1.1209,49.4011],[1.1206,49.4023],[1.121,49.4036],[1.1215,49.4045],[1.1219,49.4072],[1.1216,49.4084],[1.1214,49.4092],[1.1212,49.4099],[1.1206,49.411],[1.1205,49.4119],[1.12,49.4127],[1.1191,49.4143],[1.1172,49.4176],[1.1167,49.4184],[1.1154,49.4205],[1.11441,49.42203],[1.1095,49.4239],[1.1076,49.4259],[1.106,49.427],[1.1045,49.4284],[1.0989,49.432],[1.0957,49.4344]]}},{"type":"Feature","properties":{"id":560664,"kind":"upstream"},"geometry":{"type":"LineString","coordinates":[[31.19532,27.18636],[31.19602,27.18524],[31.20593,27.17709],[31.21649,27.17097],[31.22937,27.16639],[31.2471,27.16394],[31.26087,27.16218],[31.27821,27.1585],[31.29291,27.15382],[31.3032,27.14688],[31.31131,27.13306],[31.31352,27.11962],[31.31822,27.10237],[31.31505,27.08651],[31.31416,27.06911],[31.31633,27.057],[31.32705,27.04419],[31.34264,27.03217],[31.3482,27.02349],[31.35469,27.01631],[31.3642,27.01134],[31.36777,27.00368],[31.37444,26.98541],[31.3912,26.96552],[31.4031,26.95941],[31.42062,26.95211],[31.43644,26.94529],[31.44571,26.93817],[31.45564,26.92732],[31.46712,26.91557],[31.47873,26.90423],[31.48498,26.89489],[31.4905,26.87605],[31.49705,26.86044],[31.50261,26.85041],[31.5112,26.83685],[31.51611,26.82481],[31.51994,26.80645],[31.52191,26.78952],[31.52236,26.7779],[31.52726,26.77161],[31.53626,26.76808],[31.55213,26.75723],[31.56791,26.74463],[31.58203,26.7312],[31.58912,26.72027],[31.59987,26.70782],[31.60414,26.69816],[31.60884,26.68837],[31.61314,26.68312],[31.62465,26.67884],[31.63254,26.67474],[31.63358,26.66648],[31.63526,26.65449],[31.64431,26.64253],[31.65171,26.63548],[31.66385,26.63321],[31.67716,26.63457],[31.69095,26.63314],[31.70264,26.62658],[31.70609,26.62157],[31.71031,26.60749],[31.71208,26.59149],[31.70926,26.57552],[31.70372,26.55682],[31.70439,26.54601],[31.7081,26.53607],[31.71612,26.53103],[31.73177,26.53257],[31.74552,26.54395],[31.76132,26.55739],[31.7751,26.56168],[31.78885,26.56157],[31.79771,26.55627],[31.80621,26.54842],[31.81287,26.53626],[31.81527,26.51519],[31.81532,26.49394],[31.81465,26.48617],[31.81427,26.47428]]}},{"type":"Feature","properties":{"id":560272,"kind":"downstream"},"geometry":{"type":"LineString","coordinates":[[9.25449,45.4794],[9.25698,45.47216],[9.2553,45.46561],[9.25833,45.45914],[9.26587,45.45493],[9.26832,45.44644],[9.27277,45.43808],[9.27585,45.43221],[9.28778,45.42682],[9.29759,45.4199],[9.30674,45.4031],[9.31449,45.3882],[9.3281,45.37471],[9.33428,45.37139],[9.34723,45.35083],[9.37032,45.32339],[9.39332,45.30199],[9.39035,45.29732],[9.40288,45.2861],[9.40296,45.28211],[9.40561,45.27888],[9.40868,45.27031],[9.41621,45.26565],[9.41526,45.26105],[9.41774,45.24955],[9.42263,45.24639],[9.42071,45.23959],[9.4252,45.23828],[9.43027,45.24272],[9.44318,45.23993],[9.44675,45.23442],[9.45253,45.23205],[9.45554,45.22577],[9.45977,45.22293],[9.46551,45.21201],[9.48169,45.1997],[9.50222,45.19193],[9.51681,45.19082],[9.51982,45.18693],[9.52613,45.18483],[9.52637,45.18107],[9.53064,45.17926],[9.54744,45.15324],[9.5382,45.1303]]}},{"type":"Feature","properties":{"id":560457,"kind":"downstream"},"geometry":{"type":"LineString","coordinates":[[38.44037,38.49925],[38.4459,38.4922],[38.45614,38.48716],[38.47403,38.48523],[38.49525,38.48262],[38.505,38.47814],[38.51385,38.47397],[38.52154,38.4731],[38.52969,38.47312],[38.54129,38.47222],[38.55952,38.4689],[38.57129,38.4648],[38.58092,38.46161],[38.60048,38.46035],[38.62162,38.45711],[38.63406,38.45277],[38.64309,38.44642],[38.65112,38.4427],[38.66107,38.44065],[38.6774,38.43773],[38.69622,38.43105],[38.71438,38.42311],[38.72442,38.42123],[38.73681,38.41982],[38.74239,38.42194],[38.75052,38.42593],[38.75655,38.43041],[38.7636,38.43183],[38.77122,38.43284],[38.78293,38.43564],[38.79981,38.43775],[38.81302,38.44339],[38.81872,38.44672],[38.82448,38.44668],[38.83009,38.44585],[38.83681,38.44214],[38.84167,38.4359],[38.84073,38.43013],[38.83963,38.42254],[38.84223,38.41601],[38.84758,38.4117],[38.85922,38.40885],[38.86969,38.40429],[38.88259,38.39388],[38.88857,38.38579],[38.89062,38.3807],[38.89252,38.37335],[38.89613,38.36774],[38.90192,38.36327],[38.909,38.36068],[38.93235,38.3538],[38.94858,38.34426],[38.95936,38.3341],[38.96697,38.32761],[38.97423,38.32435],[38.9835,38.32448],[38.99736,38.32634],[39.00684,38.3275],[39.01543,38.33172],[39.02532,38.33296],[39.0381,38.33424],[39.05024,38.33852],[39.05859,38.33926],[39.06668,38.3383],[39.07272,38.34008],[39.07979,38.34201],[39.10089,38.34275],[39.10777,38.34551],[39.11273,38.34586],[39.12025,38.34382],[39.12894,38.33859],[39.13837,38.32877],[39.14819,38.31907],[39.15543,38.30872],[39.15828,38.29732],[39.1565,38.28978],[39.15316,38.26673],[39.14602,38.24549],[39.13436,38.21993],[39.12552,38.21046],[39.11491,38.20363],[39.11642,38.20108],[39.1269,38.19447],[39.13998,38.18798],[39.15125,38.18466],[39.16131,38.18505],[39.17047,38.18855],[39.1827,38.1966],[39.20458,38.21206],[39.21283,38.21561],[39.21871,38.2159],[39.22613,38.2149],[39.23382,38.21023],[39.24245,38.20016],[39.25549,38.19061],[39.26488,38.18078],[39.2659,38.17075],[39.26543,38.15435],[39.26077,38.14321],[39.2514,38.13037],[39.24018,38.11765],[39.23691,38.10553],[39.23634,38.0907],[39.23709,38.08077],[39.23227,38.0753],[39.22227,38.07091],[39.21191,38.06725],[39.20542,38.06136],[39.19375,38.04569],[39.18389,38.03555],[39.17069,38.02685],[39.16232,38.02551],[39.14586,38.02513],[39.13478,38.02395],[39.1208,38.02047],[39.1073,38.01472],[39.09643,38.01003],[39.08264,37.99912],[39.07247,37.99044],[39.06924,37.98539],[39.06943,37.98007],[39.06858,37.96926],[39.06611,37.95961],[39.06207,37.95229],[39.05167,37.94068],[39.0423,37.93172],[39.02944,37.9289],[39.01759,37.92728],[39.00676,37.92094],[38.99903,37.91726],[38.98798,37.91114],[38.9803,37.9069],[38.97892,37.90394],[38.98018,37.90049],[38.98515,37.89894],[38.99254,37.89451],[38.99547,37.89132],[38.99488,37.88727],[38.98924,37.87684],[38.9844,37.87053],[38.97924,37.86556],[38.97799,37.86091],[38.9794,37.85385],[38.98308,37.83943],[38.98311,37.83202],[38.97877,37.82828],[38.97264,37.82763],[38.96641,37.82906],[38.95925,37.83163],[38.95044,37.83462],[38.94337,37.83607],[38.93785,37.83561],[38.93383,37.8341],[38.92968,37.83071],[38.91975,37.82311],[38.91204,37.81942],[38.90466,37.81343],[38.90047,37.80703],[38.89895,37.80152],[38.89798,37.79705],[38.89959,37.79198],[38.90332,37.79099],[38.9056,37.79145],[38.91201,37.79722],[38.92,37.80438],[38.92737,37.80613],[38.93577,37.80821],[38.94038,37.81117],[38.94504,37.8152],[38.94934,37.81594],[38.95364,37.81571],[38.95773,37.81148],[38.95909,37.80432],[38.95606,37.79607],[38.9527,37.78854],[38.95108,37.78067],[38.95349,37.77648],[38.96151,37.77105],[38.96873,37.76489],[38.96972,37.76118],[38.96469,37.75716],[38.95823,37.75599],[38.94232,37.75669],[38.9266,37.75698],[38.91609,37.75685],[38.9084,37.75811],[38.90389,37.76066],[38.90012,37.75823],[38.89952,37.75069],[38.89937,37.744],[38.90236,37.73692],[38.90781,37.73137],[38.91714,37.72685],[38.92562,37.72358],[38.92769,37.71989],[38.92549,37.71087],[38.9174,37.70655],[38.90628,37.70763],[38.89722,37.71105],[38.89007,37.71415],[38.88286,37.71391],[38.87643,37.71036],[38.8735,37.70395],[38.87069,37.69614],[38.86447,37.6922],[38.85438,37.69124],[38.84679,37.69348],[38.83832,37.69804],[38.82912,37.7052],[38.82268,37.70805],[38.81547,37.7078],[38.80919,37.70454],[38.80551,37.69906],[38.80569,37.69058],[38.80786,37.68513],[38.81432,37.67991],[38.82559,37.67272],[38.84008,37.66612],[38.85092,37.66615],[38.86032,37.66498],[38.86662,37.65947],[38.86811,37.65593],[38.86452,37.65143],[38.85497,37.64827],[38.84407,37.64894],[38.82549,37.65087],[38.80839,37.65162],[38.79474,37.65019],[38.78126,37.64667],[38.76863,37.64321],[38.75793,37.63539],[38.74123,37.63128],[38.72768,37.63081],[38.71049,37.63056],[38.70201,37.63107],[38.69315,37.63003],[38.68683,37.63149],[38.67936,37.63233],[38.67248,37.63027],[38.6666,37.62856],[38.65691,37.62913],[38.65124,37.62701],[38.6459,37.62309],[38.63864,37.61948],[38.63134,37.61421],[38.62754,37.60439],[38.62267,37.59493],[38.61582,37.59051],[38.60632,37.589],[38.59992,37.58544],[38.59364,37.58049],[38.58488,37.57234],[38.58102,37.56725],[38.57959,37.55799],[38.57549,37.55163],[38.56671,37.54584],[38.55984,37.54378],[38.55321,37.54299],[38.55195,37.53972],[38.54909,37.53496],[38.54099,37.5313],[38.53546,37.52374],[38.52952,37.517],[38.52174,37.51498]]}},{"type":"Feature","properties":{"id":560289,"kind":"downstream"},"geometry":{"type":"LineString","coordinates":[[31.21687,30.01347],[31.2195,30.03058],[31.21704,30.0459],[31.21494,30.05471],[31.21274,30.05947],[31.21294,30.06317],[31.21453,30.06643],[31.22112,30.07301],[31.22479,30.07744],[31.22702,30.08475],[31.22502,30.09416],[31.21959,30.10451],[31.21353,30.11503],[31.20824,30.12115],[31.19637,30.12798],[31.18869,30.13102],[31.17497,30.13588],[31.15831,30.14573],[31.14426,30.15424],[31.12888,30.16854],[31.11738,30.1807],[31.10424,30.18786],[31.09406,30.19732],[31.07542,30.2102],[31.0699,30.21358],[31.06589,30.21338],[31.06063,30.21179],[31.05209,30.21124],[31.03739,30.2102],[31.02962,30.2067],[31.02455,30.20276],[31.01863,30.19962],[31.00945,30.19953],[30.99727,30.20327],[30.98362,30.21172],[30.9753,30.22247],[30.96724,30.24034],[30.96097,30.26419],[30.95919,30.27373],[30.95533,30.27981],[30.94878,30.28346],[30.94273,30.28524],[30.93705,30.28476],[30.92723,30.28224],[30.91985,30.28236],[30.91627,30.28592],[30.91443,30.29044],[30.9174,30.29956],[30.91939,30.30809],[30.92084,30.31935],[30.91823,30.32782],[30.91398,30.33271],[30.90546,30.33615],[30.88958,30.33929],[30.88138,30.33934],[30.87367,30.33653],[30.86583,30.33231],[30.85513,30.32757],[30.84575,30.32593],[30.83554,30.32709],[30.82538,30.33227],[30.82228,30.33684],[30.82143,30.34541],[30.82674,30.35203],[30.8365,30.35875],[30.847,30.36384],[30.85683,30.36637],[30.86472,30.37072],[30.86714,30.37524],[30.86536,30.38435],[30.85918,30.39217],[30.84459,30.39971],[30.83942,30.4057],[30.83812,30.4095],[30.83829,30.4178],[30.83953,30.42796]]}},{"type":"Feature","properties":{"id":560486,"kind":"downstream"},"geometry":{"type":"LineString","coordinates":[[31.22702,30.08475],[31.22922,30.09045],[31.23494,30.09993],[31.23739,30.10841],[31.23496,30.1173],[31.22884,30.12388],[31.23046,30.12722],[31.23313,30.13217],[31.23355,30.13869],[31.23729,30.14793],[31.23935,30.15573],[31.24104,30.16348],[31.24384,30.16934],[31.24713,30.17823],[31.24712,30.18345],[31.24967,30.19222],[31.25152,30.20198],[31.25105,30.20843],[31.24749,30.21493],[31.24192,30.21852],[31.23641,30.22177],[31.23538,30.226],[31.23498,30.23527],[31.2338,30.24112],[31.23741,30.24471],[31.24315,30.24898],[31.24766,30.25737],[31.25757,30.28103],[31.2599,30.29066],[31.26241,30.29928],[31.26096,30.30853],[31.2558,30.31547],[31.25252,30.32285],[31.2537,30.33058],[31.25694,30.33933],[31.25829,30.34654],[31.25698,30.35464],[31.25441,30.36466],[31.25294,30.37123],[31.25338,30.38042],[31.25561,30.38818],[31.2551,30.39922],[31.25666,30.40811],[31.25554,30.41521],[31.25734,30.42167],[31.25797,30.42828],[31.2595,30.43655],[31.26306,30.44205],[31.27087,30.44828],[31.27472,30.45307],[31.27792,30.45851],[31.28635,30.46504],[31.29739,30.47054],[31.31255,30.47064],[31.32515,30.47192],[31.33153,30.47696],[31.337,30.4824],[31.34323,30.48543],[31.35008,30.48876],[31.35451,30.49531],[31.36021,30.50009],[31.36884,30.50534],[31.37503,30.5089],[31.38025,30.50885],[31.38531,30.50678],[31.39338,30.50845],[31.40177,30.5115],[31.40711,30.51037],[31.41468,30.51055],[31.42007,30.51147],[31.42975,30.51158],[31.43528,30.5128],[31.44076,30.51587],[31.44639,30.51961],[31.45186,30.51955],[31.45993,30.52221],[31.46621,30.52576],[31.47308,30.52617],[31.47767,30.52514],[31.48171,30.52392],[31.49271,30.52617],[31.50502,30.53063],[31.51105,30.5331],[31.51753,30.53758],[31.52218,30.53884]]}},{"type":"Feature","properties":{"id":560505,"kind":"upstream"},"geometry":{"type":"LineString","coordinates":[[8.26774,50.01238],[8.27164,50.00708],[8.27217,50.00449],[8.27284,50.00128],[8.27954,49.99488],[8.28514,49.99038],[8.28954,49.98878],[8.29884,49.98328],[8.30344,49.98138],[8.31524,49.97298],[8.33624,49.95198],[8.33914,49.94478],[8.34076,49.93781],[8.34354,49.92528],[8.34644,49.91838],[8.34674,49.91138],[8.33864,49.88948],[8.33954,49.87868],[8.34524,49.87228],[8.35534,49.86568],[8.35924,49.86358],[8.37194,49.86018],[8.37834,49.85588],[8.37964,49.85238],[8.37904,49.84988],[8.37144,49.83488],[8.36994,49.82578],[8.40051,49.80429],[8.4056,49.79865],[8.41241,49.78285],[8.41581,49.77497],[8.42104,49.76768],[8.42664,49.76348],[8.44244,49.76248],[8.45934,49.76468],[8.47254,49.76468],[8.47784,49.75988],[8.47894,49.75608],[8.47784,49.75158],[8.45764,49.73798],[8.43734,49.72538],[8.42644,49.71738],[8.42114,49.71568],[8.38114,49.70708],[8.36988,49.70277],[8.36234,49.69988],[8.35654,49.69308],[8.35424,49.68768],[8.35444,49.68168],[8.35954,49.67018],[8.36424,49.66508],[8.36964,49.66098],[8.3704,49.64578],[8.37164,49.63838],[8.37574,49.62948],[8.38014,49.62328],[8.38984,49.61408],[8.39664,49.61048],[8.40344,49.60568],[8.40694,49.60088],[8.40914,49.59508],[8.40954,49.59418],[8.40924,49.59228],[8.41282,49.58722],[8.41604,49.58268],[8.42004,49.57218],[8.41094,49.56098],[8.40954,49.55398],[8.41164,49.54758],[8.42104,49.53358],[8.42324,49.52778],[8.42754,49.52228],[8.43161,49.51437],[8.43804,49.50188],[8.43994,49.49598],[8.45114,49.48288],[8.45744,49.47938],[8.46154,49.47468],[8.45724,49.46728],[8.45059,49.46436],[8.43994,49.45968],[8.44024,49.45528],[8.44574,49.44988],[8.45284,49.44688],[8.45794,49.44568],[8.47214,49.44458],[8.4783,49.44487],[8.49114,49.44548],[8.49694,49.44138],[8.50384,49.43888],[8.50764,49.43588],[8.50254,49.42458],[8.49524,49.41288],[8.49564,49.40418],[8.49844,49.39748],[8.50184,49.39088],[8.50234,49.38618],[8.50214,49.38098],[8.50004,49.37368],[8.49694,49.36638],[8.49194,49.35988],[8.48892,49.35701],[8.48104,49.34948],[8.47504,49.34678],[8.46874,49.34398],[8.45944,49.33878],[8.45444,49.33498],[8.45154,49.33148],[8.44894,49.32268],[8.45184,49.31918],[8.4587,49.3151]]}},{"type":"Feature","properties":{"id":560191,"kind":"downstream"},"geometry":{"type":"LineString","coordinates":[[8.26774,50.01238],[8.26453,50.01499],[8.25864,50.01978],[8.23624,50.02818],[8.20844,50.03428],[8.20094,50.03428],[8.19184,50.03498],[8.16784,50.03158],[8.15475,50.02762],[8.11832,50.01993],[8.1021,50.01556],[8.02735,50.00127],[8.02038,49.999],[8.00314,49.99338],[7.99644,49.98768],[7.98764,49.98658],[7.97914,49.98448],[7.96698,49.97963],[7.95203,49.97788],[7.94074,49.97798],[7.89496,49.97336],[7.87458,49.97402],[7.86036,49.985],[7.85884,49.98858],[7.85904,50.00018],[7.85444,50.00918],[7.84934,50.01328],[7.84371,50.01576],[7.83074,50.02148],[7.81704,50.03228],[7.80164,50.04058],[7.78824,50.04608],[7.77534,50.05398],[7.77414,50.05828],[7.77514,50.06528],[7.77544,50.06778],[7.77554,50.07228],[7.77364,50.07658],[7.76857,50.08025],[7.75804,50.08788],[7.73364,50.10798],[7.72694,50.11038],[7.72404,50.11488],[7.72604,50.11818],[7.73514,50.12568],[7.73674,50.13408],[7.72784,50.13978],[7.72524,50.14768],[7.71134,50.15718],[7.70194,50.16628],[7.69684,50.16878],[7.68994,50.17098],[7.68024,50.17038],[7.67006,50.17296],[7.66444,50.17438],[7.64794,50.18058],[7.64664,50.18398],[7.64884,50.18998],[7.64792,50.19579],[7.64524,50.1975],[7.64414,50.20138],[7.62674,50.21058],[7.62144,50.21438],[7.61774,50.22188],[7.61294,50.22728],[7.60414,50.23158],[7.59,50.23277],[7.58504,50.23318],[7.57684,50.23998],[7.58024,50.24668],[7.58564,50.24938],[7.59094,50.25048],[7.60404,50.25028],[7.61825,50.24793],[7.61854,50.24788],[7.63604,50.24738],[7.63824,50.24838],[7.64584,50.25168],[7.64824,50.25518],[7.64944,50.25998],[7.64724,50.26488],[7.63437,50.27731],[7.63056,50.27946],[7.62784,50.28098],[7.61994,50.28668],[7.61419,50.29006],[7.59725,50.30939],[7.5949,50.30931],[7.59484,50.30938],[7.59389,50.3109],[7.59384,50.31098],[7.59308,50.31414],[7.58917,50.3186],[7.59195,50.32669],[7.59204,50.32748],[7.59406,50.33283],[7.59624,50.33858],[7.60489,50.35542]]}},{"type":"Feature","properties":{"id":560531,"kind":"upstream"},"geometry":{"type":"LineString","coordinates":[[18.68465,45.56207],[18.6625,45.5717],[18.633,45.5821],[18.6111,45.5929],[18.5978,45.6006],[18.5815,45.6159],[18.5736,45.6209],[18.5629,45.626],[18.5529,45.6323],[18.5505,45.6349],[18.5435,45.638],[18.5338,45.6388],[18.5272,45.6444],[18.5224,45.6588],[18.5173,45.6609],[18.5031,45.6613],[18.4958,45.664],[18.4989,45.6708],[18.5068,45.6761],[18.5079,45.6804],[18.4967,45.6843],[18.4666,45.6874],[18.4612,45.689],[18.4555,45.6923],[18.4477,45.6907],[18.4448,45.6858],[18.4382,45.6838],[18.4276,45.6838],[18.4223,45.6873],[18.4211,45.6925],[18.4124,45.7018],[18.4039,45.7023],[18.3914,45.7003],[18.3848,45.7035],[18.3802,45.7072],[18.3798,45.7121],[18.3751,45.718],[18.3599,45.7143],[18.353,45.714],[18.3491,45.7147],[18.3514,45.7213],[18.3519,45.7267],[18.3402,45.7292],[18.3258,45.7281],[18.3085,45.7317],[18.2974,45.7403],[18.2892,45.743],[18.286,45.7454],[18.2795,45.754],[18.2728,45.7573],[18.2576,45.7612],[18.2464,45.7624],[18.2385,45.7657],[18.2287,45.7764],[18.2191,45.7771],[18.2044,45.7805],[18.1901,45.7853],[18.1834,45.7846],[18.1723,45.7814],[18.1624,45.7815],[18.1497,45.7852],[18.1409,45.7887],[18.1141,45.7853],[18.1099,45.7789],[18.102,45.7698],[18.0912,45.7645],[18.069,45.7665],[18.0512,45.7696],[18.0257,45.7772],[18.0145,45.7815],[17.9964,45.7922],[17.9887,45.7924],[17.98,45.7889],[17.9729,45.7875],[17.9662,45.7878],[17.9556,45.79],[17.9488,45.7892],[17.9417,45.7864],[17.9361,45.7835],[17.9289,45.7829],[17.9169,45.7857],[17.9075,45.7892],[17.9015,45.7905],[17.8947,45.7887],[17.8819,45.7793],[17.873,45.7721],[17.8713,45.7667],[17.8659,45.7633],[17.8625,45.7636],[17.8594,45.7677],[17.8559,45.7762],[17.8532,45.7798],[17.8374,45.7862],[17.835,45.7952],[17.8322,45.7991],[17.8295,45.8067],[17.8245,45.8097],[17.8174,45.8085],[17.8143,45.8066],[17.8062,45.806],[17.7998,45.8073],[17.7907,45.8135],[17.7801,45.8178],[17.7545,45.8182],[17.7444,45.8232],[17.7358,45.8257],[17.7217,45.8288],[17.7162,45.8292],[17.7103,45.8309],[17.6934,45.8379],[17.6841,45.8377],[17.6764,45.8365],[17.6677,45.8388],[17.6644,45.842],[17.6529,45.8491],[17.6467,45.8571],[17.6474,45.8656],[17.6376,45.8835],[17.6304,45.8894],[17.629,45.8986],[17.626,45.9029],[17.6222,45.905],[17.6131,45.9134],[17.6056,45.9137],[17.6013,45.9157],[17.5885,45.9261],[17.5824,45.9297],[17.5654,45.9353],[17.5532,45.9343],[17.5414,45.9324],[17.5343,45.9328],[17.5187,45.9379],[17.5096,45.9396],[17.5036,45.9431],[17.478,45.9411],[17.464,45.9416],[17.4474,45.9447],[17.434,45.9433],[17.4328,45.9431],[17.4291,45.9364],[17.4134,45.9313],[17.406,45.9286],[17.3971,45.9332],[17.395,45.9372],[17.3849,45.9434],[17.3761,45.9453],[17.3668,45.9426],[17.3608,45.9386],[17.3528,45.9363],[17.3423,45.9368],[17.3382,45.9416],[17.3363,45.9461],[17.337,45.9537],[17.3423,45.9575],[17.3459,45.9607],[17.3466,45.9625],[17.3404,45.968],[17.3304,45.9568],[17.3181,45.9563],[17.3108,45.9606],[17.3113,45.9666],[17.3049,45.969],[17.2906,45.9772],[17.2887,45.9809],[17.294,45.987],[17.3021,45.987],[17.3095,45.9882],[17.314,45.9906],[17.3147,45.9918],[17.3109,45.9955],[17.3052,45.9971],[17.3017,45.9971],[17.2809,45.9964],[17.2747,45.9971],[17.269,46.0045],[17.268,46.0088],[17.2634,46.012],[17.262,46.0161],[17.2621,46.0213],[17.2634,46.0338],[17.2632,46.0406],[17.2589,46.0469],[17.2578,46.0567],[17.254,46.0639],[17.2506,46.0652],[17.2402,46.0709],[17.2351,46.076],[17.2195,46.0814],[17.2159,46.084],[17.2113,46.0905],[17.2099,46.0952],[17.2148,46.1024],[17.2174,46.1044],[17.2174,46.1077],[17.2135,46.1111],[17.2076,46.1124],[17.1991,46.1089],[17.1825,46.106],[17.1685,46.1099],[17.1634,46.1089],[17.1576,46.1063],[17.1491,46.1078],[17.1327,46.1128],[17.1184,46.1099],[17.1107,46.1106],[17.1078,46.1165],[17.0989,46.1222],[17.0816,46.1274],[17.0719,46.1266],[17.0665,46.1289],[17.0618,46.1368],[17.0533,46.146],[17.0339,46.1492],[17.0266,46.1552],[17.0237,46.1685],[17.0087,46.1736],[16.9989,46.1794],[16.9912,46.1896],[16.9888,46.1978],[16.9686,46.2017],[16.9654,46.2068],[16.9554,46.2115],[16.9499,46.2168],[16.948,46.2316],[16.9348,46.2408],[16.9303,46.25],[16.931,46.2556],[16.9221,46.26],[16.9087,46.2745],[16.902,46.2777],[16.8962,46.2816],[16.891,46.2974],[16.8861,46.3067],[16.8836,46.306],[16.8817,46.3057],[16.8701,46.3029],[16.8637,46.3046],[16.8609,46.3097],[16.85,46.3121],[16.8418,46.3112],[16.8341,46.3094],[16.8218,46.3117],[16.8119,46.3123],[16.7951,46.3108],[16.7845,46.3113],[16.7743,46.3095],[16.763,46.3092],[16.7527,46.3124],[16.748,46.3126],[16.7384,46.3129],[16.7374,46.3133],[16.7295,46.3161],[16.716,46.318],[16.6946,46.3289],[16.6778,46.329],[16.671,46.3238],[16.6582,46.3199],[16.6508,46.3139],[16.6396,46.3128],[16.6237,46.3174],[16.612,46.3188],[16.5981,46.3171],[16.5866,46.32],[16.5747,46.3244],[16.5649,46.3265],[16.5582,46.3249],[16.5506,46.3253],[16.5386,46.3233],[16.5334,46.3183],[16.5262,46.3162],[16.5234,46.3115],[16.5098,46.3025],[16.5072,46.3014],[16.5021,46.2995],[16.4895,46.3003],[16.4791,46.3039],[16.4772,46.3087],[16.4743,46.3148],[16.4608,46.3129],[16.4531,46.3151],[16.4446,46.3161],[16.4319,46.3197],[16.4124,46.3203],[16.3994,46.3237],[16.3904,46.3242],[16.3849,46.32],[16.3745,46.3176],[16.3682,46.3187],[16.3561,46.3207],[16.3482,46.323],[16.3409,46.328],[16.3328,46.332],[16.3272,46.3377],[16.3309,46.3472],[16.327,46.3524],[16.3252,46.3548],[16.3175,46.3589],[16.3156,46.3656],[16.3107,46.3701],[16.2913,46.3715],[16.2827,46.3706],[16.2732,46.3736],[16.2671,46.379],[16.2568,46.3812],[16.2431,46.3813],[16.2164,46.3847],[16.2065,46.382],[16.1956,46.384],[16.1879,46.384],[16.1711,46.392],[16.1613,46.395],[16.1547,46.3997],[16.1394,46.4035],[16.1334,46.4025],[16.1273,46.3981],[16.1239,46.392],[16.1123,46.3885],[16.1049,46.3824],[16.0994,46.3803],[16.0948,46.3792],[16.0834,46.3797],[16.077,46.3827],[16.0552,46.3969],[16.0329,46.3983],[16.0033,46.383],[15.9896,46.3691],[15.98,46.3678],[15.9658,46.3669],[15.9588,46.3623],[15.9533,46.364],[15.9409,46.3793],[15.9231,46.3842],[15.9194,46.3863],[15.9199,46.3922],[15.87,46.42]]}},{"type":"Feature","properties":{"id":560249,"kind":"downstream"},"geometry":{"type":"LineString","coordinates":[[18.68465,45.56207],[18.7066,45.5598],[18.7231,45.5598],[18.7433,45.5581],[18.7536,45.5562],[18.7636,45.5476],[18.7776,45.5406],[18.8023,45.5416],[18.8156,45.5462],[18.8469,45.5434],[18.8643,45.548],[18.8762,45.5491],[18.8974,45.5427],[18.9155,45.5413],[18.9216,45.5391],[18.9298,45.5379],[18.94794,45.53505],[18.96829,45.53329],[18.9939,45.54034],[19.00743,45.54999],[19.01615,45.55335],[19.02805,45.54561],[19.0345,45.53628],[19.0424,45.53095],[19.05956,45.5279],[19.07935,45.52307],[19.09269,45.51519],[19.09567,45.50306],[19.08794,45.49291],[19.07532,45.48423],[19.04982,45.48595],[19.02024,45.4937],[19.00281,45.49522],[18.99311,45.48627],[18.99738,45.46888],[18.99558,45.45047],[19.00075,45.43816],[19.0139,45.42515],[19.0235,45.41297],[19.02133,45.40491],[19.00394,45.40231],[18.97749,45.3943],[18.97234,45.38186],[18.97941,45.36784],[18.99254,45.36308],[19.0044,45.35947],[19.00884,45.35134],[19.01237,45.34639],[19.02368,45.34385],[19.04504,45.34404],[19.06585,45.3453],[19.07824,45.3406],[19.08755,45.33101],[19.09711,45.3147],[19.10179,45.29984],[19.11696,45.29024],[19.13637,45.27975],[19.1771,45.26942],[19.19715,45.26659],[19.21915,45.2543],[19.2408,45.24823],[19.25956,45.24241],[19.29862,45.23527],[19.34077,45.23299],[19.38628,45.23297],[19.4439,45.23491],[19.49686,45.23931],[19.52302,45.24566],[19.54298,45.24639],[19.55973,45.24173],[19.56903,45.22486],[19.59049,45.21408],[19.61578,45.21584],[19.6695,45.22422],[19.70981,45.22764],[19.75301,45.23077],[19.7821,45.22541],[19.80983,45.2207],[19.83799,45.22575],[19.859,45.23561],[19.8619,45.25805],[19.86935,45.26612],[19.887,45.26235],[19.90552,45.25179],[19.93508,45.22259],[19.95613,45.19885],[19.97637,45.18603],[20.01079,45.17441],[20.04269,45.1687],[20.08988,45.16975],[20.11364,45.16741],[20.13101,45.16982],[20.15125,45.17557],[20.17005,45.18145],[20.19432,45.18163],[20.21645,45.17115],[20.23959,45.16212],[20.26129,45.14961],[20.26991,45.14323],[20.2798,45.13591],[20.2791,45.13021],[20.2829,45.12531],[20.2932,45.11871],[20.3038,45.10891],[20.3113,45.10321],[20.3176,45.09691],[20.3187,45.09071],[20.3299,45.07841],[20.3465,45.07011],[20.3525,45.06571],[20.3581,45.05931],[20.3622,45.05191],[20.3686,45.04361],[20.3722,45.03381],[20.3682,45.00991],[20.3629,45.00381],[20.3565,45.00071],[20.3192,45.00191],[20.3098,45.00021],[20.2919,44.98751],[20.2869,44.97861],[20.2854,44.97171],[20.2866,44.96501],[20.2884,44.96081],[20.2956,44.95001],[20.2995,44.94201],[20.3036,44.93751],[20.3282,44.92161],[20.3406,44.90901],[20.357,44.88291],[20.371,44.86901],[20.3906,44.85791],[20.4019,44.85541],[20.4123,44.85071],[20.4206,44.84581],[20.4239,44.84241],[20.4252,44.83751],[20.4249,44.83151],[20.4267,44.82691],[20.43,44.82271],[20.4387,44.82091],[20.44776,44.82139]]}},{"type":"Feature","properties":{"id":560645,"kind":"upstream"},"geometry":{"type":"LineString","coordinates":[[30.59805,30.85198],[30.60157,30.84774],[30.60736,30.84034],[30.61356,30.83488],[30.62079,30.82937],[30.6257,30.82692],[30.63017,30.82542],[30.63494,30.82432],[30.63916,30.82232],[30.64341,30.81932],[30.65305,30.81074],[30.65679,30.80712],[30.66105,30.80255],[30.66487,30.79783],[30.66846,30.79308],[30.67372,30.78598],[30.67875,30.77929],[30.6826,30.77248],[30.68636,30.76609],[30.69156,30.75979],[30.69805,30.75336],[30.70347,30.75004],[30.7146,30.74269],[30.72058,30.73962],[30.72426,30.73761],[30.73433,30.73245],[30.73994,30.72932],[30.74457,30.72657],[30.75378,30.72028],[30.7618,30.71396],[30.76561,30.71062],[30.7745,30.70441],[30.78026,30.70068],[30.78525,30.69727],[30.79383,30.69163],[30.79981,30.68695],[30.80151,30.6843],[30.80215,30.68165],[30.80171,30.67557],[30.79918,30.66941],[30.79827,30.6677],[30.79367,30.66145],[30.79301,30.65983],[30.79198,30.65395],[30.79039,30.64662],[30.79087,30.64009],[30.79501,30.62907],[30.79543,30.62439],[30.79905,30.62203],[30.80168,30.61456],[30.80203,30.60889],[30.80338,30.60157],[30.8069,30.59485],[30.81515,30.58647],[30.82291,30.584],[30.82828,30.58296],[30.83138,30.57835],[30.82824,30.57341],[30.82011,30.56663],[30.81349,30.56044],[30.8117,30.55495],[30.81415,30.54832],[30.81827,30.54344],[30.82894,30.54118],[30.84149,30.54199],[30.84565,30.54128],[30.84895,30.53943],[30.849,30.53642],[30.84848,30.53356],[30.84597,30.52655],[30.84185,30.51843],[30.83648,30.50942],[30.83301,30.50226],[30.83102,30.49527],[30.83141,30.48512],[30.83488,30.47852],[30.83964,30.46925],[30.84251,30.46081],[30.843,30.45222],[30.84256,30.4409],[30.84135,30.43231],[30.84052,30.43011],[30.83953,30.42796]]}},{"type":"Feature","properties":{"id":560500,"kind":"upstream"},"geometry":{"type":"LineString","coordinates":[[25.3879,43.6262],[25.3618,43.6311],[25.326,43.65156],[25.3224,43.6543],[25.3138,43.6574],[25.30081,43.65908],[25.2893,43.66487],[25.2873,43.6687],[25.2604,43.6831],[25.2442,43.6881],[25.22077,43.68793],[25.21102,43.68904],[25.19687,43.69064],[25.1782,43.691],[25.1417,43.689],[25.1312,43.6911],[25.1002,43.6937],[25.06945,43.70298],[25.0668,43.7031],[25.0585,43.7052],[25.05648,43.70643],[25.03575,43.70874],[25.0222,43.7151],[25.0162,43.7247],[25.0032,43.7329],[24.9842,43.7384],[24.9702,43.7354],[24.9241,43.725],[24.8942,43.7172],[24.8633,43.7132],[24.852,43.7167],[24.8281,43.7223],[24.8105,43.7203],[24.7986,43.7142],[24.7955,43.7152],[24.7848,43.7135],[24.7802,43.7142],[24.7698,43.7172],[24.74687,43.71392],[24.74131,43.71406],[24.6953,43.7182],[24.6797,43.7225],[24.67931,43.7215],[24.66647,43.72675],[24.6527,43.7362],[24.6381,43.7476],[24.6093,43.7561],[24.5776,43.7642],[24.5594,43.7642],[24.5272,43.7692],[24.5131,43.7709],[24.48703,43.7604]]}},{"type":"Feature","properties":{"id":560225,"kind":"downstream"},"geometry":{"type":"LineString","coordinates":[[12.4621,42.4132],[12.4559,42.4082],[12.44973,42.40712],[12.4456,42.4064],[12.4436,42.3991],[12.4405,42.3956],[12.4369,42.3917],[12.43907,42.38623],[12.4396,42.3849],[12.4446,42.3825],[12.4497,42.3887],[12.4555,42.3923],[12.4632,42.3897],[12.4624,42.383],[12.4551,42.38],[12.4611,42.377],[12.4623,42.3712],[12.4578,42.368],[12.4577,42.3594],[12.4655,42.3516],[12.4634,42.3395],[12.4665,42.3349],[12.4685,42.3291],[12.4793,42.3252],[12.4877,42.3184],[12.4766,42.3137],[12.4736,42.3099],[12.4797,42.3054],[12.4873,42.2948],[12.502,42.2974],[12.5104,42.2956],[12.5168,42.2963],[12.5244,42.2921],[12.5317,42.2955],[12.5497,42.2933],[12.5576,42.289],[12.5609,42.2787],[12.5578,42.2704],[12.5634,42.2734],[12.5706,42.2733],[12.5669,42.2831],[12.5773,42.2848],[12.5851,42.2816],[12.58326,42.27713],[12.5809,42.2714],[12.5803,42.2652],[12.5894,42.2678],[12.5992,42.2731],[12.6057,42.2692],[12.6039,42.2631],[12.6127,42.2582],[12.6178,42.2522],[12.6289,42.2481],[12.6308,42.241],[12.6314,42.2361],[12.6323,42.2289],[12.6274,42.2242],[12.619,42.2212],[12.6142,42.2306],[12.6066,42.2307],[12.606,42.2244],[12.6084,42.2169],[12.6066,42.2103],[12.6139,42.2042],[12.6132,42.1995],[12.6131,42.1963],[12.6156,42.1889],[12.6123,42.1826],[12.6203,42.1798],[12.6259,42.1733],[12.6326,42.1693],[12.633,42.1687],[12.6322,42.1583],[12.6361,42.1449],[12.6362,42.1366],[12.6331,42.1305],[12.6349,42.1273],[12.6359,42.1213],[12.6288,42.1181],[12.6285,42.1134],[12.6255,42.1096],[12.6187,42.1059],[12.6094,42.1044],[12.6053,42.1017],[12.6045,42.0907],[12.5992,42.0858],[12.5911,42.0874],[12.5867,42.0722],[12.58259,42.06553],[12.57962,42.06463],[12.5792,42.06441],[12.5723,42.0633],[12.5601,42.065],[12.559,42.0714],[12.5546,42.0685],[12.5498,42.0676],[12.5434,42.0577],[12.5528,42.0545],[12.556,42.0501],[12.5511,42.0439],[12.5432,42.0443],[12.5401,42.0485],[12.5216,42.0425],[12.518,42.0392],[12.5212,42.0339],[12.5191,42.0298],[12.5125,42.0316],[12.5111,42.0304],[12.5181,42.0238],[12.5177,42.02],[12.512,42.0095],[12.5056,42.0074],[12.51,42.002],[12.51043,41.99688],[12.50928,41.99495],[12.5073,41.9931],[12.4974,41.994],[12.4957,41.9906],[12.5029,41.9833],[12.5006,41.975],[12.4957,41.9696],[12.5005,41.9653],[12.4998,41.9608],[12.4937,41.9591],[12.4917,41.9572],[12.4925,41.9542],[12.4973,41.9502],[12.4981,41.9461],[12.4866,41.944],[12.4804,41.9341],[12.4706,41.9354],[12.46871,41.93432],[12.47155,41.92431],[12.46871,41.93432],[12.4629,41.931],[12.4619,41.9265],[12.4704,41.9207],[12.4721,41.9123],[12.4754,41.9059],[12.4657,41.8992],[12.4673,41.8945],[12.47229,41.89282],[12.4759,41.8916],[12.47724,41.89026],[12.47409,41.88963],[12.47385,41.88958]]}},{"type":"Feature","properties":{"id":560513,"kind":"upstream"},"geometry":{"type":"LineString","coordinates":[[-9.14815,38.69574],[-9.13034,38.69901],[-9.11152,38.70137],[-9.09306,38.71922],[-9.08248,38.73762],[-9.07622,38.75842],[-9.07501,38.77759],[-9.06892,38.79891],[-9.0604,38.81519],[-9.04773,38.82956],[-9.02788,38.86215],[-9.01783,38.8843],[-9.01092,38.90745],[-9.00159,38.92556],[-8.9878,38.9424],[-8.9826,38.9428],[-8.9755,38.951],[-8.9692,38.9533],[-8.9579,38.9591],[-8.9506,38.966],[-8.9472,38.9703],[-8.9434,38.9778],[-8.9399,38.9921],[-8.9324,39.0028],[-8.9248,39.0158],[-8.9159,39.0214],[-8.9082,39.0226],[-8.9025,39.025],[-8.8981,39.0258],[-8.8899,39.0235],[-8.8855,39.023],[-8.8786,39.0242],[-8.8632,39.0204],[-8.8593,39.0202],[-8.8568,39.0228],[-8.8544,39.025],[-8.8483,39.0255],[-8.8404,39.024],[-8.8368,39.0246],[-8.8309,39.0233],[-8.8249,39.0238],[-8.8164,39.0264],[-8.8112,39.029],[-8.8061,39.0344],[-8.8007,39.0369],[-8.8005,39.039],[-8.8047,39.0386],[-8.7964,39.045],[-8.7847,39.0496],[-8.7742,39.0552],[-8.7624,39.0594],[-8.7588,39.0629],[-8.7559,39.0673],[-8.7506,39.0802],[-8.7461,39.085],[-8.7396,39.0892],[-8.728,39.1017],[-8.7118,39.1136],[-8.7114,39.1179],[-8.7064,39.1362],[-8.7,39.1472],[-8.6924,39.1553],[-8.6906,39.1627],[-8.6881,39.1656],[-8.6813,39.1782],[-8.6761,39.2123],[-8.6726,39.21945]]}},{"type":"Feature","properties":{"id":560738,"kind":"upstream"},"geometry":{"type":"LineString","coordinates":[[32.92172,24.44806],[32.92163,24.44258],[32.91869,24.43161],[32.91325,24.41814],[32.91022,24.40488],[32.90868,24.39412],[32.90873,24.38516],[32.90979,24.3762],[32.91027,24.36346],[32.91124,24.35122],[32.90951,24.33886],[32.9084,24.32332],[32.90839,24.30809],[32.90728,24.29355],[32.90523,24.28427],[32.90108,24.27569],[32.89054,24.26487],[32.88342,24.25128],[32.87571,24.23739],[32.86988,24.22521],[32.86833,24.21743],[32.86612,24.20358],[32.86662,24.18785],[32.86892,24.17353],[32.87188,24.16329],[32.88142,24.14065],[32.8895,24.12676],[32.89698,24.11307],[32.89975,24.10124],[32.89977,24.09725],[32.89731,24.09176],[32.89475,24.08597]]}},{"type":"Feature","properties":{"id":560422,"kind":"downstream"},"geometry":{"type":"LineString","coordinates":[[32.92172,24.44806],[32.91643,24.45049],[32.90984,24.45174],[32.89674,24.45331],[32.88709,24.45502],[32.88295,24.46205],[32.87897,24.46849],[32.8738,24.47306],[32.87106,24.4755],[32.87074,24.48218],[32.87365,24.49246],[32.87681,24.50227],[32.88069,24.51079],[32.88646,24.52013],[32.89391,24.52804],[32.89768,24.53677],[32.90027,24.54625],[32.90098,24.55385],[32.90164,24.56021],[32.90338,24.56712],[32.90635,24.57451],[32.90933,24.58298],[32.91245,24.59246],[32.91596,24.602],[32.92034,24.60983],[32.92468,24.61643],[32.92933,24.62453],[32.93164,24.63534],[32.93353,24.6454],[32.93359,24.65665],[32.93296,24.66492],[32.93234,24.67304],[32.92856,24.68258],[32.92805,24.70658],[32.92689,24.7194],[32.92541,24.7318],[32.92339,24.74419],[32.92191,24.75712],[32.92293,24.76835],[32.91967,24.77865],[32.91495,24.79049],[32.9105,24.80046],[32.90301,24.81266],[32.89493,24.82362],[32.8888,24.83395],[32.88624,24.84367],[32.88344,24.84937],[32.87356,24.86144],[32.8696,24.87018],[32.86851,24.87943],[32.86675,24.89155],[32.86616,24.90104],[32.86581,24.90945],[32.86883,24.92075],[32.87241,24.92831],[32.87529,24.93592],[32.87579,24.94287],[32.87631,24.95071],[32.88407,24.96351],[32.88674,24.9694],[32.88762,24.97695],[32.88493,24.9842]]}},{"type":"Feature","properties":{"id":560534,"kind":"upstream"},"geometry":{"type":"LineString","coordinates":[[12.2713,41.7527],[12.2805,41.7585],[12.2753,41.764],[12.27446,41.7679],[12.27384,41.77078],[12.2733,41.7733],[12.2781,41.7825],[12.2843,41.7887],[12.2947,41.7915],[12.3018,41.7967],[12.3095,41.7999],[12.31656,41.7992],[12.32278,41.79859],[12.3318,41.7977],[12.3372,41.7991],[12.3386,41.8059],[12.3426,41.8095],[12.3522,41.8059],[12.35952,41.80638],[12.3644,41.8067],[12.36997,41.80524],[12.3751,41.8039],[12.3855,41.8024],[12.3943,41.8053],[12.405,41.8047],[12.411,41.8086],[12.41551,41.81757],[12.41752,41.82157],[12.4206,41.8277],[12.4262,41.8306],[12.4353,41.8292],[12.4439,41.834],[12.4616,41.8504],[12.46023,41.85351],[12.4597,41.8547],[12.4614,41.8578],[12.4704,41.8629],[12.4718,41.8682],[12.4676,41.8768],[12.4689,41.8823],[12.4748,41.888],[12.47409,41.88963],[12.47385,41.88958]]}},{"type":"Feature","properties":{"id":560795,"kind":"upstream"},"geometry":{"type":"LineString","coordinates":[[32.56378,31.05311],[32.55279,31.04988],[32.54192,31.04767],[32.52998,31.04635],[32.51695,31.04613],[32.51313,31.04614],[32.49647,31.04645],[32.49332,31.04654],[32.47146,31.04947],[32.46618,31.05038],[32.44526,31.0503],[32.44036,31.05014],[32.41913,31.04919],[32.39398,31.04967],[32.38954,31.05006],[32.36636,31.05279],[32.36034,31.05428],[32.35445,31.05549],[32.34234,31.05589],[32.3306,31.05544],[32.3252,31.05388],[32.30777,31.04906],[32.29937,31.04758],[32.28197,31.04659],[32.27096,31.04722],[32.24322,31.04665],[32.23857,31.0461],[32.23291,31.04485],[32.22162,31.04232],[32.21558,31.03995],[32.20222,31.03044],[32.19676,31.02502],[32.19035,31.01523],[32.18405,31.00858],[32.16475,30.99286],[32.14277,30.9826],[32.1391,30.98116],[32.11734,30.97464],[32.11258,30.97289],[32.09516,30.96745],[32.09038,30.96629],[32.07047,30.96158],[32.06768,30.95996],[32.05263,30.94979],[32.05113,30.94817],[32.03685,30.93608],[32.03522,30.93464],[32.01971,30.92246],[32.01804,30.92112],[32.00224,30.9098],[32.00078,30.90896],[31.99275,30.90354],[31.98235,30.89787],[31.97969,30.89641],[31.96055,30.88759],[31.95902,30.8871],[31.94963,30.88305],[31.94461,30.87909],[31.944,30.87828],[31.9434,30.87748],[31.94289,30.87679],[31.94266,30.87648],[31.94246,30.87619],[31.94228,30.87594],[31.94213,30.87572],[31.942,30.87553],[31.94189,30.87536],[31.9418,30.87522],[31.94174,30.87511],[31.94172,30.87507],[31.9417,30.87503],[31.94169,30.875],[31.94168,30.87498],[31.94054,30.86949],[31.93916,30.86495],[31.93898,30.86466],[31.93879,30.86438],[31.9386,30.8641],[31.9384,30.86382],[31.93819,30.86355],[31.93798,30.86328],[31.93776,30.86302],[31.93753,30.86276],[31.9373,30.86251],[31.93706,30.86226],[31.93682,30.86201],[31.93657,30.86177],[31.93631,30.86154],[31.93605,30.86131],[31.93579,30.86108],[31.93551,30.86086],[31.93524,30.86065],[31.93495,30.86044],[31.93467,30.86024],[31.93437,30.86004],[31.92791,30.85571],[31.92731,30.85544],[31.92664,30.85514],[31.92595,30.85483],[31.92527,30.85452],[31.9246,30.85422],[31.92395,30.85392],[31.92332,30.85363],[31.92271,30.85334],[31.92213,30.85307],[31.92157,30.8528],[31.92103,30.85254],[31.92052,30.85229],[31.92003,30.85205],[31.91957,30.85182],[31.91914,30.8516],[31.91872,30.85138],[31.91834,30.85118],[31.91799,30.85099],[31.91766,30.85081],[31.91736,30.85064],[31.91708,30.85048],[31.91683,30.85032],[31.9166,30.85018],[31.9164,30.85005],[31.91623,30.84993],[31.91615,30.84987],[31.91608,30.84981],[31.91601,30.84976],[31.91596,30.84971],[31.9159,30.84966],[31.91586,30.84962],[31.91582,30.84957],[31.91579,30.84953],[31.91576,30.84949],[31.91574,30.84946],[31.91573,30.84942],[31.91573,30.84939],[31.91573,30.84937],[31.91573,30.84934],[31.91511,30.84163],[31.91403,30.83632],[31.91111,30.83201],[31.90515,30.82838],[31.8941,30.8234],[31.88613,30.81894],[31.88148,30.81515],[31.8783,30.81138],[31.8759,30.81029],[31.86101,30.80618],[31.85708,30.80524],[31.84296,30.80115],[31.84061,30.80011],[31.82533,30.7923],[31.82329,30.79083],[31.81891,30.78662],[31.81742,30.7813],[31.81703,30.7762],[31.81634,30.76817],[31.81624,30.76701],[31.81533,30.76523],[31.81452,30.7643],[31.80685,30.75476],[31.80418,30.75078],[31.80362,30.74893],[31.80203,30.74255],[31.79988,30.73792],[31.79953,30.73655],[31.7961,30.73214],[31.79436,30.73155],[31.77757,30.73112],[31.77174,30.73031],[31.76873,30.72921],[31.76662,30.72786],[31.75927,30.72142],[31.75659,30.71677],[31.75605,30.71451],[31.75248,30.70878],[31.75034,30.70374],[31.74548,30.69698],[31.74115,30.69068],[31.73975,30.6892],[31.73778,30.68761],[31.73157,30.68426],[31.71425,30.67958],[31.70858,30.67638],[31.70285,30.66989],[31.69673,30.66504],[31.69043,30.66249],[31.68379,30.6584],[31.68362,30.65835],[31.68345,30.65829],[31.68328,30.65823],[31.68312,30.65816],[31.68296,30.65809],[31.68281,30.65801],[31.68266,30.65792],[31.68251,30.65783],[31.68237,30.65773],[31.68224,30.65762],[31.6821,30.65751],[31.68198,30.6574],[31.68186,30.65728],[31.68174,30.65716],[31.68163,30.65703],[31.67847,30.65302],[31.67674,30.64804],[31.67659,30.64651],[31.67269,30.64077],[31.66658,30.63779],[31.65943,30.63527],[31.65215,30.63193],[31.63418,30.62251],[31.62829,30.61915],[31.62062,30.61202],[31.61754,30.60724],[31.61831,30.60529],[31.6167,30.59922],[31.61269,30.59236],[31.61212,30.59078],[31.6068,30.58591],[31.60204,30.58391],[31.59744,30.58271],[31.58712,30.57998],[31.58089,30.57685],[31.57591,30.57318],[31.566,30.56391],[31.56303,30.55978],[31.5604,30.55597],[31.55993,30.55413],[31.55894,30.55243],[31.55389,30.54766],[31.55119,30.54664],[31.53988,30.53963],[31.53574,30.5382],[31.52218,30.53884]]}},{"type":"Feature","properties":{"id":560234,"kind":"downstream"},"geometry":{"type":"LineString","coordinates":[[9.6987,45.0695],[9.70872,45.06631],[9.7166,45.0638],[9.7371,45.0739],[9.7442,45.0818],[9.7449,45.0856],[9.7513,45.0909],[9.7524,45.095],[9.748,45.1009],[9.7416,45.1032],[9.7382,45.1074],[9.7409,45.1139],[9.7518,45.1131],[9.762,45.1108],[9.7762,45.0896],[9.7887,45.0856],[9.7937,45.0818],[9.7992,45.0812],[9.81,45.0782],[9.8151,45.0735],[9.8163,45.0642],[9.8221,45.0568],[9.8248,45.0595],[9.8258,45.0877],[9.8322,45.0969],[9.8449,45.0978],[9.8561,45.0949],[9.8666,45.0884],[9.8732,45.0767],[9.8798,45.0751],[9.8864,45.078],[9.8908,45.0845],[9.89066,45.08663],[9.8966,45.0926],[9.9077,45.0988],[9.9201,45.1019],[9.9268,45.1047],[9.9359,45.1119],[9.9425,45.121],[9.9585,45.126],[9.9637,45.1337],[9.9695,45.1367],[9.9745,45.1373],[9.9874,45.1339],[9.993,45.1275],[10.0027,45.122],[10.0079,45.1152],[10.0189,45.1042],[10.0273,45.1012],[10.0313,45.0855],[10.0407,45.0763],[10.042,45.0677],[10.0481,45.0601],[10.0541,45.0428],[10.0615,45.0379],[10.0623,45.0335],[10.0694,45.0345],[10.0799,45.0328],[10.0892,45.0269],[10.0956,45.0258],[10.1018,45.0304],[10.1063,45.031],[10.115,45.0268],[10.1296,45.0302],[10.146,45.0371],[10.1509,45.0424],[10.1634,45.0448],[10.177,45.0429],[10.1918,45.0378],[10.2285,45.0271],[10.2635,45.0087],[10.3129,44.9831],[10.3703,44.9737],[10.3891,44.9779],[10.4059,44.9787],[10.41641,44.97948],[10.4232,44.9712],[10.4299,44.9614],[10.4266,44.9577],[10.4279,44.9556],[10.4391,44.9533],[10.4469,44.9471],[10.4625,44.9419],[10.4658,44.9401],[10.4792,44.9329],[10.4831,44.9345],[10.4896,44.9307],[10.4948,44.9315],[10.502,44.9238],[10.5296,44.9171],[10.5412,44.9195],[10.5535,44.9199],[10.5596,44.9181],[10.5672,44.9195],[10.5974,44.9207],[10.6079,44.9233],[10.6198,44.9289],[10.63,44.9375],[10.6366,44.9473],[10.6452,44.9562],[10.66627,44.97348],[10.68984,44.98288],[10.70867,44.98577],[10.72198,44.99143],[10.73015,44.99389],[10.73472,44.99314],[10.73614,44.98558],[10.74165,44.97943],[10.75238,44.98259],[10.76162,44.98791],[10.76978,44.98893],[10.7794,44.98598],[10.7862,44.98509],[10.7929,44.98682],[10.79637,44.98887],[10.79969,44.99384],[10.79855,44.99907],[10.79447,45.00331],[10.78745,45.00687],[10.7798,45.00992],[10.7755,45.01317],[10.77345,45.01776],[10.77381,45.02125],[10.7769,45.0253],[10.78391,45.02689],[10.78846,45.02643],[10.79282,45.02754],[10.79721,45.02986],[10.80371,45.03138],[10.81036,45.02962],[10.81283,45.02574],[10.81942,45.02004],[10.82781,45.01969],[10.83634,45.02134],[10.84085,45.02466],[10.84284,45.02885],[10.84615,45.03326],[10.84991,45.03437],[10.85566,45.03311],[10.86684,45.03008],[10.8724,45.02925],[10.8797,45.0304],[10.88715,45.03355],[10.89312,45.03972],[10.90159,45.04921],[10.9017,45.051],[10.90307,45.05215],[10.9072,45.0556],[10.9023,45.0616],[10.9045,45.0731],[10.9079,45.0794],[10.9184,45.0809],[10.9318,45.078],[10.9467,45.073],[10.9583,45.071],[10.97074,45.07245],[10.9755,45.073],[10.9949,45.0674],[10.99828,45.06554],[11.0029,45.063],[11.0055,45.0611],[11.0122,45.0559],[11.0286,45.0525],[11.0358,45.0475],[11.0466,45.0436],[11.0545,45.0424],[11.0611,45.0398],[11.0715,45.0418],[11.07384,45.04173],[11.0861,45.0505],[11.0902,45.0545],[11.1015,45.0577],[11.1201,45.069],[11.1281,45.0692],[11.1343,45.0647],[11.1396,45.0565],[11.1486,45.0536],[11.16196,45.04357],[11.16754,45.04336],[11.169,45.0433],[11.184,45.0499],[11.1977,45.0538],[11.2093,45.0525],[11.2153,45.0529],[11.2277,45.045],[11.2387,45.0364],[11.2493,45.0397],[11.25112,45.04691],[11.2514,45.048],[11.25497,45.04931],[11.2626,45.0521],[11.26346,45.04944],[11.2654,45.0434],[11.2578,45.0329],[11.2557,45.0248],[11.2636,45.0163],[11.2747,45.0131],[11.2897,45.0115],[11.29594,45.00742],[11.3024,45.0032],[11.3173,44.9959],[11.3314,44.9859],[11.3514,44.9812],[11.3683,44.9714],[11.3921,44.9655],[11.4138,44.9626],[11.4308,44.9541],[11.42968,44.95046],[11.4268,44.9411],[11.428,44.9318],[11.4312,44.9285],[11.4383,44.9307],[11.4518,44.9313],[11.4694,44.9366],[11.4878,44.937],[11.4967,44.94],[11.5063,44.9365],[11.5287,44.9386],[11.5409,44.935],[11.54579,44.93243],[11.5667,44.919],[11.5743,44.914],[11.58009,44.90894],[11.5853,44.9044],[11.5858,44.8945],[11.5901,44.8861],[11.6015,44.8848],[11.59747,44.87234],[11.5917,44.8386],[11.594,44.837],[11.6131,44.8288],[11.6249,44.8212]]}},{"type":"Feature","properties":{"id":560549,"kind":"upstream"},"geometry":{"type":"LineString","coordinates":[[9.6987,45.0695],[9.681,45.0766],[9.6678,45.0777],[9.6547,45.08],[9.6404,45.0796],[9.6295,45.0833],[9.6247,45.0903],[9.6315,45.1045],[9.6322,45.1163],[9.6293,45.1236],[9.6178,45.1341],[9.6138,45.13],[9.6138,45.1174],[9.6103,45.1092],[9.5999,45.1036],[9.5843,45.1011],[9.5728,45.1005],[9.5619,45.1072],[9.5563,45.1185],[9.5503,45.1266],[9.5446,45.1304],[9.5382,45.1303]]}},{"type":"Feature","properties":{"id":560536,"kind":"upstream"},"geometry":{"type":"LineString","coordinates":[[15.8688,46.41871],[15.857,46.4239],[15.8454,46.4266],[15.8405,46.4287],[15.8244,46.4483],[15.8223,46.4504],[15.8067,46.455],[15.8038,46.4574],[15.8015,46.4712],[15.7966,46.4757],[15.789,46.4752],[15.786,46.4719],[15.7784,46.4699],[15.7714,46.4715],[15.7653,46.4781],[15.7602,46.4811],[15.7383,46.4867],[15.7352,46.4898],[15.7336,46.4967],[15.7278,46.5015],[15.7147,46.5092],[15.7131,46.5128],[15.7131,46.5257],[15.7164,46.5343],[15.7122,46.5485],[15.687,46.5579],[15.6757,46.5605],[15.6646,46.5587],[15.6465,46.5584],[15.6367,46.5595],[15.6234,46.5624],[15.6193,46.568],[15.611,46.5709],[15.5946,46.5668],[15.5782,46.5659],[15.5508,46.5609],[15.5238,46.5587],[15.5033,46.5484],[15.48272,46.54056],[15.4762,46.537],[15.4705,46.5357],[15.4642,46.5359],[15.4554,46.5414],[15.454,46.5459],[15.4572,46.5522],[15.4585,46.5612],[15.4591,46.5691],[15.4581,46.5734],[15.4526,46.58],[15.4474,46.5824],[15.4429,46.5836],[15.4389,46.5819],[15.4378,46.5762],[15.4411,46.569],[15.4377,46.5661],[15.4319,46.5646],[15.4247,46.5656],[15.4157,46.5731],[15.4077,46.5769],[15.4035,46.581],[15.399,46.583],[15.3947,46.5846],[15.3869,46.5841],[15.3824,46.585],[15.3749,46.5857],[15.3714,46.5851],[15.3653,46.5819],[15.361,46.5816],[15.357,46.5827],[15.3523,46.589],[15.35,46.5906],[15.337,46.5945],[15.3341,46.5945],[15.3264,46.5914],[15.3245,46.5911],[15.322,46.5917],[15.3181,46.5958],[15.3142,46.5985],[15.3086,46.5981],[15.3055,46.5949],[15.3039,46.5911],[15.3004,46.5907],[15.29,46.5911],[15.2851,46.5892],[15.2731,46.5892],[15.2721,46.5898],[15.2689,46.5959],[15.2598,46.5991],[15.2521,46.6028],[15.2476,46.6041],[15.2339,46.601],[15.2214,46.6023],[15.2093,46.6079],[15.1999,46.6075],[15.1972,46.6092],[15.1928,46.6131],[15.1856,46.6159],[15.1788,46.6153],[15.1708,46.6124],[15.1658,46.6058],[15.1628,46.5999],[15.1568,46.5961],[15.1492,46.5949],[15.1358,46.5952],[15.1273,46.5983],[15.1233,46.6024],[15.119,46.6055],[15.1106,46.6071],[15.1055,46.6068],[15.0986,46.6061],[15.0895,46.6034],[15.0829,46.6038],[15.0766,46.605],[15.0705,46.6054],[15.0652,46.6045],[15.0578,46.6012],[15.0502,46.5987],[15.0346,46.5939],[15.029,46.5897],[15.0201,46.5876],[15.0146,46.5837],[15.0138,46.5845],[15.0158,46.588],[15.0139,46.5912],[14.9999,46.5943],[14.977,46.6022],[14.9734,46.6066],[14.9715,46.6156],[14.9689,46.6199],[14.9641,46.6245],[14.9171,46.65],[14.913,46.6509],[14.9001,46.649],[14.8924,46.6489],[14.8859,46.6475],[14.8787,46.6482],[14.8737,46.6505],[14.8678,46.6558],[14.8597,46.6614],[14.8508,46.6654],[14.8438,46.6665],[14.839,46.6654],[14.8341,46.6489],[14.8311,46.6462],[14.8252,46.645],[14.8108,46.6464],[14.7915,46.6375],[14.7847,46.6334],[14.7785,46.6318],[14.7655,46.635],[14.7451,46.6362],[14.7396,46.6359],[14.7266,46.632],[14.7107,46.6325],[14.7055,46.6292],[14.6981,46.6278],[14.6886,46.6288],[14.6857,46.6309],[14.6829,46.6318],[14.6746,46.6309],[14.6688,46.6315],[14.6645,46.6295],[14.6614,46.6269],[14.6566,46.6262],[14.6545,46.6284],[14.6536,46.6311],[14.6551,46.6421],[14.653,46.6443],[14.6443,46.6476],[14.6387,46.6532],[14.6342,46.6533],[14.6262,46.6466],[14.6162,46.6431],[14.61,46.6425],[14.5998,46.6439],[14.5795,46.6417],[14.5766,46.6395],[14.5752,46.6371],[14.5691,46.6323],[14.5573,46.6278],[14.5456,46.6212],[14.5321,46.6187],[14.5296,46.6171],[14.5247,46.6106],[14.5207,46.6068],[14.50199,46.60939],[14.48734,46.60956],[14.47245,46.60699],[14.46,46.60934],[14.44738,46.60987],[14.43573,46.60626],[14.42511,46.6067],[14.41962,46.6124],[14.41383,46.62221],[14.41321,46.63773],[14.42173,46.65105],[14.43334,46.6615],[14.43188,46.66749],[14.43789,46.67498]]}},{"type":"Feature","properties":{"id":560514,"kind":"upstream"},"geometry":{"type":"LineString","coordinates":[[12.14282,47.86926],[12.15615,47.83893],[12.12915,47.79731],[12.1354,47.75678],[12.14907,47.72468],[12.16699,47.71716],[12.17788,47.69794],[12.18862,47.68586],[12.20459,47.67255],[12.20532,47.63649],[12.20156,47.63007],[12.14126,47.57783],[12.08472,47.54462],[12.05444,47.51809],[11.9042,47.47199],[11.88135,47.45917],[11.84399,47.42963],[11.82227,47.41682],[11.76284,47.39899],[11.677,47.34548],[11.60903,47.31843],[11.53652,47.30153],[11.43154,47.29064],[11.39387,47.26034]]}},{"type":"Feature","properties":{"id":560244,"kind":"downstream"},"geometry":{"type":"LineString","coordinates":[[12.14282,47.86926],[12.14453,47.91083],[12.15054,47.95038],[12.16323,47.98701],[12.18433,48.02009],[12.22241,48.05934],[12.23901,48.06733],[12.23901,48.07477],[12.21865,48.07477],[12.23525,48.10383],[12.24854,48.11745],[12.26636,48.1225],[12.26636,48.12995],[12.25269,48.14362],[12.27295,48.14716],[12.28687,48.15668],[12.31216,48.1623],[12.33389,48.17841],[12.40356,48.17719],[12.41553,48.18427],[12.4231,48.18879],[12.43457,48.19079],[12.44131,48.20129],[12.44595,48.20471],[12.45815,48.19826],[12.47402,48.21003],[12.49292,48.21809],[12.47241,48.23981],[12.65005,48.25288],[12.71484,48.26655],[12.77725,48.2591],[12.80249,48.27053],[12.81812,48.27502],[12.83218,48.26989],[12.84399,48.25964],[12.85474,48.25466],[12.86792,48.253],[12.88672,48.25288],[12.89551,48.24763],[12.93115,48.21186],[12.94668,48.22028],[12.97891,48.23225],[13.03223,48.26386],[13.13599,48.29133],[13.27368,48.30732],[13.30728,48.31989],[13.40503,48.37683],[13.41895,48.3924],[13.42666,48.41877],[13.43555,48.43085],[13.43765,48.44123],[13.43569,48.46955],[13.43765,48.47883],[13.44229,48.48798],[13.45596,48.5069],[13.45654,48.52546],[13.44727,48.53503],[13.44326,48.55317],[13.43945,48.56115],[13.454,48.57368]]}},{"type":"Feature","properties":{"id":560619,"kind":"upstream"},"geometry":{"type":"LineString","coordinates":[[12.25768,41.77474],[12.26674,41.77529],[12.2733,41.7733],[12.2781,41.7825],[12.2843,41.7887],[12.2947,41.7915],[12.3018,41.7967],[12.3095,41.7999],[12.31656,41.7992],[12.32278,41.79859],[12.3318,41.7977],[12.3372,41.7991],[12.3386,41.8059],[12.3426,41.8095],[12.3522,41.8059],[12.35952,41.80638],[12.3644,41.8067],[12.36997,41.80524],[12.3751,41.8039],[12.3855,41.8024],[12.3943,41.8053],[12.405,41.8047],[12.411,41.8086],[12.41551,41.81757],[12.41752,41.82157],[12.4206,41.8277],[12.4262,41.8306],[12.4353,41.8292],[12.4439,41.834],[12.44683,41.83671],[12.4616,41.8504],[12.46023,41.85351],[12.4597,41.8547],[12.4614,41.8578],[12.4704,41.8629],[12.4718,41.8682],[12.4701,41.87168],[12.4676,41.8768],[12.46796,41.87831],[12.4689,41.8823],[12.4748,41.888],[12.47409,41.88963],[12.47385,41.88958]]}},{"type":"Feature","properties":{"id":560498,"kind":"upstream"},"geometry":{"type":"LineString","coordinates":[[12.21319,44.42428],[12.2073,44.43994],[12.20583,44.45022],[12.198,44.46883],[12.18278,44.49375],[12.17323,44.51718],[12.15587,44.53736],[12.1319,44.5626],[12.1122,44.5778],[12.1057,44.6067],[12.1064,44.6223],[12.1082,44.6303],[12.1134,44.6414],[12.1162,44.6542],[12.1562,44.6508],[12.169,44.6567],[12.1823,44.6643],[12.1756,44.6868],[12.1696,44.6952],[12.1562,44.6956],[12.1464,44.698],[12.1359,44.6962],[12.1286,44.6976],[12.1163,44.6948],[12.1069,44.6948],[12.0985,44.6987],[12.0856,44.7141],[12.0771,44.717],[12.0542,44.7203],[12.0362,44.7281],[12.0178,44.7339],[12.0093,44.7342],[12.0001,44.7362],[11.9946,44.7362],[11.9723,44.7427],[11.9608,44.7411],[11.957,44.7424],[11.9528,44.7728],[11.9463,44.7754],[11.9369,44.7703],[11.9272,44.768],[11.918,44.7707],[11.9094,44.7787],[11.8942,44.7774],[11.8818,44.7815],[11.8739,44.7867],[11.873,44.7943],[11.8766,44.8016],[11.8733,44.8044],[11.8592,44.8086],[11.8554,44.8166],[11.8492,44.8204],[11.8424,44.8221],[11.834,44.8334],[11.8282,44.8345],[11.8118,44.8333],[11.796,44.8384],[11.7771,44.8401],[11.7657,44.8455],[11.7519,44.8442],[11.7372,44.8442],[11.7257,44.846],[11.7163,44.8386],[11.6846,44.8299],[11.664,44.8218],[11.6582,44.8209],[11.646,44.8209],[11.6249,44.8212]]}},{"type":"Feature","properties":{"id":560544,"kind":"upstream"},"geometry":{"type":"LineString","coordinates":[[12.10402,49.01993],[12.1026,49.02],[12.0969,49.022],[12.088,49.0212],[12.0843,49.0203],[12.0816,49.0212],[12.0782,49.025],[12.0764,49.0265],[12.0757,49.0283],[12.0584,49.0312],[12.0531,49.0284],[12.05,49.0263],[12.0457,49.0236],[12.0416,49.0216],[12.0387,49.0196],[12.03747,49.01865],[12.0334,49.0155],[12.03096,49.01306],[12.0302,49.0088],[12.02949,49.00489],[12.0316,49.0023],[12.0387,48.9969],[12.0401,48.9952],[12.0417,48.9915],[12.0415,48.9891],[12.0418,48.9883],[12.0414,48.9871],[12.0386,48.9825],[12.0367,48.9801],[12.0298,48.9736],[12.02347,48.97121],[12.02304,48.96885],[12.0229,48.9688],[12.0077,48.9656],[11.9963,48.9622],[11.9922,48.9606],[11.9885,48.9578],[11.9879,48.9563],[11.9885,48.9551],[11.9885,48.9538],[11.9891,48.953],[11.9918,48.9513],[11.9962,48.9511],[12.0037,48.9516],[12.0062,48.9512],[12.0072,48.9507],[12.0093,48.9504],[12.01901,48.9463],[12.01865,48.94427],[12.0322,48.9406],[12.0325,48.9389],[12.0317,48.9375],[12.0266,48.9341],[12.0201,48.931],[12.0161,48.9284],[12.0093,48.9271],[12.0036,48.9284],[11.9996,48.9287],[11.99917,48.9287],[11.97913,48.92717],[11.9784,48.927],[11.9755,48.9258],[11.9717,48.9237],[11.9676,48.9184],[11.9646,48.9106],[11.9628,48.9102],[11.9588,48.9079],[11.9552,48.907],[11.9523,48.9067],[11.9467,48.9072],[11.945,48.9082],[11.9396,48.9102],[11.939,48.9102],[11.9366,48.9118],[11.9322,48.9125],[11.9284,48.9139],[11.9128,48.9128],[11.9087,48.9128],[11.9047,48.9123],[11.9029,48.9113],[11.9013,48.9109],[11.8975,48.9108],[11.8892,48.9119],[11.8865,48.9103],[11.8824,48.9113],[11.8806,48.9114],[11.8787,48.9121],[11.8742,48.9149],[11.8689,48.9165],[11.8659,48.9179],[11.8617,48.91814],[11.86056,48.91805],[11.85147,48.91093],[11.8514,48.9105],[11.8474,48.9071],[11.84389,48.90499],[11.83467,48.89777],[11.8326,48.8973],[11.8293,48.8972],[11.8253,48.8973],[11.8234,48.8983],[11.8212,48.898],[11.8205,48.8973],[11.8219,48.8937],[11.8221,48.8917],[11.8214,48.8903],[11.8175,48.8888],[11.806,48.8896],[11.7962,48.891],[11.7934,48.8911],[11.7917,48.8896],[11.79,48.8873],[11.7857,48.8803],[11.7847,48.8732],[11.7809,48.8681],[11.774,48.8622],[11.7657,48.853],[11.7647,48.849],[11.7648,48.846],[11.7641,48.8439],[11.76284,48.84137],[11.75728,48.837],[11.7571,48.8358],[11.7561,48.8331],[11.756,48.8286],[11.7548,48.8258],[11.7534,48.8243],[11.7414,48.819],[11.7361,48.8171],[11.729,48.8145],[11.7177,48.8118],[11.712,48.8099],[11.6961,48.8],[11.6936,48.7977],[11.6917,48.7965],[11.6825,48.7918],[11.6761,48.7904],[11.6686,48.79],[11.6612,48.7886],[11.6503,48.7802],[11.6458,48.7782],[11.6347,48.777],[11.6263,48.777],[11.6186,48.7777],[11.604,48.78],[11.5944,48.7789],[11.5851,48.7748],[11.5833,48.7741],[11.5819,48.7739],[11.5807,48.773],[11.5742,48.7705],[11.5692,48.7693],[11.5609,48.766],[11.5568,48.7651],[11.5543,48.7639],[11.5444,48.7611],[11.5237,48.7583],[11.5198,48.7583],[11.5162,48.7579],[11.502,48.7578],[11.4993,48.7579],[11.4962,48.7582],[11.493,48.758],[11.4845,48.7587],[11.4821,48.7593],[11.4786,48.7593],[11.4736,48.76],[11.4712,48.7612],[11.4633,48.7617],[11.4623,48.76183],[11.45896,48.76106],[11.4553,48.7617],[11.4453,48.7617],[11.4431,48.7623],[11.4345,48.7623],[11.4298,48.7605],[11.4277,48.7593],[11.4252,48.7576],[11.4193,48.7523],[11.41823,48.7517],[11.4152,48.75],[11.414,48.7494],[11.4123,48.7491],[11.4019,48.7456],[11.3884,48.7414],[11.378,48.7394],[11.3734,48.7389],[11.3567,48.7353],[11.3503,48.7353],[11.3434,48.7349],[11.3378,48.7351],[11.3336,48.7357],[11.3275,48.7358],[11.3205,48.7375],[11.319,48.7375],[11.3139,48.7386],[11.3041,48.7399],[11.2967,48.7423],[11.2923,48.74334],[11.2831,48.7455],[11.2754,48.7477],[11.2722,48.7482],[11.2662,48.7504],[11.262,48.7515],[11.2594,48.7517],[11.2488,48.7507],[11.2459,48.7497],[11.2443,48.7495],[11.2382,48.7474],[11.2288,48.7449],[11.2252,48.7444],[11.2192,48.7427],[11.2167,48.7425],[11.2126,48.7413],[11.2056,48.7415],[11.202,48.7426],[11.1984,48.7443],[11.1963,48.7446],[11.193,48.7443],[11.1868,48.7424],[11.18179,48.73945],[11.1817,48.7394],[11.1771,48.7387],[11.1738,48.7387],[11.17079,48.73906],[11.15845,48.73862],[11.15344,48.73844],[11.13594,48.73781],[11.1353,48.7379],[11.1266,48.7409],[11.1205,48.7419],[11.1176,48.7418],[11.1122,48.7403],[11.1097,48.7391],[11.1063,48.738],[11.10401,48.73665],[11.07931,48.73575],[11.07668,48.73565],[11.0744,48.7382],[11.0728,48.7411],[11.0713,48.7416],[11.0693,48.7415],[11.0675,48.7406],[11.0602,48.739],[11.0529,48.735],[11.05233,48.73476],[11.0447,48.7315],[11.041,48.7305],[11.0311,48.7291],[11.0228,48.7295],[11.016,48.7289],[11.0116,48.7244],[11.0094,48.7244],[11.0068,48.724],[11.0046,48.7245],[11.0004,48.7265],[10.9892,48.728],[10.987,48.7272],[10.9754,48.7244],[10.9709,48.7229],[10.9659,48.7217],[10.9594,48.7216],[10.9503,48.7243],[10.9375,48.7262],[10.9299,48.7263],[10.9267,48.7241],[10.9238,48.723],[10.9203,48.7212],[10.9157,48.7174],[10.8995,48.7107],[10.8983,48.7089],[10.8984,48.7052],[10.9008,48.6996],[10.9001,48.6939],[10.8985,48.6886],[10.8987,48.6864],[10.898,48.6835],[10.8957,48.679],[10.8916,48.6742],[10.89,48.6707],[10.88969,48.66339],[10.88961,48.66167],[10.8891,48.65928]]}},{"type":"Feature","properties":{"id":560182,"kind":"downstream"},"geometry":{"type":"LineString","coordinates":[[12.10402,49.01993],[12.1099,49.01966],[12.1153,49.0194],[12.118,49.0195],[12.1265,49.0207],[12.1344,49.0226],[12.1378,49.0214],[12.1444,49.0215],[12.1493,49.0206],[12.1541,49.0179],[12.1571,49.0168],[12.1661,49.0153],[12.16724,49.01467],[12.16925,49.01461],[12.1787,49.0096],[12.1833,49.0087],[12.1886,49.0098],[12.191,49.0119],[12.19229,49.01389],[12.19482,49.01381],[12.1983,49.0192],[12.202,49.0222],[12.2101,49.0261],[12.218,49.0278],[12.2286,49.0241],[12.2478,49.0208],[12.2535,49.0189],[12.2575,49.0153],[12.25965,49.01175],[12.26174,49.01168],[12.2631,49.0106],[12.2661,49.01],[12.2706,49.0101],[12.27497,49.01126],[12.27723,49.01185],[12.2846,49.0138],[12.28855,49.01433],[12.298,49.0156],[12.3044,49.016],[12.3145,49.0138],[12.3214,49.0108],[12.3398,48.9987],[12.3428,48.9943],[12.3442,48.9906],[12.3392,48.9871],[12.32819,48.98316],[12.323,48.9813],[12.3237,48.9786],[12.328,48.9771],[12.32951,48.97674],[12.3375,48.9748],[12.3454,48.9759],[12.352,48.9753],[12.3573,48.9742],[12.3659,48.9708],[12.369,48.9706],[12.3738,48.9726],[12.3759,48.9768],[12.3777,48.9782],[12.37998,48.97851],[12.38512,48.97922],[12.39208,48.98018],[12.4046,48.9819],[12.4175,48.9767],[12.4365,48.9693],[12.4428,48.9673],[12.4483,48.9659],[12.4493,48.9659],[12.4595,48.9669],[12.4627,48.966],[12.4667,48.9629],[12.4678,48.9594],[12.4672,48.9556],[12.4675,48.9543],[12.47,48.9511],[12.4722,48.9507],[12.4739,48.9512],[12.4821,48.959],[12.4853,48.9597],[12.4894,48.9593],[12.4925,48.9583],[12.4954,48.9562],[12.4979,48.9516],[12.5004,48.948],[12.5053,48.9458],[12.5158,48.9456],[12.5213,48.9433],[12.5224,48.9405],[12.5208,48.9359],[12.5196,48.935],[12.5086,48.9341],[12.5054,48.9334],[12.505,48.9316],[12.50708,48.92868],[12.50999,48.92458],[12.51385,48.91813],[12.5143,48.9156],[12.5161,48.9125],[12.5169,48.9103],[12.5191,48.9083],[12.5324,48.9029],[12.5388,48.9003],[12.5478,48.8991],[12.5614,48.8988],[12.5668,48.8995],[12.5705,48.8963],[12.5683,48.8896],[12.569,48.8877],[12.5713,48.8868],[12.5809,48.8892],[12.5877,48.893],[12.5883,48.8943],[12.588,48.8967],[12.5891,48.9006],[12.5914,48.90142],[12.5947,48.9026],[12.5996,48.9022],[12.6091,48.8979],[12.6134,48.8976],[12.6174,48.9001],[12.6196,48.9057],[12.6278,48.9082],[12.6312,48.9077],[12.6376,48.905],[12.6403,48.9051],[12.649,48.9079],[12.6556,48.9074],[12.6639,48.9059],[12.6841,48.9026],[12.6961,48.8971],[12.7076,48.8926],[12.7174,48.8878],[12.7278,48.8873],[12.739,48.8826],[12.7478,48.8778],[12.756,48.8716],[12.7603,48.8669],[12.7649,48.8601],[12.76502,48.85857],[12.7656,48.8515],[12.7651,48.8445],[12.7699,48.8397],[12.7787,48.8336],[12.7942,48.8284],[12.8077,48.8255],[12.8151,48.8262],[12.828,48.8299],[12.8337,48.8333],[12.83872,48.84028],[12.8396,48.8415],[12.8464,48.8441],[12.8502,48.8444],[12.8505,48.8445],[12.8632,48.8427],[12.8744,48.8417],[12.8939,48.8449],[12.9044,48.8451],[12.92942,48.83406],[12.9393,48.8297],[12.94616,48.82812],[12.9545,48.8262],[12.9624,48.8221],[12.9652,48.8173],[12.9688,48.809],[12.96896,48.80779],[12.9695,48.8038],[12.9923,48.7904],[13.0028,48.7836],[13.0044,48.7805],[13.0048,48.7733],[13.00852,48.7694],[13.01701,48.76159],[13.0282,48.7528],[13.0313,48.7486],[13.0329,48.7435],[13.0312,48.7374],[13.01548,48.72728],[13.0135,48.726],[13.0114,48.7241],[13.0123,48.7213],[13.0169,48.72],[13.0267,48.7209],[13.0302,48.7227],[13.0342,48.7266],[13.0392,48.7289],[13.043,48.7295],[13.0488,48.7289],[13.0589,48.7194],[13.0617,48.7188],[13.0705,48.7204],[13.0756,48.7203],[13.0794,48.7183],[13.0867,48.7131],[13.0924,48.7107],[13.0937,48.7089],[13.0908,48.7095],[13.0923,48.7064],[13.0902,48.7013],[13.0819,48.6928],[13.0808,48.6906],[13.0815,48.6886],[13.0844,48.6875],[13.089,48.6877],[13.1001,48.6903],[13.1053,48.6893],[13.1074,48.6837],[13.1089,48.6798],[13.10865,48.67705],[13.1082,48.672],[13.109,48.6688],[13.1195,48.666],[13.1335,48.6655],[13.1482,48.6587],[13.1734,48.6438],[13.194,48.6336],[13.2115,48.6256],[13.2197,48.6207],[13.23546,48.61331],[13.2451,48.6094],[13.25003,48.60962],[13.2564,48.6099],[13.25727,48.61025],[13.26235,48.60953],[13.2675,48.6116],[13.2722,48.6127],[13.2772,48.6123],[13.2853,48.6102],[13.2958,48.6063],[13.2973,48.6059],[13.3112,48.6031],[13.3169,48.6022],[13.3313,48.6018],[13.3533,48.5998],[13.3734,48.5966],[13.3814,48.5932],[13.38261,48.59248],[13.3968,48.5841],[13.4027,48.5815],[13.4116,48.5729],[13.419,48.5719],[13.4247,48.57222],[13.454,48.57368]]}},{"type":"Feature","properties":{"id":560315,"kind":"downstream"},"geometry":{"type":"LineString","coordinates":[[38.52174,37.51498],[38.51571,37.50934],[38.50929,37.50473],[38.50452,37.50286],[38.49917,37.50079],[38.49033,37.49796],[38.48058,37.49099],[38.46826,37.4874],[38.4598,37.48811],[38.44831,37.49081],[38.42947,37.49171],[38.41846,37.49115],[38.41104,37.49016],[38.4015,37.48311],[38.39386,37.48026],[38.38387,37.47936],[38.37445,37.48096],[38.36423,37.48476],[38.33916,37.48792],[38.33274,37.48794],[38.32476,37.48675],[38.31888,37.48408],[38.31199,37.47942],[38.3078,37.47773],[38.30319,37.4785],[38.29274,37.48044],[38.28302,37.48097],[38.27466,37.47951],[38.26992,37.47627],[38.26563,37.4692],[38.25835,37.45716],[38.25236,37.45143],[38.24554,37.4483],[38.23827,37.44898],[38.23038,37.45218],[38.22356,37.45658],[38.21756,37.45741],[38.21035,37.45633],[38.204,37.45459],[38.19766,37.44956],[38.19433,37.44391],[38.19383,37.43867],[38.19491,37.43234],[38.19596,37.42736],[38.1942,37.42292],[38.18884,37.41795],[38.18012,37.41526],[38.17538,37.41529],[38.17299,37.41763],[38.17375,37.42007],[38.17378,37.42296],[38.16992,37.4252],[38.16101,37.4245],[38.14867,37.42454],[38.13323,37.42927],[38.12102,37.43428],[38.11132,37.44097],[38.10411,37.44837],[38.09867,37.45268],[38.09299,37.45321],[38.08685,37.45234],[38.08119,37.44959],[38.0763,37.446],[38.07446,37.4414],[38.0725,37.43608],[38.06779,37.43378],[38.06187,37.43477],[38.05748,37.43738],[38.05176,37.44255],[38.04501,37.44709],[38.03848,37.44828],[38.03177,37.44722],[38.02296,37.44435],[38.01521,37.44073],[38.00994,37.44016],[38.00314,37.44318],[37.99555,37.4451],[37.98885,37.44596],[37.98038,37.44374],[37.97557,37.43935],[37.97297,37.43462],[37.97086,37.42375],[37.96637,37.4181],[37.95756,37.41234],[37.94736,37.4076],[37.94293,37.40444],[37.9402,37.39802],[37.93936,37.39348],[37.93685,37.38987],[37.9312,37.38711],[37.92477,37.38325],[37.92225,37.37869],[37.91474,37.37076],[37.90707,37.36346],[37.89685,37.35815],[37.88286,37.35101],[37.87782,37.34708],[37.87739,37.34144],[37.87884,37.33769],[37.88299,37.33556],[37.88995,37.33384],[37.89178,37.33132],[37.8885,37.32758],[37.88314,37.32491],[37.87494,37.32318],[37.86694,37.32138],[37.86488,37.31821],[37.86429,37.31224],[37.8639,37.30813],[37.86086,37.30201],[37.85575,37.28886],[37.85213,37.28158],[37.84681,37.27658],[37.84358,37.27245],[37.84344,37.26787],[37.84607,37.26316],[37.85044,37.25768],[37.85523,37.25302],[37.86089,37.25251],[37.86772,37.24911],[37.87196,37.2429],[37.88553,37.22784],[37.88563,37.2228],[37.88374,37.21803],[37.87946,37.21655],[37.87194,37.21903],[37.86707,37.22255],[37.86261,37.22787],[37.8579,37.23077],[37.85176,37.23125],[37.84478,37.22719],[37.84097,37.2219],[37.84028,37.21288],[37.83943,37.20161],[37.8437,37.19116],[37.853,37.17751],[37.86185,37.16439],[37.86889,37.15571],[37.87622,37.15002],[37.88176,37.14357],[37.88241,37.13488],[37.87913,37.11921],[37.87524,37.10566],[37.87119,37.09795],[37.86616,37.0921],[37.86139,37.08674],[37.85991,37.08184],[37.8607,37.07773],[37.86462,37.07278],[37.87146,37.06801],[37.87831,37.06458]]}},{"type":"Feature","properties":{"id":560524,"kind":"upstream"},"geometry":{"type":"LineString","coordinates":[[20.4678,44.8297],[20.4537,44.8292],[20.4505,44.8234],[20.4468,44.8208],[20.4491,44.8143],[20.4409,44.8026],[20.4311,44.8004],[20.4194,44.7995],[20.3922,44.7956],[20.3793,44.7904],[20.371,44.7852],[20.3626,44.7787],[20.35186,44.76866],[20.3378,44.7555],[20.3226,44.7467],[20.3094,44.735],[20.3049,44.7288],[20.3031,44.721],[20.307,44.7057],[20.3079,44.6948],[20.304,44.6874],[20.2854,44.6695],[20.2786,44.6661],[20.2721,44.6657],[20.2556,44.6698],[20.2432,44.6762],[20.238,44.682],[20.2341,44.6871],[20.236,44.6915],[20.2424,44.7006],[20.2455,44.7082],[20.2434,44.7149],[20.2362,44.7183],[20.2271,44.7185],[20.2204,44.7166],[20.2136,44.7109],[20.2068,44.6963],[20.2005,44.6875],[20.1887,44.6791],[20.1791,44.677],[20.1708,44.6779],[20.1656,44.6827],[20.164,44.6877],[20.1665,44.7017],[20.1642,44.7083],[20.1578,44.713],[20.1481,44.716],[20.1399,44.7162],[20.1267,44.7132],[20.112,44.7061],[20.1032,44.7028],[20.0639,44.6916],[20.0291,44.6797],[20.0177,44.6748],[19.9967,44.6581],[19.9875,44.6468],[19.979,44.6388],[19.9689,44.6347],[19.9579,44.6334],[19.9506,44.634],[19.9424,44.6356],[19.9272,44.6414],[19.9223,44.6464],[19.9268,44.6539],[19.9371,44.6573],[19.9492,44.6594],[19.9583,44.6591],[19.9705,44.6617],[19.9791,44.6654],[19.9964,44.6745],[20.0021,44.6787],[20.006,44.6903],[19.9953,44.6959],[19.955,44.6982],[19.9319,44.6978],[19.9201,44.698],[19.8951,44.7005],[19.8889,44.702],[19.8793,44.7058],[19.8614,44.7172],[19.8518,44.7238],[19.8438,44.732],[19.834,44.7394],[19.8171,44.7466],[19.8071,44.7494],[19.7658,44.751],[19.7523,44.7501],[19.7351,44.7514],[19.7293,44.7541],[19.7121,44.7696],[19.7076,44.7762],[19.702,44.7905],[19.701,44.7977],[19.7011,44.8068],[19.7057,44.8249],[19.7162,44.8399],[19.7302,44.8538],[19.74393,44.87336],[19.75153,44.88335],[19.7593,44.8915],[19.7645,44.8952],[19.7655,44.9024],[19.7629,44.9086],[19.7555,44.9123],[19.7355,44.9126],[19.7298,44.9133],[19.7234,44.9171],[19.7144,44.9257],[19.7087,44.9277],[19.693,44.927],[19.6869,44.9257],[19.6775,44.9268],[19.6733,44.9307],[19.671,44.9348],[19.6673,44.9482],[19.6637,44.9545],[19.657,44.9606],[19.6485,44.9629],[19.6365,44.9628],[19.6235,44.9615],[19.615,44.9632],[19.61092,44.96656]]}},{"type":"Feature","properties":{"id":560186,"kind":"downstream"},"geometry":{"type":"LineString","coordinates":[[20.4678,44.8297],[20.4778,44.8264],[20.4887,44.8217],[20.5035,44.8179],[20.5248,44.8174],[20.5377,44.82],[20.5451,44.8248],[20.5601,44.8383],[20.5707,44.845],[20.582,44.8451],[20.5924,44.8395],[20.5946,44.8309],[20.6029,44.8282],[20.6168,44.8279],[20.6134,44.8207],[20.6129,44.8159],[20.6193,44.8104],[20.62087,44.80932],[20.6311,44.8023],[20.6301,44.7967],[20.6265,44.7887],[20.6247,44.7772],[20.62683,44.76933],[20.6292,44.7606],[20.6359,44.7515],[20.6439,44.745],[20.6637,44.7385],[20.6697,44.7359],[20.6752,44.7323],[20.6894,44.7121],[20.7002,44.7028],[20.7191,44.6809],[20.7281,44.6669],[20.7478,44.66],[20.7703,44.657],[20.7784,44.6551],[20.7942,44.6538],[20.8441,44.6562],[20.8518,44.6571],[20.8869,44.6622],[20.9113,44.6663],[20.9235,44.6691],[20.9465,44.6813],[20.966,44.6961],[20.9759,44.7021],[20.98788,44.7083],[21.0045,44.7169],[21.014,44.7185],[21.01807,44.71782],[21.04106,44.72505],[21.0579,44.7216],[21.0653,44.7215],[21.0765,44.7235],[21.0879,44.7286],[21.0991,44.7356],[21.1171,44.7447],[21.1258,44.7456],[21.1314,44.7437],[21.1351,44.7402],[21.1436,44.7393],[21.1508,44.743],[21.1781,44.7589],[21.1842,44.7614],[21.1925,44.7635],[21.2022,44.7675],[21.21088,44.77229],[21.21322,44.77358]]}},{"type":"Feature","properties":{"id":560537,"kind":"upstream"},"geometry":{"type":"LineString","coordinates":[[19.61092,44.96656],[19.6048,44.9716],[19.5949,44.9737],[19.5872,44.974],[19.5682,44.9776],[19.5547,44.9822],[19.5485,44.9833],[19.5424,44.9818],[19.5378,44.9782],[19.5309,44.9779],[19.5202,44.9811],[19.5088,44.9829],[19.4955,44.9765],[19.4663,44.975],[19.4556,44.9779],[19.448,44.9734],[19.4568,44.9573],[19.4545,44.9539],[19.4485,44.9533],[19.4425,44.9548],[19.4381,44.9592],[19.425,44.9616],[19.4187,44.9578],[19.4094,44.9537],[19.4022,44.949],[19.3774,44.9412],[19.376,44.938],[19.3829,44.9341],[19.3975,44.933],[19.4069,44.928],[19.4035,44.9195],[19.3975,44.9146],[19.3857,44.913],[19.3662,44.9168],[19.361,44.9197],[19.3458,44.9214],[19.3341,44.9208],[19.3241,44.9151],[19.3255,44.9124],[19.3313,44.9088],[19.3373,44.9083],[19.3508,44.9043],[19.3588,44.9041],[19.3613,44.9027],[19.361,44.8973],[19.3588,44.8942],[19.3547,44.8926],[19.3491,44.8928],[19.3384,44.8956],[19.3241,44.9019],[19.3137,44.9082],[19.3074,44.9101],[19.302,44.9101],[19.2939,44.9087],[19.2854,44.906],[19.2711,44.9093],[19.2667,44.9118],[19.2604,44.9137],[19.2498,44.9113],[19.2319,44.8997],[19.2227,44.8995],[19.2128,44.9009],[19.2077,44.90844],[19.2015,44.9203],[19.1904,44.9222],[19.1784,44.9203],[19.1629,44.9078],[19.1547,44.903],[19.1387,44.9007],[19.13633,44.90004],[19.1304,44.8984],[19.1278,44.8918],[19.1234,44.8879],[19.1143,44.8854],[19.09554,44.88141],[19.0922,44.8807],[19.08704,44.874],[19.0805,44.8655],[19.071,44.8624],[19.06005,44.86104],[19.04495,44.85916],[19.02186,44.8562],[18.9961,44.8528],[18.9884,44.8515],[18.9627,44.85],[18.94946,44.8508],[18.93676,44.85183],[18.9325,44.852],[18.8881,44.8549],[18.8558,44.856],[18.8438,44.8619],[18.84005,44.86488],[18.83624,44.8684],[18.8317,44.8726],[18.8199,44.8796],[18.8103,44.8843],[18.7765,44.8981],[18.7685,44.9056],[18.76867,44.90936],[18.76914,44.91249],[18.7745,44.9172],[18.7686,44.9271],[18.7585,44.9326],[18.7536,44.9399],[18.7681,44.9462],[18.7928,44.939],[18.8033,44.9387],[18.8069,44.9447],[18.80507,44.94676],[18.80119,44.95059],[18.7939,44.9584],[18.7851,44.9694],[18.7857,44.97383],[18.78741,44.97676],[18.7897,44.9801],[18.7965,44.9878],[18.7976,44.9951],[18.7804,44.9971],[18.7554,44.9992],[18.7392,44.9911],[18.7302,44.9929],[18.72965,44.99706],[18.7294,44.99982],[18.7369,45.009],[18.7401,45.0146],[18.7385,45.0192],[18.722,45.0264],[18.7197,45.0327],[18.7136,45.0352],[18.7027,45.0365],[18.6947,45.0405],[18.69085,45.04415],[18.68769,45.04715],[18.683,45.0516],[18.677,45.0557],[18.673,45.0608],[18.6739,45.0663],[18.6776,45.0687],[18.6897,45.0746],[18.6908,45.0809],[18.6859,45.0869],[18.6777,45.0912],[18.6675,45.0873],[18.6648,45.0809],[18.6655,45.0727],[18.6683,45.065],[18.6697,45.0568],[18.6618,45.0539],[18.6367,45.0592],[18.6218,45.0595],[18.6136,45.0607],[18.6099,45.0641],[18.6125,45.0689],[18.6215,45.0757],[18.6289,45.0803],[18.6389,45.0842],[18.6356,45.0899],[18.6271,45.0867],[18.6222,45.0809],[18.61731,45.08119],[18.61307,45.08145],[18.5904,45.0828],[18.5823,45.0885],[18.5769,45.086],[18.5798,45.0815],[18.5875,45.0761],[18.5895,45.0711],[18.5796,45.0657],[18.5719,45.0692],[18.5699,45.0799],[18.5501,45.0868],[18.5389,45.0871],[18.5405,45.0809],[18.54384,45.07926],[18.54889,45.07679],[18.5499,45.0763],[18.5562,45.0714],[18.5564,45.0678],[18.5426,45.0582],[18.5426,45.054],[18.542,45.0455],[18.5329,45.0441],[18.5308,45.0465],[18.5306,45.052],[18.5239,45.0557],[18.516,45.0531],[18.5075,45.0517],[18.4929,45.0558],[18.4822,45.0575],[18.4703,45.0667],[18.4637,45.0713],[18.46209,45.07189],[18.45864,45.07336],[18.4506,45.0781],[18.4433,45.0829],[18.4395,45.0957],[18.4368,45.1013],[18.4298,45.1043],[18.41976,45.10478],[18.4109,45.1052],[18.38159,45.10326],[18.3357,45.0978],[18.3224,45.097],[18.3174,45.0992],[18.3083,45.1091],[18.30375,45.11049],[18.30119,45.11099],[18.2996,45.1113],[18.2863,45.1099],[18.2791,45.1128],[18.2757,45.122],[18.2752,45.1289],[18.2704,45.1336],[18.2617,45.1349],[18.251,45.1349],[18.2396,45.1315],[18.2227,45.1226],[18.217,45.1205],[18.2123,45.115],[18.2148,45.1081],[18.2209,45.1028],[18.2243,45.098],[18.2232,45.0958],[18.2201,45.09243],[18.2141,45.0859],[18.2011,45.077],[18.189,45.0735],[18.1749,45.0735],[18.16244,45.07724],[18.15522,45.07941],[18.15048,45.08084],[18.1476,45.0817],[18.1401,45.0825],[18.1257,45.0798],[18.115,45.081],[18.1084,45.0847],[18.0962,45.0921],[18.0839,45.0988],[18.0736,45.1032],[18.0702,45.1059],[18.0697,45.1092],[18.0727,45.1116],[18.0797,45.1133],[18.0829,45.1151],[18.08144,45.11806],[18.0797,45.1216],[18.0707,45.1352],[18.0668,45.1391],[18.0602,45.1399],[18.0477,45.1384],[18.0456,45.1344],[18.0438,45.1263],[18.0417,45.1232],[18.0376,45.122],[18.0308,45.1233],[18.0283,45.1264],[18.0208,45.143],[18.0112,45.1496],[18.0004,45.148],[17.99345,45.14589],[17.98826,45.14303],[17.9838,45.1399],[17.9791,45.1302],[17.9762,45.1199],[17.967,45.1121],[17.9494,45.1078],[17.94795,45.10772],[17.9375,45.1071],[17.9318,45.0981],[17.93277,45.08402],[17.9329,45.0822],[17.9306,45.0775],[17.9082,45.0638],[17.9045,45.0596],[17.8993,45.0581],[17.8963,45.05693],[17.88258,45.05066],[17.866,45.0419],[17.8508,45.0416],[17.8411,45.0443],[17.8319,45.0485],[17.8233,45.0503],[17.8174,45.0547],[17.8114,45.0576],[17.7969,45.0639],[17.7898,45.0673],[17.78938,45.06836],[17.787,45.0743],[17.7855,45.0767],[17.7808,45.0806],[17.7722,45.0831],[17.7596,45.0827],[17.75,45.0859],[17.7384,45.0948],[17.7231,45.099],[17.7159,45.1032],[17.7111,45.1108],[17.7035,45.1129],[17.70009,45.1136],[17.6948,45.1153],[17.6851,45.119],[17.6788,45.1281],[17.6742,45.1304],[17.666,45.1323],[17.65544,45.13155],[17.652,45.1313],[17.64561,45.12783],[17.6439,45.1269],[17.641,45.1244],[17.6342,45.1228],[17.631,45.1165],[17.6269,45.1131],[17.6188,45.1122],[17.6097,45.1092],[17.6036,45.1045],[17.5966,45.103],[17.5903,45.1046],[17.57551,45.11109],[17.572,45.112],[17.56737,45.11159],[17.564,45.1113],[17.5602,45.1095],[17.5549,45.1097],[17.5517,45.1118],[17.55,45.1239],[17.5422,45.1254],[17.5353,45.1192],[17.5349,45.1127],[17.5287,45.1081],[17.5192,45.1065],[17.5128,45.1078],[17.5074,45.11],[17.497,45.1114],[17.4886,45.1089],[17.4811,45.1097],[17.4806,45.1143],[17.489,45.1228],[17.4908,45.1284],[17.48925,45.12927],[17.48594,45.13113],[17.4842,45.1321],[17.4789,45.1283],[17.4717,45.1257],[17.456,45.1256],[17.452,45.1275],[17.4502,45.1362],[17.4535,45.1468],[17.4506,45.1538],[17.441,45.1551],[17.4387,45.15145],[17.43699,45.14875],[17.435,45.1456],[17.4249,45.1348],[17.4212,45.1328],[17.4004,45.135],[17.3946,45.1361],[17.35929,45.13856],[17.3505,45.1398],[17.3409,45.1423],[17.33709,45.14342],[17.3319,45.1457],[17.3261,45.1499],[17.3232,45.1624],[17.3071,45.164],[17.306,45.1679],[17.3059,45.174],[17.2954,45.1737],[17.2838,45.1742],[17.2729,45.1861],[17.2641,45.1797],[17.2597,45.1627],[17.25689,45.15598],[17.2548,45.151],[17.2443,45.1461],[17.2345,45.1466],[17.2237,45.1452],[17.2159,45.1463],[17.2053,45.1446],[17.1951,45.1452],[17.1882,45.1446],[17.1808,45.1444],[17.1741,45.1467],[17.17215,45.14776],[17.16835,45.14984],[17.1578,45.1556],[17.1514,45.1563],[17.1474,45.1601],[17.1279,45.1684],[17.1175,45.1753],[17.1011,45.1809],[17.0912,45.1818],[17.0803,45.1876],[17.074,45.1886],[17.07278,45.19085],[17.0712,45.1928],[17.0636,45.1977],[17.0491,45.2006],[17.0442,45.2026],[17.0394,45.2138],[17.0394,45.2207],[17.0383,45.2211],[17.0185,45.2131],[17.01687,45.21291],[17.0139,45.2131],[17.0099,45.2146],[17.0086,45.2187],[17.0113,45.2225],[17.0174,45.2271],[17.0198,45.2311],[17.0176,45.2329],[17.0093,45.2332],[17.0049,45.2285],[17.0021,45.2235],[16.9978,45.2209],[16.9931,45.2213],[16.9898,45.223],[16.9872,45.2255],[16.984,45.2362],[16.9815,45.2402],[16.9688,45.245],[16.9644,45.2416],[16.9667,45.2366],[16.9702,45.233],[16.977,45.2295],[16.9762,45.227],[16.9696,45.226],[16.9624,45.2278],[16.9538,45.2278],[16.9471,45.2256],[16.9403,45.2261],[16.9384,45.2291],[16.9374,45.239],[16.9391,45.2432],[16.94214,45.24639],[16.94355,45.24734],[16.9437,45.2475],[16.9501,45.2506],[16.9511,45.2555],[16.9468,45.2587],[16.9418,45.2602],[16.9373,45.2632],[16.9341,45.2703],[16.9289,45.274],[16.9216,45.2716],[16.9204,45.271],[16.91782,45.26943],[16.91059,45.26674],[16.9014,45.26327],[16.8934,45.26258],[16.8868,45.26449],[16.88547,45.26842],[16.88629,45.27441],[16.88349,45.27778],[16.88155,45.27807],[16.87653,45.27792],[16.87222,45.27616],[16.86868,45.26889],[16.86424,45.26273],[16.85959,45.25928],[16.85429,45.25874],[16.84749,45.26001],[16.84084,45.26331],[16.83591,45.26551],[16.82603,45.26641],[16.81576,45.26693],[16.80874,45.26838],[16.8044,45.2707],[16.80258,45.2736],[16.80186,45.27602],[16.80393,45.27931],[16.81407,45.28386],[16.8221,45.28823],[16.82485,45.2914],[16.82582,45.29509],[16.82546,45.29936],[16.82257,45.3047],[16.81655,45.30836],[16.81257,45.30732],[16.81022,45.30453],[16.81043,45.30003],[16.80943,45.2943],[16.80509,45.2923],[16.80066,45.29398],[16.79867,45.29648],[16.79577,45.30091],[16.79193,45.30435],[16.78718,45.30711],[16.78512,45.30995],[16.7853,45.31393],[16.78793,45.31793],[16.79149,45.32284],[16.79237,45.32678],[16.79027,45.32937],[16.78445,45.33106],[16.77737,45.33209],[16.77039,45.33386],[16.76837,45.33791],[16.77072,45.3407],[16.77405,45.34382],[16.77434,45.34601],[16.77088,45.34885],[16.76668,45.3488],[16.76128,45.3485],[16.75849,45.34942],[16.75639,45.35111],[16.75627,45.35454],[16.75608,45.35929],[16.75247,45.3619],[16.74648,45.36237],[16.73316,45.36202],[16.71946,45.36144],[16.71398,45.36057],[16.70508,45.35576],[16.69964,45.35244],[16.69494,45.35217],[16.6917,45.3523],[16.68909,45.35459],[16.68905,45.35778],[16.6919,45.36086],[16.69815,45.36503],[16.69988,45.36753],[16.69904,45.36995],[16.6971,45.37024],[16.69319,45.36886],[16.68675,45.36422],[16.68231,45.3614],[16.67822,45.36134],[16.67643,45.36456],[16.67716,45.36745],[16.67995,45.37184],[16.68163,45.37484],[16.67918,45.37744],[16.67505,45.37885],[16.67185,45.3802],[16.67039,45.38324],[16.66926,45.38707],[16.66504,45.38775],[16.65637,45.38822],[16.64649,45.38935],[16.63635,45.39106],[16.63177,45.39348],[16.62668,45.40442],[16.62365,45.40706],[16.61981,45.40625],[16.61548,45.40253],[16.61064,45.4003],[16.60673,45.40154],[16.60454,45.40355],[16.60361,45.40712],[16.60246,45.41079],[16.60231,45.41414],[16.59727,45.41838],[16.5931,45.42037],[16.58774,45.42038],[16.58236,45.41754],[16.56781,45.40785],[16.55482,45.40109],[16.54645,45.39852],[16.53927,45.39889],[16.53502,45.40202],[16.53259,45.40397],[16.52767,45.40558],[16.52175,45.40669],[16.5177,45.40874],[16.51122,45.41176],[16.50427,45.41392],[16.4932,45.41575],[16.48299,45.41884],[16.47445,45.42134],[16.46704,45.42629],[16.46135,45.43008],[16.45679,45.43183],[16.44941,45.43245],[16.43775,45.43334],[16.43202,45.43411],[16.42897,45.43675],[16.43124,45.43987],[16.43554,45.44344],[16.43993,45.44684],[16.44085,45.44947],[16.44,45.45287],[16.43719,45.4528],[16.43367,45.45074],[16.43109,45.44946],[16.42622,45.44801],[16.42079,45.44944],[16.41942,45.45346],[16.41786,45.45836],[16.41647,45.46217],[16.4132,45.46346],[16.40698,45.46122],[16.39798,45.45916],[16.39017,45.46161],[16.38477,45.46587],[16.38415,45.47334],[16.38402,45.47969],[16.38178,45.48419]]}},{"type":"Feature","properties":{"id":560518,"kind":"upstream"},"geometry":{"type":"LineString","coordinates":[[22.1499,44.4704],[22.1417,44.4695],[22.1332,44.4704],[22.1237,44.4737],[22.1182,44.4769],[22.1136,44.4782],[22.1039,44.4784],[22.094,44.4798],[22.0851,44.4856],[22.0749,44.4877],[22.0724,44.4902],[22.0651,44.5066],[22.0615,44.5188],[22.0627,44.525],[22.0511,44.5335],[22.045,44.5372],[22.0312,44.5436],[22.026,44.5473],[22.0172,44.5714],[22.0136,44.5759],[22.0118,44.5821],[22.0149,44.5886],[22.0146,44.5918],[21.9977,44.6061],[21.9947,44.6117],[21.9923,44.6209],[21.9917,44.6277],[21.9843,44.6308],[21.9609,44.6305],[21.9316,44.6371],[21.924,44.6408],[21.9155,44.6411],[21.8992,44.6401],[21.8859,44.6416],[21.8645,44.6466],[21.8355,44.6482],[21.8279,44.6444],[21.8188,44.6434],[21.8042,44.6478],[21.7959,44.6531],[21.7906,44.6522],[21.7813,44.6536],[21.7701,44.6535],[21.7439,44.6499],[21.7313,44.6489],[21.7211,44.6497],[21.7107,44.6519],[21.6966,44.6573],[21.6843,44.6575],[21.6658,44.6564],[21.6459,44.6517],[21.6303,44.6505],[21.624,44.6513],[21.6181,44.6534],[21.6149,44.6586],[21.6102,44.6744],[21.6042,44.6844],[21.6043,44.6912],[21.6073,44.6986],[21.60766,44.70288],[21.6087,44.7153],[21.6039,44.7268],[21.595,44.7382],[21.5905,44.7459],[21.5857,44.7513],[21.5796,44.7557],[21.5755,44.758],[21.568,44.7582],[21.5577,44.7611],[21.5496,44.7646],[21.5289,44.767],[21.5021,44.7652],[21.49678,44.76541],[21.4798,44.7707],[21.4724,44.7733],[21.4399,44.7766],[21.41002,44.77337],[21.4048,44.7728],[21.3972,44.7703],[21.39446,44.77127],[21.3851,44.7746],[21.3778,44.7832],[21.3758,44.7961],[21.3711,44.8026],[21.3615,44.8106],[21.3502,44.8152],[21.3355,44.8164],[21.3255,44.8135],[21.3176,44.8026],[21.3125,44.7983],[21.3066,44.7953],[21.2977,44.7925],[21.286,44.7918],[21.2764,44.7899],[21.2695,44.7868],[21.2555,44.7844],[21.2327,44.7821],[21.2245,44.7798],[21.21322,44.77358]]}},{"type":"Feature","properties":{"id":560511,"kind":"upstream"},"geometry":{"type":"LineString","coordinates":[[13.24699,41.29103],[13.04095,41.43718]]}},{"type":"Feature","properties":{"id":560281,"kind":"downstream"},"geometry":{"type":"LineString","coordinates":[[9.157,45.186],[9.15469,45.1806],[9.1627,45.1789],[9.1761,45.1708],[9.1857,45.1639],[9.2037,45.1643],[9.2128,45.158],[9.2159,45.147],[9.2228,45.1419],[9.2323,45.1426],[9.2517,45.1325],[9.2557,45.1278],[9.2681,45.1252],[9.2774,45.1256],[9.2874,45.1287],[9.303,45.1241],[9.3325,45.1077],[9.3384,45.1032],[9.3483,45.1014],[9.3555,45.0984],[9.3877,45.0931],[9.4087,45.0931],[9.4222,45.09],[9.4346,45.0918],[9.4372,45.0918],[9.4524,45.0923],[9.474,45.0951],[9.4838,45.0992],[9.4925,45.1006],[9.5018,45.0987],[9.5072,45.0937],[9.5108,45.083],[9.516,45.0775],[9.5256,45.0764],[9.534,45.0787],[9.5438,45.0848],[9.5492,45.0917],[9.5464,45.1004],[9.5407,45.1091],[9.5351,45.1207],[9.5382,45.1303]]}},{"type":"Feature","properties":{"id":560237,"kind":"downstream"},"geometry":{"type":"LineString","coordinates":[[1.40874,43.61207],[1.4073,43.6132],[1.405,43.6155],[1.4028,43.6192],[1.4013,43.6235],[1.4024,43.625],[1.4028,43.6272],[1.404,43.6302],[1.4047,43.6322],[1.4052,43.6334],[1.4049,43.6363],[1.4049,43.6375],[1.4043,43.6403],[1.4036,43.6425],[1.4026,43.6455],[1.4019,43.6481],[1.4027,43.6491],[1.4045,43.6505],[1.4059,43.6517],[1.4078,43.6545],[1.4076,43.6556],[1.4076,43.6569],[1.4073,43.6579],[1.4071,43.6594],[1.4067,43.6616],[1.4062,43.6621],[1.4052,43.663],[1.4037,43.6647],[1.4026,43.6658],[1.4011,43.6664],[1.3997,43.6672],[1.3978,43.6673],[1.3948,43.6669],[1.3933,43.6667],[1.3904,43.6669],[1.3862,43.6673],[1.3833,43.6682],[1.3814,43.67],[1.3795,43.6724],[1.3764,43.675],[1.3754,43.6759],[1.3729,43.6773],[1.373,43.6777],[1.3734,43.6774],[1.3746,43.677],[1.375,43.6773],[1.3745,43.6779],[1.3734,43.6784],[1.3724,43.6798],[1.3723,43.6803],[1.3709,43.6811],[1.3695,43.683],[1.3685,43.6862],[1.36818,43.6881],[1.368,43.6892],[1.3686,43.6927],[1.369,43.6944],[1.3694,43.6957],[1.3702,43.6974],[1.3699,43.6981],[1.3682,43.7009],[1.367,43.7031],[1.3657,43.7049],[1.3636,43.706],[1.3611,43.7063],[1.3578,43.7071],[1.35639,43.7074],[1.34785,43.70892],[1.3453,43.7107],[1.3434,43.7124],[1.3423,43.7132],[1.3414,43.7141],[1.3411,43.7149],[1.3414,43.716],[1.3418,43.717],[1.3426,43.7185],[1.3438,43.7204],[1.3438,43.721],[1.3436,43.7215],[1.3435,43.7218],[1.343,43.7224],[1.3417,43.7234],[1.3409,43.7238],[1.3394,43.7245],[1.3377,43.725],[1.3353,43.7255],[1.334,43.7261],[1.3331,43.7268],[1.3323,43.7277],[1.3314,43.7284],[1.3303,43.7289],[1.329,43.7294],[1.328,43.7301],[1.3275,43.7307],[1.3261,43.7325],[1.3252,43.7335],[1.3203,43.7412],[1.3189,43.7414],[1.3163,43.7416],[1.3135,43.7432],[1.312,43.7449],[1.3116,43.7463],[1.3116,43.7471],[1.313,43.7494],[1.3131,43.7529],[1.3141,43.7538],[1.3143,43.7543],[1.3149,43.7552],[1.3157,43.7565],[1.3163,43.7576],[1.3175,43.7595],[1.3181,43.7605],[1.3188,43.7614],[1.3196,43.7624],[1.3206,43.7633],[1.3239,43.7677],[1.32455,43.76823],[1.3255,43.769],[1.3264,43.7696],[1.3265,43.7697],[1.3261,43.7699],[1.3259,43.7704],[1.3259,43.7712],[1.3253,43.7717],[1.3244,43.7723],[1.3226,43.7728],[1.3194,43.773],[1.3178,43.7731],[1.3161,43.7735],[1.3133,43.7744],[1.3106,43.7753],[1.3085,43.7761],[1.3045,43.7768],[1.3027,43.7775],[1.3018,43.7782],[1.2994,43.7785],[1.29698,43.77857],[1.2935,43.7803],[1.2915,43.7821],[1.2909,43.7827],[1.29,43.7844],[1.2895,43.7855],[1.29,43.7861],[1.2885,43.7889],[1.2877,43.7898],[1.2869,43.7905],[1.2852,43.7914],[1.2845,43.7916],[1.2829,43.7913],[1.2823,43.7911],[1.2807,43.791],[1.2798,43.7912],[1.2781,43.7917],[1.2766,43.7926],[1.2744,43.7937],[1.2737,43.7942],[1.2727,43.7951],[1.2719,43.7962],[1.2717,43.7969],[1.2718,43.7976],[1.2721,43.798],[1.2728,43.7989],[1.2738,43.7997],[1.2747,43.8007],[1.2765,43.8019],[1.2781,43.8023],[1.2787,43.8025],[1.279,43.8029],[1.2794,43.8034],[1.2794,43.8039],[1.2791,43.8041],[1.279,43.8043],[1.2794,43.8045],[1.2797,43.8048],[1.2797,43.8052],[1.2793,43.8055],[1.2789,43.8056],[1.2782,43.8057],[1.2782,43.806],[1.2786,43.8062],[1.2789,43.8065],[1.2788,43.8068],[1.2777,43.8071],[1.2764,43.807],[1.2751,43.8068],[1.2748,43.8064],[1.2745,43.806],[1.2739,43.8058],[1.273,43.8058],[1.2715,43.8057],[1.2694,43.8053],[1.2675,43.805],[1.2664,43.8049],[1.2652,43.805],[1.264,43.8055],[1.2631,43.8062],[1.2567,43.8112],[1.2557,43.8136],[1.2559,43.8157],[1.2552,43.8168],[1.2552,43.8184],[1.2557,43.8192],[1.2571,43.8203],[1.2574,43.8224],[1.2576,43.8235],[1.2574,43.825],[1.2568,43.8258],[1.2561,43.8265],[1.2552,43.8271],[1.2541,43.8275],[1.2535,43.8275],[1.2492,43.8305],[1.2474,43.8306],[1.2458,43.8312],[1.2448,43.8321],[1.2457,43.8331],[1.2469,43.8344],[1.24856,43.83579],[1.24983,43.83687],[1.25084,43.83966],[1.2512,43.8414],[1.2507,43.8427],[1.2489,43.8455],[1.2475,43.8463],[1.2417,43.8488],[1.2415,43.8492],[1.2414,43.8501],[1.2415,43.8523],[1.2417,43.8529],[1.2419,43.8554],[1.2422,43.8569],[1.2422,43.8577],[1.2418,43.8587],[1.2415,43.8593],[1.2408,43.8594],[1.2401,43.8603],[1.2392,43.8612],[1.238,43.8621],[1.2366,43.8627],[1.2359,43.8632],[1.2356,43.8637],[1.2346,43.8648],[1.2334,43.8657],[1.232,43.8667],[1.2309,43.867],[1.2289,43.8667],[1.2272,43.8665],[1.2257,43.8664],[1.2242,43.8672],[1.22329,43.86806],[1.2223,43.869],[1.2215,43.8701],[1.2212,43.8708],[1.221,43.8715],[1.2209,43.8729],[1.2205,43.8742],[1.2191,43.8763],[1.2189,43.8779],[1.2191,43.8783],[1.2189,43.8796],[1.2187,43.8821],[1.2186,43.8833],[1.2176,43.8841],[1.2153,43.8847],[1.2138,43.885],[1.2118,43.8858],[1.2091,43.8862],[1.207,43.8864],[1.2058,43.8864],[1.2048,43.8873],[1.2042,43.8887],[1.2054,43.8915],[1.2073,43.8933],[1.2094,43.8953],[1.21,43.8968],[1.2102,43.8989],[1.2098,43.9001],[1.20912,43.90133],[1.2062,43.9042],[1.2043,43.9069],[1.2035,43.9079],[1.2024,43.9089],[1.2009,43.9092],[1.1994,43.9093],[1.198,43.9092],[1.1971,43.9088],[1.196,43.9082],[1.19316,43.90723],[1.1909,43.9073],[1.1894,43.9075],[1.1879,43.9078],[1.1871,43.9102],[1.1872,43.913],[1.1873,43.915],[1.1867,43.9156],[1.1859,43.9167],[1.1859,43.9177],[1.1858,43.9186],[1.1849,43.9193],[1.1844,43.92],[1.1842,43.9212],[1.1846,43.9227],[1.1849,43.9246],[1.1854,43.9258],[1.1861,43.9271],[1.1873,43.9286],[1.1875,43.9291],[1.1883,43.9302],[1.1892,43.9314],[1.1903,43.9324],[1.1911,43.9332],[1.1919,43.9337],[1.1935,43.9346],[1.1949,43.9356],[1.1963,43.9368],[1.1966,43.9376],[1.1968,43.9395],[1.1964,43.9402],[1.1959,43.9406],[1.1948,43.9407],[1.1939,43.9406],[1.1938,43.9402],[1.1934,43.94],[1.1924,43.9402],[1.1917,43.9403],[1.1906,43.9405],[1.1896,43.9411],[1.1888,43.9415],[1.1869,43.9424],[1.1851,43.9437],[1.1834,43.945],[1.1822,43.9457],[1.1812,43.946],[1.1805,43.9459],[1.1794,43.9453],[1.1782,43.9445],[1.1768,43.944],[1.1746,43.9439],[1.1724,43.944],[1.1714,43.9442],[1.1707,43.9446],[1.1708,43.9452],[1.1709,43.9474],[1.1705,43.9502],[1.1705,43.9508],[1.1707,43.9517],[1.1711,43.9524],[1.172,43.9538],[1.1721,43.9545],[1.1719,43.9558],[1.1714,43.9572],[1.1704,43.9587],[1.1692,43.9596],[1.16609,43.96392],[1.1641,43.9659],[1.1629,43.9672],[1.1622,43.9697],[1.162,43.9724],[1.1621,43.9765],[1.1621,43.9792],[1.1609,43.9814],[1.1607,43.9826],[1.16006,43.98305],[1.14574,43.98872],[1.1395,43.9912],[1.1348,43.9928],[1.1312,43.9935],[1.1297,43.9938],[1.1271,43.9944],[1.12687,43.99446],[1.1184,43.9979],[1.1179,43.9983],[1.118,43.9993],[1.1182,44.0],[1.1186,44.0008],[1.1184,44.0021],[1.1179,44.0032],[1.1162,44.0044],[1.1153,44.0056],[1.1153,44.0083],[1.1145,44.0095],[1.1136,44.0104],[1.1128,44.011],[1.1119,44.0115],[1.1097,44.0123],[1.1084,44.013],[1.1063,44.0143],[1.1059,44.0149],[1.1056,44.0161],[1.1052,44.0169],[1.1052,44.0175],[1.1034,44.0197],[1.0986,44.0196],[1.09684,44.01884],[1.0956,44.0183],[1.0935,44.0174],[1.0921,44.0173],[1.0903,44.0178],[1.0891,44.0185],[1.08769,44.01965],[1.0852,44.0201],[1.0836,44.021],[1.0816,44.0216],[1.0798,44.022],[1.0785,44.0226],[1.0772,44.0235],[1.0767,44.0253],[1.0774,44.0267],[1.0786,44.0278],[1.081,44.0289],[1.083,44.0305],[1.0849,44.0317],[1.0865,44.0327],[1.0868,44.0336],[1.0861,44.0346],[1.0848,44.0353],[1.0838,44.0362],[1.0822,44.0371],[1.08,44.0378],[1.0782,44.0381],[1.0765,44.0383],[1.075,44.0386],[1.0729,44.0388],[1.0714,44.0398],[1.0701,44.0404],[1.0683,44.0412],[1.0661,44.0425],[1.0652,44.0429],[1.0643,44.0456],[1.06415,44.04653],[1.0638,44.0487],[1.0632,44.0504],[1.0623,44.0515],[1.0608,44.053],[1.0604,44.0538],[1.0605,44.0546],[1.0602,44.0571],[1.0599,44.0583],[1.0583,44.0606],[1.0569,44.0619],[1.055,44.0633],[1.0539,44.0643],[1.0537,44.0651],[1.0535,44.0657],[1.0539,44.0669],[1.0555,44.0685],[1.0567,44.0701],[1.0576,44.071],[1.058,44.0725],[1.0578,44.0736],[1.0571,44.0743],[1.0563,44.0747],[1.0532,44.0745],[1.0512,44.0745],[1.0494,44.0742],[1.0481,44.0737],[1.0474,44.0736],[1.0453,44.0737],[1.0435,44.0737],[1.0417,44.0743],[1.0404,44.0752],[1.0398,44.0759],[1.0387,44.078],[1.038,44.0788],[1.0379,44.0794],[1.0374,44.0801],[1.0359,44.0812],[1.0348,44.0821],[1.0335,44.0832],[1.0329,44.084],[1.0326,44.0848],[1.0326,44.0869],[1.0331,44.0888],[1.0328,44.0896],[1.0318,44.0905],[1.0306,44.0911],[1.0301,44.0914],[1.0284,44.0916],[1.0262,44.0919],[1.0249,44.092],[1.0233,44.0919],[1.0218,44.0914],[1.0196,44.0908],[1.0167,44.09],[1.0146,44.0893],[1.0117,44.0888],[1.00873,44.08838],[1.0036,44.0877],[1.0008,44.0873],[0.9992,44.087],[0.9979,44.0866],[0.9974,44.0862],[0.9966,44.0854],[0.996,44.0848],[0.9949,44.0845],[0.9935,44.0845],[0.9921,44.0847],[0.9907,44.0847],[0.9898,44.0846],[0.9888,44.0841],[0.9883,44.0835],[0.9872,44.0825],[0.9848,44.0811],[0.981,44.0792],[0.9775,44.0777],[0.97669,44.07726],[0.9575,44.0729],[0.95531,44.07326],[0.9532,44.0736],[0.9503,44.0738],[0.949,44.0736],[0.9458,44.0727],[0.9443,44.0719],[0.9425,44.0707],[0.9412,44.07],[0.9393,44.0695],[0.9369,44.0693],[0.93596,44.06906],[0.9242,44.0695],[0.9219,44.0696],[0.92,44.069],[0.9164,44.0681],[0.9134,44.0676],[0.9102,44.0675],[0.9088,44.0682],[0.9069,44.0695],[0.9045,44.0715],[0.9031,44.0729],[0.9004,44.0747],[0.8991,44.076],[0.8979,44.0772],[0.897,44.0781],[0.8945,44.0812],[0.892,44.0833],[0.8899,44.0847],[0.8864,44.0868],[0.8822,44.0889],[0.8773,44.091],[0.8738,44.0922],[0.8723,44.0932],[0.8659,44.0945],[0.8574,44.0955],[0.85463,44.09561],[0.8491,44.0957],[0.8479,44.0959],[0.8468,44.0965],[0.8467,44.0974],[0.8458,44.0981],[0.8444,44.0998],[0.8427,44.1015],[0.8407,44.1044],[0.84,44.1053],[0.8388,44.1073],[0.836,44.1114],[0.8357,44.1117],[0.8349,44.1131],[0.8351,44.1154],[0.8352,44.1159],[0.8352,44.1177],[0.834,44.1184],[0.8336,44.1186],[0.8322,44.1194],[0.8312,44.12],[0.8304,44.1204],[0.8287,44.121],[0.8276,44.1218],[0.8262,44.1222],[0.8238,44.1225],[0.8211,44.123],[0.8175,44.1235],[0.8156,44.1239],[0.81458,44.12378],[0.8108,44.1233],[0.80527,44.12341],[0.7972,44.1317],[0.7892,44.1407],[0.7876,44.1415],[0.7869,44.1416],[0.7847,44.142],[0.7823,44.1418],[0.7801,44.1415],[0.7787,44.1415],[0.7768,44.141],[0.7746,44.1403],[0.7721,44.1396],[0.771,44.1393],[0.77053,44.13919],[0.7605,44.139],[0.7601,44.1397],[0.7529,44.1431],[0.7478,44.1454],[0.7434,44.1479],[0.741,44.1489],[0.7361,44.1511],[0.7319,44.1527],[0.7293,44.1536],[0.7284,44.1537],[0.7099,44.1569],[0.6954,44.1581],[0.6936,44.1583],[0.6917,44.1588],[0.6908,44.1589],[0.6884,44.1594],[0.6856,44.16],[0.68492,44.16012],[0.6773,44.1624],[0.6748,44.16245],[0.6725,44.1625],[0.6704,44.1623],[0.6691,44.1618],[0.6683,44.1613],[0.6673,44.1606],[0.6651,44.1589],[0.6634,44.1575],[0.6612,44.1554],[0.6606,44.1549],[0.6601,44.1543],[0.6581,44.1525],[0.658,44.1522],[0.6571,44.1516],[0.6563,44.1508],[0.6554,44.15],[0.6522,44.1478],[0.6501,44.1467],[0.6486,44.1461],[0.6469,44.146],[0.6429,44.1462],[0.63839,44.14848],[0.6361,44.1498],[0.6338,44.1515],[0.6333,44.1518],[0.6302,44.1543],[0.6281,44.1563],[0.6265,44.1576],[0.6251,44.1585],[0.622,44.1605],[0.6194,44.1622],[0.6186,44.163],[0.6166,44.1644],[0.6164,44.1647],[0.61604,44.16538],[0.61584,44.16922],[0.61401,44.17805],[0.6135,44.1803],[0.6133,44.1814],[0.6129,44.1839],[0.6128,44.1843],[0.6124,44.1878],[0.612,44.1896],[0.6117,44.1913],[0.6089,44.199],[0.6087,44.1992],[0.6086,44.1997]]}},{"type":"Feature","properties":{"id":560280,"kind":"downstream"},"geometry":{"type":"LineString","coordinates":[[28.19588,45.15673],[28.18073,45.15314],[28.1769,45.1555],[28.1689,45.1631],[28.1475,45.1748],[28.116,45.1858],[28.101,45.1954],[28.1063,45.2058],[28.1318,45.2383],[28.131,45.2477],[28.1254,45.2622],[28.1222,45.2643],[28.1129,45.2639],[28.094,45.2586],[28.0827,45.2585],[28.0472,45.2668],[28.0051,45.2873],[28.0032,45.2921],[28.0107,45.312],[28.0223,45.33],[28.0299,45.3384],[28.0357,45.3546],[28.0314,45.3892],[28.0344,45.3967],[28.03711,45.39956],[28.0486,45.4117],[28.0526,45.4185],[28.0598,45.4217],[28.0661,45.4287],[28.075,45.4344],[28.088,45.4397],[28.1056,45.4412],[28.1218,45.4399],[28.1406,45.4363],[28.1489,45.4325],[28.15066,45.43133],[28.15903,45.43366],[28.19068,45.44249],[28.20161,45.44553],[28.21421,45.44904],[28.21484,45.44913],[28.21563,45.44894],[28.21638,45.44874],[28.22699,45.44938],[28.27924,45.42895],[28.28102,45.41917],[28.28476,45.39861],[28.2909,45.392],[28.2941,45.3858],[28.2985,45.3832],[28.3277,45.3371],[28.3332,45.335],[28.3462,45.3236],[28.3751,45.3118],[28.3899,45.3066],[28.4173,45.3006],[28.4392,45.2928],[28.4798,45.2845],[28.4906,45.2775],[28.5125,45.2736],[28.5295,45.2672],[28.5436,45.2597],[28.5558,45.2558],[28.5819,45.2518],[28.6333,45.2484],[28.6698,45.2351],[28.6897,45.2291],[28.7129,45.2244],[28.7229,45.2247],[28.7346,45.228],[28.74114,45.22753],[28.75141,45.22943],[28.75333,45.22978],[28.7582,45.226],[28.7649,45.2236],[28.792,45.2219],[28.8036,45.218],[28.806,45.2118],[28.8035,45.2057],[28.8076,45.2015],[28.8157,45.2016],[28.822,45.2056],[28.8323,45.2059],[28.8456,45.2089],[28.8578,45.2088],[28.872,45.2067],[28.8843,45.2028],[28.8939,45.1981],[28.9029,45.1883],[28.90749,45.18135],[28.90204,45.17973],[28.8766,45.1722],[29.13472,45.07166]]}},{"type":"Feature","properties":{"id":560556,"kind":"upstream"},"geometry":{"type":"LineString","coordinates":[[4.8782,44.9294],[4.8803,44.9315],[4.8822,44.9331],[4.8832,44.9341],[4.884,44.9354],[4.8846,44.9362],[4.8847,44.9372],[4.8844,44.9391],[4.8843,44.9401],[4.8833,44.9416],[4.8815,44.9431],[4.8793,44.9446],[4.879,44.9454],[4.8778,44.9473],[4.8771,44.949],[4.8761,44.9509],[4.8762,44.9515],[4.8761,44.952],[4.8757,44.953],[4.8754,44.9544],[4.8747,44.955],[4.8734,44.9561],[4.8716,44.9572],[4.8698,44.958],[4.8682,44.9589],[4.8662,44.9596],[4.8652,44.9598],[4.8644,44.9604],[4.8638,44.9614],[4.8624,44.9624],[4.8612,44.9637],[4.8607,44.9638],[4.8603,44.9639],[4.86,44.9644],[4.8599,44.9648],[4.8598,44.9653],[4.8596,44.9656],[4.8593,44.9656],[4.859,44.9655],[4.8585,44.9659],[4.858,44.9664],[4.8574,44.967],[4.8575,44.9674],[4.8578,44.9679],[4.8578,44.9683],[4.8574,44.9688],[4.8566,44.9696],[4.8558,44.9699],[4.8558,44.9708],[4.8549,44.9717],[4.8547,44.9723],[4.855,44.9727],[4.8548,44.9731],[4.8534,44.9742],[4.8531,44.9753],[4.853,44.9771],[4.8521,44.9795],[4.8518,44.9837],[4.8519,44.9874],[4.8518,44.9891],[4.852,44.9911],[4.8516,44.9929],[4.8508,44.9941],[4.8505,44.9946],[4.8489,44.9962],[4.8471,44.9977],[4.8464,44.9984],[4.8451,44.9995],[4.8442,45.0001],[4.8433,45.001],[4.8417,45.0019],[4.8406,45.0025],[4.8399,45.003],[4.8386,45.0039],[4.8368,45.005],[4.8361,45.0057],[4.8358,45.0061],[4.8355,45.0062],[4.8351,45.0067],[4.8349,45.0083],[4.8347,45.0098],[4.8349,45.0104],[4.8352,45.011],[4.8366,45.0122],[4.8386,45.0136],[4.8421,45.0159],[4.8435,45.018],[4.8437,45.02],[4.8436,45.0214],[4.8428,45.0228],[4.8416,45.0242],[4.8399,45.0253],[4.8394,45.026],[4.8387,45.0268],[4.8376,45.0288],[4.8366,45.0324],[4.8374,45.0345],[4.8381,45.0361],[4.8396,45.0379],[4.8421,45.0407],[4.8451,45.0431],[4.8467,45.0442],[4.8509,45.0471],[4.8544,45.0499],[4.856,45.0519],[4.8574,45.0547],[4.8573,45.0575],[4.8568,45.0587],[4.8562,45.0598],[4.8545,45.0611],[4.8533,45.062],[4.8517,45.063],[4.8466,45.0644],[4.8443,45.0648],[4.8433,45.0652],[4.8419,45.0652],[4.8382,45.0663],[4.8363,45.0671],[4.8325,45.069],[4.83,45.0704],[4.8282,45.072],[4.8284,45.0725],[4.8285,45.0726],[4.8279,45.073],[4.8271,45.0738],[4.8267,45.0746],[4.8264,45.0749],[4.8263,45.0754],[4.8264,45.0765],[4.826,45.0778],[4.8263,45.0799],[4.8265,45.0805],[4.8276,45.0821],[4.8284,45.0835],[4.8288,45.0842],[4.829,45.0845],[4.8296,45.0845],[4.83,45.0854],[4.8303,45.0863],[4.8303,45.0875],[4.8305,45.0884],[4.8309,45.0887],[4.8308,45.0888],[4.8304,45.089],[4.8303,45.0894],[4.8302,45.0902],[4.8306,45.0902],[4.8305,45.0904],[4.83,45.0906],[4.8298,45.0918],[4.8291,45.0919],[4.8292,45.0925],[4.8289,45.0933],[4.8287,45.0943],[4.8283,45.0947],[4.8281,45.0951],[4.8281,45.0956],[4.8272,45.0961],[4.8265,45.0965],[4.8244,45.0971],[4.8238,45.0974],[4.8237,45.0981],[4.8235,45.0988],[4.8231,45.0994],[4.8229,45.1001],[4.8228,45.1015],[4.8217,45.1025],[4.8212,45.1031],[4.8222,45.1037],[4.8221,45.1038],[4.8215,45.1037],[4.8211,45.1036],[4.8203,45.1045],[4.8181,45.106],[4.8177,45.1066],[4.8178,45.107],[4.8165,45.108],[4.8151,45.1094],[4.8146,45.11],[4.8136,45.1111],[4.8128,45.1118],[4.8129,45.1121],[4.8126,45.1123],[4.8119,45.1124],[4.8115,45.1129],[4.812,45.1131],[4.8121,45.1134],[4.8117,45.114],[4.8103,45.1156],[4.8084,45.1175],[4.8074,45.1181],[4.8066,45.1185],[4.8059,45.1196],[4.8048,45.1207],[4.8042,45.1212],[4.8033,45.1213],[4.8027,45.1223],[4.8025,45.1231],[4.8019,45.1238],[4.8019,45.1248],[4.8024,45.1278],[4.8032,45.1302],[4.8032,45.1314],[4.8034,45.1336],[4.804,45.1346],[4.8051,45.1354],[4.8082,45.1364],[4.812,45.1402],[4.8143,45.1418],[4.8185,45.1454],[4.8217,45.1481],[4.8242,45.1508],[4.8257,45.1527],[4.8267,45.1545],[4.8267,45.1563],[4.8264,45.1574],[4.8252,45.1586],[4.8233,45.1592],[4.8196,45.1593],[4.8178,45.1595],[4.816,45.1599],[4.8143,45.1604],[4.8135,45.1609],[4.8116,45.1622],[4.8102,45.1636],[4.8094,45.1647],[4.8083,45.167],[4.81,45.1759],[4.8109,45.1772],[4.811,45.1777],[4.8124,45.1803],[4.8126,45.1809],[4.8125,45.1818],[4.8121,45.1823],[4.8121,45.1825],[4.8113,45.1837],[4.8105,45.1846],[4.8073,45.1881],[4.8065,45.1889],[4.8055,45.191],[4.8044,45.1921],[4.8045,45.1928],[4.8045,45.1936],[4.8042,45.1952],[4.8045,45.1957],[4.805,45.1966],[4.8051,45.1971],[4.8056,45.1976],[4.8061,45.1981],[4.8063,45.1987],[4.8065,45.1989],[4.8067,45.1995],[4.8073,45.2005],[4.8077,45.2013],[4.8077,45.2018],[4.8085,45.2026],[4.8093,45.2053],[4.8094,45.2059],[4.8093,45.2068],[4.8091,45.2077],[4.8087,45.2084],[4.8084,45.2095],[4.808,45.2101],[4.8077,45.2111],[4.8074,45.2115],[4.8072,45.2127],[4.8067,45.2135],[4.8061,45.2159],[4.8055,45.217],[4.8053,45.2183],[4.8051,45.2193],[4.8048,45.2207],[4.8044,45.2212],[4.8042,45.2225],[4.8038,45.2237],[4.8029,45.2248],[4.8021,45.2262],[4.8018,45.2271],[4.8018,45.2283],[4.8018,45.2287],[4.8014,45.2294],[4.8014,45.2315],[4.8012,45.2322],[4.8013,45.2325],[4.8014,45.2331],[4.8012,45.2333],[4.8014,45.2336],[4.8014,45.234],[4.801,45.2345],[4.801,45.2351],[4.8008,45.2356],[4.8006,45.2365],[4.8006,45.2386],[4.8007,45.2396],[4.8011,45.2399],[4.8012,45.2424],[4.8017,45.2458],[4.8017,45.2469],[4.8017,45.2485],[4.8018,45.2493],[4.8023,45.2499],[4.8035,45.2511],[4.8042,45.2519],[4.8048,45.2531],[4.8054,45.2544],[4.8063,45.2559],[4.8088,45.2602],[4.8094,45.2617],[4.8098,45.2633],[4.8098,45.2656],[4.8094,45.267],[4.8091,45.2677],[4.8089,45.2693],[4.8091,45.272],[4.8092,45.2753],[4.8093,45.2776],[4.8091,45.2787],[4.8092,45.28],[4.8093,45.281],[4.8089,45.2828],[4.8087,45.2846],[4.8085,45.2859],[4.8089,45.2925],[4.8086,45.2926],[4.8069,45.2935],[4.8054,45.2948],[4.8044,45.2956],[4.8025,45.297],[4.8017,45.2977],[4.8017,45.2981],[4.8024,45.2982],[4.8029,45.2981],[4.8033,45.298],[4.8033,45.2983],[4.8032,45.2986],[4.8024,45.2988],[4.8017,45.2993],[4.8012,45.2993],[4.7994,45.3003],[4.7994,45.3007],[4.7977,45.3018],[4.7967,45.3024],[4.7966,45.3028],[4.7963,45.303],[4.7963,45.3032],[4.7959,45.3036],[4.795,45.3038],[4.7941,45.3048],[4.7933,45.3053],[4.7924,45.3056],[4.7898,45.3074],[4.788,45.3085],[4.7864,45.3092],[4.7848,45.3103],[4.7832,45.3109],[4.7817,45.3113],[4.7803,45.3118],[4.7792,45.3122],[4.7788,45.3126],[4.7783,45.3131],[4.7772,45.3136],[4.7761,45.3141],[4.7749,45.3149],[4.7738,45.3156],[4.7722,45.3163],[4.771,45.3169],[4.7695,45.3178],[4.7681,45.3191],[4.7677,45.3195],[4.7672,45.3202],[4.7662,45.3213],[4.7656,45.3218],[4.7647,45.3231],[4.7636,45.3243],[4.7628,45.3259],[4.7624,45.3275],[4.7625,45.3307],[4.7629,45.3346],[4.7629,45.3358],[4.7631,45.3369],[4.7629,45.3378],[4.763,45.3387],[4.7637,45.3413],[4.7649,45.3472],[4.7667,45.3488],[4.768,45.3504],[4.7686,45.352],[4.7686,45.353],[4.7682,45.3544],[4.7673,45.3565],[4.766,45.3575],[4.765,45.3582],[4.7643,45.3591],[4.7634,45.3594],[4.7624,45.36],[4.7616,45.3608],[4.7604,45.3612],[4.7553,45.3647],[4.7546,45.3654],[4.7542,45.366],[4.7539,45.3679],[4.7537,45.3693],[4.7535,45.3704],[4.7526,45.3719],[4.7517,45.3729],[4.7512,45.3741],[4.7512,45.376],[4.7516,45.3773],[4.7526,45.3788],[4.7532,45.3796],[4.7548,45.3819],[4.7556,45.3837],[4.757,45.3865],[4.75975,45.39257],[4.7592,45.3938],[4.7585,45.3954],[4.7576,45.3971],[4.7567,45.3987],[4.7558,45.3999],[4.7543,45.4014],[4.7518,45.4039],[4.7498,45.4062],[4.7488,45.4078],[4.7479,45.409],[4.747,45.4107],[4.7464,45.4129],[4.7465,45.4151],[4.7472,45.4175],[4.7487,45.4205],[4.7535,45.4263],[4.7539,45.4274],[4.7572,45.4284],[4.7613,45.4298],[4.762,45.4304],[4.7631,45.432],[4.7636,45.4336],[4.7638,45.4346],[4.7637,45.4368],[4.7631,45.4392],[4.7617,45.4422],[4.7605,45.4449],[4.7598,45.4486],[4.7596,45.4513],[4.7597,45.4529],[4.7606,45.4538],[4.7631,45.455],[4.7666,45.456],[4.7743,45.4556],[4.7751,45.456],[4.7776,45.457],[4.7802,45.4585],[4.7807,45.4589],[4.7813,45.4598],[4.782,45.4602],[4.783,45.4605],[4.7836,45.461],[4.7836,45.4614],[4.7835,45.462],[4.7823,45.4659],[4.7822,45.4678],[4.7828,45.4697],[4.7846,45.4714],[4.7862,45.4723],[4.7894,45.4733],[4.7917,45.4743],[4.7942,45.4749],[4.7951,45.4753],[4.7967,45.476],[4.7976,45.4761],[4.7999,45.4774],[4.8032,45.4788],[4.8134,45.4831],[4.8153,45.4837],[4.8174,45.4852],[4.8191,45.4867],[4.8208,45.4886],[4.8225,45.4901],[4.8254,45.4931],[4.8256,45.4938],[4.8258,45.4947],[4.8264,45.495],[4.8274,45.4954],[4.8284,45.4956],[4.8303,45.4947],[4.8335,45.4959],[4.8347,45.4982],[4.8376,45.4995],[4.8401,45.4999],[4.8413,45.5],[4.843,45.5008],[4.8448,45.5016],[4.8459,45.5023],[4.849,45.5043],[4.8505,45.5053],[4.8576,45.5108],[4.86,45.5131],[4.8661,45.5196],[4.8694,45.523],[4.8721,45.5264],[4.8736,45.5285]]}},{"type":"Feature","properties":{"id":560213,"kind":"downstream"},"geometry":{"type":"LineString","coordinates":[[10.994,45.439],[11.01382,45.40235],[11.14361,45.36611],[11.24644,45.33745],[11.26835,45.2852],[11.34673,45.25064],[11.41837,45.25148],[11.47484,45.23041],[11.49929,45.21946],[11.59115,45.22451],[11.63582,45.2144],[11.68302,45.21524],[11.73865,45.20766],[11.78922,45.2085],[11.82124,45.2144],[11.84906,45.2144],[11.8912,45.20428],[11.93587,45.20007],[11.97801,45.20681],[12.00666,45.21777],[12.03869,45.21187],[12.06398,45.20344],[12.07409,45.18827],[12.11286,45.19923],[12.16933,45.19839],[12.2199,45.19333],[12.26625,45.18237],[12.31092,45.18911]]}},{"type":"Feature","properties":{"id":560522,"kind":"upstream"},"geometry":{"type":"LineString","coordinates":[[4.8736,45.5285],[4.8742,45.5299],[4.8742,45.531],[4.8728,45.5332],[4.8717,45.5343],[4.8702,45.5357],[4.8669,45.5373],[4.8635,45.5385],[4.8596,45.5393],[4.8569,45.5394],[4.8539,45.5397],[4.8527,45.5405],[4.843,45.5431],[4.8372,45.5444],[4.8375,45.5448],[4.8366,45.5451],[4.8357,45.5452],[4.8332,45.5475],[4.8299,45.5508],[4.8287,45.5519],[4.8282,45.5528],[4.8268,45.5541],[4.8237,45.5575],[4.8225,45.5592],[4.8211,45.5605],[4.8191,45.5632],[4.8184,45.5639],[4.8169,45.5662],[4.8156,45.5682],[4.8141,45.5697],[4.8127,45.571],[4.8119,45.5719],[4.8093,45.5733],[4.8024,45.5735],[4.7998,45.5746],[4.7991,45.5746],[4.7979,45.5749],[4.793,45.5765],[4.792,45.5766],[4.7907,45.577],[4.7901,45.5775],[4.7875,45.5783],[4.781,45.5808],[4.7793,45.5813],[4.7776,45.5863],[4.7775,45.5881],[4.778,45.5887],[4.7795,45.5898],[4.7801,45.5903],[4.7818,45.5912],[4.7848,45.5926],[4.7859,45.593],[4.787,45.5935],[4.7884,45.5946],[4.7904,45.5963],[4.7909,45.5972],[4.7918,45.5984],[4.7926,45.5994],[4.7938,45.6004],[4.7961,45.6032],[4.8029,45.6119],[4.8025,45.612],[4.8026,45.6125],[4.803,45.6132],[4.8031,45.6138],[4.8031,45.6144],[4.8039,45.6153],[4.8052,45.6176],[4.8054,45.6179],[4.806,45.618],[4.8063,45.6183],[4.8066,45.6187],[4.8071,45.6194],[4.8076,45.62],[4.8079,45.6204],[4.8077,45.6211],[4.8082,45.622],[4.8082,45.6242],[4.8084,45.6255],[4.8089,45.6267],[4.8089,45.6275],[4.8088,45.6281],[4.8086,45.6286],[4.8083,45.6294],[4.8085,45.6313],[4.8084,45.6325],[4.8088,45.6337],[4.8093,45.6349],[4.8099,45.6364],[4.8102,45.6376],[4.8107,45.6383],[4.8114,45.6394],[4.8118,45.6402],[4.8123,45.6409],[4.8127,45.6415],[4.813,45.6421],[4.8133,45.6423],[4.8139,45.6427],[4.8145,45.6427],[4.8147,45.643],[4.8147,45.6435],[4.8153,45.6438],[4.816,45.6442],[4.8169,45.6449],[4.818,45.6457],[4.8201,45.6469],[4.8229,45.6479],[4.8243,45.6489],[4.8261,45.6503],[4.8273,45.6514],[4.8278,45.6521],[4.8285,45.6535],[4.8297,45.6553],[4.83,45.6563],[4.8303,45.6572],[4.8302,45.6575],[4.8301,45.6576],[4.8303,45.6589],[4.8306,45.6604],[4.8312,45.6627],[4.8313,45.6639],[4.8313,45.6648],[4.8315,45.6656],[4.832,45.6663],[4.8325,45.6676],[4.8324,45.6689],[4.8326,45.6697],[4.8326,45.6708],[4.8332,45.6718],[4.8336,45.6727],[4.834,45.6732],[4.8344,45.6745],[4.8345,45.6752],[4.83328,45.68332],[4.8336,45.6834],[4.8338,45.6839],[4.8343,45.6853],[4.8348,45.6864],[4.8352,45.6878],[4.8357,45.689],[4.8357,45.6895],[4.8369,45.6925],[4.8377,45.6944],[4.8377,45.6951],[4.838,45.6957],[4.8382,45.696],[4.8386,45.6975],[4.8386,45.7001],[4.8379,45.7027],[4.8369,45.7041],[4.8353,45.7063],[4.8336,45.708],[4.8316,45.7094],[4.8301,45.71],[4.8266,45.711],[4.8252,45.7115],[4.823,45.7126],[4.8209,45.7156],[4.82,45.7174],[4.8183,45.7206],[4.8172,45.7257],[4.8171,45.7274],[4.81372,45.73557],[4.81342,45.73707],[4.81292,45.73817],[4.81242,45.73927],[4.81092,45.74027],[4.80952,45.74157],[4.80862,45.74527],[4.80832,45.74697],[4.80862,45.74907],[4.80962,45.75277],[4.81032,45.75437],[4.81162,45.75587],[4.81302,45.75717],[4.81522,45.75847],[4.81832,45.76027]]}},{"type":"Feature","properties":{"id":560347,"kind":"downstream"},"geometry":{"type":"LineString","coordinates":[[32.88493,24.9842],[32.88177,24.99628],[32.87833,25.00939],[32.87604,25.01813],[32.87001,25.02954],[32.86305,25.03907],[32.85242,25.05279],[32.8472,25.06104],[32.84485,25.07033],[32.83656,25.08134],[32.82148,25.0931],[32.8023,25.1051],[32.7883,25.10922],[32.77198,25.1162],[32.75753,25.12117],[32.74592,25.13038],[32.72772,25.15359],[32.71708,25.16959],[32.70532,25.18221],[32.69441,25.19029],[32.67496,25.20375],[32.65722,25.21418],[32.63725,25.22281],[32.60748,25.23684],[32.59082,25.24619],[32.58116,25.25262],[32.57005,25.26731],[32.56386,25.28045],[32.56045,25.29271]]}}]}