{"type":"FeatureCollection","features":[{"type":"Feature","properties":{"id":571450,"kind":"coastal"},"geometry":{"type":"LineString","coordinates":[[26.93716,39.50408],[26.86367,39.49075],[26.76367,39.49075],[26.66367,39.49075],[26.56367,39.49075],[26.46367,39.49075],[26.36367,39.39075],[26.26367,39.39075],[26.16367,39.39075],[26.06367,39.49075],[26.06367,39.59075],[26.06367,39.69075],[26.15242,39.76005]]}},{"type":"Feature","properties":{"id":571462,"kind":"coastal"},"geometry":{"type":"LineString","coordinates":[[26.93716,39.50408],[26.86367,39.49075],[26.76367,39.39075],[26.66367,39.29075],[26.66367,39.19075],[26.66367,39.09075],[26.66367,38.99075],[26.66367,38.89075],[26.66367,38.79075],[26.66367,38.69075],[26.76367,38.59075],[26.86367,38.49075],[26.86367,38.39075],[27.14143,38.42717]]}},{"type":"Feature","properties":{"id":571475,"kind":"coastal"},"geometry":{"type":"LineString","coordinates":[[-7.44622,37.21674],[-7.33633,37.19075],[-7.23633,37.19075],[-7.13633,37.19075],[-7.03633,37.19075],[-6.93633,37.09075],[-6.83633,36.99075],[-6.73633,36.89075],[-6.63633,36.79075],[-6.53633,36.69075],[-6.43633,36.59075],[-6.33633,36.49075],[-6.29319,36.52874]]}},{"type":"Feature","properties":{"id":571485,"kind":"coastal"},"geometry":{"type":"LineString","coordinates":[[-7.44622,37.21674],[-7.33633,37.19075],[-7.23633,37.19075],[-7.13633,37.19075],[-7.03633,37.19075],[-6.93633,37.09075],[-6.83633,37.09075],[-6.73633,37.09075],[-6.63633,36.99075],[-6.53633,36.89075],[-6.43633,36.79075],[-6.33633,36.89075],[-5.9972,37.38176]]}},{"type":"Feature","properties":{"id":571495,"kind":"coastal"},"geometry":{"type":"LineString","coordinates":[[-7.44622,37.21674],[-7.33633,37.19075],[-7.43633,37.09075],[-7.53633,36.99075],[-7.63633,36.99075],[-7.73633,36.99075],[-7.83633,36.99075],[-7.93633,36.99075],[-8.03633,36.99075],[-8.13633,36.99075],[-8.23633,36.99075],[-8.33633,36.99075],[-8.43633,36.99075],[-8.53633,36.99075],[-8.63633,36.99075],[-8.73633,36.99075],[-8.83633,36.99075],[-8.93633,36.99075],[-9.03633,37.09075],[-9.03633,37.19075],[-9.03633,37.29075],[-9.03633,37.39075],[-9.03633,37.49075],[-9.03633,37.59075],[-9.03633,37.69075],[-9.03633,37.79075],[-9.03633,37.89075],[-9.03633,37.99075],[-9.03633,38.09075],[-9.03633,38.19075],[-9.03633,38.29075],[-9.13633,38.39075],[-9.23633,38.49075],[-9.23633,38.59075],[-9.13633,38.69075],[-9.145,38.72555]]}},{"type":"Feature","properties":{"id":571504,"kind":"coastal"},"geometry":{"type":"LineString","coordinates":[[35.07672,32.92632],[35.06367,32.89075],[34.96367,32.89075],[34.86367,32.79075],[34.86367,32.69075],[34.86367,32.59075],[34.86367,32.49075],[34.89818,32.50763]]}},{"type":"Feature","properties":{"id":571516,"kind":"coastal"},"geometry":{"type":"LineString","coordinates":[[35.07672,32.92632],[35.06367,32.89075],[35.06367,32.99075],[35.06367,33.09075],[35.06367,33.19075],[35.16367,33.29075],[35.19827,33.27725]]}},{"type":"Feature","properties":{"id":571522,"kind":"coastal"},"geometry":{"type":"LineString","coordinates":[[29.90956,31.19992],[29.86367,31.19075],[29.76367,31.29075],[29.66367,31.39075],[29.56367,31.39075],[29.46367,31.39075],[29.36367,31.39075],[29.26367,31.39075],[29.16367,31.39075],[29.06367,31.39075],[28.96367,31.39075],[28.86367,31.39075],[28.76367,31.39075],[28.66367,31.39075],[28.56367,31.39075],[28.46367,31.39075],[28.36367,31.39075],[28.26367,31.39075],[28.16367,31.39075],[28.06367,31.39075],[27.96367,31.39075],[27.86367,31.39075],[27.76367,31.39075],[27.66367,31.39075],[27.56367,31.39075],[27.46367,31.39075],[27.36367,31.39075],[27.26367,31.39075],[27.22524,31.35553]]}},{"type":"Feature","properties":{"id":571534,"kind":"coastal"},"geometry":{"type":"LineString","coordinates":[[29.90956,31.19992],[29.86367,31.19075],[29.96367,31.29075],[30.06367,31.39075],[30.16367,31.49075],[30.26367,31.59075],[30.36367,31.69075],[30.46367,31.69075],[30.56367,31.69075],[30.66367,31.69075],[30.76367,31.69075],[30.86367,31.69075],[30.96367,31.69075],[31.06367,31.69075],[31.16367,31.69075],[31.26367,31.69075],[31.36367,31.69075],[31.46367,31.69075],[31.56367,31.69075],[31.66367,31.69075],[31.76367,31.69075],[31.86367,31.69075],[31.96367,31.69075],[32.06367,31.59075],[32.16367,31.49075],[32.26367,31.39075],[32.36367,31.29075],[32.46367,31.19075],[32.56367,31.09075],[32.56749,31.04348]]}},{"type":"Feature","properties":{"id":572057,"kind":"coastal"},"geometry":{"type":"LineString","coordinates":[[26.15242,39.76005],[26.06367,39.69075],[25.96367,39.79075],[25.86367,39.79075],[25.76367,39.79075],[25.66367,39.79075],[25.56367,39.79075],[25.46367,39.79075],[25.36367,39.79075],[25.26367,39.79075],[25.16367,39.79075],[25.23475,39.93184]]}},{"type":"Feature","properties":{"id":571675,"kind":"coastal"},"geometry":{"type":"MultiLineString","coordinates":[[[26.05058,39.81667],[25.96367,39.79075]],[[26.06367,39.69075],[25.96367,39.79075]],[[26.15242,39.76005],[26.06367,39.69075]]]}},{"type":"Feature","properties":{"id":562762,"kind":"coastal"},"geometry":{"type":"LineString","coordinates":[[26.15242,39.76005],[26.06367,39.69075],[25.96367,39.79075],[26.06367,39.89075],[26.16367,39.99075],[26.2,40.01]]}},{"type":"Feature","properties":{"id":561574,"kind":"coastal"},"geometry":{"type":"LineString","coordinates":[[12.40714,45.54204],[12.36367,45.49075],[12.36367,45.39075],[12.36367,45.29075],[12.36367,45.19075],[12.31,45.19]]}},{"type":"Feature","properties":{"id":562847,"kind":"coastal"},"geometry":{"type":"LineString","coordinates":[[12.40714,45.54204],[12.36367,45.49075],[12.46367,45.49075],[12.56367,45.39075],[12.66367,45.49075],[12.76367,45.49075],[12.86367,45.59075],[12.96367,45.59075],[13.06367,45.59075],[13.1,45.64]]}},{"type":"Feature","properties":{"id":562746,"kind":"coastal"},"geometry":{"type":"LineString","coordinates":[[13.51807,43.61506],[13.56367,43.59075],[13.66367,43.49075],[13.76367,43.39075],[13.86367,43.29075],[13.96367,43.19075],[14.06367,43.09075],[14.16367,42.99075],[14.26367,42.89075],[14.36367,42.79075],[14.46367,42.69075],[14.56367,42.59075],[14.66367,42.49075],[14.76367,42.39075],[14.86367,42.29075],[14.96367,42.19075],[15.06367,42.09075],[15.16367,42.09075],[15.26367,42.09075],[15.36367,42.09075],[15.46367,42.09075],[15.56367,42.09075],[15.66367,42.09075],[15.76367,42.09075],[15.86367,42.09075],[15.96367,42.09075],[16.06367,42.09075],[16.16367,41.99075],[16.26367,41.89075],[16.36367,41.79075],[16.46367,41.69075],[16.56367,41.59075],[16.66367,41.49075],[16.76367,41.39075],[16.86367,41.29075],[16.86367,41.19075],[16.86918,41.12803]]}},{"type":"Feature","properties":{"id":563879,"kind":"coastal"},"geometry":{"type":"LineString","coordinates":[[13.51807,43.61506],[13.56367,43.59075],[13.66367,43.49075],[13.76367,43.39075],[13.86367,43.29075],[13.96367,43.19075],[13.96367,43.09075],[13.96367,42.99075],[13.96367,42.89075],[13.9047,42.89663]]}},{"type":"Feature","properties":{"id":563488,"kind":"coastal"},"geometry":{"type":"LineString","coordinates":[[13.51807,43.61506],[13.56367,43.59075],[13.46367,43.69075],[13.36367,43.79075],[13.26367,43.89075],[13.16367,43.89075],[13.06367,43.89075],[13.01606,43.84406]]}},{"type":"Feature","properties":{"id":563908,"kind":"coastal"},"geometry":{"type":"LineString","coordinates":[[13.51807,43.61506],[13.56367,43.59075],[13.66367,43.69075],[13.76367,43.79075],[13.86367,43.89075],[13.96367,43.89075],[14.06367,43.89075],[14.16367,43.89075],[14.26367,43.89075],[14.36367,43.89075],[14.46367,43.89075],[14.56367,43.89075],[14.66367,43.89075],[14.76367,43.89075],[14.86367,43.89075],[14.96367,43.89075],[15.06367,43.89075],[15.16367,43.99075],[15.26367,44.09075],[15.2281,44.11408]]}},{"type":"Feature","properties":{"id":563947,"kind":"coastal"},"geometry":{"type":"LineString","coordinates":[[13.51807,43.61506],[13.56367,43.59075],[13.56367,43.69075],[13.56367,43.79075],[13.56367,43.89075],[13.56367,43.99075],[13.56367,44.09075],[13.56367,44.19075],[13.56367,44.29075],[13.56367,44.39075],[13.56367,44.49075],[13.56367,44.59075],[13.56367,44.69075],[13.66367,44.79075],[13.76367,44.89075],[13.84006,44.86909]]}},{"type":"Feature","properties":{"id":563970,"kind":"coastal"},"geometry":{"type":"LineString","coordinates":[[13.51807,43.61506],[13.56367,43.59075],[13.46367,43.69075],[13.36367,43.79075],[13.26367,43.89075],[13.16367,43.99075],[13.06367,44.09075],[12.96367,44.19075],[12.86367,44.29075],[12.76367,44.39075],[12.66367,44.39075],[12.56367,44.39075],[12.46367,44.39075],[12.36367,44.39075],[12.21222,44.42335]]}},{"type":"Feature","properties":{"id":563987,"kind":"coastal"},"geometry":{"type":"LineString","coordinates":[[13.36403,45.76711],[13.36367,45.69075],[13.46367,45.59075],[13.46367,45.49075],[13.46367,45.39075],[13.56367,45.29075],[13.56367,45.19075],[13.56367,45.09075],[13.66367,44.99075],[13.76367,44.89075],[13.86367,44.79075],[13.96367,44.69075],[14.06367,44.59075],[14.16367,44.49075],[14.26367,44.39075],[14.36367,44.29075],[14.46367,44.19075],[14.56367,44.09075],[14.66367,43.99075],[14.76367,43.89075],[14.86367,43.79075],[14.96367,43.69075],[15.06367,43.59075],[15.16367,43.59075],[15.26367,43.59075],[15.36367,43.59075],[15.46367,43.59075],[15.56367,43.59075],[15.66367,43.59075],[15.76367,43.59075],[15.86367,43.59075],[15.96367,43.49075],[16.06367,43.39075],[16.16367,43.39075],[16.26367,43.29075],[16.36367,43.39075],[16.46367,43.49075],[16.4999,43.53069]]}},{"type":"Feature","properties":{"id":564061,"kind":"coastal"},"geometry":{"type":"LineString","coordinates":[[13.36403,45.76711],[13.36367,45.69075],[13.46367,45.69075],[13.56367,45.69075],[13.66367,45.69075],[13.77104,45.64811]]}},{"type":"Feature","properties":{"id":564069,"kind":"coastal"},"geometry":{"type":"LineString","coordinates":[[13.36403,45.76711],[13.36367,45.69075],[13.26367,45.69075],[13.16367,45.69075],[13.06367,45.59075],[13.1,45.64]]}},{"type":"Feature","properties":{"id":563735,"kind":"coastal"},"geometry":{"type":"LineString","coordinates":[[18.78733,30.29286],[18.76367,30.39075],[18.66367,30.49075],[18.56367,30.59075],[18.46367,30.69075],[18.36367,30.79075],[18.26367,30.89075],[18.16367,30.99075],[18.06367,31.09075],[17.96367,31.19075],[17.86367,31.29075],[17.76367,31.29075],[17.66367,31.29075],[17.56367,31.29075],[17.46367,31.29075],[17.36367,31.29075],[17.26367,31.29075],[17.16367,31.29075],[17.06367,31.29075],[16.96367,31.29075],[16.86367,31.29075],[16.76367,31.29075],[16.66367,31.29075],[16.56367,31.29075],[16.46367,31.29075],[16.36367,31.29075],[16.26367,31.29075],[16.16367,31.29075],[16.06367,31.29075],[15.96831,31.28626]]}},{"type":"Feature","properties":{"id":563610,"kind":"coastal"},"geometry":{"type":"LineString","coordinates":[[18.78733,30.29286],[18.76367,30.39075],[18.86367,30.39075],[18.96367,30.39075],[19.06367,30.39075],[19.16367,30.29075],[19.13,30.25]]}},{"type":"Feature","properties":{"id":561643,"kind":"coastal"},"geometry":{"type":"LineString","coordinates":[[4.62727,43.68703],[4.56367,43.39075],[4.66367,43.29075],[4.76367,43.29075],[4.86367,43.29075],[4.96367,43.29075],[5.06367,43.29075],[5.16367,43.29075],[5.26367,43.29075],[5.36278,43.3054]]}},{"type":"Feature","properties":{"id":564092,"kind":"coastal"},"geometry":{"type":"LineString","coordinates":[[4.62727,43.68703],[4.56367,43.39075],[4.46367,43.39075],[4.36367,43.39075],[4.26367,43.39075],[4.16367,43.39075],[4.06367,43.39075],[3.96367,43.39075],[3.86367,43.39075],[3.76367,43.39075],[3.66367,43.39075],[3.56367,43.29075],[3.46367,43.29075],[3.36367,43.19075],[3.26367,43.19075],[3.16367,43.09075],[3.0,43.19705]]}},{"type":"Feature","properties":{"id":561650,"kind":"coastal"},"geometry":{"type":"LineString","coordinates":[[12.563,44.059],[12.56367,44.09075],[12.66367,44.09075],[12.76367,44.09075],[12.86367,44.09075],[12.96367,43.99075],[13.06367,43.89075],[13.01606,43.84406]]}},{"type":"Feature","properties":{"id":564183,"kind":"coastal"},"geometry":{"type":"LineString","coordinates":[[12.563,44.059],[12.56367,44.09075],[12.56367,44.19075],[12.46367,44.29075],[12.36367,44.39075],[12.21222,44.42335]]}},{"type":"Feature","properties":{"id":564193,"kind":"coastal"},"geometry":{"type":"LineString","coordinates":[[34.54567,31.66894],[34.46367,31.69075],[34.46367,31.59075],[34.45767,31.50994]]}},{"type":"Feature","properties":{"id":564254,"kind":"coastal"},"geometry":{"type":"LineString","coordinates":[[34.54567,31.66894],[34.46367,31.69075],[34.56367,31.79075],[34.65,31.8]]}},{"type":"Feature","properties":{"id":561683,"kind":"coastal"},"geometry":{"type":"LineString","coordinates":[[14.2131,42.46404],[14.26367,42.49075],[14.26367,42.59075],[14.16367,42.69075],[14.06367,42.79075],[13.96367,42.89075],[13.9047,42.89663]]}},{"type":"Feature","properties":{"id":564284,"kind":"coastal"},"geometry":{"type":"LineString","coordinates":[[14.2131,42.46404],[14.26367,42.49075],[14.36367,42.59075],[14.46367,42.69075],[14.56367,42.79075],[14.66367,42.89075],[14.76367,42.99075],[14.86367,43.09075],[14.96367,43.19075],[15.06367,43.29075],[15.16367,43.29075],[15.26367,43.29075],[15.36367,43.29075],[15.46367,43.29075],[15.56367,43.29075],[15.66367,43.29075],[15.76367,43.29075],[15.86367,43.29075],[15.96367,43.29075],[16.06367,43.29075],[16.16367,43.29075],[16.26367,43.29075],[16.36367,43.39075],[16.46367,43.49075],[16.4999,43.53069]]}},{"type":"Feature","properties":{"id":564338,"kind":"coastal"},"geometry":{"type":"LineString","coordinates":[[14.2131,42.46404],[14.26367,42.49075],[14.36367,42.49075],[14.46367,42.49075],[14.56367,42.49075],[14.66367,42.49075],[14.76367,42.49075],[14.86367,42.49075],[14.96367,42.49075],[15.06367,42.49075],[15.16367,42.49075],[15.26367,42.49075],[15.36367,42.49075],[15.46367,42.49075],[15.56367,42.49075],[15.66367,42.49075],[15.76367,42.39075],[15.86367,42.29075],[15.96367,42.19075],[16.06367,42.09075],[16.16367,41.99075],[16.26367,41.89075],[16.26367,41.79075],[16.16367,41.69075],[16.06367,41.69075],[15.96367,41.59075],[15.89516,41.60603]]}},{"type":"Feature","properties":{"id":561708,"kind":"coastal"},"geometry":{"type":"LineString","coordinates":[[23.72062,37.97425],[23.66367,37.89075],[23.56367,37.99075],[23.54337,38.045]]}},{"type":"Feature","properties":{"id":572442,"kind":"coastal"},"geometry":{"type":"LineString","coordinates":[[23.72062,37.97425],[23.66367,37.89075],[23.76367,37.79075],[23.86367,37.69075],[23.96367,37.59075],[24.06367,37.59075],[24.16367,37.69075],[24.26367,37.69075],[24.36367,37.69075],[24.46367,37.69075],[24.56367,37.69075],[24.66367,37.69075],[24.76367,37.69075],[24.86367,37.69075],[24.96367,37.69075],[25.06367,37.69075],[25.16367,37.79075],[25.26367,37.89075],[25.36367,37.89075],[25.46367,37.89075],[25.56367,37.89075],[25.66367,37.89075],[25.76367,37.89075],[25.86367,37.89075],[25.96367,37.89075],[26.06367,37.89075],[26.16367,37.89075],[26.26367,37.89075],[26.36367,37.89075],[26.46367,37.89075],[26.56367,37.89075],[26.66367,37.89075],[26.76367,37.89075],[26.86367,37.89075],[26.96367,37.89075],[27.06367,37.89075],[27.16367,37.89075],[27.34832,37.93871]]}},{"type":"Feature","properties":{"id":564388,"kind":"coastal"},"geometry":{"type":"LineString","coordinates":[[23.72062,37.97425],[23.66367,37.89075],[23.76367,37.79075],[23.86367,37.69075],[23.96367,37.59075],[24.06367,37.59075],[24.03,37.65]]}},{"type":"Feature","properties":{"id":564406,"kind":"coastal"},"geometry":{"type":"LineString","coordinates":[[23.72062,37.97425],[23.66367,37.89075],[23.76367,37.79075],[23.86367,37.69075],[23.96367,37.59075],[24.06367,37.59075],[24.16367,37.59075],[24.26367,37.59075],[24.36367,37.49075],[24.46367,37.49075],[24.56367,37.49075],[24.66367,37.49075],[24.76367,37.49075],[24.86367,37.49075],[24.96367,37.49075],[25.06367,37.49075],[25.16367,37.49075],[25.26367,37.49075],[25.36367,37.49075],[25.46367,37.49075],[25.56367,37.49075],[25.66367,37.49075],[25.76367,37.49075],[25.86367,37.49075],[25.96367,37.49075],[26.06367,37.49075],[26.16367,37.49075],[26.26367,37.49075],[26.36367,37.49075],[26.46367,37.49075],[26.56367,37.49075],[26.66367,37.49075],[26.76367,37.49075],[26.86367,37.49075],[26.96367,37.39075],[27.06367,37.29075],[27.16367,37.19075],[27.26367,37.09075],[27.24,37.08]]}},{"type":"Feature","properties":{"id":564495,"kind":"coastal"},"geometry":{"type":"LineString","coordinates":[[16.19317,41.33503],[16.16367,41.39075],[16.26367,41.39075],[16.36367,41.39075],[16.46367,41.39075],[16.56367,41.39075],[16.66367,41.39075],[16.76367,41.29075],[16.86367,41.19075],[16.86918,41.12803]]}},{"type":"Feature","properties":{"id":564510,"kind":"coastal"},"geometry":{"type":"LineString","coordinates":[[16.19317,41.33503],[16.16367,41.39075],[16.06367,41.49075],[16.02,41.39]]}},{"type":"Feature","properties":{"id":564518,"kind":"coastal"},"geometry":{"type":"LineString","coordinates":[[2.15927,41.36062],[2.16367,41.29075],[2.26367,41.39075],[2.36367,41.39075],[2.46367,41.39075],[2.56367,41.49075],[2.66367,41.59075],[2.76367,41.59075],[2.86367,41.69075],[2.96367,41.69075],[3.06367,41.79075],[3.16367,41.79075],[3.26367,41.89075],[3.26367,41.99075],[3.26367,42.09075],[3.16367,42.19075],[3.10026,42.14954]]}},{"type":"Feature","properties":{"id":564531,"kind":"coastal"},"geometry":{"type":"LineString","coordinates":[[2.15927,41.36062],[2.16367,41.29075],[2.06367,41.19075],[1.96367,41.19075],[1.86367,41.19075],[1.76367,41.19075],[1.66367,41.19075],[1.56367,41.19075],[1.46367,41.09075],[1.36367,41.09075],[1.26367,41.09075],[1.24986,41.11889]]}},{"type":"Feature","properties":{"id":564655,"kind":"coastal"},"geometry":{"type":"LineString","coordinates":[[16.86918,41.12803],[16.86367,41.19075],[16.96367,41.19075],[17.06367,41.19075],[17.16367,41.19075],[17.26367,41.19075],[17.36367,41.19075],[17.46367,41.19075],[17.56367,41.09075],[17.66367,40.99075],[17.76367,40.89075],[17.86367,40.79075],[17.96367,40.69075],[17.93821,40.63502]]}},{"type":"Feature","properties":{"id":564672,"kind":"coastal"},"geometry":{"type":"LineString","coordinates":[[35.52068,33.89798],[35.46367,33.89075],[35.36367,33.79075],[35.26367,33.69075],[35.16367,33.59075],[35.16367,33.49075],[35.16367,33.39075],[35.16367,33.29075],[35.19827,33.27725]]}},{"type":"Feature","properties":{"id":564729,"kind":"coastal"},"geometry":{"type":"LineString","coordinates":[[35.52068,33.89798],[35.46367,33.89075],[35.36367,33.99075],[35.26367,34.09075],[35.16367,34.19075],[35.06367,34.29075],[34.96367,34.39075],[34.86367,34.49075],[34.76367,34.59075],[34.66367,34.69075],[34.56367,34.79075],[34.46367,34.89075],[34.36367,34.89075],[34.26367,34.89075],[34.16367,34.89075],[34.06367,34.89075],[34.08,34.96]]}},{"type":"Feature","properties":{"id":561825,"kind":"coastal"},"geometry":{"type":"LineString","coordinates":[[35.52068,33.89798],[35.46367,33.89075],[35.46367,33.99075],[35.56367,34.09075],[35.64,34.12]]}},{"type":"Feature","properties":{"id":564743,"kind":"coastal"},"geometry":{"type":"LineString","coordinates":[[-8.39735,43.36983],[-8.43633,43.39075],[-8.53633,43.39075],[-8.63633,43.39075],[-8.73633,43.39075],[-8.83633,43.39075],[-8.93633,43.39075],[-9.03633,43.39075],[-9.13633,43.29075],[-9.23633,43.19075],[-9.33633,43.09075],[-9.33633,42.99075],[-9.33633,42.89075],[-9.33633,42.79075],[-9.33633,42.69075],[-9.33633,42.59075],[-9.33633,42.49075],[-9.33633,42.39075],[-9.33633,42.29075],[-9.33633,42.19075],[-9.33633,42.09075],[-9.33633,41.99075],[-9.33633,41.89075],[-9.33633,41.79075],[-9.33633,41.69075],[-9.33633,41.59075],[-9.33633,41.49075],[-9.33633,41.39075],[-9.33633,41.29075],[-9.33633,41.19075],[-9.33633,41.09075],[-9.33633,40.99075],[-9.33633,40.89075],[-9.33633,40.79075],[-9.33633,40.69075],[-9.33633,40.59075],[-9.33633,40.49075],[-9.33633,40.39075],[-9.33633,40.29075],[-9.33633,40.19075],[-9.33633,40.09075],[-9.33633,39.99075],[-9.33633,39.89075],[-9.43633,39.79075],[-9.53633,39.69075],[-9.53633,39.59075],[-9.53633,39.49075],[-9.53633,39.39075],[-9.53633,39.29075],[-9.53633,39.19075],[-9.53633,39.09075],[-9.53633,38.99075],[-9.53633,38.89075],[-9.53633,38.79075],[-9.43633,38.69075],[-9.33633,38.59075],[-9.23633,38.69075],[-9.13633,38.69075],[-9.145,38.72555]]}},{"type":"Feature","properties":{"id":564749,"kind":"coastal"},"geometry":{"type":"LineString","coordinates":[[-8.39735,43.36983],[-8.43633,43.39075],[-8.33633,43.49075],[-8.23633,43.59075],[-8.13633,43.69075],[-8.03633,43.79075],[-7.93633,43.79075],[-7.83633,43.79075],[-7.73633,43.79075],[-7.63633,43.79075],[-7.53633,43.79075],[-7.43633,43.79075],[-7.33633,43.79075],[-7.23633,43.79075],[-7.13633,43.79075],[-7.03633,43.79075],[-6.93633,43.79075],[-6.83633,43.79075],[-6.73633,43.79075],[-6.63633,43.79075],[-6.53633,43.79075],[-6.43633,43.79075],[-6.33633,43.79075],[-6.23633,43.79075],[-6.13633,43.79075],[-6.03633,43.79075],[-5.93633,43.79075],[-5.83633,43.79075],[-5.73633,43.79075],[-5.63633,43.79075],[-5.53633,43.79075],[-5.43633,43.79075],[-5.33633,43.79075],[-5.23633,43.79075],[-5.13633,43.79075],[-5.03633,43.79075],[-4.93633,43.79075],[-4.83633,43.79075],[-4.73633,43.79075],[-4.63633,43.79075],[-4.53633,43.79075],[-4.43633,43.79075],[-4.33633,43.79075],[-4.23633,43.69075],[-4.13633,43.59075],[-4.03633,43.49075],[-4.04318,43.43206]]}},{"type":"Feature","properties":{"id":564769,"kind":"coastal"},"geometry":{"type":"LineString","coordinates":[[17.93821,40.63502],[17.96367,40.69075],[18.06367,40.79075],[18.16367,40.89075],[18.26367,40.99075],[18.36367,41.09075],[18.46367,41.19075],[18.56367,41.29075],[18.66367,41.29075],[18.76367,41.29075],[18.86367,41.29075],[18.96367,41.29075],[19.06367,41.29075],[19.16367,41.29075],[19.26367,41.29075],[19.36367,41.29075],[19.46367,41.29075],[19.45416,41.32445]]}},{"type":"Feature","properties":{"id":564781,"kind":"coastal"},"geometry":{"type":"LineString","coordinates":[[17.93821,40.63502],[17.96367,40.69075],[18.06367,40.69075],[18.16367,40.59075],[18.26367,40.49075],[18.36367,40.39075],[18.46367,40.29075],[18.56367,40.19075],[18.49,40.15]]}},{"type":"Feature","properties":{"id":564792,"kind":"coastal"},"geometry":{"type":"LineString","coordinates":[[17.93821,40.63502],[17.96367,40.69075],[18.06367,40.69075],[18.16367,40.69075],[18.26367,40.69075],[18.36367,40.69075],[18.46367,40.69075],[18.56367,40.69075],[18.66367,40.69075],[18.76367,40.69075],[18.86367,40.69075],[18.96367,40.69075],[19.06367,40.69075],[19.16367,40.69075],[19.26367,40.59075],[19.36367,40.49075],[19.32,40.44]]}},{"type":"Feature","properties":{"id":564804,"kind":"coastal"},"geometry":{"type":"LineString","coordinates":[[-0.58607,44.85551],[-1.13633,44.69075],[-1.23633,44.69075],[-1.33633,44.79075],[-1.43633,44.89075],[-1.53633,44.99075],[-1.63633,45.09075],[-1.63633,45.19075],[-1.63633,45.29075],[-1.63633,45.39075],[-1.63633,45.49075],[-1.63633,45.59075],[-1.63633,45.69075],[-1.63633,45.79075],[-1.63633,45.89075],[-1.63633,45.99075],[-1.63633,46.09075],[-1.63633,46.19075],[-1.63633,46.29075],[-1.73633,46.39075],[-1.83633,46.49075],[-1.93633,46.59075],[-2.03633,46.69075],[-2.13633,46.79075],[-2.13633,46.89075],[-2.13633,46.99075],[-2.13633,47.09075],[-2.23633,47.19075],[-2.13633,47.29075],[-1.93633,47.29075],[-1.55832,47.214]]}},{"type":"Feature","properties":{"id":564813,"kind":"coastal"},"geometry":{"type":"LineString","coordinates":[[-0.58607,44.85551],[-1.13633,44.69075],[-1.23633,44.59075],[-1.33633,44.49075],[-1.43633,44.39075],[-1.53633,44.29075],[-1.63633,44.19075],[-1.73633,44.09075],[-1.83633,43.99075],[-1.93633,43.89075],[-2.03633,43.89075],[-2.13633,43.79075],[-2.23633,43.79075],[-2.33633,43.69075],[-2.43633,43.69075],[-2.53633,43.69075],[-2.63633,43.69075],[-2.73633,43.69075],[-2.83633,43.69075],[-2.93633,43.69075],[-3.03633,43.69075],[-3.13633,43.69075],[-3.23633,43.69075],[-3.33633,43.69075],[-3.43633,43.69075],[-3.53633,43.69075],[-3.63633,43.69075],[-3.73633,43.69075],[-3.83633,43.69075],[-3.93633,43.59075],[-4.03633,43.49075],[-4.04318,43.43206]]}},{"type":"Feature","properties":{"id":561904,"kind":"coastal"},"geometry":{"type":"LineString","coordinates":[[34.89818,32.50763],[34.86367,32.49075],[34.76367,32.39075],[34.76367,32.29075],[34.76367,32.19075],[34.81598,32.21284]]}},{"type":"Feature","properties":{"id":564842,"kind":"coastal"},"geometry":{"type":"LineString","coordinates":[[0.8966,51.89116],[0.96367,51.79075],[0.96367,51.69075],[0.96367,51.59075],[0.86367,51.49075],[0.76367,51.49075],[0.66367,51.49075],[0.56367,51.49075],[0.46367,51.49075],[-0.08294,51.52046]]}},{"type":"Feature","properties":{"id":571780,"kind":"coastal"},"geometry":{"type":"MultiLineString","coordinates":[[[1.31803,51.302],[1.46367,51.29075]],[[1.36367,51.39075],[1.46367,51.29075]],[[1.26367,51.49075],[1.36367,51.39075]],[[1.16367,51.59075],[1.26367,51.49075]],[[1.06367,51.69075],[1.16367,51.59075]],[[0.96367,51.79075],[1.06367,51.69075]],[[0.8966,51.89116],[0.96367,51.79075]]]}},{"type":"Feature","properties":{"id":572980,"kind":"coastal"},"geometry":{"type":"MultiLineString","coordinates":[[[1.76367,52.59075],[1.28658,52.57718]],[[1.76367,52.59075],[1.86367,52.49075]],[[1.86367,52.49075],[1.76367,52.39075]],[[1.76367,52.39075],[1.66367,52.29075]],[[1.66367,52.29075],[1.66367,52.19075]],[[1.66367,52.19075],[1.66367,52.09075]],[[1.66367,52.09075],[1.56367,51.99075]],[[1.56367,51.99075],[1.46367,51.99075]],[[1.46367,51.99075],[1.36367,51.89075]],[[1.36367,51.89075],[1.26367,51.79075]],[[1.26367,51.79075],[1.16367,51.69075]],[[1.16367,51.69075],[1.06367,51.69075]],[[1.06367,51.69075],[0.96367,51.79075]],[[0.96367,51.79075],[0.8966,51.89116]]]}},{"type":"Feature","properties":{"id":564851,"kind":"coastal"},"geometry":{"type":"LineString","coordinates":[[10.31209,36.8459],[10.36367,36.89075],[10.46367,36.99075],[10.56367,37.09075],[10.66367,37.09075],[10.76367,37.09075],[10.86367,37.09075],[10.96367,37.09075],[11.06367,36.99075],[11.16367,36.89075],[11.26367,36.79075],[11.36367,36.69075],[11.46367,36.59075],[11.56367,36.49075],[11.66367,36.39075],[11.76367,36.29075],[11.86367,36.19075],[11.96367,36.09075],[12.06367,35.99075],[12.16367,35.89075],[12.26367,35.79075],[12.36367,35.69075],[12.46367,35.59075],[12.56367,35.49075],[12.66367,35.39075],[12.76367,35.29075],[12.86367,35.19075],[12.96367,35.09075],[13.06367,34.99075],[13.16367,34.89075],[13.26367,34.79075],[13.26367,34.69075],[13.26367,34.59075],[13.26367,34.49075],[13.26367,34.39075],[13.26367,34.29075],[13.26367,34.19075],[13.26367,34.09075],[13.26367,33.99075],[13.26367,33.89075],[13.26367,33.79075],[13.26367,33.69075],[13.36367,33.59075],[13.46367,33.49075],[13.56367,33.39075],[13.66367,33.29075],[13.76367,33.19075],[13.86367,33.09075],[13.96367,32.99075],[14.06367,32.89075],[14.16367,32.79075],[14.26367,32.69075],[14.29122,32.63586]]}},{"type":"Feature","properties":{"id":561927,"kind":"coastal"},"geometry":{"type":"LineString","coordinates":[[10.31209,36.8459],[10.36367,36.89075],[10.36367,36.99075],[10.36367,37.09075],[10.26367,37.19075],[10.16367,37.29075],[10.06367,37.29075],[9.96367,37.29075],[9.86367,37.39075],[9.76367,37.39075],[9.66367,37.39075],[9.56367,37.39075],[9.46367,37.39075],[9.36367,37.39075],[9.26367,37.39075],[9.16367,37.39075],[9.06367,37.29075],[8.96367,37.19075],[8.86367,37.09075],[8.76367,36.99075],[8.74976,36.95251]]}},{"type":"Feature","properties":{"id":564882,"kind":"coastal"},"geometry":{"type":"LineString","coordinates":[[10.31209,36.8459],[10.36367,36.89075],[10.36367,36.99075],[10.36367,37.09075],[10.26367,37.19075],[10.16367,37.29075],[10.06367,37.29075],[9.96367,37.29075],[9.86367,37.39075],[9.76367,37.39075],[9.66367,37.39075],[9.56367,37.39075],[9.46367,37.39075],[9.36367,37.39075],[9.26367,37.39075],[9.16367,37.39075],[9.06367,37.39075],[8.96367,37.39075],[8.86367,37.39075],[8.76367,37.39075],[8.66367,37.39075],[8.56367,37.39075],[8.46367,37.39075],[8.36367,37.39075],[8.26367,37.39075],[8.16367,37.39075],[8.06367,37.39075],[7.96367,37.39075],[7.86367,37.39075],[7.76367,37.39075],[7.66367,37.39075],[7.56367,37.39075],[7.46367,37.39075],[7.36367,37.39075],[7.26367,37.39075],[7.16367,37.39075],[7.06367,37.39075],[6.96367,37.39075],[6.86367,37.39075],[6.76367,37.29075],[6.66367,37.19075],[6.56367,37.09075],[6.46696,37.08911]]}},{"type":"Feature","properties":{"id":564903,"kind":"coastal"},"geometry":{"type":"LineString","coordinates":[[10.31209,36.8459],[10.36367,36.89075],[10.46367,36.99075],[10.56367,37.09075],[10.66367,37.09075],[10.76367,37.09075],[10.86367,37.09075],[10.96367,37.09075],[11.06367,36.99075],[11.16367,36.89075],[11.16367,36.79075],[11.16367,36.69075],[11.16367,36.59075],[11.16367,36.49075],[11.16367,36.39075],[11.16367,36.29075],[11.16367,36.19075],[11.16367,36.09075],[11.16367,35.99075],[11.16367,35.89075],[11.16367,35.79075],[11.16367,35.69075],[11.16367,35.59075],[11.16367,35.49075],[11.16367,35.39075],[11.16367,35.29075],[11.16367,35.19075],[11.06367,35.09075],[11.06367,34.99075],[11.06367,34.89075],[11.06367,34.79075],[11.06367,34.69075],[11.06367,34.59075],[11.06367,34.49075],[11.06367,34.39075],[11.06367,34.29075],[11.06367,34.19075],[11.06367,34.09075],[11.06367,33.99075],[11.06367,33.89075],[11.06367,33.79075],[10.96367,33.69075],[10.92,33.68]]}},{"type":"Feature","properties":{"id":564921,"kind":"coastal"},"geometry":{"type":"LineString","coordinates":[[10.31209,36.8459],[10.36367,36.89075],[10.46367,36.99075],[10.56367,37.09075],[10.66367,37.09075],[10.76367,37.09075],[10.86367,37.09075],[10.96367,37.09075],[11.0133,37.06164]]}},{"type":"Feature","properties":{"id":564930,"kind":"coastal"},"geometry":{"type":"LineString","coordinates":[[-0.99213,37.60481],[-1.03633,37.49075],[-0.93633,37.49075],[-0.83633,37.49075],[-0.73633,37.59075],[-0.63633,37.69075],[-0.63633,37.79075],[-0.63633,37.89075],[-0.53633,37.99075],[-0.43633,38.09075],[-0.33633,38.19075],[-0.23633,38.29075],[-0.13633,38.39075],[-0.03633,38.49075],[0.06367,38.59075],[0.16367,38.69075],[0.26367,38.79075],[0.16367,38.89075],[0.06367,38.89075],[0.09869,38.83691]]}},{"type":"Feature","properties":{"id":564944,"kind":"coastal"},"geometry":{"type":"LineString","coordinates":[[-0.99213,37.60481],[-1.03633,37.49075],[-1.13633,37.49075],[-1.23633,37.49075],[-1.33633,37.49075],[-1.43633,37.39075],[-1.53633,37.29075],[-1.63633,37.19075],[-1.73633,37.09075],[-1.83633,36.99075],[-1.93633,36.89075],[-2.03633,36.79075],[-2.13633,36.69075],[-2.23633,36.69075],[-2.33633,36.69075],[-2.43633,36.69075],[-2.53633,36.69075],[-2.63633,36.69075],[-2.73633,36.69075],[-2.83633,36.69075],[-2.93633,36.69075],[-3.03633,36.69075],[-3.13633,36.69075],[-3.23633,36.69075],[-3.33633,36.69075],[-3.43633,36.69075],[-3.53633,36.69075],[-3.63633,36.69075],[-3.73633,36.69075],[-3.83633,36.69075],[-3.93633,36.69075],[-4.03633,36.69075],[-4.13633,36.69075],[-4.23633,36.69075],[-4.33633,36.69075],[-4.43633,36.69075],[-4.42203,36.71536]]}},{"type":"Feature","properties":{"id":564982,"kind":"coastal"},"geometry":{"type":"LineString","coordinates":[[25.15946,31.5619],[25.16367,31.59075],[25.26367,31.69075],[25.36367,31.69075],[25.46367,31.69075],[25.56367,31.69075],[25.66367,31.69075],[25.76367,31.69075],[25.86367,31.69075],[25.96367,31.69075],[26.06367,31.69075],[26.16367,31.69075],[26.26367,31.69075],[26.36367,31.69075],[26.46367,31.69075],[26.56367,31.69075],[26.66367,31.69075],[26.76367,31.69075],[26.86367,31.69075],[26.96367,31.69075],[27.06367,31.59075],[27.16367,31.49075],[27.26367,31.39075],[27.22524,31.35553]]}},{"type":"Feature","properties":{"id":564995,"kind":"coastal"},"geometry":{"type":"LineString","coordinates":[[25.15946,31.5619],[25.16367,31.59075],[25.16367,31.69075],[25.16367,31.79075],[25.09,31.75]]}},{"type":"Feature","properties":{"id":563810,"kind":"coastal"},"geometry":{"type":"LineString","coordinates":[[29.02971,40.99262],[28.98513,41.01814]]}},{"type":"Feature","properties":{"id":565015,"kind":"coastal"},"geometry":{"type":"LineString","coordinates":[[-1.55832,47.214],[-1.93633,47.29075],[-2.13633,47.29075],[-2.23633,47.19075],[-2.33633,47.19075],[-2.43633,47.19075],[-2.53633,47.29075],[-2.63633,47.39075],[-2.73633,47.39075],[-2.83633,47.39075],[-2.93633,47.39075],[-3.03633,47.39075],[-3.13633,47.39075],[-3.23633,47.49075],[-3.33633,47.59075],[-3.43633,47.69075],[-3.53633,47.69075],[-3.63633,47.69075],[-3.73633,47.79075],[-3.83633,47.79075],[-3.93633,47.79075],[-4.03633,47.79075],[-4.13633,47.79075],[-4.23633,47.79075],[-4.33633,47.79075],[-4.43633,47.89075],[-4.53633,47.99075],[-4.53633,48.09075],[-4.63633,48.19075],[-4.73633,48.29075],[-4.83633,48.39075],[-4.83633,48.49075],[-4.73633,48.59075],[-4.63633,48.69075],[-4.53633,48.79075],[-4.43633,48.89075],[-4.33633,48.99075],[-4.23633,49.09075],[-4.13633,49.19075],[-4.03633,49.29075],[-3.93633,49.39075],[-3.83633,49.49075],[-3.73633,49.59075],[-3.63633,49.69075],[-3.53633,49.79075],[-3.43633,49.79075],[-3.33633,49.79075],[-3.23633,49.79075],[-3.13633,49.79075],[-3.03633,49.79075],[-2.93633,49.79075],[-2.83633,49.79075],[-2.73633,49.79075],[-2.63633,49.79075],[-2.53633,49.79075],[-2.43633,49.79075],[-2.33633,49.79075],[-2.23633,49.79075],[-2.13633,49.79075],[-2.03633,49.79075],[-1.93633,49.79075],[-1.83633,49.79075],[-1.73633,49.79075],[-1.63633,49.79075],[-1.53633,49.79075],[-1.43633,49.79075],[-1.33633,49.79075],[-1.23633,49.79075],[-1.13633,49.79075],[-1.03633,49.79075],[-0.93633,49.79075],[-0.83633,49.79075],[-0.73633,49.79075],[-0.63633,49.79075],[-0.53633,49.79075],[-0.43633,49.79075],[-0.33633,49.79075],[-0.23633,49.79075],[-0.13633,49.79075],[-0.03633,49.79075],[0.06367,49.79075],[0.16367,49.79075],[0.26367,49.79075],[0.36367,49.79075],[0.46367,49.69075],[0.56367,49.59075],[0.53651,49.5255]]}},{"type":"Feature","properties":{"id":562155,"kind":"coastal"},"geometry":{"type":"LineString","coordinates":[[28.98513,41.01814],[28.96367,40.99075],[29.06367,40.89075],[29.16367,40.89075],[29.26367,40.79075],[29.92417,40.76989]]}},{"type":"Feature","properties":{"id":565037,"kind":"coastal"},"geometry":{"type":"LineString","coordinates":[[28.98513,41.01814],[28.96367,40.99075],[28.86367,40.89075],[28.76367,40.89075],[28.66367,40.89075],[28.56367,40.99075],[28.46367,40.99075],[28.36367,40.99075],[28.26367,40.99075],[28.16367,40.99075],[28.06367,40.99075],[27.96367,40.99075],[27.95679,40.97697]]}},{"type":"Feature","properties":{"id":565051,"kind":"coastal"},"geometry":{"type":"LineString","coordinates":[[28.98513,41.01814],[28.96367,40.99075],[29.06367,41.09075],[29.07971,41.18113],[29.16367,41.29075],[29.26367,41.29075],[29.36367,41.29075],[29.46367,41.29075],[29.56367,41.29075],[29.66367,41.29075],[29.76367,41.29075],[29.86367,41.29075],[29.96367,41.29075],[30.06367,41.29075],[30.16367,41.29075],[30.26367,41.29075],[30.36367,41.29075],[30.46367,41.29075],[30.56367,41.29075],[30.66367,41.29075],[30.76367,41.29075],[30.86367,41.29075],[30.96367,41.29075],[31.06367,41.29075],[31.16367,41.29075],[31.26367,41.29075],[31.36367,41.29075],[31.41854,41.28211]]}},{"type":"Feature","properties":{"id":562180,"kind":"coastal"},"geometry":{"type":"LineString","coordinates":[[28.98513,41.01814],[28.96367,40.99075],[28.86367,40.89075],[28.76367,40.89075],[28.66367,40.89075],[28.56367,40.89075],[28.46367,40.89075],[28.36367,40.79075],[28.26367,40.69075],[28.16367,40.59075],[28.06367,40.49075],[27.96367,40.39075],[27.89225,40.38132]]}},{"type":"Feature","properties":{"id":562194,"kind":"coastal"},"geometry":{"type":"LineString","coordinates":[[28.98513,41.01814],[28.96367,40.99075],[29.06367,41.09075],[29.07971,41.18113],[29.12389,41.21235]]}},{"type":"Feature","properties":{"id":565081,"kind":"coastal"},"geometry":{"type":"LineString","coordinates":[[11.28804,42.40601],[11.26367,42.39075],[11.36367,42.39075],[11.46367,42.29075],[11.56367,42.29075],[11.66367,42.19075],[11.76367,42.09075],[11.86367,41.99075],[11.96367,41.99075],[12.06367,41.89075],[12.16367,41.79075],[12.26367,41.69075],[12.28707,41.754]]}},{"type":"Feature","properties":{"id":565091,"kind":"coastal"},"geometry":{"type":"LineString","coordinates":[[11.28804,42.40601],[11.26367,42.39075],[11.16367,42.49075],[11.06367,42.59075],[10.96367,42.69075],[10.86367,42.69075],[10.76367,42.79075],[10.66367,42.89075],[10.56367,42.89075],[10.46367,42.99075],[10.46367,43.09075],[10.46367,43.19075],[10.46367,43.29075],[10.36367,43.39075],[10.26367,43.49075],[10.26367,43.59075],[10.26367,43.69075],[10.396,43.71503]]}},{"type":"Feature","properties":{"id":565104,"kind":"coastal"},"geometry":{"type":"LineString","coordinates":[[11.28804,42.40601],[11.26367,42.39075],[11.16367,42.49075],[11.06367,42.59075],[10.96367,42.69075],[10.86367,42.69075],[10.76367,42.79075],[10.66367,42.89075],[10.56367,42.89075],[10.46367,42.99075],[10.49638,42.99573]]}},{"type":"Feature","properties":{"id":565119,"kind":"coastal"},"geometry":{"type":"LineString","coordinates":[[14.04463,40.85278],[14.06367,40.79075],[14.08412,40.785]]}},{"type":"Feature","properties":{"id":565128,"kind":"coastal"},"geometry":{"type":"LineString","coordinates":[[14.04463,40.85278],[14.06367,40.79075],[13.96367,40.89075],[13.96367,40.99075],[13.86367,41.09075],[13.76367,41.19075],[13.82972,41.16113]]}},{"type":"Feature","properties":{"id":565139,"kind":"coastal"},"geometry":{"type":"LineString","coordinates":[[22.64139,32.76791],[22.66367,32.79075],[22.56367,32.89075],[22.46367,32.89075],[22.36367,32.99075],[22.26367,32.99075],[22.16367,32.99075],[22.06367,32.99075],[21.96367,32.99075],[21.86367,32.99075],[21.76367,32.99075],[21.75,32.93]]}},{"type":"Feature","properties":{"id":565150,"kind":"coastal"},"geometry":{"type":"LineString","coordinates":[[22.64139,32.76791],[22.66367,32.79075],[22.76367,32.79075],[22.86367,32.79075],[22.96367,32.79075],[23.06367,32.69075],[23.16367,32.59075],[23.12,32.61]]}},{"type":"Feature","properties":{"id":565162,"kind":"coastal"},"geometry":{"type":"LineString","coordinates":[[22.49734,38.48101],[22.46367,38.39075],[22.36367,38.29075],[22.26367,38.29075],[22.16367,38.29075],[22.06367,38.39075],[21.96367,38.39075],[21.8306,38.39873]]}},{"type":"Feature","properties":{"id":565173,"kind":"coastal"},"geometry":{"type":"LineString","coordinates":[[22.49734,38.48101],[22.46367,38.39075],[22.56367,38.29075],[22.66367,38.19075],[22.76367,38.09075],[22.86367,37.99075],[22.8856,37.91181]]}},{"type":"Feature","properties":{"id":565185,"kind":"coastal"},"geometry":{"type":"LineString","coordinates":[[0.51985,40.80988],[0.76367,40.79075],[0.86367,40.69075],[0.76367,40.59075],[0.66367,40.49075],[0.56367,40.39075],[0.46367,40.29075],[0.36367,40.19075],[0.26367,40.09075],[0.16367,39.99075],[0.06367,39.89075],[-0.03633,39.79075],[-0.13633,39.69075],[-0.23633,39.59075],[-0.26894,39.66565]]}},{"type":"Feature","properties":{"id":562240,"kind":"coastal"},"geometry":{"type":"LineString","coordinates":[[0.51985,40.80988],[0.76367,40.79075],[0.86367,40.89075],[0.96367,40.99075],[1.06367,40.99075],[1.16367,40.99075],[1.26367,41.09075],[1.24986,41.11889]]}},{"type":"Feature","properties":{"id":562243,"kind":"coastal"},"geometry":{"type":"LineString","coordinates":[[-2.89653,53.19015],[-3.13633,53.29075],[-3.23633,53.39075],[-3.33633,53.49075],[-3.43633,53.49075],[-3.53633,53.49075],[-3.63633,53.49075],[-3.73633,53.49075],[-3.83633,53.49075],[-3.93633,53.49075],[-4.03633,53.49075],[-4.13633,53.49075],[-4.23633,53.49075],[-4.33633,53.49075],[-4.43633,53.49075],[-4.53633,53.49075],[-4.63633,53.39075],[-4.73633,53.29075],[-4.83633,53.19075],[-4.93633,53.09075],[-4.93633,52.99075],[-4.93633,52.89075],[-4.93633,52.79075],[-4.93633,52.69075],[-4.93633,52.59075],[-4.93633,52.49075],[-4.93633,52.39075],[-4.93633,52.29075],[-5.03633,52.19075],[-5.13633,52.09075],[-5.23633,51.99075],[-5.33633,51.89075],[-5.23633,51.79075],[-5.13633,51.69075],[-5.03633,51.59075],[-4.93633,51.59075],[-4.83633,51.59075],[-4.73633,51.59075],[-4.63633,51.59075],[-4.53633,51.59075],[-4.43633,51.59075],[-4.33633,51.59075],[-4.23633,51.49075],[-4.13633,51.49075],[-4.03633,51.49075],[-3.93633,51.49075],[-3.83633,51.49075],[-3.73633,51.39075],[-3.63633,51.39075],[-3.53633,51.39075],[-3.43633,51.39075],[-3.33633,51.29075],[-3.23633,51.39075],[-3.13633,51.39075],[-3.03633,51.49075],[-2.93633,51.49075],[-2.96627,51.61839]]}},{"type":"Feature","properties":{"id":565215,"kind":"coastal"},"geometry":{"type":"LineString","coordinates":[[-2.89653,53.19015],[-3.13633,53.29075],[-3.23633,53.39075],[-3.23633,53.49075],[-3.23633,53.59075],[-3.23633,53.69075],[-3.23633,53.79075],[-3.23633,53.89075],[-3.23633,53.99075],[-3.23633,54.09075],[-3.33633,54.19075],[-3.43633,54.29075],[-3.53633,54.39075],[-3.63633,54.49075],[-3.63633,54.59075],[-3.63633,54.69075],[-3.53633,54.79075],[-3.43633,54.89075],[-2.93559,54.8942]]}},{"type":"Feature","properties":{"id":565221,"kind":"coastal"},"geometry":{"type":"LineString","coordinates":[[-2.43544,50.71008],[-2.43633,50.59075],[-2.53633,50.59075],[-2.63633,50.59075],[-2.73633,50.59075],[-2.83633,50.59075],[-2.93633,50.59075],[-3.03633,50.59075],[-3.13633,50.59075],[-3.23633,50.59075],[-3.33633,50.49075],[-3.43633,50.39075],[-3.53633,50.29075],[-3.63633,50.29075],[-3.73633,50.19075],[-3.83633,50.19075],[-3.93633,50.19075],[-4.03633,50.19075],[-4.13633,50.19075],[-4.23633,50.19075],[-4.33633,50.19075],[-4.43633,50.19075],[-4.53633,50.09075],[-4.63633,50.09075],[-4.73633,49.99075],[-4.83633,49.99075],[-4.93633,49.99075],[-5.03633,49.89075],[-5.13633,49.89075],[-5.23633,49.89075],[-5.33633,49.89075],[-5.43633,49.99075],[-5.53633,50.09075],[-5.63633,50.19075],[-5.53633,50.29075],[-5.43633,50.39075],[-5.33633,50.49075],[-5.23633,50.59075],[-5.13633,50.69075],[-5.03633,50.79075],[-4.93633,50.89075],[-4.83633,50.99075],[-4.73633,51.09075],[-4.63633,51.19075],[-4.53633,51.29075],[-4.43633,51.29075],[-4.33633,51.29075],[-4.23633,51.29075],[-4.13633,51.29075],[-4.03633,51.29075],[-3.93633,51.29075],[-3.83633,51.29075],[-3.73633,51.29075],[-3.63633,51.29075],[-3.53633,51.29075],[-3.43633,51.29075],[-3.33633,51.29075],[-3.23633,51.39075],[-3.13633,51.39075],[-3.03633,51.49075],[-2.93633,51.49075],[-2.96627,51.61839]]}},{"type":"Feature","properties":{"id":565228,"kind":"coastal"},"geometry":{"type":"LineString","coordinates":[[-2.43544,50.71008],[-2.43633,50.59075],[-2.33633,50.59075],[-2.23633,50.59075],[-2.13633,50.59075],[-2.03633,50.59075],[-1.93633,50.59075],[-1.83633,50.59075],[-1.73633,50.59075],[-1.63633,50.59075],[-1.53633,50.59075],[-1.43633,50.59075],[-1.33633,50.59075],[-1.33633,50.79075],[-1.32311,51.06839]]}},{"type":"Feature","properties":{"id":562270,"kind":"coastal"},"geometry":{"type":"LineString","coordinates":[[19.45416,41.32445],[19.46367,41.29075],[19.36367,41.39075],[19.36367,41.49075],[19.36367,41.59075],[19.46367,41.69075],[19.56367,41.79075],[19.66299,41.78503]]}},{"type":"Feature","properties":{"id":565257,"kind":"coastal"},"geometry":{"type":"LineString","coordinates":[[19.45416,41.32445],[19.46367,41.29075],[19.36367,41.19075],[19.36367,41.09075],[19.36367,40.99075],[19.36367,40.89075],[19.36367,40.79075],[19.43,40.77]]}},{"type":"Feature","properties":{"id":565270,"kind":"coastal"},"geometry":{"type":"LineString","coordinates":[[23.54337,38.045],[23.56367,37.99075],[23.46367,37.99075],[23.36367,37.89075],[23.26367,37.89075],[23.16367,37.89075],[23.13247,37.92833]]}},{"type":"Feature","properties":{"id":565293,"kind":"coastal"},"geometry":{"type":"LineString","coordinates":[[3.10026,42.14954],[3.16367,42.19075],[3.26367,42.19075],[3.36367,42.29075],[3.36367,42.39075],[3.36367,42.49075],[3.36367,42.59075],[3.36367,42.69075],[3.36367,42.79075],[3.36367,42.89075],[3.26367,42.99075],[3.16367,43.09075],[3.0,43.19705]]}},{"type":"Feature","properties":{"id":565305,"kind":"coastal"},"geometry":{"type":"LineString","coordinates":[[27.34832,37.93871],[27.16367,37.89075],[27.06367,37.99075],[26.96367,37.99075],[26.86367,37.99075],[26.76367,38.09075],[26.66367,38.09075],[26.56367,38.09075],[26.46367,38.19075],[26.36367,38.19075],[26.26367,38.29075],[26.26367,38.39075],[26.26367,38.49075],[26.26367,38.59075],[26.36367,38.69075],[26.46367,38.69075],[26.56367,38.69075],[26.66367,38.59075],[26.76367,38.49075],[26.86367,38.39075],[27.14143,38.42717]]}},{"type":"Feature","properties":{"id":565319,"kind":"coastal"},"geometry":{"type":"LineString","coordinates":[[27.34832,37.93871],[27.16367,37.89075],[27.06367,37.89075],[26.96367,37.89075],[26.86367,37.89075],[26.76367,37.89075],[26.66367,37.89075],[26.56367,37.89075],[26.46367,37.89075],[26.36367,37.89075],[26.26367,37.89075],[26.16367,37.89075],[26.06367,37.89075],[25.96367,37.89075],[25.86367,37.89075],[25.76367,37.89075],[25.66367,37.79075],[25.56367,37.69075],[25.46367,37.59075],[25.36367,37.49075],[25.26367,37.39075],[25.27,37.4]]}},{"type":"Feature","properties":{"id":563780,"kind":"coastal"},"geometry":{"type":"LineString","coordinates":[[27.34832,37.93871],[27.16367,37.89075],[27.06367,37.99075],[26.96367,37.99075],[26.86367,37.99075],[26.76367,38.09075],[26.66367,38.09075],[26.56367,38.09075],[26.46367,38.19075],[26.36367,38.19075],[26.26367,38.29075],[26.16367,38.39075],[26.14,38.37]]}},{"type":"Feature","properties":{"id":565333,"kind":"coastal"},"geometry":{"type":"LineString","coordinates":[[27.34832,37.93871],[27.16367,37.89075],[27.06367,37.99075],[26.96367,37.99075],[26.86367,37.99075],[26.76367,38.09075],[26.66367,38.09075],[26.56367,38.09075],[26.46367,38.19075],[26.36367,38.19075],[26.26367,38.29075],[26.26367,38.39075],[26.26367,38.49075],[26.26367,38.59075],[26.26367,38.69075],[26.16367,38.79075],[26.06367,38.89075],[25.96367,38.99075],[25.86367,39.09075],[25.76367,39.19075],[25.76367,39.29075],[25.76367,39.39075],[25.76367,39.49075],[25.76367,39.59075],[25.86367,39.69075],[25.96367,39.79075],[26.06367,39.89075],[26.16367,39.99075],[26.2,40.01]]}},{"type":"Feature","properties":{"id":562347,"kind":"coastal"},"geometry":{"type":"LineString","coordinates":[[27.34832,37.93871],[27.16367,37.89075],[27.06367,37.79075],[27.06367,37.69075],[27.02,37.67]]}},{"type":"Feature","properties":{"id":565353,"kind":"coastal"},"geometry":{"type":"LineString","coordinates":[[27.34832,37.93871],[27.16367,37.89075],[27.06367,37.79075],[27.06367,37.69075],[27.16367,37.59075],[27.16367,37.49075],[27.16367,37.39075],[27.26367,37.29075],[27.36367,37.19075],[27.46367,37.09075],[27.46367,36.99075],[27.56367,36.89075],[27.66367,36.89075],[27.76367,36.79075],[27.86367,36.69075],[27.96367,36.69075],[28.06367,36.59075],[28.16367,36.49075],[28.26367,36.39075],[28.23,36.44]]}},{"type":"Feature","properties":{"id":565388,"kind":"coastal"},"geometry":{"type":"LineString","coordinates":[[13.60511,41.255],[13.56367,41.19075],[13.66367,41.19075],[13.76367,41.19075],[13.76811,41.24101]]}},{"type":"Feature","properties":{"id":565398,"kind":"coastal"},"geometry":{"type":"LineString","coordinates":[[13.60511,41.255],[13.56367,41.19075],[13.46367,41.19075],[13.36367,41.19075],[13.26367,41.29075],[13.2481,41.29]]}},{"type":"Feature","properties":{"id":562342,"kind":"coastal"},"geometry":{"type":"LineString","coordinates":[[6.73103,43.44067],[6.76367,43.39075],[6.86367,43.39075],[6.96367,43.49075],[7.06367,43.49075],[7.16367,43.59075],[7.26367,43.69075],[7.36367,43.69075],[7.46367,43.69075],[7.56367,43.69075],[7.66367,43.79075],[7.76367,43.79075],[7.86367,43.79075],[7.96367,43.79075],[8.06367,43.89075],[8.16367,43.99075],[8.26367,44.09075],[8.36367,44.09075],[8.46367,44.19075],[8.56367,44.29075],[8.66367,44.39075],[8.76367,44.39075],[8.86367,44.39075],[8.96367,44.39075],[8.93295,44.40604]]}},{"type":"Feature","properties":{"id":562397,"kind":"coastal"},"geometry":{"type":"LineString","coordinates":[[6.73103,43.44067],[6.76367,43.39075],[6.66367,43.29075],[6.56367,43.19075],[6.46367,43.09075],[6.36367,43.09075],[6.26367,43.09075],[6.16367,43.09075],[6.06367,43.09075],[5.96367,43.09075],[5.86367,42.99075],[5.76367,43.09075],[5.66367,43.19075],[5.56367,43.19075],[5.46367,43.19075],[5.36367,43.19075],[5.26367,43.29075],[5.36278,43.3054]]}},{"type":"Feature","properties":{"id":565441,"kind":"coastal"},"geometry":{"type":"LineString","coordinates":[[-6.29319,36.52874],[-6.33633,36.49075],[-6.33633,36.59075],[-6.43633,36.69075],[-6.43633,36.79075],[-6.33633,36.89075],[-5.9972,37.38176]]}},{"type":"Feature","properties":{"id":565468,"kind":"coastal"},"geometry":{"type":"LineString","coordinates":[[-6.29319,36.52874],[-6.33633,36.49075],[-6.23633,36.39075],[-6.13633,36.29075],[-6.13633,36.19075],[-6.03633,36.09075],[-5.93633,36.09075],[-5.83633,36.09075],[-5.73633,35.99075],[-5.63633,35.89075],[-5.53633,35.99075],[-5.43633,36.09075],[-5.33633,36.19075],[-5.23633,36.29075],[-5.13633,36.39075],[-5.03633,36.39075],[-4.93633,36.49075],[-4.83633,36.49075],[-4.73633,36.49075],[-4.63633,36.49075],[-4.53633,36.59075],[-4.43633,36.69075],[-4.42203,36.71536]]}},{"type":"Feature","properties":{"id":565491,"kind":"coastal"},"geometry":{"type":"LineString","coordinates":[[34.45767,31.50994],[34.46367,31.59075],[34.36367,31.49075],[34.26367,31.39075],[34.25194,31.28861]]}},{"type":"Feature","properties":{"id":565514,"kind":"coastal"},"geometry":{"type":"LineString","coordinates":[[8.93295,44.40604],[8.96367,44.39075],[9.06367,44.29075],[9.16367,44.29075],[9.26367,44.29075],[9.36367,44.29075],[9.46367,44.19075],[9.56367,44.19075],[9.66367,44.09075],[9.76367,43.99075],[9.86367,43.99075],[9.96367,43.99075],[10.06367,43.99075],[10.02998,44.06504]]}},{"type":"Feature","properties":{"id":565527,"kind":"coastal"},"geometry":{"type":"LineString","coordinates":[[1.61365,50.72413],[1.56367,50.69075],[1.56367,50.79075],[1.56367,50.89075],[1.56367,50.99075],[1.56367,51.09075],[1.56367,51.19075],[1.46367,51.29075],[1.36367,51.39075],[1.26367,51.49075],[1.16367,51.49075],[1.06367,51.49075],[0.96367,51.49075],[0.86367,51.49075],[0.76367,51.49075],[0.66367,51.49075],[0.56367,51.49075],[0.46367,51.49075],[-0.08294,51.52046]]}},{"type":"Feature","properties":{"id":565537,"kind":"coastal"},"geometry":{"type":"LineString","coordinates":[[1.61365,50.72413],[1.56367,50.69075],[1.66367,50.79075],[1.76367,50.89075],[1.86367,50.99075],[1.96367,51.09075],[2.06367,51.19075],[2.16367,51.29075],[2.26367,51.39075],[2.36367,51.49075],[2.46367,51.59075],[2.56367,51.69075],[2.66367,51.79075],[2.76367,51.89075],[2.86367,51.99075],[2.96367,52.09075],[3.06367,52.19075],[3.16367,52.19075],[3.26367,52.19075],[3.36367,52.19075],[3.46367,52.19075],[3.56367,52.19075],[3.66367,52.19075],[3.76367,52.19075],[3.86367,52.19075],[3.96367,52.19075],[4.06367,52.19075],[4.16367,52.19075],[4.26367,52.19075],[4.36367,52.19075],[4.39757,52.19812]]}},{"type":"Feature","properties":{"id":565551,"kind":"coastal"},"geometry":{"type":"LineString","coordinates":[[1.61365,50.72413],[1.56367,50.69075],[1.46367,50.59075],[1.36367,50.49075],[1.26367,50.39075],[1.16367,50.29075],[1.06367,50.19075],[0.96367,50.09075],[0.86367,49.99075],[0.76367,49.89075],[0.66367,49.79075],[0.66367,49.69075],[0.56367,49.59075],[0.53651,49.5255]]}},{"type":"Feature","properties":{"id":562554,"kind":"coastal"},"geometry":{"type":"LineString","coordinates":[[-2.26197,51.86725],[-2.53633,51.69075],[-2.63633,51.59075],[-2.83633,51.49075],[-2.93633,51.49075],[-2.96627,51.61839]]}},{"type":"Feature","properties":{"id":565567,"kind":"coastal"},"geometry":{"type":"LineString","coordinates":[[10.64401,35.83701],[10.66367,35.89075],[10.66367,35.99075],[10.66367,36.09075],[10.66367,36.19075],[10.66367,36.29075],[10.76367,36.39075],[10.86367,36.49075],[10.86367,36.59075],[10.96367,36.69075],[11.06367,36.79075],[11.11,36.84]]}},{"type":"Feature","properties":{"id":565578,"kind":"coastal"},"geometry":{"type":"LineString","coordinates":[[10.64401,35.83701],[10.66367,35.89075],[10.76367,35.89075],[10.86367,35.79075],[10.96367,35.69075],[11.06367,35.59075],[11.16367,35.49075],[11.16367,35.39075],[11.16367,35.29075],[11.16367,35.19075],[11.16,35.23]]}},{"type":"Feature","properties":{"id":565590,"kind":"coastal"},"geometry":{"type":"LineString","coordinates":[[7.75392,36.88833],[7.86367,36.89075],[7.76367,36.99075],[7.66367,37.09075],[7.56367,37.09075],[7.46367,37.09075],[7.36367,37.09075],[7.26367,37.09075],[7.16367,37.09075],[7.06367,37.09075],[6.96367,37.09075],[6.86367,36.99075],[6.91164,36.88476]]}},{"type":"Feature","properties":{"id":562596,"kind":"coastal"},"geometry":{"type":"LineString","coordinates":[[7.75392,36.88833],[7.86367,36.89075],[7.96367,36.99075],[8.06367,36.99075],[8.16367,36.99075],[8.26367,36.99075],[8.36367,36.99075],[8.46367,36.99075],[8.56367,36.99075],[8.66367,36.99075],[8.76367,36.99075],[8.74976,36.95251]]}},{"type":"Feature","properties":{"id":565615,"kind":"coastal"},"geometry":{"type":"LineString","coordinates":[[7.75392,36.88833],[7.86367,36.89075],[7.76367,36.99075],[7.66367,37.09075],[7.56367,37.09075],[7.46367,37.09075],[7.36367,37.09075],[7.26367,37.09075],[7.16367,37.09075],[7.06367,37.09075],[6.96367,37.09075],[6.86367,37.09075],[6.76367,37.09075],[6.66367,37.09075],[6.56367,37.09075],[6.46696,37.08911]]}},{"type":"Feature","properties":{"id":565650,"kind":"coastal"},"geometry":{"type":"LineString","coordinates":[[28.76761,44.55165],[28.76367,44.49075],[28.76367,44.39075],[28.76367,44.29075],[28.76367,44.19075],[28.64267,44.18793]]}},{"type":"Feature","properties":{"id":565664,"kind":"coastal"},"geometry":{"type":"LineString","coordinates":[[28.76761,44.55165],[28.76367,44.49075],[28.86367,44.59075],[28.86367,44.69075],[28.96367,44.79075],[28.96367,44.89075],[29.06367,44.99075],[29.12399,45.06646]]}},{"type":"Feature","properties":{"id":565674,"kind":"coastal"},"geometry":{"type":"LineString","coordinates":[[28.76761,44.55165],[28.76367,44.49075],[28.86367,44.59075],[28.96367,44.69075],[29.06367,44.69075],[29.16367,44.69075],[29.26367,44.79075],[29.36367,44.79075],[29.46367,44.79075],[29.56367,44.79075],[29.66367,44.89075],[29.76367,44.99075],[29.86367,45.09075],[29.86367,45.19075],[29.86367,45.29075],[29.86367,45.39075],[29.96367,45.49075],[30.06367,45.59075],[30.16367,45.69075],[30.26367,45.79075],[30.36367,45.89075],[30.46367,45.99075],[30.56367,46.09075],[30.35054,46.20095]]}},{"type":"Feature","properties":{"id":565700,"kind":"coastal"},"geometry":{"type":"LineString","coordinates":[[15.2281,44.11408],[15.26367,44.09075],[15.16367,43.99075],[15.06367,44.09075],[14.96367,44.19075],[14.86367,44.29075],[14.76367,44.39075],[14.66367,44.49075],[14.56367,44.59075],[14.46367,44.59075],[14.36367,44.59075],[14.26367,44.69075],[14.16367,44.79075],[14.06367,44.79075],[13.96367,44.79075],[13.86367,44.79075],[13.76367,44.89075],[13.84006,44.86909]]}},{"type":"Feature","properties":{"id":565714,"kind":"coastal"},"geometry":{"type":"LineString","coordinates":[[15.2281,44.11408],[15.26367,44.09075],[15.16367,43.99075],[15.06367,44.09075],[15.06367,44.19075],[15.06367,44.29075],[14.96367,44.39075],[14.86367,44.49075],[14.86367,44.59075],[14.86367,44.69075],[14.86367,44.79075],[14.86367,44.89075],[14.86367,44.99075],[14.91726,44.99239]]}},{"type":"Feature","properties":{"id":562681,"kind":"coastal"},"geometry":{"type":"LineString","coordinates":[[15.2281,44.11408],[15.26367,44.09075],[15.36367,43.99075],[15.46367,43.89075],[15.56367,43.79075],[15.66367,43.79075],[15.76367,43.69075],[15.86367,43.69075],[15.86,43.72]]}},{"type":"Feature","properties":{"id":565743,"kind":"coastal"},"geometry":{"type":"LineString","coordinates":[[2.19594,36.60582],[2.16367,36.69075],[2.26367,36.79075],[2.36367,36.89075],[2.46367,36.99075],[2.56367,36.99075],[2.66367,36.99075],[2.76367,36.99075],[2.86367,36.99075],[2.96367,36.99075],[3.06367,36.99075],[3.16367,36.99075],[3.26367,36.99075],[3.36367,36.99075],[3.46367,36.99075],[3.56367,36.99075],[3.66367,36.99075],[3.76367,36.99075],[3.86367,36.99075],[3.96367,36.99075],[4.06367,36.99075],[4.16367,36.99075],[4.26367,36.99075],[4.36367,36.99075],[4.46367,36.99075],[4.56367,36.99075],[4.66367,36.99075],[4.76367,36.99075],[4.86367,36.99075],[4.96367,36.89075],[5.06367,36.79075],[5.07119,36.76206]]}},{"type":"Feature","properties":{"id":565761,"kind":"coastal"},"geometry":{"type":"LineString","coordinates":[[2.19594,36.60582],[2.16367,36.69075],[2.26367,36.79075],[2.36367,36.89075],[2.46367,36.99075],[2.56367,37.09075],[2.66367,37.19075],[2.76367,37.19075],[2.86367,37.19075],[2.96367,37.19075],[3.06367,37.19075],[3.16367,37.19075],[3.26367,37.19075],[3.36367,37.19075],[3.46367,37.19075],[3.56367,37.19075],[3.66367,37.19075],[3.76367,37.19075],[3.86367,37.19075],[3.96367,37.19075],[4.06367,37.19075],[4.16367,37.19075],[4.26367,37.19075],[4.36367,37.19075],[4.46367,37.19075],[4.56367,37.19075],[4.66367,37.19075],[4.76367,37.19075],[4.86367,37.19075],[4.96367,37.19075],[5.06367,37.19075],[5.16367,37.19075],[5.26367,37.19075],[5.36367,37.19075],[5.46367,37.19075],[5.56367,37.19075],[5.66367,37.19075],[5.76367,37.19075],[5.86367,37.19075],[5.96367,37.19075],[6.06367,37.19075],[6.16367,37.19075],[6.26367,37.19075],[6.36367,37.19075],[6.46367,37.19075],[6.56367,37.19075],[6.66367,37.19075],[6.76367,37.19075],[6.86367,37.19075],[6.96367,37.19075],[7.06367,37.19075],[7.16367,37.19075],[7.26367,37.19075],[7.36367,37.19075],[7.46367,37.19075],[7.56367,37.19075],[7.66367,37.19075],[7.76367,37.19075],[7.86367,37.19075],[7.96367,37.19075],[8.06367,37.19075],[8.16367,37.19075],[8.26367,37.19075],[8.36367,37.19075],[8.46367,37.19075],[8.56367,37.19075],[8.66367,37.09075],[8.76367,36.99075],[8.74976,36.95251]]}},{"type":"Feature","properties":{"id":565782,"kind":"coastal"},"geometry":{"type":"LineString","coordinates":[[2.19594,36.60582],[2.16367,36.69075],[2.06367,36.69075],[1.96367,36.69075],[1.86367,36.69075],[1.76367,36.69075],[1.66367,36.69075],[1.56367,36.69075],[1.46367,36.69075],[1.36367,36.69075],[1.26367,36.69075],[1.16367,36.69075],[1.06367,36.69075],[0.96367,36.69075],[0.86367,36.69075],[0.76367,36.69075],[0.66367,36.59075],[0.56367,36.49075],[0.46367,36.39075],[0.36367,36.29075],[0.26367,36.19075],[0.16367,36.09075],[0.06367,35.99075],[-0.03633,35.89075],[-0.13633,35.89075],[-0.23633,35.89075],[-0.26602,35.80792]]}},{"type":"Feature","properties":{"id":565824,"kind":"coastal"},"geometry":{"type":"LineString","coordinates":[[26.68043,40.41433],[26.66367,40.39075],[26.76367,40.49075],[26.86367,40.49075],[26.96367,40.49075],[27.06367,40.59075],[27.16367,40.59075],[27.26367,40.59075],[27.36367,40.69075],[27.46367,40.79075],[27.56367,40.89075],[27.66367,40.89075],[27.76367,40.89075],[27.86367,40.89075],[27.96367,40.99075],[27.95679,40.97697]]}},{"type":"Feature","properties":{"id":565798,"kind":"coastal"},"geometry":{"type":"LineString","coordinates":[[26.68043,40.41433],[26.66367,40.39075],[26.56367,40.29075],[26.36367,40.09075],[26.36367,40.19075],[26.41722,40.22836]]}},{"type":"Feature","properties":{"id":565773,"kind":"coastal"},"geometry":{"type":"LineString","coordinates":[[35.98492,36.92233],[35.96367,36.89075],[35.86367,36.79075],[35.76367,36.69075],[35.66367,36.59075],[35.56367,36.49075],[35.56,36.57]]}},{"type":"Feature","properties":{"id":565844,"kind":"coastal"},"geometry":{"type":"LineString","coordinates":[[35.98492,36.92233],[35.96367,36.89075],[36.06367,36.79075],[36.06367,36.69075],[36.06367,36.59075],[36.19,36.59]]}},{"type":"Feature","properties":{"id":565852,"kind":"coastal"},"geometry":{"type":"LineString","coordinates":[[26.69447,40.35123],[26.66367,40.39075],[26.56367,40.29075],[26.36367,40.09075],[26.16367,39.99075],[26.2,40.01]]}},{"type":"Feature","properties":{"id":565866,"kind":"coastal"},"geometry":{"type":"LineString","coordinates":[[26.69447,40.35123],[26.66367,40.39075],[26.76367,40.49075],[26.86367,40.49075],[26.96367,40.49075],[27.06367,40.49075],[27.0691,40.4205]]}},{"type":"Feature","properties":{"id":565876,"kind":"coastal"},"geometry":{"type":"LineString","coordinates":[[35.78504,35.52101],[35.76367,35.49075],[35.66367,35.59075],[35.66367,35.69075],[35.66367,35.79075],[35.66367,35.89075],[35.76367,35.99075],[35.86367,36.09075],[35.93428,36.11889]]}},{"type":"Feature","properties":{"id":571553,"kind":"coastal"},"geometry":{"type":"MultiLineString","coordinates":[[[35.76367,34.49075],[35.84967,34.43111]],[[35.76367,34.59075],[35.76367,34.49075]],[[35.76367,34.69075],[35.76367,34.59075]],[[35.76367,34.79075],[35.76367,34.69075]],[[35.76367,34.89075],[35.76367,34.79075]],[[35.76367,34.99075],[35.76367,34.89075]],[[35.76367,35.09075],[35.76367,34.99075]],[[35.76367,35.19075],[35.76367,35.09075]],[[35.76367,35.29075],[35.76367,35.19075]],[[35.76367,35.39075],[35.76367,35.29075]],[[35.76367,35.49075],[35.76367,35.39075]],[[35.78504,35.52101],[35.76367,35.49075]]]}},{"type":"Feature","properties":{"id":565902,"kind":"coastal"},"geometry":{"type":"LineString","coordinates":[[14.29122,32.63586],[14.26367,32.69075],[14.16367,32.79075],[14.06367,32.89075],[13.96367,32.99075],[13.86367,32.99075],[13.76367,32.99075],[13.66367,32.99075],[13.56367,32.99075],[13.46367,32.99075],[13.36367,32.99075],[13.26367,32.99075],[13.16367,32.99075],[13.06367,32.89075],[13.17419,32.89686]]}},{"type":"Feature","properties":{"id":565918,"kind":"coastal"},"geometry":{"type":"LineString","coordinates":[[14.29122,32.63586],[14.26367,32.69075],[14.16367,32.79075],[14.06367,32.89075],[13.96367,32.99075],[13.86367,33.09075],[13.76367,33.19075],[13.66367,33.29075],[13.56367,33.39075],[13.46367,33.49075],[13.36367,33.59075],[13.26367,33.69075],[13.16367,33.69075],[13.06367,33.69075],[12.96367,33.69075],[12.86367,33.69075],[12.76367,33.69075],[12.66367,33.69075],[12.56367,33.69075],[12.46367,33.69075],[12.36367,33.69075],[12.26367,33.69075],[12.16367,33.69075],[12.06367,33.69075],[11.96367,33.69075],[11.86367,33.69075],[11.76367,33.69075],[11.66367,33.69075],[11.56367,33.69075],[11.46367,33.69075],[11.36367,33.69075],[11.26367,33.69075],[11.16367,33.69075],[11.06367,33.69075],[10.96367,33.69075],[10.92,33.68]]}},{"type":"Feature","properties":{"id":565934,"kind":"coastal"},"geometry":{"type":"LineString","coordinates":[[14.29122,32.63586],[14.26367,32.69075],[14.36367,32.69075],[14.46367,32.69075],[14.56367,32.69075],[14.66367,32.69075],[14.76367,32.69075],[14.86367,32.69075],[14.96367,32.69075],[15.06367,32.59075],[15.16367,32.49075],[15.26367,32.39075],[15.21,32.37]]}},{"type":"Feature","properties":{"id":565948,"kind":"coastal"},"geometry":{"type":"LineString","coordinates":[[14.29122,32.63586],[14.26367,32.69075],[14.36367,32.69075],[14.46367,32.69075],[14.56367,32.69075],[14.66367,32.69075],[14.76367,32.69075],[14.86367,32.69075],[14.96367,32.69075],[15.06367,32.69075],[15.16367,32.69075],[15.26367,32.69075],[15.36367,32.69075],[15.46367,32.69075],[15.56367,32.69075],[15.66367,32.69075],[15.76367,32.69075],[15.86367,32.69075],[15.96367,32.69075],[16.06367,32.69075],[16.16367,32.69075],[16.26367,32.69075],[16.36367,32.69075],[16.46367,32.69075],[16.56367,32.69075],[16.66367,32.69075],[16.76367,32.69075],[16.86367,32.69075],[16.96367,32.69075],[17.06367,32.69075],[17.16367,32.69075],[17.26367,32.69075],[17.36367,32.69075],[17.46367,32.69075],[17.56367,32.69075],[17.66367,32.69075],[17.76367,32.69075],[17.86367,32.69075],[17.96367,32.69075],[18.06367,32.69075],[18.16367,32.69075],[18.26367,32.69075],[18.36367,32.69075],[18.46367,32.69075],[18.56367,32.69075],[18.66367,32.69075],[18.76367,32.69075],[18.86367,32.69075],[18.96367,32.69075],[19.06367,32.69075],[19.16367,32.69075],[19.26367,32.69075],[19.36367,32.69075],[19.46367,32.69075],[19.56367,32.69075],[19.66367,32.59075],[19.76367,32.49075],[19.86367,32.39075],[19.96367,32.29075],[20.06367,32.19075],[20.0791,32.13455]]}},{"type":"Feature","properties":{"id":565955,"kind":"coastal"},"geometry":{"type":"LineString","coordinates":[[-6.1113,35.20949],[-6.13633,35.29075],[-6.23633,35.19075],[-6.33633,35.09075],[-6.33633,34.99075],[-6.43633,34.89075],[-6.53633,34.79075],[-6.63633,34.69075],[-6.73633,34.59075],[-6.83633,34.49075],[-6.83633,34.39075],[-6.83633,34.29075],[-6.83633,34.19075],[-6.83633,34.09075],[-6.81017,34.00512]]}},{"type":"Feature","properties":{"id":565960,"kind":"coastal"},"geometry":{"type":"LineString","coordinates":[[-6.1113,35.20949],[-6.13633,35.29075],[-6.13633,35.39075],[-6.13633,35.49075],[-6.13633,35.59075],[-6.03633,35.69075],[-5.93633,35.79075],[-5.83633,35.89075],[-5.79759,35.79244]]}},{"type":"Feature","properties":{"id":562956,"kind":"coastal"},"geometry":{"type":"LineString","coordinates":[[-0.08294,51.52046],[0.46367,51.49075],[0.56367,51.49075],[0.66367,51.49075],[0.76367,51.49075],[0.86367,51.49075],[0.96367,51.49075],[1.06367,51.49075],[1.16367,51.49075],[1.26367,51.49075],[1.36367,51.39075],[1.46367,51.29075],[1.31803,51.302]]}},{"type":"Feature","properties":{"id":565990,"kind":"coastal"},"geometry":{"type":"LineString","coordinates":[[10.02998,44.06504],[10.06367,43.99075],[10.16367,43.89075],[10.26367,43.79075],[10.26367,43.69075],[10.396,43.71503]]}},{"type":"Feature","properties":{"id":566080,"kind":"coastal"},"geometry":{"type":"LineString","coordinates":[[5.36278,43.3054],[5.26367,43.29075],[5.16367,43.29075],[5.06367,43.19075],[4.96367,43.09075],[4.86367,43.09075],[4.76367,43.09075],[4.66367,43.09075],[4.56367,43.09075],[4.46367,43.09075],[4.36367,43.09075],[4.26367,43.09075],[4.16367,43.09075],[4.06367,43.09075],[3.96367,43.09075],[3.86367,43.09075],[3.76367,43.09075],[3.66367,43.09075],[3.56367,43.09075],[3.46367,43.09075],[3.36367,43.09075],[3.26367,43.09075],[3.16367,43.09075],[3.0,43.19705]]}},{"type":"Feature","properties":{"id":563069,"kind":"coastal"},"geometry":{"type":"LineString","coordinates":[[13.76811,41.24101],[13.76367,41.19075],[13.82972,41.16113]]}},{"type":"Feature","properties":{"id":561701,"kind":"coastal"},"geometry":{"type":"LineString","coordinates":[[14.08412,40.785],[14.06367,40.79075],[14.10625,40.82979]]}},{"type":"Feature","properties":{"id":566151,"kind":"coastal"},"geometry":{"type":"LineString","coordinates":[[17.63188,43.05188],[17.46367,42.99075],[17.36367,42.99075],[17.26367,43.09075],[17.16367,43.09075],[17.06367,43.19075],[16.96367,43.29075],[16.86367,43.39075],[16.76367,43.39075],[16.66367,43.39075],[16.56367,43.39075],[16.46367,43.49075],[16.4999,43.53069]]}},{"type":"Feature","properties":{"id":566164,"kind":"coastal"},"geometry":{"type":"LineString","coordinates":[[17.63188,43.05188],[17.46367,42.99075],[17.36367,42.89075],[17.46367,42.79075],[17.56367,42.79075],[17.66367,42.79075],[17.76367,42.79075],[17.86367,42.79075],[17.96367,42.69075],[18.06367,42.59075],[18.16367,42.59075],[18.22,42.58]]}},{"type":"Feature","properties":{"id":566176,"kind":"coastal"},"geometry":{"type":"LineString","coordinates":[[17.63188,43.05188],[17.46367,42.99075],[17.36367,42.89075],[17.46367,42.79075],[17.56367,42.69075],[17.66367,42.59075],[17.76367,42.49075],[17.86367,42.39075],[17.96367,42.29075],[18.06367,42.19075],[18.16367,42.09075],[18.26367,41.99075],[18.36367,41.89075],[18.46367,41.79075],[18.56367,41.69075],[18.66367,41.59075],[18.76367,41.49075],[18.86367,41.39075],[18.96367,41.29075],[19.06367,41.19075],[19.16367,41.09075],[19.26367,40.99075],[19.26367,40.89075],[19.26367,40.79075],[19.26367,40.69075],[19.26367,40.59075],[19.36367,40.49075],[19.32,40.44]]}},{"type":"Feature","properties":{"id":563128,"kind":"coastal"},"geometry":{"type":"LineString","coordinates":[[14.23347,40.83965],[14.26367,40.79075],[14.36367,40.79075],[14.48413,40.748]]}},{"type":"Feature","properties":{"id":566202,"kind":"coastal"},"geometry":{"type":"LineString","coordinates":[[14.23347,40.83965],[14.26367,40.79075],[14.16367,40.79075],[14.06367,40.79075],[14.10625,40.82979]]}},{"type":"Feature","properties":{"id":566222,"kind":"coastal"},"geometry":{"type":"LineString","coordinates":[[29.92417,40.76989],[29.26367,40.79075],[29.16367,40.79075],[29.06367,40.79075],[28.96367,40.79075],[28.86367,40.79075],[28.76367,40.79075],[28.66367,40.79075],[28.56367,40.79075],[28.46367,40.79075],[28.36367,40.79075],[28.26367,40.79075],[28.16367,40.79075],[28.06367,40.79075],[27.96367,40.79075],[27.86367,40.79075],[27.76367,40.79075],[27.66367,40.79075],[27.56367,40.79075],[27.46367,40.79075],[27.36367,40.69075],[27.26367,40.59075],[27.16367,40.59075],[27.06367,40.49075],[27.0691,40.4205]]}},{"type":"Feature","properties":{"id":563156,"kind":"coastal"},"geometry":{"type":"LineString","coordinates":[[29.92417,40.76989],[29.26367,40.79075],[29.16367,40.79075],[29.06367,40.79075],[28.96367,40.69075],[28.86367,40.59075],[28.86367,40.49075],[28.96367,40.39075],[29.06367,40.39075],[29.15639,40.43247]]}},{"type":"Feature","properties":{"id":566247,"kind":"coastal"},"geometry":{"type":"LineString","coordinates":[[20.7353,39.00701],[20.66367,38.99075],[20.76367,38.89075],[20.86367,38.79075],[20.86367,38.69075],[20.96367,38.59075],[21.06367,38.49075],[21.06367,38.39075],[21.16367,38.29075],[21.26367,38.29075],[21.36367,38.29075],[21.46367,38.29075],[21.56367,38.29075],[21.66367,38.29075],[21.96367,38.39075],[21.8306,38.39873]]}},{"type":"Feature","properties":{"id":566260,"kind":"coastal"},"geometry":{"type":"LineString","coordinates":[[20.7353,39.00701],[20.66367,38.99075],[20.56367,39.09075],[20.46367,39.19075],[20.36367,39.19075],[20.26367,39.29075],[20.16367,39.39075],[20.06367,39.49075],[19.96367,39.59075],[19.92,39.59]]}},{"type":"Feature","properties":{"id":563160,"kind":"coastal"},"geometry":{"type":"LineString","coordinates":[[20.7353,39.00701],[20.66367,38.99075],[20.66367,38.89075],[20.71,38.83]]}},{"type":"Feature","properties":{"id":566283,"kind":"coastal"},"geometry":{"type":"LineString","coordinates":[[27.90844,43.21114],[27.96367,43.19075],[28.06367,43.29075],[28.16367,43.29075],[28.26367,43.29075],[28.36367,43.29075],[28.46367,43.29075],[28.56367,43.39075],[28.66367,43.49075],[28.66367,43.59075],[28.66367,43.69075],[28.66367,43.79075],[28.66367,43.89075],[28.76367,43.99075],[28.76367,44.09075],[28.76367,44.19075],[28.64267,44.18793]]}},{"type":"Feature","properties":{"id":566296,"kind":"coastal"},"geometry":{"type":"LineString","coordinates":[[27.90844,43.21114],[27.96367,43.19075],[27.96367,43.09075],[27.96367,42.99075],[27.96367,42.89075],[27.96367,42.79075],[27.86367,42.69075],[27.76367,42.59075],[27.76367,42.49075],[27.76367,42.39075],[27.69646,42.41716]]}},{"type":"Feature","properties":{"id":563208,"kind":"coastal"},"geometry":{"type":"LineString","coordinates":[[13.17419,32.89686],[13.06367,32.89075],[12.96367,32.89075],[12.86367,32.89075],[12.76367,32.89075],[12.66367,32.89075],[12.56367,32.89075],[12.46367,32.89075],[12.48418,32.80485]]}},{"type":"Feature","properties":{"id":566361,"kind":"coastal"},"geometry":{"type":"LineString","coordinates":[[12.28707,41.754],[12.26367,41.69075],[12.36367,41.59075],[12.46367,41.49075],[12.56367,41.39075],[12.66367,41.29075],[12.76367,41.19075],[12.86367,41.19075],[12.96367,41.09075],[13.06367,40.99075],[13.16367,40.99075],[13.26367,40.89075],[13.36367,40.89075],[13.46367,40.79075],[13.56367,40.79075],[13.66367,40.79075],[13.76367,40.79075],[13.86367,40.79075],[13.96367,40.79075],[14.06367,40.79075],[14.10625,40.82979]]}},{"type":"Feature","properties":{"id":566374,"kind":"coastal"},"geometry":{"type":"LineString","coordinates":[[12.28707,41.754],[12.26367,41.69075],[12.36367,41.59075],[12.46367,41.49075],[12.56367,41.39075],[12.66367,41.29075],[12.76367,41.19075],[12.86367,41.19075],[12.96367,41.19075],[13.06367,41.19075],[13.16367,41.19075],[13.26367,41.29075],[13.2481,41.29]]}},{"type":"Feature","properties":{"id":566397,"kind":"coastal"},"geometry":{"type":"LineString","coordinates":[[12.28707,41.754],[12.26367,41.69075],[12.36367,41.59075],[12.46367,41.49075],[12.56367,41.39075],[12.66367,41.29075],[12.76367,41.19075],[12.86367,41.19075],[12.96367,41.09075],[13.06367,40.99075],[13.16367,40.99075],[13.26367,40.89075],[13.36367,40.89075],[13.46367,40.79075],[13.56367,40.79075],[13.66367,40.69075],[13.76367,40.59075],[13.86367,40.59075],[13.96367,40.49075],[14.06367,40.49075],[14.16367,40.39075],[14.26367,40.39075],[14.36367,40.29075],[14.46367,40.19075],[14.56367,40.19075],[14.66367,40.19075],[14.76367,40.19075],[14.86367,40.19075],[14.93161,40.2553]]}},{"type":"Feature","properties":{"id":566451,"kind":"coastal"},"geometry":{"type":"LineString","coordinates":[[32.56749,31.04348],[32.56367,31.09075],[32.66367,31.19075],[32.76367,31.29075],[32.86367,31.39075],[32.96367,31.39075],[33.06367,31.39075],[33.16367,31.39075],[33.26367,31.39075],[33.36367,31.39075],[33.46367,31.39075],[33.56367,31.39075],[33.66367,31.39075],[33.76367,31.39075],[33.86367,31.39075],[33.96367,31.39075],[34.06367,31.39075],[34.16367,31.39075],[34.26367,31.39075],[34.25194,31.28861]]}},{"type":"Feature","properties":{"id":564600,"kind":"coastal"},"geometry":{"type":"LineString","coordinates":[[27.95679,40.97697],[27.96367,40.99075],[27.86367,40.89075],[27.76367,40.89075],[27.66367,40.89075],[27.56367,40.89075],[27.46367,40.79075],[27.36367,40.69075],[27.26367,40.59075],[27.16367,40.59075],[27.06367,40.49075],[27.0691,40.4205]]}},{"type":"Feature","properties":{"id":564620,"kind":"coastal"},"geometry":{"type":"LineString","coordinates":[[27.95679,40.97697],[27.96367,40.99075],[28.06367,40.89075],[28.06367,40.79075],[28.06367,40.69075],[28.06367,40.59075],[28.06367,40.49075],[27.96367,40.39075],[27.89225,40.38132]]}},{"type":"Feature","properties":{"id":563531,"kind":"coastal"},"geometry":{"type":"LineString","coordinates":[[-0.5925,53.68719],[-0.53633,53.69075],[-0.13633,53.89075],[-0.13633,53.99075],[-0.13633,54.09075],[-0.23633,54.19075],[-0.33633,54.29075],[-0.43633,54.39075],[-0.53633,54.49075],[-0.63633,54.59075],[-0.73633,54.69075],[-0.83633,54.79075],[-0.93633,54.89075],[-1.03633,54.99075],[-1.13633,54.99075],[-1.23633,54.99075],[-1.33633,54.99075],[-1.52857,54.99031]]}},{"type":"Feature","properties":{"id":564636,"kind":"coastal"},"geometry":{"type":"LineString","coordinates":[[-0.5925,53.68719],[-0.53633,53.69075],[-0.13633,53.89075],[-0.03633,53.89075],[0.06367,53.79075],[0.16367,53.69075],[0.26367,53.59075],[0.36367,53.49075],[0.36367,53.39075],[0.36367,53.29075],[0.36367,53.19075],[0.36367,53.09075],[0.26367,52.99075],[0.16367,52.99075],[0.06367,52.89075],[0.00541,52.96357]]}},{"type":"Feature","properties":{"id":564928,"kind":"coastal"},"geometry":{"type":"LineString","coordinates":[[10.396,43.71503],[10.26367,43.69075],[10.26367,43.59075],[10.26367,43.49075],[10.36367,43.39075],[10.46367,43.29075],[10.46367,43.19075],[10.46367,43.09075],[10.46367,42.99075],[10.49638,42.99573]]}},{"type":"Feature","properties":{"id":566371,"kind":"coastal"},"geometry":{"type":"LineString","coordinates":[[13.84006,44.86909],[13.76367,44.89075],[13.86367,44.79075],[13.96367,44.79075],[14.06367,44.89075],[14.16367,44.99075],[14.26367,44.99075],[14.36367,44.99075],[14.46367,44.99075],[14.56367,44.99075],[14.66367,44.89075],[14.76367,44.89075],[14.86367,44.99075],[14.91726,44.99239]]}},{"type":"Feature","properties":{"id":566439,"kind":"coastal"},"geometry":{"type":"LineString","coordinates":[[13.84006,44.86909],[13.76367,44.89075],[13.66367,44.99075],[13.56367,45.09075],[13.56367,45.19075],[13.56367,45.29075],[13.46367,45.39075],[13.46367,45.49075],[13.56367,45.59075],[13.66367,45.69075],[13.77104,45.64811]]}},{"type":"Feature","properties":{"id":561448,"kind":"coastal"},"geometry":{"type":"LineString","coordinates":[[14.48413,40.748],[14.36367,40.79075],[14.36367,40.69075],[14.46367,40.59075],[14.56367,40.59075],[14.66367,40.59075],[14.76367,40.59075],[14.76514,40.677]]}},{"type":"Feature","properties":{"id":561688,"kind":"coastal"},"geometry":{"type":"LineString","coordinates":[[15.96831,31.28626],[16.06367,31.29075],[16.06367,31.39075],[16.06367,31.49075],[16.06367,31.59075],[15.96367,31.69075],[15.86367,31.79075],[15.76367,31.89075],[15.66367,31.99075],[15.56367,32.09075],[15.46367,32.19075],[15.36367,32.29075],[15.26367,32.39075],[15.21,32.37]]}},{"type":"Feature","properties":{"id":562129,"kind":"coastal"},"geometry":{"type":"LineString","coordinates":[[20.95036,32.7069],[20.86367,32.69075],[20.76367,32.69075],[20.66367,32.69075],[20.56367,32.69075],[20.46367,32.59075],[20.36367,32.49075],[20.26367,32.39075],[20.16367,32.29075],[20.06367,32.19075],[20.0791,32.13455]]}},{"type":"Feature","properties":{"id":562453,"kind":"coastal"},"geometry":{"type":"LineString","coordinates":[[20.95036,32.7069],[20.86367,32.69075],[20.96367,32.79075],[21.06367,32.89075],[21.16367,32.99075],[21.26367,32.99075],[21.36367,32.99075],[21.46367,32.99075],[21.56367,32.99075],[21.66367,32.99075],[21.76367,32.99075],[21.75,32.93]]}},{"type":"Feature","properties":{"id":563825,"kind":"coastal"},"geometry":{"type":"LineString","coordinates":[[14.10625,40.82979],[14.06367,40.79075],[13.96367,40.89075],[13.86367,40.99075],[13.76367,41.09075],[13.66367,41.19075],[13.56367,41.19075],[13.46367,41.19075],[13.36367,41.19075],[13.26367,41.29075],[13.2481,41.29]]}},{"type":"Feature","properties":{"id":563843,"kind":"coastal"},"geometry":{"type":"LineString","coordinates":[[14.10625,40.82979],[14.06367,40.79075],[14.16367,40.79075],[14.26367,40.79075],[14.36367,40.69075],[14.46367,40.59075],[14.56367,40.49075],[14.66367,40.39075],[14.76367,40.29075],[14.86367,40.19075],[14.93161,40.2553]]}},{"type":"Feature","properties":{"id":563940,"kind":"coastal"},"geometry":{"type":"LineString","coordinates":[[12.21222,44.42335],[12.36367,44.39075],[12.46367,44.49075],[12.56367,44.59075],[12.66367,44.69075],[12.76367,44.79075],[12.86367,44.89075],[12.96367,44.99075],[13.06367,45.09075],[13.16367,45.19075],[13.26367,45.29075],[13.36367,45.39075],[13.46367,45.49075],[13.56367,45.59075],[13.66367,45.69075],[13.77104,45.64811]]}},{"type":"Feature","properties":{"id":564005,"kind":"coastal"},"geometry":{"type":"LineString","coordinates":[[12.21222,44.42335],[12.36367,44.39075],[12.46367,44.49075],[12.56367,44.59075],[12.56367,44.69075],[12.56367,44.79075],[12.56367,44.89075],[12.56367,44.99075],[12.46367,45.09075],[12.36367,45.19075],[12.31,45.19]]}},{"type":"Feature","properties":{"id":564029,"kind":"coastal"},"geometry":{"type":"LineString","coordinates":[[15.64319,38.10796],[15.56367,38.09075],[15.56367,38.39075],[15.66367,38.49075],[15.76367,38.59075],[15.86367,38.69075],[15.96367,38.79075],[16.06367,38.79075],[16.0972,38.67497]]}},{"type":"Feature","properties":{"id":564048,"kind":"coastal"},"geometry":{"type":"LineString","coordinates":[[15.64319,38.10796],[15.55663,38.19225]]}},{"type":"Feature","properties":{"id":564049,"kind":"coastal"},"geometry":{"type":"LineString","coordinates":[[15.64319,38.10796],[15.56367,38.09075],[15.56367,37.99075],[15.66367,37.89075],[15.76367,37.89075],[15.86367,37.89075],[15.96367,37.89075],[16.06367,37.89075],[16.06,37.93]]}},{"type":"Feature","properties":{"id":564213,"kind":"coastal"},"geometry":{"type":"LineString","coordinates":[[15.64319,38.10796],[15.56367,38.09075],[15.56367,38.39075],[15.56367,38.49075],[15.56367,38.59075],[15.56367,38.69075],[15.56367,38.79075],[15.56367,38.89075],[15.56367,38.99075],[15.56367,39.09075],[15.56367,39.19075],[15.56367,39.29075],[15.56367,39.39075],[15.56367,39.49075],[15.46367,39.59075],[15.36367,39.69075],[15.26367,39.79075],[15.16367,39.89075],[15.06367,39.99075],[14.96367,40.09075],[14.86367,40.19075],[14.93161,40.2553]]}},{"type":"Feature","properties":{"id":564350,"kind":"coastal"},"geometry":{"type":"LineString","coordinates":[[-2.94004,35.28271],[-2.83633,35.29075],[-2.73633,35.29075],[-2.63633,35.29075],[-2.53633,35.29075],[-2.43633,35.29075],[-2.33633,35.29075],[-2.23633,35.29075],[-2.13633,35.29075],[-2.03633,35.29075],[-1.93633,35.29075],[-1.83633,35.29075],[-1.73633,35.29075],[-1.63633,35.29075],[-1.53633,35.29075],[-1.466,35.25695]]}},{"type":"Feature","properties":{"id":564435,"kind":"coastal"},"geometry":{"type":"LineString","coordinates":[[-2.94004,35.28271],[-2.83633,35.29075],[-2.93633,35.39075],[-3.03633,35.49075],[-3.13633,35.59075],[-3.23633,35.69075],[-3.33633,35.79075],[-3.43633,35.89075],[-3.53633,35.99075],[-3.63633,35.99075],[-3.73633,35.99075],[-3.83633,35.99075],[-3.93633,35.99075],[-4.03633,35.99075],[-4.13633,35.99075],[-4.23633,35.99075],[-4.33633,35.99075],[-4.43633,35.99075],[-4.53633,35.99075],[-4.63633,35.99075],[-4.73633,35.99075],[-4.83633,35.99075],[-4.93633,35.99075],[-5.03633,35.99075],[-5.13633,35.99075],[-5.23633,35.99075],[-5.33633,35.99075],[-5.43633,35.99075],[-5.53633,35.99075],[-5.63633,35.89075],[-5.73633,35.89075],[-5.83633,35.89075],[-5.79759,35.79244]]}},{"type":"Feature","properties":{"id":564436,"kind":"coastal"},"geometry":{"type":"LineString","coordinates":[[6.91164,36.88476],[6.86367,36.99075],[6.76367,37.09075],[6.66367,37.09075],[6.56367,37.09075],[6.46696,37.08911]]}},{"type":"Feature","properties":{"id":566485,"kind":"coastal"},"geometry":{"type":"LineString","coordinates":[[1.31803,51.302],[1.46367,51.29075],[1.46367,51.19075],[1.36367,51.09075],[1.26367,51.09075],[1.16367,50.99075],[1.06367,50.99075],[0.96367,50.89075],[0.86367,50.89075],[0.76367,50.89075],[0.66367,50.79075],[0.56367,50.79075],[0.46367,50.79075],[0.36367,50.79075],[0.26367,50.69075],[0.16367,50.69075],[0.06367,50.69075],[-0.03633,50.69075],[-0.13633,50.69075],[-0.23633,50.69075],[-0.33633,50.69075],[-0.43633,50.69075],[-0.53633,50.69075],[-0.63633,50.69075],[-0.73633,50.69075],[-0.83633,50.69075],[-0.93633,50.69075],[-1.03633,50.69075],[-1.13633,50.59075],[-1.23633,50.49075],[-1.33633,50.59075],[-1.33633,50.79075],[-1.32311,51.06839]]}},{"type":"Feature","properties":{"id":566465,"kind":"coastal"},"geometry":{"type":"LineString","coordinates":[[12.48418,32.80485],[12.46367,32.89075],[12.36367,32.99075],[12.26367,33.09075],[12.16367,33.19075],[12.06367,33.29075],[11.96367,33.39075],[11.86367,33.49075],[11.76367,33.59075],[11.66367,33.69075],[11.56367,33.69075],[11.46367,33.69075],[11.36367,33.69075],[11.26367,33.69075],[11.16367,33.69075],[11.06367,33.69075],[10.96367,33.69075],[10.92,33.68]]}},{"type":"Feature","properties":{"id":564335,"kind":"coastal"},"geometry":{"type":"LineString","coordinates":[[-0.26894,39.66565],[-0.23633,39.59075],[-0.13633,39.69075],[-0.03633,39.79075],[0.06367,39.89075],[0.16367,39.99075],[0.26367,40.09075],[0.36367,40.19075],[0.46367,40.29075],[0.56367,40.39075],[0.66367,40.49075],[0.76367,40.59075],[0.86367,40.69075],[0.96367,40.79075],[1.06367,40.89075],[1.16367,40.99075],[1.26367,41.09075],[1.24986,41.11889]]}},{"type":"Feature","properties":{"id":564432,"kind":"coastal"},"geometry":{"type":"LineString","coordinates":[[-0.26894,39.66565],[-0.23633,39.59075],[-0.13633,39.49075],[-0.03633,39.39075],[0.06367,39.29075],[0.06367,39.19075],[0.06367,39.09075],[0.06367,38.99075],[0.06367,38.89075],[0.09869,38.83691]]}},{"type":"Feature","properties":{"id":566523,"kind":"coastal"},"geometry":{"type":"LineString","coordinates":[[5.07119,36.76206],[5.06367,36.79075],[5.16367,36.89075],[5.26367,36.89075],[5.36367,36.89075],[5.46367,36.89075],[5.56367,36.89075],[5.66367,36.89075],[5.76367,36.89075],[5.76666,36.82162]]}},{"type":"Feature","properties":{"id":566566,"kind":"coastal"},"geometry":{"type":"LineString","coordinates":[[16.4999,43.53069],[16.46367,43.49075],[16.36367,43.39075],[16.26367,43.29075],[16.26367,43.19075],[16.26367,43.09075],[16.26367,42.99075],[16.26367,42.89075],[16.26367,42.79075],[16.26367,42.69075],[16.26367,42.59075],[16.26367,42.49075],[16.26367,42.39075],[16.26367,42.29075],[16.26367,42.19075],[16.26367,42.09075],[16.26367,41.99075],[16.26367,41.89075],[16.26367,41.79075],[16.16367,41.69075],[16.06367,41.69075],[15.96367,41.59075],[15.89516,41.60603]]}},{"type":"Feature","properties":{"id":566579,"kind":"coastal"},"geometry":{"type":"LineString","coordinates":[[16.4999,43.53069],[16.46367,43.49075],[16.36367,43.39075],[16.26367,43.29075],[16.16367,43.39075],[16.06367,43.39075],[15.96367,43.49075],[15.86367,43.59075],[15.86367,43.69075],[15.86,43.72]]}},{"type":"Feature","properties":{"id":566588,"kind":"coastal"},"geometry":{"type":"LineString","coordinates":[[16.4999,43.53069],[16.46367,43.49075],[16.56367,43.39075],[16.66367,43.39075],[16.76367,43.39075],[16.86367,43.29075],[16.96367,43.19075],[16.96367,43.09075],[16.96367,42.99075],[17.06367,42.89075],[17.16367,42.79075],[17.26367,42.69075],[17.36367,42.59075],[17.46367,42.49075],[17.56367,42.39075],[17.66367,42.29075],[17.76367,42.19075],[17.86367,42.09075],[17.96367,41.99075],[18.06367,41.89075],[18.16367,41.79075],[18.26367,41.69075],[18.36367,41.59075],[18.46367,41.49075],[18.56367,41.39075],[18.66367,41.29075],[18.76367,41.19075],[18.86367,41.09075],[18.96367,40.99075],[19.06367,40.89075],[19.16367,40.79075],[19.26367,40.69075],[19.26367,40.59075],[19.36367,40.49075],[19.32,40.44]]}},{"type":"Feature","properties":{"id":564209,"kind":"coastal"},"geometry":{"type":"LineString","coordinates":[[31.39757,36.77501],[31.36367,36.79075],[31.26367,36.79075],[31.16367,36.79075],[31.06367,36.79075],[30.96367,36.79075],[30.86367,36.79075],[30.76367,36.79075],[30.66367,36.79075],[30.70049,36.89412]]}},{"type":"Feature","properties":{"id":566610,"kind":"coastal"},"geometry":{"type":"LineString","coordinates":[[31.39757,36.77501],[31.36367,36.79075],[31.46367,36.69075],[31.56367,36.59075],[31.66367,36.49075],[31.76367,36.39075],[31.86367,36.29075],[31.96367,36.19075],[32.06367,36.09075],[32.16367,35.99075],[32.26367,35.89075],[32.26367,35.79075],[32.26367,35.69075],[32.26367,35.59075],[32.26367,35.49075],[32.26367,35.39075],[32.26367,35.29075],[32.26367,35.19075],[32.26367,35.09075],[32.28,35.11]]}},{"type":"Feature","properties":{"id":566623,"kind":"coastal"},"geometry":{"type":"LineString","coordinates":[[31.39757,36.77501],[31.36367,36.79075],[31.46367,36.69075],[31.56367,36.69075],[31.66367,36.59075],[31.76367,36.59075],[31.86367,36.49075],[31.96367,36.49075],[32.06367,36.39075],[32.16367,36.29075],[32.26367,36.19075],[32.36367,36.09075],[32.46367,36.09075],[32.56367,36.09075],[32.66367,35.99075],[32.76367,35.99075],[32.8,36.02]]}},{"type":"Feature","properties":{"id":564407,"kind":"coastal"},"geometry":{"type":"LineString","coordinates":[[-1.466,35.25695],[-1.53633,35.29075],[-1.43633,35.39075],[-1.33633,35.49075],[-1.23633,35.59075],[-1.13633,35.69075],[-1.03633,35.79075],[-0.93633,35.89075],[-0.83633,35.99075],[-0.73633,35.99075],[-0.63633,35.99075],[-0.53633,35.99075],[-0.43633,35.99075],[-0.33633,35.99075],[-0.23633,35.89075],[-0.26602,35.80792]]}},{"type":"Feature","properties":{"id":563124,"kind":"coastal"},"geometry":{"type":"LineString","coordinates":[[15.89516,41.60603],[15.96367,41.59075],[16.06367,41.49075],[16.02,41.39]]}},{"type":"Feature","properties":{"id":563778,"kind":"coastal"},"geometry":{"type":"LineString","coordinates":[[27.14143,38.42717],[26.86367,38.39075],[26.76367,38.49075],[26.66367,38.59075],[26.56367,38.69075],[26.46367,38.69075],[26.36367,38.69075],[26.26367,38.59075],[26.16367,38.49075],[26.16367,38.39075],[26.14,38.37]]}},{"type":"Feature","properties":{"id":566709,"kind":"coastal"},"geometry":{"type":"LineString","coordinates":[[10.09812,33.88185],[10.16367,33.89075],[10.16367,33.99075],[10.16367,34.09075],[10.26367,34.19075],[10.36367,34.29075],[10.46367,34.39075],[10.56367,34.49075],[10.66367,34.59075],[10.76367,34.69075],[10.7,34.67]]}},{"type":"Feature","properties":{"id":562145,"kind":"coastal"},"geometry":{"type":"LineString","coordinates":[[10.09812,33.88185],[10.16367,33.89075],[10.26367,33.89075],[10.36367,33.89075],[10.46367,33.89075],[10.56367,33.89075],[10.66367,33.79075],[10.76367,33.69075],[10.86367,33.59075],[10.96367,33.69075],[10.92,33.68]]}},{"type":"Feature","properties":{"id":566716,"kind":"coastal"},"geometry":{"type":"LineString","coordinates":[[17.2392,40.46801],[17.16367,40.49075],[17.16367,40.39075],[17.16367,40.29075],[17.16367,40.19075],[17.16367,40.09075],[17.16367,39.99075],[17.26367,39.89075],[17.26367,39.79075],[17.26367,39.69075],[17.26367,39.59075],[17.26367,39.49075],[17.26367,39.39075],[17.26367,39.29075],[17.26367,39.19075],[17.26367,39.09075],[17.26367,38.99075],[17.2,39.03]]}},{"type":"Feature","properties":{"id":566729,"kind":"coastal"},"geometry":{"type":"LineString","coordinates":[[17.2392,40.46801],[17.16367,40.49075],[17.16367,40.39075],[17.26367,40.29075],[17.36367,40.29075],[17.46367,40.29075],[17.56367,40.29075],[17.66367,40.29075],[17.76367,40.29075],[17.86367,40.19075],[17.96367,40.09075],[17.99,40.06]]}},{"type":"Feature","properties":{"id":571719,"kind":"coastal"},"geometry":{"type":"MultiLineString","coordinates":[[[24.22,40.26],[24.16367,40.19075]],[[24.06367,40.09075],[24.16367,40.19075]],[[24.06367,39.99075],[24.06367,40.09075]],[[23.96367,39.89075],[24.06367,39.99075]],[[23.86367,39.89075],[23.96367,39.89075]],[[23.76367,39.89075],[23.86367,39.89075]],[[23.66367,39.89075],[23.76367,39.89075]],[[23.56367,39.89075],[23.66367,39.89075]],[[23.46367,39.89075],[23.56367,39.89075]],[[23.36367,39.99075],[23.46367,39.89075]],[[23.26367,40.09075],[23.36367,39.99075]],[[23.16367,40.19075],[23.26367,40.09075]],[[23.06367,40.29075],[23.16367,40.19075]],[[22.96367,40.29075],[23.06367,40.29075]],[[22.86367,40.39075],[22.96367,40.29075]],[[22.76367,40.49075],[22.86367,40.39075]],[[22.86367,40.59075],[22.76367,40.49075]],[[22.96625,40.63508],[22.86367,40.59075]]]}},{"type":"Feature","properties":{"id":566783,"kind":"coastal"},"geometry":{"type":"LineString","coordinates":[[22.96625,40.63508],[22.86367,40.59075],[22.76367,40.49075],[22.86367,40.39075],[22.96367,40.29075],[23.06367,40.19075],[23.16367,40.09075],[23.26367,39.99075],[23.36367,39.89075],[23.36367,39.79075],[23.36367,39.69075],[23.36367,39.59075],[23.36367,39.49075],[23.36367,39.39075],[23.36367,39.29075],[23.36367,39.19075],[23.26367,39.09075],[23.16367,39.09075],[23.06367,39.19075],[22.96367,39.29075],[22.91666,39.30278]]}},{"type":"Feature","properties":{"id":566796,"kind":"coastal"},"geometry":{"type":"LineString","coordinates":[[22.96625,40.63508],[22.86367,40.59075],[22.76367,40.49075],[22.86367,40.39075],[22.96367,40.29075],[23.06367,40.19075],[23.16367,40.09075],[23.26367,39.99075],[23.36367,39.89075],[23.46367,39.79075],[23.56367,39.69075],[23.66367,39.59075],[23.66367,39.49075],[23.66367,39.39075],[23.66367,39.29075],[23.66367,39.19075],[23.68467,39.13954]]}},{"type":"Feature","properties":{"id":566828,"kind":"coastal"},"geometry":{"type":"LineString","coordinates":[[-5.79759,35.79244],[-5.83633,35.89075],[-5.73633,35.89075],[-5.63633,35.99075],[-5.53633,35.99075],[-5.43633,35.99075],[-5.33633,35.99075],[-5.23633,35.99075],[-5.13633,35.99075],[-5.03633,35.99075],[-4.93633,35.99075],[-4.83633,35.99075],[-4.73633,35.99075],[-4.63633,35.99075],[-4.53633,35.99075],[-4.43633,35.99075],[-4.33633,35.99075],[-4.23633,35.99075],[-4.13633,35.99075],[-4.03633,35.99075],[-3.93633,35.99075],[-3.83633,35.99075],[-3.73633,35.99075],[-3.63633,35.99075],[-3.53633,35.99075],[-3.43633,35.99075],[-3.33633,35.99075],[-3.23633,35.99075],[-3.13633,35.99075],[-3.03633,35.99075],[-2.93633,35.99075],[-2.83633,35.99075],[-2.73633,35.99075],[-2.63633,35.99075],[-2.53633,35.99075],[-2.43633,35.99075],[-2.33633,35.99075],[-2.23633,35.99075],[-2.13633,35.99075],[-2.03633,35.99075],[-1.93633,35.99075],[-1.83633,35.99075],[-1.73633,35.99075],[-1.63633,35.99075],[-1.53633,35.99075],[-1.43633,35.99075],[-1.33633,35.99075],[-1.23633,35.99075],[-1.13633,35.99075],[-1.03633,35.99075],[-0.93633,35.99075],[-0.83633,35.99075],[-0.73633,35.99075],[-0.63633,35.99075],[-0.53633,35.99075],[-0.43633,35.99075],[-0.33633,35.99075],[-0.23633,35.89075],[-0.26602,35.80792]]}},{"type":"Feature","properties":{"id":566857,"kind":"coastal"},"geometry":{"type":"LineString","coordinates":[[39.71776,41.00213],[39.76367,41.09075],[39.66367,41.19075],[39.56367,41.29075],[39.46367,41.39075],[39.36367,41.39075],[39.26367,41.39075],[39.16367,41.39075],[39.06367,41.39075],[38.96367,41.39075],[38.86367,41.39075],[38.76367,41.39075],[38.66367,41.39075],[38.56367,41.39075],[38.46367,41.39075],[38.36367,41.39075],[38.26367,41.39075],[38.16367,41.39075],[38.06367,41.39075],[37.96367,41.39075],[37.86367,41.39075],[37.76367,41.39075],[37.66367,41.39075],[37.56367,41.39075],[37.46367,41.39075],[37.36367,41.39075],[37.26367,41.39075],[37.16367,41.39075],[37.06367,41.39075],[36.96367,41.39075],[36.86367,41.39075],[36.76367,41.39075],[36.66367,41.39075],[36.56367,41.39075],[36.46367,41.39075],[36.36367,41.29075],[36.32942,41.30361]]}},{"type":"Feature","properties":{"id":566872,"kind":"coastal"},"geometry":{"type":"LineString","coordinates":[[39.71776,41.00213],[39.76367,41.09075],[39.66367,41.19075],[39.56367,41.19075],[39.46367,41.19075],[39.36367,41.19075],[39.26367,41.19075],[39.16367,41.19075],[39.06367,41.19075],[38.96367,41.19075],[38.86367,41.19075],[38.76367,41.19075],[38.66367,41.19075],[38.56367,41.19075],[38.46367,41.19075],[38.36367,41.19075],[38.26367,41.19075],[38.16367,41.19075],[38.06367,41.19075],[37.96367,41.09075],[37.86367,41.09075],[37.87519,41.00015]]}},{"type":"Feature","properties":{"id":566887,"kind":"coastal"},"geometry":{"type":"LineString","coordinates":[[39.71776,41.00213],[39.76367,41.09075],[39.86367,41.19075],[39.96367,41.29075],[40.06367,41.39075],[40.16367,41.49075],[40.26367,41.59075],[40.36367,41.69075],[40.46367,41.79075],[40.56367,41.89075],[40.66367,41.99075],[40.76367,42.09075],[40.86367,42.09075],[40.96367,42.09075],[41.06367,42.09075],[41.16367,42.09075],[41.26367,42.09075],[41.36367,42.09075],[41.46367,42.09075],[41.56367,42.09075],[41.66367,42.09075],[41.66743,42.14996]]}},{"type":"Feature","properties":{"id":566903,"kind":"coastal"},"geometry":{"type":"LineString","coordinates":[[1.28658,52.57718],[1.76367,52.59075],[1.76367,52.69075],[1.66367,52.79075],[1.56367,52.89075],[1.46367,52.99075],[1.36367,52.99075],[1.26367,52.99075],[1.16367,52.99075],[1.06367,52.99075],[0.96367,52.99075],[0.86367,52.99075],[0.76367,52.99075],[0.66367,52.99075],[0.56367,52.99075],[0.46367,52.99075],[0.36367,52.99075],[0.26367,52.99075],[0.16367,52.99075],[0.06367,52.89075],[0.00541,52.96357]]}},{"type":"Feature","properties":{"id":566937,"kind":"coastal"},"geometry":{"type":"LineString","coordinates":[[31.41854,41.28211],[31.36367,41.29075],[31.46367,41.39075],[31.56367,41.49075],[31.66367,41.59075],[31.76367,41.59075],[31.86367,41.59075],[31.96367,41.59075],[32.06367,41.59075],[32.16367,41.69075],[32.26367,41.79075],[32.36367,41.79075],[32.38009,41.74755]]}},{"type":"Feature","properties":{"id":566957,"kind":"coastal"},"geometry":{"type":"LineString","coordinates":[[31.41854,41.28211],[31.36367,41.29075],[31.46367,41.39075],[31.56367,41.49075],[31.66367,41.59075],[31.76367,41.59075],[31.86367,41.59075],[31.96367,41.59075],[32.06367,41.59075],[32.16367,41.69075],[32.26367,41.79075],[32.36367,41.89075],[32.46367,41.99075],[32.56367,42.09075],[32.66367,42.09075],[32.76367,42.09075],[32.86367,42.09075],[32.96367,42.09075],[33.06367,42.09075],[33.16367,42.09075],[33.26367,42.09075],[33.36367,42.09075],[33.46367,42.09075],[33.56367,42.09075],[33.66367,42.09075],[33.76367,42.09075],[33.86367,42.09075],[33.96367,42.09075],[34.06367,42.09075],[34.16367,42.09075],[34.26367,42.19075],[34.36367,42.19075],[34.46367,42.19075],[34.56367,42.19075],[34.66367,42.19075],[34.76367,42.19075],[34.86367,42.19075],[34.96367,42.19075],[35.06367,42.09075],[35.04188,42.04923]]}},{"type":"Feature","properties":{"id":566780,"kind":"coastal"},"geometry":{"type":"LineString","coordinates":[[30.54733,36.52045],[30.56367,36.49075],[30.56367,36.39075],[30.56367,36.29075],[30.46367,36.19075],[30.36367,36.19075],[30.26367,36.19075],[30.16367,36.19075],[30.06367,36.19075],[29.96367,36.19075],[29.99469,36.24406]]}},{"type":"Feature","properties":{"id":564571,"kind":"coastal"},"geometry":{"type":"LineString","coordinates":[[30.54733,36.52045],[30.56367,36.49075],[30.66367,36.59075],[30.66367,36.69075],[30.66367,36.79075],[30.70049,36.89412]]}},{"type":"Feature","properties":{"id":566715,"kind":"coastal"},"geometry":{"type":"LineString","coordinates":[[29.99469,36.24406],[29.96367,36.19075],[29.86367,36.19075],[29.76367,36.09075],[29.66367,36.09075],[29.56367,36.19075],[29.46367,36.19075],[29.36367,36.19075],[29.26367,36.29075],[29.32188,36.26247]]}},{"type":"Feature","properties":{"id":566979,"kind":"coastal"},"geometry":{"type":"LineString","coordinates":[[29.99469,36.24406],[29.96367,36.19075],[30.06367,36.19075],[30.16367,36.19075],[30.26367,36.19075],[30.36367,36.19075],[30.46367,36.19075],[30.56367,36.19075],[30.66367,36.19075],[30.76367,36.19075],[30.86367,36.19075],[30.96367,36.19075],[31.06367,36.19075],[31.16367,36.19075],[31.26367,36.09075],[31.36367,35.99075],[31.46367,35.89075],[31.56367,35.79075],[31.66367,35.69075],[31.76367,35.59075],[31.86367,35.49075],[31.96367,35.39075],[32.06367,35.29075],[32.16367,35.19075],[32.26367,35.09075],[32.28,35.11]]}},{"type":"Feature","properties":{"id":566993,"kind":"coastal"},"geometry":{"type":"LineString","coordinates":[[29.99469,36.24406],[29.96367,36.19075],[30.06367,36.19075],[30.16367,36.19075],[30.26367,36.19075],[30.36367,36.19075],[30.46367,36.19075],[30.56367,36.19075],[30.66367,36.19075],[30.76367,36.19075],[30.86367,36.19075],[30.96367,36.19075],[31.06367,36.19075],[31.16367,36.19075],[31.26367,36.19075],[31.36367,36.19075],[31.46367,36.19075],[31.56367,36.19075],[31.66367,36.19075],[31.76367,36.19075],[31.86367,36.19075],[31.96367,36.19075],[32.06367,36.19075],[32.16367,36.19075],[32.26367,36.19075],[32.36367,36.09075],[32.46367,36.09075],[32.56367,36.09075],[32.66367,35.99075],[32.76367,35.99075],[32.8,36.02]]}},{"type":"Feature","properties":{"id":567014,"kind":"coastal"},"geometry":{"type":"LineString","coordinates":[[29.32188,36.26247],[29.26367,36.29075],[29.16367,36.29075],[29.06367,36.39075],[28.96367,36.39075],[28.86367,36.39075],[28.76367,36.39075],[28.66367,36.39075],[28.56367,36.39075],[28.46367,36.39075],[28.36367,36.39075],[28.26367,36.39075],[28.23,36.44]]}},{"type":"Feature","properties":{"id":567025,"kind":"coastal"},"geometry":{"type":"LineString","coordinates":[[29.32188,36.26247],[29.26367,36.29075],[29.16367,36.29075],[29.06367,36.39075],[28.96367,36.49075],[28.86367,36.59075],[28.76367,36.59075],[28.66367,36.69075],[28.56367,36.79075],[28.63,36.83]]}},{"type":"Feature","properties":{"id":567038,"kind":"coastal"},"geometry":{"type":"LineString","coordinates":[[29.32188,36.26247],[29.26367,36.29075],[29.36367,36.19075],[29.46367,36.19075],[29.56367,36.19075],[29.66367,36.09075],[29.76367,36.09075],[29.86367,36.09075],[29.96367,36.09075],[30.06367,36.09075],[30.16367,36.09075],[30.26367,36.09075],[30.36367,36.09075],[30.46367,36.09075],[30.56367,36.09075],[30.66367,36.09075],[30.76367,36.09075],[30.86367,36.09075],[30.96367,36.09075],[31.06367,36.09075],[31.16367,36.09075],[31.26367,36.09075],[31.36367,35.99075],[31.46367,35.89075],[31.56367,35.79075],[31.66367,35.69075],[31.76367,35.59075],[31.86367,35.49075],[31.96367,35.39075],[32.06367,35.29075],[32.16367,35.19075],[32.26367,35.09075],[32.28,35.11]]}},{"type":"Feature","properties":{"id":567065,"kind":"coastal"},"geometry":{"type":"LineString","coordinates":[[32.38009,41.74755],[32.36367,41.79075],[32.46367,41.89075],[32.56367,41.99075],[32.66367,42.09075],[32.76367,42.09075],[32.86367,42.09075],[32.96367,42.09075],[33.06367,42.09075],[33.16367,42.09075],[33.26367,42.09075],[33.36367,42.09075],[33.36967,42.01363]]}},{"type":"Feature","properties":{"id":567097,"kind":"coastal"},"geometry":{"type":"LineString","coordinates":[[1.42447,38.91047],[1.46367,38.89075],[1.36367,38.79075],[1.26367,38.79075],[1.16367,38.89075],[1.06367,38.89075],[0.96367,38.89075],[0.86367,38.89075],[0.76367,38.89075],[0.66367,38.89075],[0.56367,38.89075],[0.46367,38.89075],[0.36367,38.89075],[0.26367,38.89075],[0.16367,38.89075],[0.06367,38.89075],[0.09869,38.83691]]}},{"type":"Feature","properties":{"id":567111,"kind":"coastal"},"geometry":{"type":"LineString","coordinates":[[1.42447,38.91047],[1.46367,38.89075],[1.36367,38.79075],[1.26367,38.79075],[1.16367,38.89075],[1.16367,38.99075],[1.16367,39.09075],[1.16367,39.19075],[1.16367,39.29075],[1.16367,39.39075],[1.06367,39.49075],[0.96367,39.59075],[0.86367,39.69075],[0.76367,39.79075],[0.66367,39.89075],[0.68519,39.89819]]}},{"type":"Feature","properties":{"id":567125,"kind":"coastal"},"geometry":{"type":"LineString","coordinates":[[1.42447,38.91047],[1.46367,38.89075],[1.56367,38.89075],[1.66367,38.99075],[1.76367,39.09075],[1.86367,39.19075],[1.96367,39.29075],[2.06367,39.39075],[2.16367,39.39075],[2.26367,39.39075],[2.36367,39.39075],[2.46367,39.39075],[2.56367,39.49075],[2.66367,39.49075],[2.65017,39.56718]]}},{"type":"Feature","properties":{"id":567183,"kind":"coastal"},"geometry":{"type":"LineString","coordinates":[[8.74976,36.95251],[8.76367,36.99075],[8.76367,37.09075],[8.76367,37.19075],[8.76367,37.29075],[8.86367,37.39075],[8.96367,37.49075],[8.92862,37.52708]]}},{"type":"Feature","properties":{"id":567221,"kind":"coastal"},"geometry":{"type":"LineString","coordinates":[[9.50076,40.92903],[9.66367,40.89075],[9.76367,40.79075],[9.86367,40.69075],[9.86367,40.59075],[9.86367,40.49075],[9.86367,40.39075],[9.86367,40.29075],[9.86367,40.19075],[9.86367,40.09075],[9.86367,39.99075],[9.86367,39.89075],[9.76367,39.79075],[9.76367,39.69075],[9.66367,39.59075],[9.66367,39.49075],[9.66367,39.39075],[9.66367,39.29075],[9.66367,39.19075],[9.56367,39.09075],[9.46367,39.09075],[9.36367,39.09075],[9.26367,39.09075],[9.16367,39.09075],[9.06367,39.19075],[9.10952,39.21489]]}},{"type":"Feature","properties":{"id":567234,"kind":"coastal"},"geometry":{"type":"LineString","coordinates":[[9.50076,40.92903],[9.66367,40.89075],[9.66367,40.99075],[9.66367,41.09075],[9.56367,41.19075],[9.46367,41.29075],[9.36367,41.29075],[9.26367,41.29075],[9.16367,41.29075],[9.06367,41.39075],[9.1594,41.38739]]}},{"type":"Feature","properties":{"id":567211,"kind":"coastal"},"geometry":{"type":"LineString","coordinates":[[32.41422,34.75826],[32.36367,34.79075],[32.26367,34.89075],[32.26367,34.99075],[32.26367,35.09075],[32.28,35.11]]}},{"type":"Feature","properties":{"id":567262,"kind":"coastal"},"geometry":{"type":"LineString","coordinates":[[32.41422,34.75826],[32.36367,34.79075],[32.46367,34.69075],[32.56367,34.69075],[32.66367,34.59075],[32.76367,34.59075],[32.86367,34.59075],[32.96367,34.49075],[33.06367,34.59075],[33.16367,34.69075],[33.13,34.71]]}},{"type":"Feature","properties":{"id":567267,"kind":"coastal"},"geometry":{"type":"LineString","coordinates":[[33.91134,35.17679],[33.96367,35.19075],[34.06367,35.09075],[34.16367,34.99075],[34.06367,34.89075],[34.08,34.96]]}},{"type":"Feature","properties":{"id":564650,"kind":"coastal"},"geometry":{"type":"LineString","coordinates":[[33.91134,35.17679],[33.96367,35.19075],[34.06367,35.29075],[34.16367,35.39075],[34.26367,35.39075],[34.36367,35.49075],[34.46367,35.59075],[34.56367,35.69075],[34.59,35.7]]}},{"type":"Feature","properties":{"id":567281,"kind":"coastal"},"geometry":{"type":"LineString","coordinates":[[35.93428,36.11889],[35.86367,36.09075],[35.76367,36.09075],[35.66367,36.09075],[35.56367,36.09075],[35.46367,36.09075],[35.36367,36.09075],[35.26367,36.09075],[35.16367,36.09075],[35.06367,36.09075],[34.96367,36.09075],[34.86367,35.99075],[34.76367,35.89075],[34.66367,35.79075],[34.56367,35.69075],[34.59,35.7]]}},{"type":"Feature","properties":{"id":567295,"kind":"coastal"},"geometry":{"type":"LineString","coordinates":[[35.93428,36.11889],[35.86367,36.09075],[35.86367,36.19075],[35.76367,36.29075],[35.66367,36.39075],[35.56367,36.49075],[35.56,36.57]]}},{"type":"Feature","properties":{"id":562208,"kind":"coastal"},"geometry":{"type":"LineString","coordinates":[[35.93428,36.11889],[35.86367,36.09075],[35.86367,36.19075],[35.76367,36.29075],[35.86367,36.39075],[35.96367,36.49075],[36.06367,36.59075],[36.19,36.59]]}},{"type":"Feature","properties":{"id":564008,"kind":"coastal"},"geometry":{"type":"LineString","coordinates":[[15.29488,37.07195],[15.36367,37.09075],[15.36367,36.99075],[15.26367,36.89075],[15.16367,36.79075],[15.16367,36.69075],[15.13651,36.68103]]}},{"type":"Feature","properties":{"id":567307,"kind":"coastal"},"geometry":{"type":"LineString","coordinates":[[15.29488,37.07195],[15.36367,37.09075],[15.36367,37.19075],[15.36367,37.29075],[15.36367,37.39075],[15.36367,37.49075],[15.36367,37.59075],[15.36367,37.69075],[15.36367,37.79075],[15.36367,37.89075],[15.46367,37.99075],[15.56367,38.09075],[15.55663,38.19225]]}},{"type":"Feature","properties":{"id":567328,"kind":"coastal"},"geometry":{"type":"LineString","coordinates":[[15.13651,36.68103],[15.16367,36.69075],[15.06367,36.59075],[14.96367,36.69075],[14.86367,36.69075],[14.76367,36.69075],[14.66367,36.69075],[14.56367,36.69075],[14.46367,36.79075],[14.36367,36.89075],[14.26367,36.99075],[14.16367,37.09075],[14.06367,37.09075],[13.96367,37.09075],[13.86367,37.09075],[13.76367,37.09075],[13.66367,37.19075],[13.56367,37.19075],[13.46367,37.29075],[13.36367,37.29075],[13.26367,37.39075],[13.16367,37.39075],[13.06367,37.49075],[12.96367,37.49075],[12.86367,37.49075],[12.76367,37.49075],[12.66367,37.49075],[12.56367,37.59075],[12.46367,37.69075],[12.36367,37.79075],[12.43745,37.79841]]}},{"type":"Feature","properties":{"id":567320,"kind":"coastal"},"geometry":{"type":"LineString","coordinates":[[15.13651,36.68103],[15.16367,36.69075],[15.06367,36.59075],[14.96367,36.49075],[14.86367,36.39075],[14.76367,36.29075],[14.66367,36.19075],[14.56367,36.09075],[14.56367,35.99075],[14.56367,35.89075],[14.46367,35.79075],[14.36367,35.79075],[14.4,35.88]]}},{"type":"Feature","properties":{"id":567351,"kind":"coastal"},"geometry":{"type":"LineString","coordinates":[[15.13651,36.68103],[15.16367,36.69075],[15.06367,36.59075],[14.96367,36.69075],[14.86367,36.69075],[14.76367,36.69075],[14.66367,36.69075],[14.56367,36.69075],[14.46367,36.79075],[14.45,36.85]]}},{"type":"Feature","properties":{"id":567362,"kind":"coastal"},"geometry":{"type":"LineString","coordinates":[[15.13651,36.68103],[15.16367,36.69075],[15.16367,36.79075],[15.26367,36.89075],[15.36367,36.99075],[15.36367,37.09075],[15.36367,37.19075],[15.36367,37.29075],[15.36367,37.39075],[15.36367,37.49075],[15.36367,37.59075],[15.36367,37.69075],[15.36367,37.79075],[15.36367,37.89075],[15.46367,37.99075],[15.56367,38.09075],[15.55663,38.19225]]}},{"type":"Feature","properties":{"id":572463,"kind":"coastal"},"geometry":{"type":"LineString","coordinates":[[23.58967,35.23911],[23.56367,35.19075],[23.66367,35.09075],[23.76367,34.99075],[23.86367,34.99075],[23.96367,34.99075],[24.06367,34.89075],[24.16367,34.89075],[24.26367,34.89075],[24.36367,34.89075],[24.46367,34.89075],[24.56367,34.89075],[24.66367,34.89075],[24.76367,34.89075],[24.86367,34.89075],[24.96367,34.89075],[25.06367,34.89075],[25.16367,34.89075],[25.26367,34.89075],[25.36367,34.89075],[25.46367,34.89075],[25.56367,34.99075],[25.66367,34.99075],[25.76367,34.99075],[25.86367,34.99075],[25.96367,34.99075],[26.06367,34.99075],[26.16367,34.99075],[26.26367,34.99075],[26.36367,35.09075],[26.36367,35.19075],[26.26367,35.29075],[26.25372,35.28063]]}},{"type":"Feature","properties":{"id":567396,"kind":"coastal"},"geometry":{"type":"LineString","coordinates":[[36.32942,41.30361],[36.36367,41.29075],[36.36367,41.39075],[36.26367,41.49075],[36.16367,41.59075],[36.06367,41.69075],[35.96367,41.79075],[35.86367,41.89075],[35.76367,41.99075],[35.66367,42.09075],[35.56367,42.09075],[35.46367,42.09075],[35.36367,42.09075],[35.26367,42.09075],[35.16367,42.09075],[35.06367,42.09075],[35.04188,42.04923]]}},{"type":"Feature","properties":{"id":567409,"kind":"coastal"},"geometry":{"type":"LineString","coordinates":[[36.32942,41.30361],[36.36367,41.29075],[36.46367,41.39075],[36.56367,41.39075],[36.66367,41.39075],[36.76367,41.39075],[36.86367,41.39075],[36.96367,41.39075],[37.06367,41.29075],[37.06367,41.19075],[36.96774,41.21518]]}},{"type":"Feature","properties":{"id":565612,"kind":"coastal"},"geometry":{"type":"LineString","coordinates":[[21.8306,38.39873],[21.96367,38.39075],[21.66367,38.29075],[21.74,38.26]]}},{"type":"Feature","properties":{"id":567477,"kind":"coastal"},"geometry":{"type":"LineString","coordinates":[[19.66299,41.78503],[19.56367,41.79075],[19.46367,41.79075],[19.36367,41.79075],[19.26367,41.89075],[19.16367,41.89075],[19.06367,41.99075],[18.96367,42.09075],[18.86367,42.19075],[18.76367,42.19075],[18.66367,42.29075],[18.56367,42.39075],[18.46367,42.39075],[18.36367,42.49075],[18.26367,42.49075],[18.16367,42.59075],[18.22,42.58]]}},{"type":"Feature","properties":{"id":567544,"kind":"coastal"},"geometry":{"type":"LineString","coordinates":[[-0.26602,35.80792],[-0.23633,35.89075],[-0.13633,35.99075],[-0.03633,36.09075],[0.06367,36.19075],[0.16367,36.29075],[0.26367,36.39075],[0.36367,36.49075],[0.46367,36.59075],[0.56367,36.69075],[0.66367,36.79075],[0.76367,36.89075],[0.86367,36.99075],[0.96367,37.09075],[1.06367,37.19075],[1.16367,37.19075],[1.26367,37.19075],[1.36367,37.19075],[1.46367,37.19075],[1.56367,37.19075],[1.66367,37.19075],[1.76367,37.19075],[1.86367,37.19075],[1.96367,37.19075],[2.06367,37.19075],[2.16367,37.19075],[2.26367,37.19075],[2.36367,37.19075],[2.46367,37.19075],[2.56367,37.19075],[2.66367,37.19075],[2.76367,37.19075],[2.86367,37.19075],[2.96367,37.19075],[3.06367,37.19075],[3.16367,37.19075],[3.26367,37.19075],[3.36367,37.19075],[3.46367,37.19075],[3.56367,37.19075],[3.66367,37.19075],[3.76367,37.19075],[3.86367,37.19075],[3.96367,37.19075],[4.06367,37.19075],[4.16367,37.19075],[4.26367,37.19075],[4.36367,37.19075],[4.46367,37.19075],[4.56367,37.19075],[4.66367,37.19075],[4.76367,37.19075],[4.86367,37.19075],[4.96367,37.19075],[5.06367,37.19075],[5.16367,37.19075],[5.26367,37.19075],[5.36367,37.19075],[5.46367,37.19075],[5.56367,37.19075],[5.66367,37.19075],[5.76367,37.19075],[5.86367,37.19075],[5.96367,37.19075],[6.06367,37.19075],[6.16367,37.19075],[6.26367,37.19075],[6.36367,37.19075],[6.46367,37.19075],[6.56367,37.09075],[6.46696,37.08911]]}},{"type":"Feature","properties":{"id":567455,"kind":"coastal"},"geometry":{"type":"LineString","coordinates":[[5.76666,36.82162],[5.76367,36.89075],[5.86367,36.99075],[5.96367,37.09075],[6.06367,37.19075],[6.16367,37.19075],[6.26367,37.19075],[6.36367,37.19075],[6.46367,37.19075],[6.56367,37.09075],[6.46696,37.08911]]}},{"type":"Feature","properties":{"id":567626,"kind":"coastal"},"geometry":{"type":"LineString","coordinates":[[9.1594,41.38739],[9.06367,41.39075],[9.16367,41.29075],[9.26367,41.39075],[9.36367,41.49075],[9.36367,41.59075],[9.46367,41.69075],[9.46367,41.79075],[9.46367,41.89075],[9.46367,41.99075],[9.56367,42.09075],[9.52619,42.1238]]}},{"type":"Feature","properties":{"id":567700,"kind":"coastal"},"geometry":{"type":"LineString","coordinates":[[10.23973,42.7434],[10.26367,42.69075],[10.16367,42.59075],[10.06367,42.49075],[9.96367,42.49075],[9.86367,42.39075],[9.76367,42.29075],[9.66367,42.19075],[9.56367,42.09075],[9.52619,42.1238]]}},{"type":"Feature","properties":{"id":567707,"kind":"coastal"},"geometry":{"type":"LineString","coordinates":[[10.23973,42.7434],[10.26367,42.69075],[10.36367,42.69075],[10.46367,42.79075],[10.46367,42.89075],[10.46367,42.99075],[10.49638,42.99573]]}},{"type":"Feature","properties":{"id":567731,"kind":"coastal"},"geometry":{"type":"LineString","coordinates":[[10.7,34.67],[10.76367,34.69075],[10.86367,34.79075],[10.96367,34.89075],[10.96367,34.99075],[11.06367,35.09075],[11.16367,35.19075],[11.16,35.23]]}},{"type":"Feature","properties":{"id":567802,"kind":"coastal"},"geometry":{"type":"LineString","coordinates":[[11.0133,37.06164],[10.96367,37.09075],[11.06367,36.99075],[11.16367,36.89075],[11.06367,36.79075],[11.11,36.84]]}},{"type":"Feature","properties":{"id":567815,"kind":"coastal"},"geometry":{"type":"LineString","coordinates":[[11.0133,37.06164],[10.96367,37.09075],[11.06367,37.19075],[11.16367,37.29075],[11.26367,37.39075],[11.36367,37.49075],[11.46367,37.59075],[11.56367,37.69075],[11.66367,37.79075],[11.76367,37.79075],[11.86367,37.79075],[11.96367,37.79075],[12.06367,37.79075],[12.16367,37.79075],[12.26367,37.79075],[12.36367,37.79075],[12.43745,37.79841]]}},{"type":"Feature","properties":{"id":567824,"kind":"coastal"},"geometry":{"type":"LineString","coordinates":[[11.11,36.84],[11.06367,36.79075],[11.16367,36.89075],[11.26367,36.89075],[11.36367,36.89075],[11.46367,36.89075],[11.56367,36.89075],[11.66367,36.89075],[11.76367,36.89075],[11.86367,36.89075],[11.96367,36.89075],[11.94,36.83]]}},{"type":"Feature","properties":{"id":567903,"kind":"coastal"},"geometry":{"type":"LineString","coordinates":[[11.94,36.83],[11.96367,36.89075],[11.96367,36.99075],[11.96367,37.09075],[11.96367,37.19075],[11.96367,37.29075],[11.96367,37.39075],[12.06367,37.49075],[12.16367,37.59075],[12.26367,37.69075],[12.36367,37.79075],[12.43745,37.79841]]}},{"type":"Feature","properties":{"id":567916,"kind":"coastal"},"geometry":{"type":"LineString","coordinates":[[12.06,37.97],[12.06367,37.99075],[12.16367,37.99075],[12.26367,37.89075],[12.36367,37.79075],[12.43745,37.79841]]}},{"type":"Feature","properties":{"id":567219,"kind":"coastal"},"geometry":{"type":"LineString","coordinates":[[12.43745,37.79841],[12.36367,37.79075],[12.46367,37.69075],[12.56367,37.59075],[12.66367,37.49075],[12.76367,37.49075],[12.86367,37.49075],[12.82512,37.58284]]}},{"type":"Feature","properties":{"id":567991,"kind":"coastal"},"geometry":{"type":"LineString","coordinates":[[12.43745,37.79841],[12.36367,37.79075],[12.36367,37.89075],[12.46367,37.99075],[12.56367,38.09075],[12.66367,38.19075],[12.76367,38.29075],[12.86367,38.29075],[12.96367,38.29075],[13.06367,38.29075],[13.16367,38.29075],[13.26367,38.29075],[13.36367,38.29075],[13.46367,38.29075],[13.56367,38.29075],[13.66367,38.29075],[13.76367,38.29075],[13.86367,38.29075],[13.96367,38.29075],[14.06367,38.29075],[14.16367,38.29075],[14.26367,38.29075],[14.36367,38.29075],[14.46367,38.29075],[14.56367,38.29075],[14.66367,38.29075],[14.76367,38.29075],[14.86367,38.29075],[14.96367,38.29075],[15.06367,38.39075],[15.16367,38.39075],[15.26367,38.39075],[15.36367,38.39075],[15.46367,38.39075],[15.56367,38.39075],[15.56367,38.09075],[15.55663,38.19225]]}},{"type":"Feature","properties":{"id":568007,"kind":"coastal"},"geometry":{"type":"LineString","coordinates":[[12.43745,37.79841],[12.36367,37.79075],[12.36367,37.89075],[12.46367,37.99075],[12.56367,38.09075],[12.66367,38.19075],[12.76367,38.29075],[12.86367,38.29075],[12.96367,38.29075],[13.06367,38.29075],[13.16367,38.29075],[13.26367,38.29075],[13.36367,38.19075],[13.31798,38.11664]]}},{"type":"Feature","properties":{"id":568030,"kind":"coastal"},"geometry":{"type":"LineString","coordinates":[[12.82512,37.58284],[12.86367,37.49075],[12.96367,37.49075],[13.06367,37.49075],[13.16367,37.39075],[13.26367,37.39075],[13.36367,37.29075],[13.46367,37.29075],[13.58216,37.30872]]}},{"type":"Feature","properties":{"id":568090,"kind":"coastal"},"geometry":{"type":"LineString","coordinates":[[14.45,36.85],[14.46367,36.79075],[14.36367,36.89075],[14.26367,36.99075],[14.16367,37.09075],[14.06367,37.09075],[13.96367,37.09075],[13.86367,37.09075],[13.76367,37.09075],[13.66367,37.19075],[13.56367,37.19075],[13.46367,37.29075],[13.58216,37.30872]]}},{"type":"Feature","properties":{"id":568178,"kind":"coastal"},"geometry":{"type":"LineString","coordinates":[[15.55663,38.19225],[15.56367,38.09075],[15.56367,38.39075],[15.46367,38.39075],[15.36367,38.39075],[15.26367,38.39075],[15.16367,38.39075],[15.06367,38.39075],[14.96367,38.29075],[14.86367,38.29075],[14.76367,38.29075],[14.66367,38.29075],[14.56367,38.29075],[14.46367,38.29075],[14.36367,38.29075],[14.26367,38.29075],[14.16367,38.29075],[14.06367,38.29075],[13.96367,38.29075],[13.86367,38.29075],[13.76367,38.29075],[13.66367,38.29075],[13.56367,38.29075],[13.46367,38.29075],[13.36367,38.19075],[13.31798,38.11664]]}},{"type":"Feature","properties":{"id":568220,"kind":"coastal"},"geometry":{"type":"LineString","coordinates":[[16.06,37.93],[16.06367,37.89075],[16.16367,37.99075],[16.16367,38.09075],[16.26367,38.19075],[16.26,38.24]]}},{"type":"Feature","properties":{"id":568228,"kind":"coastal"},"geometry":{"type":"LineString","coordinates":[[16.26,38.24],[16.26367,38.19075],[16.36367,38.29075],[16.46367,38.29075],[16.56367,38.39075],[16.66367,38.49075],[16.76367,38.59075],[16.86367,38.69075],[16.96367,38.79075],[17.06367,38.89075],[17.16367,38.89075],[17.26367,38.99075],[17.2,39.03]]}},{"type":"Feature","properties":{"id":568266,"kind":"coastal"},"geometry":{"type":"LineString","coordinates":[[17.2,39.03],[17.26367,38.99075],[17.36367,39.09075],[17.46367,39.19075],[17.56367,39.29075],[17.66367,39.39075],[17.76367,39.49075],[17.86367,39.59075],[17.96367,39.69075],[18.06367,39.79075],[18.16367,39.79075],[18.26367,39.79075],[18.36367,39.79075],[18.36,39.8]]}},{"type":"Feature","properties":{"id":568291,"kind":"coastal"},"geometry":{"type":"LineString","coordinates":[[17.99,40.06],[17.96367,40.09075],[17.96367,39.99075],[18.06367,39.89075],[18.16367,39.79075],[18.26367,39.79075],[18.36367,39.79075],[18.36,39.8]]}},{"type":"Feature","properties":{"id":564220,"kind":"coastal"},"geometry":{"type":"LineString","coordinates":[[18.36,39.8],[18.36367,39.79075],[18.46367,39.89075],[18.46367,39.99075],[18.56367,40.09075],[18.56367,40.19075],[18.49,40.15]]}},{"type":"Feature","properties":{"id":568350,"kind":"coastal"},"geometry":{"type":"LineString","coordinates":[[18.36,39.8],[18.36367,39.79075],[18.46367,39.79075],[18.56367,39.79075],[18.66367,39.79075],[18.76367,39.79075],[18.86367,39.79075],[18.96367,39.79075],[19.06367,39.79075],[19.16367,39.79075],[19.26367,39.79075],[19.36367,39.79075],[19.46367,39.79075],[19.56367,39.79075],[19.66367,39.69075],[19.76367,39.59075],[19.86367,39.69075],[19.96367,39.59075],[19.92,39.59]]}},{"type":"Feature","properties":{"id":568385,"kind":"coastal"},"geometry":{"type":"LineString","coordinates":[[18.49,40.15],[18.56367,40.19075],[18.66367,40.29075],[18.76367,40.39075],[18.86367,40.49075],[18.96367,40.59075],[19.06367,40.69075],[19.16367,40.79075],[19.26367,40.79075],[19.36367,40.79075],[19.43,40.77]]}},{"type":"Feature","properties":{"id":568398,"kind":"coastal"},"geometry":{"type":"LineString","coordinates":[[19.13,30.25],[19.16367,30.29075],[19.16367,30.39075],[19.16367,30.49075],[19.16367,30.59075],[19.16367,30.69075],[19.16367,30.79075],[19.16367,30.89075],[19.16367,30.99075],[19.16367,31.09075],[19.16367,31.19075],[19.16367,31.29075],[19.26367,31.39075],[19.36367,31.49075],[19.46367,31.59075],[19.56367,31.69075],[19.66367,31.79075],[19.76367,31.89075],[19.86367,31.99075],[19.96367,32.09075],[20.06367,32.19075],[20.0791,32.13455]]}},{"type":"Feature","properties":{"id":568463,"kind":"coastal"},"geometry":{"type":"LineString","coordinates":[[19.32,40.44],[19.36367,40.49075],[19.42,40.51]]}},{"type":"Feature","properties":{"id":568469,"kind":"coastal"},"geometry":{"type":"LineString","coordinates":[[19.32,40.44],[19.36367,40.49075],[19.26367,40.59075],[19.26367,40.69075],[19.36367,40.79075],[19.43,40.77]]}},{"type":"Feature","properties":{"id":568453,"kind":"coastal"},"geometry":{"type":"LineString","coordinates":[[19.32,40.44],[19.36367,40.49075],[19.46367,40.39075],[19.36367,40.29075],[19.46367,40.19075],[19.56367,40.09075],[19.66367,39.99075],[19.76367,39.89075],[19.86367,39.89075],[19.96367,39.79075],[19.96367,39.69075],[19.96367,39.59075],[19.92,39.59]]}},{"type":"Feature","properties":{"id":568600,"kind":"coastal"},"geometry":{"type":"LineString","coordinates":[[20.0791,32.13455],[20.06367,32.19075],[20.16367,32.29075],[20.26367,32.39075],[20.36367,32.49075],[20.46367,32.59075],[20.56367,32.69075],[20.66367,32.79075],[20.76367,32.89075],[20.86367,32.99075],[20.96367,32.99075],[21.06367,32.99075],[21.16367,32.99075],[21.26367,32.99075],[21.36367,32.99075],[21.46367,32.99075],[21.56367,32.99075],[21.66367,32.99075],[21.76367,32.99075],[21.75,32.93]]}},{"type":"Feature","properties":{"id":568615,"kind":"coastal"},"geometry":{"type":"LineString","coordinates":[[20.71,38.83],[20.66367,38.89075],[20.76367,38.89075],[20.86367,38.79075],[20.86367,38.69075],[20.96367,38.59075],[21.06367,38.49075],[21.06367,38.39075],[21.06367,38.29075],[21.06367,38.19075],[21.06367,38.09075],[21.06367,37.99075],[21.06367,37.89075],[21.16367,37.79075],[21.26367,37.69075],[21.32,37.65]]}},{"type":"Feature","properties":{"id":568627,"kind":"coastal"},"geometry":{"type":"LineString","coordinates":[[20.71,38.83],[20.66367,38.89075],[20.56367,38.79075],[20.46367,38.69075],[20.36367,38.59075],[20.36367,38.49075],[20.36367,38.39075],[20.36367,38.29075],[20.46367,38.19075],[20.56836,38.22404]]}},{"type":"Feature","properties":{"id":568637,"kind":"coastal"},"geometry":{"type":"LineString","coordinates":[[20.9,37.78],[20.96367,37.79075],[21.06367,37.79075],[21.16367,37.79075],[21.26367,37.69075],[21.32,37.65]]}},{"type":"Feature","properties":{"id":568564,"kind":"coastal"},"geometry":{"type":"LineString","coordinates":[[20.9,37.78],[20.96367,37.79075],[20.86367,37.89075],[20.76367,37.99075],[20.66367,38.09075],[20.56367,38.09075],[20.46367,38.19075],[20.56836,38.22404]]}},{"type":"Feature","properties":{"id":568656,"kind":"coastal"},"geometry":{"type":"LineString","coordinates":[[21.32,37.65],[21.26367,37.69075],[21.36367,37.59075],[21.46367,37.59075],[21.45,37.61]]}},{"type":"Feature","properties":{"id":568682,"kind":"coastal"},"geometry":{"type":"LineString","coordinates":[[21.32,37.65],[21.26367,37.69075],[21.16367,37.79075],[21.06367,37.89075],[21.16367,37.99075],[21.26367,38.09075],[21.36367,38.19075],[21.46367,38.29075],[21.56367,38.29075],[21.66367,38.29075],[21.74,38.26]]}},{"type":"Feature","properties":{"id":568699,"kind":"coastal"},"geometry":{"type":"LineString","coordinates":[[21.45,37.61],[21.46367,37.59075],[21.56367,37.49075],[21.56367,37.39075],[21.56367,37.29075],[21.56367,37.19075],[21.56367,37.09075],[21.56367,36.99075],[21.66367,36.89075],[21.76367,36.79075],[21.86367,36.69075],[21.88,36.72]]}},{"type":"Feature","properties":{"id":568724,"kind":"coastal"},"geometry":{"type":"LineString","coordinates":[[21.74,38.26],[21.66367,38.29075],[21.96367,38.39075],[22.06367,38.39075],[22.16367,38.29075],[22.26367,38.29075],[22.36367,38.29075],[22.46367,38.29075],[22.56367,38.29075],[22.66367,38.19075],[22.76367,38.09075],[22.86367,37.99075],[22.8856,37.91181]]}},{"type":"Feature","properties":{"id":568790,"kind":"coastal"},"geometry":{"type":"LineString","coordinates":[[21.88,36.72],[21.86367,36.69075],[21.96367,36.69075],[22.06367,36.69075],[22.16367,36.69075],[22.26367,36.59075],[22.36367,36.49075],[22.46367,36.39075],[22.48,36.39]]}},{"type":"Feature","properties":{"id":564019,"kind":"coastal"},"geometry":{"type":"LineString","coordinates":[[22.48,36.39],[22.46367,36.39075],[22.56367,36.49075],[22.56367,36.59075],[22.56367,36.69075],[22.57,36.76]]}},{"type":"Feature","properties":{"id":568812,"kind":"coastal"},"geometry":{"type":"LineString","coordinates":[[22.48,36.39],[22.46367,36.39075],[22.56367,36.39075],[22.66367,36.39075],[22.76367,36.39075],[22.86367,36.39075],[22.96367,36.39075],[23.06367,36.39075],[23.16367,36.39075],[23.2,36.44]]}},{"type":"Feature","properties":{"id":568825,"kind":"coastal"},"geometry":{"type":"LineString","coordinates":[[22.48,36.39],[22.46367,36.39075],[22.56367,36.39075],[22.66367,36.39075],[22.76367,36.29075],[22.86367,36.19075],[22.96367,36.09075],[23.06367,36.09075],[23.16367,35.99075],[23.26367,35.89075],[23.36367,35.79075],[23.46367,35.69075],[23.56367,35.59075],[23.6,35.63]]}},{"type":"Feature","properties":{"id":568841,"kind":"coastal"},"geometry":{"type":"LineString","coordinates":[[22.57,36.76],[22.56367,36.69075],[22.66367,36.69075],[22.76367,36.69075],[22.86367,36.59075],[22.96367,36.49075],[23.06367,36.49075],[23.16367,36.39075],[23.2,36.44]]}},{"type":"Feature","properties":{"id":568876,"kind":"coastal"},"geometry":{"type":"LineString","coordinates":[[23.13247,37.92833],[23.16367,37.89075],[23.26367,37.79075],[23.36367,37.69075],[23.46367,37.59075],[23.56367,37.49075],[23.46367,37.39075],[23.36367,37.29075],[23.26367,37.19075],[23.16367,37.09075],[23.16367,36.99075],[23.16367,36.89075],[23.16367,36.79075],[23.16367,36.69075],[23.16367,36.59075],[23.16367,36.49075],[23.16367,36.39075],[23.2,36.44]]}},{"type":"Feature","properties":{"id":568889,"kind":"coastal"},"geometry":{"type":"LineString","coordinates":[[23.13247,37.92833],[23.16367,37.89075],[23.26367,37.89075],[23.36367,37.89075],[23.46367,37.79075],[23.56367,37.79075],[23.66367,37.79075],[23.76367,37.79075],[23.86367,37.69075],[23.96367,37.59075],[24.06367,37.59075],[24.16367,37.59075],[24.26367,37.59075],[24.36367,37.49075],[24.46367,37.49075],[24.56367,37.49075],[24.66367,37.49075],[24.76367,37.49075],[24.86367,37.49075],[24.96367,37.49075],[25.06367,37.49075],[25.16367,37.49075],[25.26367,37.39075],[25.27,37.4]]}},{"type":"Feature","properties":{"id":568904,"kind":"coastal"},"geometry":{"type":"LineString","coordinates":[[23.13247,37.92833],[23.16367,37.89075],[23.26367,37.89075],[23.36367,37.89075],[23.46367,37.79075],[23.56367,37.79075],[23.66367,37.79075],[23.76367,37.79075],[23.86367,37.69075],[23.96367,37.59075],[24.06367,37.59075],[24.16367,37.59075],[24.26367,37.59075],[24.36367,37.49075],[24.46367,37.49075],[24.56367,37.49075],[24.66367,37.49075],[24.76367,37.49075],[24.86367,37.49075],[24.96367,37.49075],[25.06367,37.49075],[25.16367,37.49075],[25.26367,37.49075],[25.36367,37.49075],[25.46367,37.49075],[25.56367,37.39075],[25.66367,37.29075],[25.76367,37.19075],[25.86367,37.09075],[25.96367,36.99075],[26.06367,36.89075],[26.16367,36.79075],[26.26367,36.69075],[26.36367,36.59075],[26.35,36.55]]}},{"type":"Feature","properties":{"id":563345,"kind":"coastal"},"geometry":{"type":"LineString","coordinates":[[23.12,32.61],[23.16367,32.59075],[23.26367,32.49075],[23.36367,32.39075],[23.46367,32.29075],[23.46367,32.19075],[23.45,32.17]]}},{"type":"Feature","properties":{"id":568964,"kind":"coastal"},"geometry":{"type":"LineString","coordinates":[[23.2,36.44],[23.16367,36.39075],[23.26367,36.39075],[23.36367,36.39075],[23.46367,36.39075],[23.56367,36.39075],[23.66367,36.39075],[23.76367,36.39075],[23.86367,36.39075],[23.96367,36.39075],[24.06367,36.39075],[24.16367,36.39075],[24.26367,36.39075],[24.36367,36.39075],[24.46367,36.39075],[24.56367,36.39075],[24.66367,36.39075],[24.76367,36.29075],[24.86367,36.19075],[24.96367,36.09075],[25.06367,35.99075],[25.16367,35.89075],[25.26367,35.79075],[25.36367,35.69075],[25.46367,35.59075],[25.56367,35.49075],[25.66367,35.39075],[25.76367,35.29075],[25.77,35.34]]}},{"type":"Feature","properties":{"id":563388,"kind":"coastal"},"geometry":{"type":"LineString","coordinates":[[23.45,32.17],[23.46367,32.19075],[23.56367,32.19075],[23.66367,32.19075],[23.76367,32.19075],[23.86367,32.19075],[23.96367,32.19075],[24.06367,32.19075],[24.16367,32.19075],[24.26367,32.19075],[24.36367,32.19075],[24.46367,32.19075],[24.56367,32.19075],[24.66367,32.19075],[24.76367,32.19075],[24.86367,32.09075],[24.96367,31.99075],[25.06367,31.89075],[25.04,31.92]]}},{"type":"Feature","properties":{"id":568980,"kind":"coastal"},"geometry":{"type":"LineString","coordinates":[[23.58,35.27],[23.56367,35.19075],[23.46367,35.29075],[23.46367,35.39075],[23.46367,35.49075],[23.56367,35.59075],[23.6,35.63]]}},{"type":"Feature","properties":{"id":568970,"kind":"coastal"},"geometry":{"type":"LineString","coordinates":[[23.58,35.27],[23.56367,35.19075],[23.66367,35.19075],[23.76367,35.19075],[23.86367,35.09075],[23.96367,34.99075],[24.06367,34.89075],[24.06,34.86]]}},{"type":"Feature","properties":{"id":569000,"kind":"coastal"},"geometry":{"type":"LineString","coordinates":[[23.59,38.46],[23.66367,38.39075],[23.76367,38.39075],[23.86367,38.39075],[23.96367,38.39075],[24.06367,38.29075],[24.16367,38.19075],[24.16367,38.09075],[24.16367,37.99075],[24.16367,37.89075],[24.16367,37.79075],[24.16367,37.69075],[24.06367,37.59075],[24.03,37.65]]}},{"type":"Feature","properties":{"id":569011,"kind":"coastal"},"geometry":{"type":"LineString","coordinates":[[23.59,38.46],[23.66367,38.39075],[23.76367,38.39075],[23.86367,38.39075],[23.96367,38.39075],[24.06367,38.29075],[24.16367,38.19075],[24.26367,38.09075],[24.26367,37.99075],[24.36367,37.89075],[24.46367,37.89075],[24.56367,37.89075],[24.55,37.98]]}},{"type":"Feature","properties":{"id":569023,"kind":"coastal"},"geometry":{"type":"LineString","coordinates":[[23.59,38.46],[23.66367,38.39075],[23.76367,38.39075],[23.86367,38.39075],[23.96367,38.39075],[24.06367,38.29075],[24.16367,38.19075],[24.26367,38.09075],[24.26367,37.99075],[24.36367,37.89075],[24.46367,37.89075],[24.56367,37.89075],[24.66367,37.89075],[24.76367,37.79075],[24.86367,37.69075],[24.96367,37.69075],[25.06367,37.69075],[25.16367,37.69075],[25.26367,37.69075],[25.36367,37.69075],[25.46367,37.69075],[25.56367,37.69075],[25.66367,37.69075],[25.76367,37.69075],[25.86367,37.69075],[25.96367,37.69075],[26.06367,37.69075],[26.16367,37.69075],[26.26367,37.69075],[26.36367,37.69075],[26.46367,37.69075],[26.56367,37.69075],[26.66367,37.69075],[26.76367,37.59075],[26.86367,37.59075],[26.96367,37.69075],[27.06367,37.69075],[27.02,37.67]]}},{"type":"Feature","properties":{"id":571830,"kind":"coastal"},"geometry":{"type":"LineString","coordinates":[[23.59,38.46],[23.66367,38.39075],[23.76367,38.39075],[23.86367,38.39075],[23.96367,38.39075],[24.06367,38.29075],[24.16367,38.19075],[24.26367,38.09075],[24.26367,37.99075],[24.36367,37.89075],[24.46367,37.89075],[24.56367,37.89075],[24.66367,37.99075],[24.66367,38.09075],[24.56367,38.19075],[24.46367,38.29075],[24.36367,38.39075],[24.26367,38.49075],[24.16367,38.59075],[24.06367,38.69075],[23.96367,38.79075],[23.86367,38.89075],[23.76367,38.99075],[23.66367,39.09075],[23.56367,39.09075],[23.46367,39.09075],[23.36367,39.09075],[23.26367,39.09075],[23.16367,39.09075],[23.06367,39.19075],[22.96367,39.29075],[22.91666,39.30278]]}},{"type":"Feature","properties":{"id":569073,"kind":"coastal"},"geometry":{"type":"LineString","coordinates":[[23.6,35.63],[23.56367,35.59075],[23.66367,35.69075],[23.76367,35.69075],[23.86367,35.69075],[23.96367,35.69075],[24.06367,35.69075],[24.16367,35.69075],[24.26367,35.69075],[24.36367,35.69075],[24.46367,35.69075],[24.56367,35.69075],[24.66367,35.69075],[24.76367,35.69075],[24.86367,35.69075],[24.96367,35.69075],[25.06367,35.69075],[25.16367,35.59075],[25.26367,35.49075],[25.36367,35.39075],[25.39,35.32]]}},{"type":"Feature","properties":{"id":563787,"kind":"coastal"},"geometry":{"type":"LineString","coordinates":[[24.03,37.65],[24.06367,37.59075],[24.16367,37.69075],[24.26367,37.79075],[24.36367,37.89075],[24.46367,37.89075],[24.56367,37.89075],[24.55,37.98]]}},{"type":"Feature","properties":{"id":563600,"kind":"coastal"},"geometry":{"type":"LineString","coordinates":[[24.03,37.65],[24.06367,37.59075],[24.16367,37.59075],[24.26367,37.59075],[24.36367,37.49075],[24.46367,37.49075],[24.56367,37.49075],[24.66367,37.49075],[24.76367,37.49075],[24.86367,37.49075],[24.96367,37.49075],[25.06367,37.49075],[25.16367,37.49075],[25.26367,37.39075],[25.27,37.4]]}},{"type":"Feature","properties":{"id":569111,"kind":"coastal"},"geometry":{"type":"LineString","coordinates":[[24.03,37.65],[24.06367,37.59075],[24.16367,37.59075],[24.26367,37.59075],[24.36367,37.49075],[24.46367,37.49075],[24.56367,37.49075],[24.66367,37.49075],[24.76367,37.49075],[24.86367,37.49075],[24.96367,37.49075],[25.06367,37.49075],[25.16367,37.49075],[25.26367,37.49075],[25.36367,37.49075],[25.46367,37.49075],[25.56367,37.49075],[25.66367,37.49075],[25.76367,37.49075],[25.86367,37.49075],[25.96367,37.49075],[26.06367,37.49075],[26.16367,37.49075],[26.26367,37.59075],[26.36367,37.59075],[26.46367,37.59075],[26.56367,37.59075],[26.66367,37.59075],[26.76367,37.59075],[26.86367,37.59075],[26.96367,37.69075],[27.06367,37.69075],[27.02,37.67]]}},{"type":"Feature","properties":{"id":572464,"kind":"coastal"},"geometry":{"type":"LineString","coordinates":[[24.03,37.65],[24.06367,37.59075],[24.16367,37.59075],[24.26367,37.59075],[24.36367,37.49075],[24.46367,37.49075],[24.56367,37.49075],[24.66367,37.49075],[24.76367,37.49075],[24.86367,37.39075],[24.96367,37.29075],[25.06367,37.19075],[25.16367,37.19075],[25.26367,37.19075],[25.36367,37.19075],[25.46367,37.19075],[25.56367,37.19075],[25.66367,37.19075],[25.76367,37.19075],[25.86367,37.19075],[25.96367,37.19075],[26.06367,37.19075],[26.16367,37.19075],[26.26367,37.19075],[26.36367,37.19075],[26.46367,37.19075],[26.56367,37.19075],[26.66367,37.19075],[26.76367,37.19075],[26.86367,37.19075],[26.96367,37.19075],[27.06367,37.19075],[27.16367,37.19075],[27.26367,37.09075],[27.24,37.08]]}},{"type":"Feature","properties":{"id":572534,"kind":"coastal"},"geometry":{"type":"LineString","coordinates":[[24.22,40.26],[24.16367,40.19075],[24.26367,40.09075],[24.36367,40.09075],[24.46367,40.09075],[24.56367,39.99075],[24.66367,39.89075],[24.76367,39.79075],[24.86367,39.79075],[24.96367,39.79075],[25.06367,39.79075],[25.16367,39.79075],[25.23475,39.93184]]}},{"type":"Feature","properties":{"id":569137,"kind":"coastal"},"geometry":{"type":"LineString","coordinates":[[24.22,40.26],[24.16367,40.19075],[24.26367,40.09075],[24.36367,40.09075],[24.46367,40.09075],[24.56367,39.99075],[24.66367,39.89075],[24.76367,39.79075],[24.86367,39.79075],[24.96367,39.79075],[25.06367,39.79075],[25.16367,39.79075],[25.26367,39.79075],[25.36367,39.79075],[25.46367,39.79075],[25.56367,39.79075],[25.66367,39.79075],[25.76367,39.79075],[25.86367,39.79075],[25.96367,39.79075],[26.05058,39.81667]]}},{"type":"Feature","properties":{"id":571720,"kind":"coastal"},"geometry":{"type":"MultiLineString","coordinates":[[[23.86367,40.69075],[23.83672,40.81377]],[[23.96367,40.69075],[23.86367,40.69075]],[[24.06367,40.59075],[23.96367,40.69075]],[[24.16367,40.49075],[24.06367,40.59075]],[[24.26367,40.39075],[24.16367,40.49075]],[[24.36367,40.29075],[24.26367,40.39075]],[[24.46367,40.19075],[24.36367,40.29075]],[[24.36367,40.09075],[24.46367,40.19075]],[[24.26367,40.09075],[24.36367,40.09075]],[[24.16367,40.19075],[24.26367,40.09075]],[[24.22,40.26],[24.16367,40.19075]]]}},{"type":"Feature","properties":{"id":571837,"kind":"coastal"},"geometry":{"type":"LineString","coordinates":[[24.22,40.26],[24.16367,40.19075],[24.26367,40.09075],[24.36367,40.09075],[24.46367,40.09075],[24.56367,40.09075],[24.66367,40.09075],[24.76367,40.09075],[24.86367,40.09075],[24.96367,40.09075],[25.06367,40.09075],[25.16367,40.09075],[25.26367,40.09075],[25.36367,40.09075],[25.46367,40.09075],[25.56367,40.09075],[25.66367,40.09075],[25.76367,40.09075],[25.86367,40.09075],[25.84444,40.16083]]}},{"type":"Feature","properties":{"id":569164,"kind":"coastal"},"geometry":{"type":"LineString","coordinates":[[24.55,37.98],[24.56367,37.89075],[24.66367,37.99075],[24.66367,38.09075],[24.56367,38.19075],[24.46367,38.29075],[24.36367,38.39075],[24.26367,38.49075],[24.16367,38.59075],[24.06367,38.69075],[23.96367,38.79075],[23.86367,38.89075],[23.76367,38.99075],[23.66367,39.09075],[23.56367,39.09075],[23.46367,39.09075],[23.36367,39.09075],[23.26367,39.09075],[23.16367,39.09075],[23.06367,39.19075],[22.96367,39.29075],[22.91666,39.30278]]}},{"type":"Feature","properties":{"id":571673,"kind":"coastal"},"geometry":{"type":"MultiLineString","coordinates":[[[23.66367,39.19075],[23.68467,39.13954]],[[23.76367,39.09075],[23.66367,39.19075]],[[23.86367,38.99075],[23.76367,39.09075]],[[23.96367,38.89075],[23.86367,38.99075]],[[24.06367,38.79075],[23.96367,38.89075]],[[24.16367,38.69075],[24.06367,38.79075]],[[24.26367,38.59075],[24.16367,38.69075]],[[24.36367,38.49075],[24.26367,38.59075]],[[24.46367,38.39075],[24.36367,38.49075]],[[24.56367,38.29075],[24.46367,38.39075]],[[24.66367,38.19075],[24.56367,38.29075]],[[24.66367,38.09075],[24.66367,38.19075]],[[24.66367,37.99075],[24.66367,38.09075]],[[24.56367,37.89075],[24.66367,37.99075]],[[24.55,37.98],[24.56367,37.89075]]]}},{"type":"Feature","properties":{"id":571832,"kind":"coastal"},"geometry":{"type":"LineString","coordinates":[[24.55,37.98],[24.56367,37.89075],[24.66367,37.99075],[24.76367,38.09075],[24.86367,37.99075],[24.96367,37.89075],[24.86,37.85]]}},{"type":"Feature","properties":{"id":572135,"kind":"coastal"},"geometry":{"type":"LineString","coordinates":[[24.71,40.78],[24.76367,40.79075],[24.86367,40.69075],[24.96367,40.59075],[24.96367,40.49075],[24.96367,40.39075],[24.96367,40.29075],[24.96367,40.19075],[24.96367,40.09075],[24.96367,39.99075],[24.96367,39.89075],[25.06367,39.79075],[25.16367,39.79075],[25.23475,39.93184]]}},{"type":"Feature","properties":{"id":569180,"kind":"coastal"},"geometry":{"type":"LineString","coordinates":[[24.71,40.78],[24.76367,40.79075],[24.86367,40.79075],[24.96367,40.79075],[25.06367,40.69075],[25.16367,40.59075],[25.26367,40.49075],[25.36367,40.39075],[25.46367,40.29075],[25.56367,40.19075],[25.66367,40.09075],[25.76367,40.09075],[25.86367,40.09075],[25.96367,40.09075],[26.06367,40.09075],[26.16367,39.99075],[26.36367,40.09075],[26.36367,40.19075],[26.41722,40.22836]]}},{"type":"Feature","properties":{"id":569193,"kind":"coastal"},"geometry":{"type":"LineString","coordinates":[[25.04,31.92],[25.06367,31.89075],[25.16367,31.79075],[25.09,31.75]]}},{"type":"Feature","properties":{"id":569207,"kind":"coastal"},"geometry":{"type":"LineString","coordinates":[[25.23475,39.93184],[25.16367,39.79075],[25.26367,39.69075],[25.36367,39.59075],[25.46367,39.49075],[25.56367,39.39075],[25.66367,39.29075],[25.76367,39.19075],[25.86367,39.09075],[25.96367,39.09075],[26.06367,39.09075],[26.26367,39.19075],[26.31,39.21]]}},{"type":"Feature","properties":{"id":572462,"kind":"coastal"},"geometry":{"type":"LineString","coordinates":[[25.21,37.42],[25.16367,37.39075],[25.26367,37.39075],[25.36367,37.39075],[25.37,37.44]]}},{"type":"Feature","properties":{"id":569251,"kind":"coastal"},"geometry":{"type":"LineString","coordinates":[[25.27,37.4],[25.26367,37.39075],[25.36367,37.39075],[25.46367,37.39075],[25.56367,37.39075],[25.66367,37.39075],[25.76367,37.39075],[25.86367,37.39075],[25.96367,37.39075],[26.06367,37.39075],[26.16367,37.39075],[26.26367,37.39075],[26.36367,37.39075],[26.46367,37.39075],[26.56367,37.39075],[26.66367,37.39075],[26.76367,37.39075],[26.86367,37.39075],[26.96367,37.39075],[27.06367,37.29075],[27.16367,37.19075],[27.26367,37.09075],[27.36367,36.99075],[27.36367,36.89075],[27.29,36.89]]}},{"type":"Feature","properties":{"id":571838,"kind":"coastal"},"geometry":{"type":"LineString","coordinates":[[25.27,37.4],[25.26367,37.39075],[25.26367,37.49075],[25.26367,37.59075],[25.16367,37.69075],[25.06367,37.79075],[24.96367,37.89075],[24.86367,37.99075],[24.76367,38.09075],[24.66367,38.19075],[24.56367,38.29075],[24.46367,38.39075],[24.36367,38.49075],[24.26367,38.59075],[24.16367,38.69075],[24.06367,38.79075],[23.96367,38.89075],[23.86367,38.99075],[23.76367,39.09075],[23.66367,39.19075],[23.68467,39.13954]]}},{"type":"Feature","properties":{"id":572537,"kind":"coastal"},"geometry":{"type":"LineString","coordinates":[[25.27,37.4],[25.26367,37.39075],[25.36367,37.39075],[25.46367,37.39075],[25.56367,37.39075],[25.66367,37.29075],[25.76367,37.19075],[25.86367,37.09075],[25.96367,36.99075],[26.06367,36.89075],[25.96367,36.79075],[25.9,36.83]]}},{"type":"Feature","properties":{"id":572538,"kind":"coastal"},"geometry":{"type":"LineString","coordinates":[[25.27,37.4],[25.26367,37.39075],[25.36367,37.29075],[25.36367,37.19075],[25.36367,37.09075],[25.36367,36.99075],[25.46367,36.89075],[25.56367,36.79075],[25.66367,36.69075],[25.76367,36.59075],[25.86367,36.49075],[25.86367,36.39075],[25.85407,36.34982]]}},{"type":"Feature","properties":{"id":572539,"kind":"coastal"},"geometry":{"type":"LineString","coordinates":[[25.27,37.4],[25.26367,37.39075],[25.26367,37.49075],[25.26367,37.59075],[25.16367,37.69075],[25.06367,37.79075],[24.96367,37.89075],[24.86,37.85]]}},{"type":"Feature","properties":{"id":571904,"kind":"coastal"},"geometry":{"type":"LineString","coordinates":[[25.27,37.4],[25.26367,37.39075],[25.16367,37.49075],[25.06367,37.49075],[24.96367,37.49075],[24.86367,37.49075],[24.76367,37.49075],[24.66367,37.49075],[24.56367,37.49075],[24.46367,37.49075],[24.36367,37.49075],[24.26367,37.59075],[24.33333,37.61667]]}},{"type":"Feature","properties":{"id":572479,"kind":"coastal"},"geometry":{"type":"LineString","coordinates":[[25.27,37.4],[25.26367,37.39075],[25.36367,37.49075],[25.46367,37.49075],[25.56367,37.49075],[25.66367,37.49075],[25.76367,37.49075],[25.86367,37.49075],[25.96367,37.49075],[26.06367,37.49075],[26.16367,37.49075],[26.26367,37.59075],[26.36367,37.59075],[26.46367,37.59075],[26.5,37.566]]}},{"type":"Feature","properties":{"id":571906,"kind":"coastal"},"geometry":{"type":"LineString","coordinates":[[25.27,37.4],[25.26367,37.39075],[25.16367,37.39075],[25.06367,37.39075],[24.96367,37.39075],[24.86367,37.39075],[24.76367,37.39075],[24.66367,37.39075],[24.56367,37.39075],[24.46367,37.39075],[24.36367,37.39075],[24.26367,37.29075],[24.25,37.25]]}},{"type":"Feature","properties":{"id":572481,"kind":"coastal"},"geometry":{"type":"LineString","coordinates":[[25.27,37.4],[25.26367,37.39075],[25.36367,37.39075],[25.46367,37.39075],[25.56367,37.39075],[25.66367,37.39075],[25.76367,37.29075],[25.75,37.25]]}},{"type":"Feature","properties":{"id":572544,"kind":"coastal"},"geometry":{"type":"LineString","coordinates":[[25.27,37.4],[25.26367,37.39075],[25.36367,37.29075],[25.36367,37.19075],[25.36367,37.09075],[25.26367,36.99075],[25.26367,36.89075],[25.26367,36.79075],[25.26367,36.69075],[25.33333,36.71667]]}},{"type":"Feature","properties":{"id":572416,"kind":"coastal"},"geometry":{"type":"LineString","coordinates":[[25.27,37.4],[25.26367,37.39075],[25.16367,37.29075],[25.06367,37.19075],[24.96367,37.09075],[24.86367,36.99075],[24.76367,36.89075],[24.66367,36.89075],[24.56367,36.89075],[24.46367,36.79075],[24.55,36.8]]}},{"type":"Feature","properties":{"id":572546,"kind":"coastal"},"geometry":{"type":"LineString","coordinates":[[25.27,37.4],[25.26367,37.39075],[25.36367,37.29075],[25.36367,37.19075],[25.36367,37.09075],[25.49,37.05]]}},{"type":"Feature","properties":{"id":572485,"kind":"coastal"},"geometry":{"type":"LineString","coordinates":[[25.27,37.4],[25.26367,37.39075],[25.36367,37.39075],[25.46367,37.39075],[25.56367,37.39075],[25.66367,37.39075],[25.76367,37.39075],[25.86367,37.39075],[25.96367,37.39075],[26.06367,37.39075],[26.16367,37.39075],[26.26367,37.39075],[26.36367,37.39075],[26.46367,37.39075],[26.56367,37.39075],[26.55785,37.31577]]}},{"type":"Feature","properties":{"id":572419,"kind":"coastal"},"geometry":{"type":"LineString","coordinates":[[25.27,37.4],[25.26367,37.39075],[25.16367,37.29075],[25.06367,37.19075],[24.96367,37.09075],[24.86367,36.99075],[24.76367,36.89075],[24.66367,36.89075],[24.66367,36.99075],[24.66667,36.98333]]}},{"type":"Feature","properties":{"id":572549,"kind":"coastal"},"geometry":{"type":"LineString","coordinates":[[25.27,37.4],[25.26367,37.39075],[25.16367,37.39075],[25.06367,37.39075],[24.96367,37.39075],[24.92,37.43]]}},{"type":"Feature","properties":{"id":572550,"kind":"coastal"},"geometry":{"type":"LineString","coordinates":[[25.27,37.4],[25.26367,37.39075],[25.16367,37.49075],[25.06367,37.59075],[25.114,37.607]]}},{"type":"Feature","properties":{"id":572551,"kind":"coastal"},"geometry":{"type":"LineString","coordinates":[[25.27,37.4],[25.26367,37.39075],[25.36367,37.29075],[25.36367,37.19075],[25.36367,37.09075],[25.26367,36.99075],[25.26367,36.89075],[25.26367,36.79075],[25.26367,36.69075],[25.36367,36.59075],[25.36367,36.49075],[25.36367,36.39075],[25.43333,36.41667]]}},{"type":"Feature","properties":{"id":569281,"kind":"coastal"},"geometry":{"type":"LineString","coordinates":[[25.39,35.32],[25.36367,35.39075],[25.46367,35.39075],[25.56367,35.39075],[25.66367,35.39075],[25.76367,35.29075],[25.77,35.34]]}},{"type":"Feature","properties":{"id":569248,"kind":"coastal"},"geometry":{"type":"LineString","coordinates":[[25.77,35.34],[25.76367,35.29075],[25.86367,35.39075],[25.96367,35.49075],[26.06367,35.59075],[26.16367,35.69075],[26.26367,35.79075],[26.36367,35.89075],[26.36367,35.99075],[26.36367,36.09075],[26.36367,36.19075],[26.36367,36.29075],[26.36367,36.39075],[26.36367,36.49075],[26.36367,36.59075],[26.35,36.55]]}},{"type":"Feature","properties":{"id":569317,"kind":"coastal"},"geometry":{"type":"LineString","coordinates":[[25.77,35.34],[25.76367,35.29075],[25.86367,35.29075],[25.96367,35.29075],[26.06367,35.29075],[26.16367,35.29075],[26.26367,35.29075],[26.25372,35.28063]]}},{"type":"Feature","properties":{"id":572552,"kind":"coastal"},"geometry":{"type":"LineString","coordinates":[[25.77,35.34],[25.76367,35.29075],[25.76367,35.39075],[25.76367,35.49075],[25.76367,35.59075],[25.76367,35.69075],[25.76367,35.79075],[25.76367,35.89075],[25.76367,35.99075],[25.66367,36.09075],[25.56367,36.19075],[25.46367,36.29075],[25.36367,36.39075],[25.43333,36.41667]]}},{"type":"Feature","properties":{"id":569341,"kind":"coastal"},"geometry":{"type":"LineString","coordinates":[[26.05058,39.81667],[25.96367,39.79075],[25.86367,39.69075],[25.76367,39.59075],[25.76367,39.49075],[25.76367,39.39075],[25.76367,39.29075],[25.76367,39.19075],[25.86367,39.09075],[25.96367,39.09075],[26.06367,39.09075],[26.26367,39.19075],[26.31,39.21]]}},{"type":"Feature","properties":{"id":569353,"kind":"coastal"},"geometry":{"type":"LineString","coordinates":[[26.05058,39.81667],[25.96367,39.79075],[26.06367,39.89075],[26.16367,39.99075],[26.36367,40.09075],[26.36367,40.19075],[26.41722,40.22836]]}},{"type":"Feature","properties":{"id":572516,"kind":"coastal"},"geometry":{"type":"LineString","coordinates":[[26.05058,39.81667],[25.96367,39.79075],[25.96367,39.69075],[25.96367,39.59075],[25.96367,39.49075],[25.96367,39.39075],[25.86367,39.29075],[25.76367,39.19075],[25.86367,39.09075],[25.96367,38.99075],[26.06367,38.89075],[26.16367,38.79075],[26.26367,38.69075],[26.26367,38.59075],[26.26367,38.49075],[26.26367,38.39075],[26.26367,38.29075],[26.36367,38.19075],[26.46367,38.09075],[26.56367,37.99075],[26.56367,37.89075],[26.56367,37.79075],[26.66367,37.69075],[26.76367,37.59075],[26.86367,37.49075],[26.96367,37.39075],[27.06367,37.29075],[27.16367,37.19075],[27.26367,37.09075],[27.36367,36.99075],[27.46367,36.99075],[27.56367,36.89075],[27.66367,36.89075],[27.76367,36.79075],[27.86367,36.69075],[27.96367,36.69075],[28.06367,36.59075],[28.16367,36.49075],[28.26367,36.39075],[28.23,36.44]]}},{"type":"Feature","properties":{"id":569250,"kind":"coastal"},"geometry":{"type":"LineString","coordinates":[[26.14,38.37],[26.16367,38.39075],[26.16367,38.49075],[26.16367,38.59075],[26.16367,38.69075],[26.16367,38.79075],[26.16367,38.89075],[26.16367,38.99075],[26.06367,39.09075],[26.26367,39.19075],[26.31,39.21]]}},{"type":"Feature","properties":{"id":563597,"kind":"coastal"},"geometry":{"type":"LineString","coordinates":[[26.14,38.37],[26.16367,38.39075],[26.26367,38.29075],[26.36367,38.19075],[26.46367,38.09075],[26.56367,37.99075],[26.56367,37.89075],[26.56367,37.79075],[26.66367,37.69075],[26.76367,37.59075],[26.86367,37.59075],[26.96367,37.69075],[26.94,37.69]]}},{"type":"Feature","properties":{"id":572517,"kind":"coastal"},"geometry":{"type":"LineString","coordinates":[[26.14,38.37],[26.16367,38.39075],[26.26367,38.29075],[26.36367,38.19075],[26.46367,38.09075],[26.56367,37.99075],[26.56367,37.89075],[26.56367,37.79075],[26.66367,37.69075],[26.76367,37.59075],[26.86367,37.49075],[26.96367,37.39075],[27.06367,37.29075],[27.16367,37.19075],[27.26367,37.09075],[27.36367,36.99075],[27.46367,36.99075],[27.56367,36.89075],[27.66367,36.89075],[27.76367,36.79075],[27.86367,36.69075],[27.96367,36.69075],[28.06367,36.59075],[28.16367,36.49075],[28.26367,36.39075],[28.23,36.44]]}},{"type":"Feature","properties":{"id":566930,"kind":"coastal"},"geometry":{"type":"LineString","coordinates":[[26.2,40.01],[26.16367,39.99075],[26.36367,40.09075],[26.36367,40.19075],[26.41722,40.22836]]}},{"type":"Feature","properties":{"id":569382,"kind":"coastal"},"geometry":{"type":"LineString","coordinates":[[26.2,40.01],[26.16367,39.99075],[26.06367,39.89075],[25.96367,39.79075],[25.86367,39.69075],[25.76367,39.59075],[25.76367,39.49075],[25.76367,39.39075],[25.76367,39.29075],[25.76367,39.19075],[25.86367,39.09075],[25.96367,38.99075],[26.06367,38.89075],[26.16367,38.79075],[26.26367,38.69075],[26.26367,38.59075],[26.26367,38.49075],[26.26367,38.39075],[26.26367,38.29075],[26.36367,38.19075],[26.46367,38.09075],[26.56367,37.99075],[26.56367,37.89075],[26.56367,37.79075],[26.66367,37.69075],[26.76367,37.59075],[26.86367,37.49075],[26.96367,37.39075],[27.06367,37.29075],[27.16367,37.19075],[27.26367,37.09075],[27.36367,36.99075],[27.46367,36.99075],[27.56367,36.89075],[27.66367,36.89075],[27.76367,36.79075],[27.86367,36.69075],[27.96367,36.69075],[28.06367,36.59075],[28.16367,36.49075],[28.26367,36.39075],[28.23,36.44]]}},{"type":"Feature","properties":{"id":569461,"kind":"coastal"},"geometry":{"type":"LineString","coordinates":[[26.35,36.55],[26.36367,36.59075],[26.46367,36.59075],[26.56367,36.59075],[26.66367,36.59075],[26.76367,36.59075],[26.86367,36.59075],[26.96367,36.59075],[27.06367,36.59075],[27.16367,36.49075],[27.26367,36.49075],[27.36367,36.49075],[27.46367,36.49075],[27.56367,36.49075],[27.66367,36.49075],[27.76367,36.49075],[27.86367,36.49075],[27.96367,36.49075],[28.06367,36.49075],[28.16367,36.49075],[28.26367,36.39075],[28.23,36.44]]}},{"type":"Feature","properties":{"id":572564,"kind":"coastal"},"geometry":{"type":"LineString","coordinates":[[26.35,36.55],[26.36367,36.59075],[26.26367,36.69075],[26.16367,36.79075],[26.06367,36.79075],[25.96367,36.79075],[25.9,36.83]]}},{"type":"Feature","properties":{"id":572437,"kind":"coastal"},"geometry":{"type":"LineString","coordinates":[[26.35,36.55],[26.36367,36.59075],[26.26367,36.49075],[26.16367,36.49075],[26.06367,36.49075],[25.96367,36.49075],[25.86367,36.39075],[25.85407,36.34982]]}},{"type":"Feature","properties":{"id":572567,"kind":"coastal"},"geometry":{"type":"LineString","coordinates":[[26.35,36.55],[26.36367,36.59075],[26.36367,36.69075],[26.26367,36.79075],[26.25,36.75]]}},{"type":"Feature","properties":{"id":569505,"kind":"coastal"},"geometry":{"type":"LineString","coordinates":[[26.41722,40.22836],[26.36367,40.19075],[26.36367,40.09075],[26.16367,39.99075],[26.06367,40.09075],[25.96367,40.09075],[25.86367,40.09075],[25.76367,40.09075],[25.66367,40.09075],[25.56367,40.19075],[25.46367,40.29075],[25.36367,40.39075],[25.26367,40.49075],[25.16367,40.49075],[25.06367,40.49075],[24.96367,40.49075],[24.86367,40.49075],[24.76367,40.49075],[24.66367,40.49075],[24.56367,40.59075],[24.46367,40.69075],[24.46367,40.79075],[24.46367,40.89075],[24.4681,40.94969]]}},{"type":"Feature","properties":{"id":572459,"kind":"coastal"},"geometry":{"type":"LineString","coordinates":[[26.94,37.69],[26.96367,37.69075],[27.06367,37.69075],[27.02,37.67]]}},{"type":"Feature","properties":{"id":572520,"kind":"coastal"},"geometry":{"type":"LineString","coordinates":[[26.94,37.69],[26.96367,37.69075],[27.06367,37.59075],[27.16367,37.49075],[27.16367,37.39075],[27.26367,37.29075],[27.26367,37.19075],[27.26367,37.09075],[27.36367,36.99075],[27.36367,36.89075],[27.29,36.89]]}},{"type":"Feature","properties":{"id":572519,"kind":"coastal"},"geometry":{"type":"LineString","coordinates":[[26.94,37.69],[26.96367,37.69075],[27.06367,37.59075],[27.16367,37.49075],[27.16367,37.39075],[27.26367,37.29075],[27.36367,37.19075],[27.46367,37.09075],[27.46367,36.99075],[27.56367,36.89075],[27.66367,36.89075],[27.76367,36.79075],[27.86367,36.69075],[27.96367,36.69075],[28.06367,36.59075],[28.16367,36.49075],[28.26367,36.39075],[28.23,36.44]]}},{"type":"Feature","properties":{"id":572522,"kind":"coastal"},"geometry":{"type":"LineString","coordinates":[[26.94,37.69],[26.96367,37.69075],[26.86367,37.59075],[26.76367,37.59075],[26.66367,37.69075],[26.56367,37.69075],[26.46367,37.69075],[26.36367,37.69075],[26.26367,37.69075],[26.16367,37.69075],[26.06367,37.69075],[26.059,37.6215]]}},{"type":"Feature","properties":{"id":572394,"kind":"coastal"},"geometry":{"type":"LineString","coordinates":[[26.94,37.69],[26.96367,37.69075],[26.86367,37.59075],[26.76367,37.59075],[26.66367,37.49075],[26.56367,37.39075],[26.46367,37.29075],[26.36367,37.19075],[26.26367,37.09075],[26.16367,36.99075],[26.06367,36.89075],[25.96367,36.79075],[25.86367,36.69075],[25.76367,36.69075],[25.75,36.75]]}},{"type":"Feature","properties":{"id":569438,"kind":"coastal"},"geometry":{"type":"LineString","coordinates":[[27.02,37.67],[27.06367,37.69075],[27.16367,37.59075],[27.16367,37.49075],[27.16367,37.39075],[27.26367,37.29075],[27.36367,37.29075],[27.46367,37.19075],[27.59,37.19]]}},{"type":"Feature","properties":{"id":569603,"kind":"coastal"},"geometry":{"type":"LineString","coordinates":[[27.0691,40.4205],[27.06367,40.49075],[27.16367,40.59075],[27.26367,40.59075],[27.36367,40.59075],[27.46367,40.59075],[27.55568,40.59169]]}},{"type":"Feature","properties":{"id":569616,"kind":"coastal"},"geometry":{"type":"LineString","coordinates":[[27.21,35.51],[27.26367,35.49075],[27.36367,35.59075],[27.46367,35.69075],[27.56367,35.79075],[27.66367,35.89075],[27.76367,35.89075],[27.86367,35.89075],[27.96367,35.99075],[28.06367,35.99075],[28.16367,36.09075],[28.16367,36.19075],[28.26367,36.29075],[28.26367,36.39075],[28.23,36.44]]}},{"type":"Feature","properties":{"id":569626,"kind":"coastal"},"geometry":{"type":"LineString","coordinates":[[27.21,35.51],[27.26367,35.49075],[27.16367,35.39075],[27.06367,35.39075],[26.96367,35.39075],[26.86367,35.39075],[26.76367,35.39075],[26.66367,35.39075],[26.56367,35.39075],[26.46367,35.39075],[26.36367,35.39075],[26.26367,35.29075],[26.25372,35.28063]]}},{"type":"Feature","properties":{"id":572559,"kind":"coastal"},"geometry":{"type":"LineString","coordinates":[[27.24,37.08],[27.26367,37.09075],[27.36367,36.99075],[27.36367,36.89075],[27.29,36.89]]}},{"type":"Feature","properties":{"id":569665,"kind":"coastal"},"geometry":{"type":"LineString","coordinates":[[27.24,37.08],[27.26367,37.09075],[27.36367,36.99075],[27.46367,36.99075],[27.43,37.04]]}},{"type":"Feature","properties":{"id":564470,"kind":"coastal"},"geometry":{"type":"LineString","coordinates":[[27.24,37.08],[27.26367,37.09075],[27.36367,37.19075],[27.46367,37.19075],[27.59,37.19]]}},{"type":"Feature","properties":{"id":572557,"kind":"coastal"},"geometry":{"type":"LineString","coordinates":[[27.24,37.08],[27.26367,37.09075],[27.36367,36.99075],[27.46367,36.99075],[27.56367,36.89075],[27.66367,36.89075],[27.76367,36.79075],[27.86367,36.69075],[27.96367,36.69075],[28.06367,36.59075],[28.16367,36.49075],[28.26367,36.39075],[28.23,36.44]]}},{"type":"Feature","properties":{"id":572560,"kind":"coastal"},"geometry":{"type":"LineString","coordinates":[[27.24,37.08],[27.26367,37.09075],[27.16367,37.19075],[27.06367,37.29075],[26.96367,37.39075],[26.86367,37.49075],[26.76367,37.49075],[26.66367,37.49075],[26.56367,37.49075],[26.46367,37.49075],[26.36367,37.49075],[26.26367,37.49075],[26.16367,37.49075],[26.06367,37.49075],[25.96367,37.49075],[25.86367,37.49075],[25.76367,37.49075],[25.66367,37.49075],[25.56367,37.49075],[25.46367,37.49075],[25.36367,37.49075],[25.26367,37.49075],[25.16367,37.49075],[25.06367,37.49075],[24.96367,37.49075],[24.86367,37.49075],[24.76367,37.49075],[24.66367,37.49075],[24.56367,37.49075],[24.46367,37.49075],[24.36367,37.49075],[24.26367,37.59075],[24.16367,37.59075],[24.06367,37.59075],[23.96367,37.59075],[23.86367,37.69075],[23.76367,37.79075],[23.66367,37.89075],[23.625,37.875]]}},{"type":"Feature","properties":{"id":572561,"kind":"coastal"},"geometry":{"type":"LineString","coordinates":[[27.24,37.08],[27.26367,37.09075],[27.26367,37.19075],[27.26367,37.29075],[27.16367,37.39075],[27.16367,37.49075],[27.27568,37.53121]]}},{"type":"Feature","properties":{"id":563527,"kind":"coastal"},"geometry":{"type":"LineString","coordinates":[[27.29,36.89],[27.36367,36.89075],[27.36367,36.79075],[27.36367,36.69075],[27.37,36.69]]}},{"type":"Feature","properties":{"id":563572,"kind":"coastal"},"geometry":{"type":"LineString","coordinates":[[27.29,36.89],[27.36367,36.89075],[27.46367,36.99075],[27.43,37.04]]}},{"type":"Feature","properties":{"id":569691,"kind":"coastal"},"geometry":{"type":"LineString","coordinates":[[27.29,36.89],[27.36367,36.89075],[27.46367,36.89075],[27.56367,36.89075],[27.66367,36.89075],[27.76367,36.79075],[27.86367,36.69075],[27.96367,36.69075],[28.06367,36.59075],[28.16367,36.49075],[28.26367,36.39075],[28.23,36.44]]}},{"type":"Feature","properties":{"id":572555,"kind":"coastal"},"geometry":{"type":"LineString","coordinates":[[27.29,36.89],[27.36367,36.89075],[27.36367,36.99075],[27.26367,37.09075],[27.16367,37.19075],[27.06367,37.29075],[26.96367,37.39075],[26.86367,37.49075],[26.76367,37.49075],[26.66367,37.49075],[26.56367,37.49075],[26.46367,37.49075],[26.36367,37.49075],[26.26367,37.49075],[26.16367,37.49075],[26.06367,37.49075],[25.96367,37.49075],[25.86367,37.49075],[25.76367,37.49075],[25.66367,37.49075],[25.56367,37.49075],[25.46367,37.49075],[25.36367,37.49075],[25.26367,37.49075],[25.16367,37.49075],[25.06367,37.49075],[24.96367,37.49075],[24.86367,37.49075],[24.76367,37.49075],[24.66367,37.49075],[24.56367,37.49075],[24.46367,37.49075],[24.36367,37.49075],[24.26367,37.59075],[24.16367,37.59075],[24.06367,37.59075],[23.96367,37.59075],[23.86367,37.69075],[23.76367,37.79075],[23.66367,37.89075],[23.625,37.875]]}},{"type":"Feature","properties":{"id":569701,"kind":"coastal"},"geometry":{"type":"LineString","coordinates":[[27.37,36.69],[27.36367,36.69075],[27.36367,36.79075],[27.36367,36.89075],[27.46367,36.99075],[27.43,37.04]]}},{"type":"Feature","properties":{"id":572492,"kind":"coastal"},"geometry":{"type":"LineString","coordinates":[[27.37,36.69],[27.36367,36.69075],[27.46367,36.59075],[27.56367,36.59075],[27.66367,36.59075],[27.76367,36.59075],[27.86367,36.49075],[27.96367,36.49075],[28.06367,36.49075],[28.16367,36.49075],[28.26367,36.39075],[28.23,36.44]]}},{"type":"Feature","properties":{"id":569713,"kind":"coastal"},"geometry":{"type":"LineString","coordinates":[[27.37,36.69],[27.36367,36.69075],[27.46367,36.59075],[27.56367,36.59075],[27.66367,36.59075],[27.76367,36.69075],[27.86367,36.69075],[27.96367,36.69075],[28.06367,36.59075],[28.16367,36.59075],[28.26367,36.69075],[28.36367,36.79075],[28.46367,36.79075],[28.56367,36.79075],[28.63,36.83]]}},{"type":"Feature","properties":{"id":569737,"kind":"coastal"},"geometry":{"type":"LineString","coordinates":[[27.55568,40.59169],[27.46367,40.59075],[27.56367,40.69075],[27.66367,40.69075],[27.76367,40.69075],[27.86367,40.69075],[27.96367,40.59075],[28.06367,40.49075],[27.96367,40.39075],[27.89225,40.38132]]}},{"type":"Feature","properties":{"id":569778,"kind":"coastal"},"geometry":{"type":"LineString","coordinates":[[27.69646,42.41716],[27.76367,42.39075],[27.86367,42.39075],[27.96367,42.29075],[28.06367,42.19075],[28.16367,42.09075],[28.26367,41.99075],[28.36367,41.89075],[28.46367,41.79075],[28.56367,41.69075],[28.66367,41.59075],[28.76367,41.49075],[28.86367,41.39075],[28.96367,41.29075],[29.07971,41.18113],[29.12389,41.21235]]}},{"type":"Feature","properties":{"id":569826,"kind":"coastal"},"geometry":{"type":"LineString","coordinates":[[27.89225,40.38132],[27.96367,40.39075],[28.06367,40.49075],[28.16367,40.49075],[28.26367,40.49075],[28.36367,40.49075],[28.46367,40.49075],[28.56367,40.49075],[28.66367,40.49075],[28.76367,40.49075],[28.86367,40.49075],[28.96367,40.39075],[29.06367,40.39075],[29.15639,40.43247]]}},{"type":"Feature","properties":{"id":569917,"kind":"coastal"},"geometry":{"type":"LineString","coordinates":[[28.23,36.44],[28.26367,36.39075],[28.26367,36.49075],[28.36367,36.59075],[28.46367,36.69075],[28.56367,36.79075],[28.63,36.83]]}},{"type":"Feature","properties":{"id":569925,"kind":"coastal"},"geometry":{"type":"LineString","coordinates":[[28.23,36.44],[28.26367,36.39075],[28.36367,36.39075],[28.46367,36.39075],[28.56367,36.39075],[28.66367,36.39075],[28.76367,36.39075],[28.86367,36.39075],[28.96367,36.39075],[29.06367,36.39075],[29.16367,36.29075],[29.26367,36.29075],[29.36367,36.19075],[29.46367,36.19075],[29.56367,36.19075],[29.66367,36.09075],[29.76367,36.09075],[29.86367,36.09075],[29.96367,36.09075],[30.06367,36.09075],[30.16367,36.09075],[30.26367,36.09075],[30.36367,36.09075],[30.46367,36.09075],[30.56367,36.09075],[30.66367,36.09075],[30.76367,36.09075],[30.86367,36.09075],[30.96367,36.09075],[31.06367,36.09075],[31.16367,36.09075],[31.26367,36.09075],[31.36367,36.09075],[31.46367,36.09075],[31.56367,36.09075],[31.66367,36.09075],[31.76367,36.09075],[31.86367,36.09075],[31.96367,36.09075],[32.06367,36.09075],[32.16367,36.09075],[32.26367,36.09075],[32.36367,36.09075],[32.46367,36.09075],[32.56367,36.09075],[32.66367,35.99075],[32.76367,35.99075],[32.86367,35.99075],[32.96367,35.99075],[33.06367,35.99075],[33.16367,36.09075],[33.26367,36.09075],[33.36367,36.09075],[33.46367,36.09075],[33.56367,36.09075],[33.66367,36.09075],[33.76367,36.19075],[33.86367,36.19075],[33.96367,36.19075],[34.06367,36.29075],[34.16367,36.39075],[34.15,36.46]]}},{"type":"Feature","properties":{"id":569945,"kind":"coastal"},"geometry":{"type":"LineString","coordinates":[[28.23,36.44],[28.26367,36.39075],[28.36367,36.39075],[28.46367,36.39075],[28.56367,36.39075],[28.66367,36.39075],[28.76367,36.39075],[28.86367,36.39075],[28.96367,36.39075],[29.06367,36.39075],[29.16367,36.29075],[29.26367,36.29075],[29.36367,36.19075],[29.46367,36.19075],[29.56367,36.19075],[29.66367,36.09075],[29.76367,36.09075],[29.86367,36.09075],[29.96367,36.09075],[30.06367,36.09075],[30.16367,36.09075],[30.26367,36.09075],[30.36367,36.09075],[30.46367,36.09075],[30.56367,36.09075],[30.66367,36.09075],[30.76367,36.09075],[30.86367,36.09075],[30.96367,36.09075],[31.06367,36.09075],[31.16367,36.09075],[31.26367,36.09075],[31.36367,36.09075],[31.46367,36.09075],[31.56367,36.09075],[31.66367,36.09075],[31.76367,36.09075],[31.86367,36.09075],[31.96367,36.09075],[32.06367,36.09075],[32.16367,36.09075],[32.26367,36.09075],[32.36367,36.09075],[32.46367,36.09075],[32.56367,36.09075],[32.66367,35.99075],[32.76367,35.99075],[32.86367,35.99075],[32.96367,35.99075],[33.06367,35.99075],[33.16367,36.09075],[33.26367,36.09075],[33.36367,36.09075],[33.46367,36.09075],[33.56367,36.09075],[33.66367,36.09075],[33.76367,36.19075],[33.86367,36.19075],[33.96367,36.19075],[34.06367,36.29075],[34.16367,36.39075],[34.26367,36.49075],[34.36367,36.49075],[34.46367,36.49075],[34.56367,36.49075],[34.66367,36.49075],[34.76367,36.49075],[34.86367,36.49075],[34.96367,36.49075],[35.06367,36.49075],[35.16367,36.49075],[35.26367,36.49075],[35.36367,36.49075],[35.46367,36.49075],[35.56367,36.49075],[35.56,36.57]]}},{"type":"Feature","properties":{"id":569964,"kind":"coastal"},"geometry":{"type":"LineString","coordinates":[[28.23,36.44],[28.26367,36.39075],[28.16367,36.49075],[28.06367,36.59075],[27.96367,36.69075],[27.86367,36.69075],[27.76367,36.79075],[27.66367,36.89075],[27.56367,36.89075],[27.46367,36.99075],[27.36367,36.99075],[27.26367,37.09075],[27.16367,37.19075],[27.06367,37.29075],[26.96367,37.39075],[26.86367,37.49075],[26.76367,37.59075],[26.66367,37.69075],[26.56367,37.79075],[26.46367,37.89075],[26.36367,37.99075],[26.26367,38.09075],[26.16367,38.09075],[26.06367,38.09075],[25.96367,38.09075],[25.86367,38.19075],[25.76367,38.29075],[25.66367,38.39075],[25.56367,38.49075],[25.46367,38.59075],[25.36367,38.69075],[25.26367,38.79075],[25.16367,38.89075],[25.06367,38.99075],[24.96367,39.09075],[24.86367,39.19075],[24.76367,39.19075],[24.66367,39.19075],[24.56367,39.19075],[24.46367,39.19075],[24.36367,39.19075],[24.26367,39.19075],[24.16367,39.19075],[24.06367,39.19075],[23.96367,39.19075],[23.86367,39.19075],[23.76367,39.19075],[23.66367,39.19075],[23.68467,39.13954]]}},{"type":"Feature","properties":{"id":572513,"kind":"coastal"},"geometry":{"type":"LineString","coordinates":[[28.23,36.44],[28.26367,36.39075],[28.16367,36.49075],[28.06367,36.49075],[27.96367,36.49075],[27.86367,36.49075],[27.76367,36.59075],[27.66367,36.59075],[27.56367,36.59075],[27.46367,36.59075],[27.36367,36.59075],[27.26367,36.59075],[27.17206,36.58787]]}},{"type":"Feature","properties":{"id":572514,"kind":"coastal"},"geometry":{"type":"LineString","coordinates":[[28.23,36.44],[28.26367,36.39075],[28.16367,36.49075],[28.06367,36.59075],[27.96367,36.69075],[27.86367,36.69075],[27.76367,36.79075],[27.66367,36.89075],[27.56367,36.89075],[27.46367,36.99075],[27.36367,36.99075],[27.26367,37.09075],[27.16367,37.19075],[27.06367,37.19075],[26.96367,37.19075],[26.86367,37.19075],[26.76367,37.19075],[26.66367,37.19075],[26.56367,37.19075],[26.46367,37.29075],[26.36367,37.29075],[26.26367,37.29075],[26.16367,37.29075],[26.06367,37.29075],[25.96367,37.29075],[25.86367,37.29075],[25.76367,37.29075],[25.66367,37.29075],[25.56367,37.29075],[25.46367,37.29075],[25.36367,37.29075],[25.26367,37.29075],[25.16367,37.29075],[25.06367,37.29075],[24.96367,37.29075],[24.86367,37.29075],[24.76367,37.29075],[24.66367,37.29075],[24.56367,37.29075],[24.46367,37.29075],[24.36367,37.29075],[24.26367,37.29075],[24.16367,37.29075],[24.06367,37.29075],[23.96367,37.29075],[23.86367,37.29075],[23.76367,37.29075],[23.75,37.25]]}},{"type":"Feature","properties":{"id":572515,"kind":"coastal"},"geometry":{"type":"LineString","coordinates":[[28.23,36.44],[28.26367,36.39075],[28.16367,36.49075],[28.06367,36.49075],[27.96367,36.49075],[27.86367,36.49075],[27.76367,36.49075],[27.66367,36.49075],[27.56367,36.49075],[27.46367,36.39075],[27.36367,36.29075],[27.26367,36.29075],[27.25,36.25]]}},{"type":"Feature","properties":{"id":570071,"kind":"coastal"},"geometry":{"type":"LineString","coordinates":[[30.35054,46.20095],[30.56367,46.09075],[30.66367,46.19075],[30.76367,46.29075],[30.86367,46.39075],[30.96367,46.49075],[31.06367,46.59075],[31.16367,46.59075],[31.26367,46.59075],[31.36367,46.59075],[31.46367,46.59075],[31.56367,46.59075],[31.66367,46.59075],[31.76367,46.59075],[31.86367,46.59075],[31.96367,46.69075],[31.9016,46.69189]]}},{"type":"Feature","properties":{"id":570084,"kind":"coastal"},"geometry":{"type":"LineString","coordinates":[[30.35054,46.20095],[30.56367,46.09075],[30.66367,46.09075],[30.76367,46.09075],[30.86367,46.09075],[30.96367,46.09075],[31.06367,46.09075],[31.16367,46.09075],[31.26367,46.09075],[31.36367,46.09075],[31.46367,46.09075],[31.56367,46.09075],[31.66367,46.09075],[31.76367,46.09075],[31.86367,46.09075],[31.96367,46.09075],[32.06367,46.09075],[32.16367,46.09075],[32.26367,45.99075],[32.36367,45.89075],[32.46367,45.79075],[32.56367,45.69075],[32.66367,45.59075],[32.70332,45.52093]]}},{"type":"Feature","properties":{"id":570111,"kind":"coastal"},"geometry":{"type":"LineString","coordinates":[[31.9016,46.69189],[31.96367,46.69075],[31.86367,46.59075],[31.76367,46.49075],[31.76367,46.39075],[31.76367,46.29075],[31.86367,46.19075],[31.96367,46.09075],[32.06367,46.09075],[32.16367,46.09075],[32.26367,45.99075],[32.36367,45.89075],[32.46367,45.79075],[32.56367,45.69075],[32.66367,45.59075],[32.70332,45.52093]]}},{"type":"Feature","properties":{"id":570174,"kind":"coastal"},"geometry":{"type":"LineString","coordinates":[[32.28,35.11],[32.26367,35.09075],[32.26367,35.19075],[32.26367,35.29075],[32.26367,35.39075],[32.26367,35.49075],[32.36367,35.59075],[32.46367,35.69075],[32.56367,35.79075],[32.66367,35.89075],[32.76367,35.99075],[32.8,36.02]]}},{"type":"Feature","properties":{"id":570185,"kind":"coastal"},"geometry":{"type":"LineString","coordinates":[[32.28,35.11],[32.26367,35.09075],[32.36367,35.19075],[32.46367,35.29075],[32.56367,35.39075],[32.66367,35.39075],[32.76367,35.39075],[32.86367,35.39075],[32.96367,35.39075],[33.06367,35.39075],[33.16367,35.39075],[33.17344,35.32976]]}},{"type":"Feature","properties":{"id":570222,"kind":"coastal"},"geometry":{"type":"LineString","coordinates":[[32.70332,45.52093],[32.66367,45.59075],[32.56367,45.49075],[32.46367,45.39075],[32.56367,45.29075],[32.66367,45.19075],[32.76367,45.19075],[32.86367,45.19075],[32.96367,45.19075],[33.06367,45.09075],[33.16367,44.99075],[33.26367,44.89075],[33.36367,44.79075],[33.46367,44.69075],[33.4933,44.61163]]}},{"type":"Feature","properties":{"id":570271,"kind":"coastal"},"geometry":{"type":"LineString","coordinates":[[32.8,36.02],[32.76367,35.99075],[32.86367,35.89075],[32.96367,35.79075],[33.06367,35.69075],[33.16367,35.59075],[33.16367,35.49075],[33.16367,35.39075],[33.17344,35.32976]]}},{"type":"Feature","properties":{"id":570256,"kind":"coastal"},"geometry":{"type":"LineString","coordinates":[[32.8,36.02],[32.76367,35.99075],[32.86367,35.99075],[32.96367,35.99075],[33.06367,35.99075],[33.16367,36.09075],[33.26367,36.09075],[33.36367,36.09075],[33.46367,36.09075],[33.56367,36.09075],[33.66367,36.09075],[33.76367,36.19075],[33.86367,36.19075],[33.96367,36.19075],[34.06367,36.29075],[34.16367,36.39075],[34.15,36.46]]}},{"type":"Feature","properties":{"id":570307,"kind":"coastal"},"geometry":{"type":"LineString","coordinates":[[33.13,34.71],[33.16367,34.69075],[33.26367,34.69075],[33.36367,34.69075],[33.46367,34.69075],[33.56367,34.79075],[33.66367,34.89075],[33.76367,34.89075],[33.86367,34.89075],[33.96367,34.89075],[34.06367,34.89075],[34.08,34.96]]}},{"type":"Feature","properties":{"id":570335,"kind":"coastal"},"geometry":{"type":"LineString","coordinates":[[33.36967,42.01363],[33.36367,42.09075],[33.36367,42.19075],[33.36367,42.29075],[33.36367,42.39075],[33.36367,42.49075],[33.36367,42.59075],[33.36367,42.69075],[33.36367,42.79075],[33.36367,42.89075],[33.36367,42.99075],[33.36367,43.09075],[33.36367,43.19075],[33.36367,43.29075],[33.36367,43.39075],[33.36367,43.49075],[33.36367,43.59075],[33.36367,43.69075],[33.36367,43.79075],[33.36367,43.89075],[33.36367,43.99075],[33.36367,44.09075],[33.36367,44.19075],[33.36367,44.29075],[33.36367,44.39075],[33.36367,44.49075],[33.36367,44.59075],[33.46367,44.69075],[33.4933,44.61163]]}},{"type":"Feature","properties":{"id":570349,"kind":"coastal"},"geometry":{"type":"LineString","coordinates":[[33.36967,42.01363],[33.36367,42.09075],[33.46367,42.09075],[33.56367,42.09075],[33.66367,42.09075],[33.76367,42.09075],[33.86367,42.09075],[33.96367,42.09075],[34.06367,42.09075],[34.16367,41.99075],[34.16367,41.96344]]}},{"type":"Feature","properties":{"id":570390,"kind":"coastal"},"geometry":{"type":"LineString","coordinates":[[33.4933,44.61163],[33.46367,44.69075],[33.36367,44.59075],[33.46367,44.49075],[33.56367,44.49075],[33.66367,44.39075],[33.76367,44.39075],[33.86367,44.39075],[33.96367,44.29075],[34.06367,44.29075],[34.16367,44.39075],[34.26367,44.49075],[34.36367,44.59075],[34.46367,44.69075],[34.56367,44.69075],[34.66367,44.69075],[34.76367,44.79075],[34.86367,44.79075],[34.96367,44.79075],[35.06367,44.79075],[35.16367,44.89075],[35.26367,44.89075],[35.36367,44.89075],[35.46367,44.99075],[35.46367,45.09075],[35.37877,45.04609]]}},{"type":"Feature","properties":{"id":570422,"kind":"coastal"},"geometry":{"type":"LineString","coordinates":[[33.17344,35.32976],[33.16367,35.39075],[33.26367,35.49075],[33.36367,35.59075],[33.46367,35.69075],[33.56367,35.69075],[33.66367,35.69075],[33.76367,35.69075],[33.86367,35.69075],[33.96367,35.69075],[34.06367,35.69075],[34.16367,35.69075],[34.26367,35.69075],[34.36367,35.69075],[34.46367,35.69075],[34.56367,35.69075],[34.59,35.7]]}},{"type":"Feature","properties":{"id":570468,"kind":"coastal"},"geometry":{"type":"LineString","coordinates":[[34.08,34.96],[34.06367,34.89075],[34.16367,34.99075],[34.16367,35.09075],[34.16367,35.19075],[34.16367,35.29075],[34.26367,35.39075],[34.36367,35.49075],[34.46367,35.59075],[34.56367,35.69075],[34.59,35.7]]}},{"type":"Feature","properties":{"id":570511,"kind":"coastal"},"geometry":{"type":"LineString","coordinates":[[34.15,36.46],[34.16367,36.39075],[34.26367,36.29075],[34.36367,36.19075],[34.46367,36.09075],[34.56367,35.99075],[34.56367,35.89075],[34.56367,35.79075],[34.56367,35.69075],[34.59,35.7]]}},{"type":"Feature","properties":{"id":570521,"kind":"coastal"},"geometry":{"type":"LineString","coordinates":[[34.15,36.46],[34.16367,36.39075],[34.26367,36.49075],[34.36367,36.49075],[34.46367,36.49075],[34.56367,36.49075],[34.66367,36.49075],[34.76367,36.49075],[34.86367,36.49075],[34.96367,36.49075],[35.06367,36.49075],[35.16367,36.49075],[35.26367,36.49075],[35.36367,36.49075],[35.46367,36.49075],[35.56367,36.49075],[35.56,36.57]]}},{"type":"Feature","properties":{"id":570545,"kind":"coastal"},"geometry":{"type":"LineString","coordinates":[[34.16367,41.96344],[34.16367,41.99075],[34.26367,42.09075],[34.36367,42.19075],[34.46367,42.19075],[34.56367,42.19075],[34.66367,42.19075],[34.76367,42.19075],[34.86367,42.19075],[34.96367,42.19075],[35.06367,42.09075],[35.04188,42.04923]]}},{"type":"Feature","properties":{"id":570617,"kind":"coastal"},"geometry":{"type":"LineString","coordinates":[[34.59,35.7],[34.56367,35.69075],[34.66367,35.79075],[34.76367,35.89075],[34.86367,35.99075],[34.96367,36.09075],[35.06367,36.19075],[35.16367,36.29075],[35.26367,36.39075],[35.36367,36.49075],[35.46367,36.49075],[35.56367,36.49075],[35.56,36.57]]}},{"type":"Feature","properties":{"id":570631,"kind":"coastal"},"geometry":{"type":"LineString","coordinates":[[34.75114,32.05455],[34.76367,32.09075],[34.76367,32.19075],[34.81598,32.21284]]}},{"type":"Feature","properties":{"id":569320,"kind":"coastal"},"geometry":{"type":"LineString","coordinates":[[34.75114,32.05455],[34.76367,32.09075],[34.66367,31.99075],[34.56367,31.89075],[34.56367,31.79075],[34.65,31.8]]}},{"type":"Feature","properties":{"id":570702,"kind":"coastal"},"geometry":{"type":"LineString","coordinates":[[35.04188,42.04923],[35.06367,42.09075],[35.06367,42.19075],[35.06367,42.29075],[35.06367,42.39075],[35.06367,42.49075],[35.06367,42.59075],[35.06367,42.69075],[35.06367,42.79075],[35.06367,42.89075],[35.06367,42.99075],[35.06367,43.09075],[35.06367,43.19075],[35.06367,43.29075],[35.06367,43.39075],[35.06367,43.49075],[35.06367,43.59075],[35.06367,43.69075],[35.16367,43.79075],[35.26367,43.89075],[35.36367,43.99075],[35.46367,44.09075],[35.56367,44.19075],[35.66367,44.29075],[35.76367,44.39075],[35.86367,44.49075],[35.96367,44.59075],[36.06367,44.69075],[36.16367,44.79075],[36.26367,44.89075],[36.36367,44.99075],[36.46367,45.09075],[36.46367,45.19075],[36.41409,45.23853]]}},{"type":"Feature","properties":{"id":570715,"kind":"coastal"},"geometry":{"type":"LineString","coordinates":[[35.04188,42.04923],[35.06367,42.09075],[35.16367,42.09075],[35.26367,42.09075],[35.36367,42.09075],[35.46367,42.09075],[35.56367,42.09075],[35.66367,42.09075],[35.76367,42.09075],[35.86367,42.09075],[35.96367,42.09075],[36.06367,42.09075],[36.16367,42.09075],[36.26367,42.09075],[36.36367,42.09075],[36.46367,42.09075],[36.56367,42.09075],[36.66367,42.09075],[36.76367,42.09075],[36.86367,42.09075],[36.96367,41.99075],[37.06367,41.89075],[37.16367,41.79075],[37.26367,41.69075],[37.36367,41.59075],[37.46367,41.49075],[37.56367,41.39075],[37.66367,41.29075],[37.76367,41.19075],[37.86367,41.09075],[37.87519,41.00015]]}},{"type":"Feature","properties":{"id":570707,"kind":"coastal"},"geometry":{"type":"LineString","coordinates":[[35.37877,45.04609],[35.46367,45.09075],[35.56367,45.09075],[35.66367,45.09075],[35.76367,44.99075],[35.86367,44.99075],[35.96367,44.99075],[36.06367,44.99075],[36.16367,44.99075],[36.26367,44.99075],[36.36367,44.99075],[36.46367,45.09075],[36.46367,45.19075],[36.41409,45.23853]]}},{"type":"Feature","properties":{"id":571682,"kind":"coastal"},"geometry":{"type":"MultiLineString","coordinates":[[[35.76367,34.49075],[35.84967,34.43111]],[[35.66367,34.39075],[35.76367,34.49075]],[[35.56367,34.29075],[35.66367,34.39075]],[[35.56367,34.19075],[35.56367,34.29075]],[[35.56367,34.09075],[35.56367,34.19075]],[[35.64,34.12],[35.56367,34.09075]]]}},{"type":"Feature","properties":{"id":570869,"kind":"coastal"},"geometry":{"type":"LineString","coordinates":[[36.41409,45.23853],[36.46367,45.19075],[36.56367,45.09075],[36.66367,44.99075],[36.76367,44.99075],[36.86367,44.99075],[36.96367,44.99075],[37.06367,44.99075],[37.16367,44.99075],[37.26367,44.89075],[37.31025,44.89221]]}},{"type":"Feature","properties":{"id":570881,"kind":"coastal"},"geometry":{"type":"LineString","coordinates":[[36.41409,45.23853],[36.46367,45.19075],[36.56367,45.29075],[36.66367,45.39075],[36.66367,45.49075],[36.76367,45.59075],[36.86367,45.69075],[36.96367,45.79075],[37.06367,45.89075],[37.16367,45.99075],[37.26367,46.09075],[37.36367,46.19075],[37.46367,46.29075],[37.56367,46.39075],[37.66367,46.49075],[37.76367,46.59075],[37.86367,46.69075],[37.96367,46.79075],[38.06367,46.89075],[38.16367,46.99075],[38.26367,47.09075],[38.36367,47.09075],[38.46367,47.09075],[38.56367,47.09075],[38.66367,47.09075],[38.76367,47.09075],[38.86367,47.09075],[38.96367,47.19075],[39.06367,47.19075],[39.16367,47.19075],[39.258,47.26778]]}},{"type":"Feature","properties":{"id":570904,"kind":"coastal"},"geometry":{"type":"LineString","coordinates":[[36.96774,41.21518],[37.06367,41.19075],[37.16367,41.19075],[37.26367,41.19075],[37.36367,41.19075],[37.46367,41.19075],[37.56367,41.19075],[37.66367,41.19075],[37.76367,41.19075],[37.86367,41.09075],[37.87519,41.00015]]}},{"type":"Feature","properties":{"id":570933,"kind":"coastal"},"geometry":{"type":"LineString","coordinates":[[37.31025,44.89221],[37.26367,44.89075],[37.26367,44.79075],[37.36367,44.69075],[37.46367,44.59075],[37.56367,44.49075],[37.66367,44.39075],[37.76367,44.29075],[37.86367,44.19075],[37.96367,44.09075],[38.06367,43.99075],[38.16367,43.99075],[38.26367,43.99075],[38.36367,43.99075],[38.46367,43.99075],[38.56367,43.99075],[38.66367,43.99075],[38.76367,43.99075],[38.86367,43.99075],[38.96367,43.99075],[39.06367,43.99075],[39.16367,43.99075],[39.26367,43.89075],[39.36367,43.79075],[39.46367,43.69075],[39.56367,43.69075],[39.66367,43.59075],[39.76367,43.49075],[39.86367,43.49075],[39.96367,43.39075],[40.06367,43.29075],[40.16367,43.29075],[40.26367,43.19075],[40.36367,43.09075],[40.46367,43.09075],[40.56367,43.09075],[40.66367,43.09075],[40.76367,42.99075],[40.86367,42.99075],[41.00308,42.9933]]}},{"type":"Feature","properties":{"id":571017,"kind":"coastal"},"geometry":{"type":"LineString","coordinates":[[41.00308,42.9933],[40.86367,42.99075],[40.86367,42.89075],[40.96367,42.79075],[41.06367,42.69075],[41.16367,42.59075],[41.26367,42.49075],[41.36367,42.39075],[41.46367,42.29075],[41.56367,42.19075],[41.66367,42.09075],[41.66743,42.14996]]}},{"type":"Feature","properties":{"id":571224,"kind":"coastal"},"geometry":{"type":"LineString","coordinates":[[22.91666,39.30278],[22.96367,39.29075],[23.06367,39.19075],[23.16367,39.09075],[23.26367,39.09075],[23.36367,39.09075],[23.46367,39.09075],[23.56367,39.19075],[23.66367,39.19075],[23.68467,39.13954]]}},{"type":"Feature","properties":{"id":571237,"kind":"coastal"},"geometry":{"type":"LineString","coordinates":[[23.83672,40.81377],[23.86367,40.69075],[23.96367,40.69075],[24.06367,40.69075],[24.16367,40.69075],[24.26367,40.79075],[24.36367,40.89075],[24.46367,40.89075],[24.4681,40.94969]]}},{"type":"Feature","properties":{"id":563354,"kind":"overseas"},"geometry":{"type":"LineString","coordinates":[[29.90956,31.19992],[29.86367,31.19075],[29.86367,31.29075],[29.86367,31.39075],[29.86367,31.49075],[29.86367,31.59075],[29.86367,31.69075],[29.86367,31.79075],[29.86367,31.89075],[29.86367,31.99075],[29.86367,32.09075],[29.86367,32.19075],[29.86367,32.29075],[29.86367,32.39075],[29.86367,32.49075],[29.86367,32.59075],[29.86367,32.69075],[29.86367,32.79075],[29.86367,32.89075],[29.86367,32.99075],[29.86367,33.09075],[29.86367,33.19075],[29.86367,33.29075],[29.86367,33.39075],[29.86367,33.49075],[29.86367,33.59075],[29.86367,33.69075],[29.86367,33.79075],[29.86367,33.89075],[29.86367,33.99075],[29.86367,34.09075],[29.86367,34.19075],[29.86367,34.29075],[29.86367,34.39075],[29.86367,34.49075],[29.86367,34.59075],[29.86367,34.69075],[29.86367,34.79075],[29.86367,34.89075],[29.86367,34.99075],[29.86367,35.09075],[29.86367,35.19075],[29.86367,35.29075],[29.86367,35.39075],[29.86367,35.49075],[29.86367,35.59075],[29.86367,35.69075],[29.76367,35.79075],[29.66367,35.89075],[29.56367,35.99075],[29.46367,36.09075],[29.36367,36.19075],[29.26367,36.29075],[29.32188,36.26247]]}},{"type":"Feature","properties":{"id":563365,"kind":"overseas"},"geometry":{"type":"LineString","coordinates":[[29.90956,31.19992],[29.86367,31.19075],[29.96367,31.29075],[30.06367,31.39075],[30.06367,31.49075],[30.06367,31.59075],[30.06367,31.69075],[30.06367,31.79075],[30.06367,31.89075],[30.06367,31.99075],[30.06367,32.09075],[30.06367,32.19075],[30.06367,32.29075],[30.06367,32.39075],[30.06367,32.49075],[30.16367,32.59075],[30.26367,32.69075],[30.36367,32.79075],[30.46367,32.89075],[30.56367,32.99075],[30.66367,33.09075],[30.76367,33.19075],[30.86367,33.29075],[30.96367,33.39075],[31.06367,33.49075],[31.16367,33.59075],[31.26367,33.69075],[31.36367,33.79075],[31.46367,33.89075],[31.56367,33.99075],[31.66367,34.09075],[31.76367,34.19075],[31.86367,34.29075],[31.96367,34.39075],[32.06367,34.49075],[32.16367,34.59075],[32.26367,34.69075],[32.36367,34.79075],[32.41422,34.75826]]}},{"type":"Feature","properties":{"id":563380,"kind":"overseas"},"geometry":{"type":"LineString","coordinates":[[29.90956,31.19992],[29.86367,31.19075],[29.76367,31.29075],[29.66367,31.39075],[29.56367,31.49075],[29.46367,31.59075],[29.36367,31.69075],[29.26367,31.79075],[29.16367,31.89075],[29.06367,31.99075],[28.96367,32.09075],[28.86367,32.19075],[28.76367,32.29075],[28.66367,32.39075],[28.56367,32.49075],[28.46367,32.59075],[28.36367,32.69075],[28.26367,32.79075],[28.16367,32.89075],[28.06367,32.99075],[27.96367,33.09075],[27.86367,33.19075],[27.76367,33.29075],[27.66367,33.39075],[27.56367,33.49075],[27.46367,33.59075],[27.36367,33.69075],[27.26367,33.79075],[27.16367,33.89075],[27.06367,33.99075],[26.96367,34.09075],[26.86367,34.19075],[26.76367,34.29075],[26.66367,34.39075],[26.56367,34.49075],[26.46367,34.59075],[26.36367,34.69075],[26.26367,34.79075],[26.16367,34.89075],[26.06367,34.89075],[25.96367,34.89075],[25.86367,34.89075],[25.76367,34.89075],[25.66367,34.89075],[25.56367,34.89075],[25.46367,34.89075],[25.36367,34.89075],[25.26367,34.89075],[25.16367,34.89075],[25.06367,34.89075],[24.96367,34.89075],[24.86367,34.89075],[24.76367,34.89075],[24.66367,34.99075],[24.56367,34.99075],[24.46367,34.99075],[24.36367,34.99075],[24.26367,34.99075],[24.16367,34.99075],[24.06367,34.99075],[23.96367,34.99075],[23.86367,34.99075],[23.76367,34.99075],[23.66367,34.99075],[23.56367,34.99075],[23.46367,34.99075],[23.36367,34.99075],[23.26367,34.99075],[23.16367,34.99075],[23.06367,34.99075],[22.96367,34.99075],[22.86367,34.99075],[22.76367,34.99075],[22.66367,34.99075],[22.56367,34.99075],[22.46367,34.99075],[22.36367,35.09075],[22.26367,35.19075],[22.16367,35.29075],[22.06367,35.39075],[21.96367,35.49075],[21.86367,35.59075],[21.76367,35.69075],[21.66367,35.79075],[21.56367,35.89075],[21.46367,35.99075],[21.36367,36.09075],[21.26367,36.19075],[21.16367,36.29075],[21.06367,36.39075],[20.96367,36.49075],[20.86367,36.59075],[20.76367,36.69075],[20.66367,36.79075],[20.56367,36.89075],[20.46367,36.99075],[20.36367,37.09075],[20.26367,37.19075],[20.16367,37.29075],[20.06367,37.39075],[19.96367,37.49075],[19.86367,37.59075],[19.76367,37.69075],[19.66367,37.79075],[19.56367,37.89075],[19.46367,37.89075],[19.36367,37.89075],[19.26367,37.89075],[19.16367,37.89075],[19.06367,37.89075],[18.96367,37.89075],[18.86367,37.89075],[18.76367,37.89075],[18.66367,37.89075],[18.56367,37.89075],[18.46367,37.89075],[18.36367,37.89075],[18.26367,37.89075],[18.16367,37.89075],[18.06367,37.89075],[17.96367,37.89075],[17.86367,37.89075],[17.76367,37.89075],[17.66367,37.89075],[17.56367,37.89075],[17.46367,37.89075],[17.36367,37.89075],[17.26367,37.89075],[17.16367,37.89075],[17.06367,37.89075],[16.96367,37.89075],[16.86367,37.89075],[16.76367,37.89075],[16.66367,37.89075],[16.56367,37.89075],[16.46367,37.89075],[16.36367,37.89075],[16.26367,37.89075],[16.16367,37.89075],[16.06367,37.89075],[15.96367,37.89075],[15.86367,37.89075],[15.76367,37.89075],[15.66367,37.89075],[15.56367,37.99075],[15.56367,38.09075],[15.55663,38.19225]]}},{"type":"Feature","properties":{"id":562524,"kind":"overseas"},"geometry":{"type":"LineString","coordinates":[[29.90956,31.19992],[29.86367,31.19075],[29.86367,31.29075],[29.86367,31.39075],[29.86367,31.49075],[29.86367,31.59075],[29.86367,31.69075],[29.86367,31.79075],[29.86367,31.89075],[29.86367,31.99075],[29.86367,32.09075],[29.86367,32.19075],[29.86367,32.29075],[29.86367,32.39075],[29.86367,32.49075],[29.86367,32.59075],[29.86367,32.69075],[29.86367,32.79075],[29.86367,32.89075],[29.86367,32.99075],[29.86367,33.09075],[29.86367,33.19075],[29.86367,33.29075],[29.86367,33.39075],[29.86367,33.49075],[29.86367,33.59075],[29.86367,33.69075],[29.86367,33.79075],[29.86367,33.89075],[29.86367,33.99075],[29.86367,34.09075],[29.86367,34.19075],[29.86367,34.29075],[29.86367,34.39075],[29.86367,34.49075],[29.86367,34.59075],[29.86367,34.69075],[29.86367,34.79075],[29.86367,34.89075],[29.86367,34.99075],[29.86367,35.09075],[29.76367,35.19075],[29.66367,35.29075],[29.56367,35.39075],[29.46367,35.49075],[29.36367,35.59075],[29.26367,35.69075],[29.16367,35.79075],[29.06367,35.89075],[28.96367,35.99075],[28.86367,36.09075],[28.76367,36.19075],[28.66367,36.29075],[28.56367,36.39075],[28.46367,36.39075],[28.36367,36.39075],[28.26367,36.39075],[28.23,36.44]]}},{"type":"Feature","properties":{"id":564083,"kind":"overseas"},"geometry":{"type":"LineString","coordinates":[[13.36403,45.76711],[13.36367,45.69075],[13.46367,45.59075],[13.46367,45.49075],[13.46367,45.39075],[13.56367,45.29075],[13.56367,45.19075],[13.56367,45.09075],[13.66367,44.99075],[13.76367,44.89075],[13.86367,44.79075],[13.96367,44.69075],[14.06367,44.59075],[14.16367,44.49075],[14.26367,44.39075],[14.36367,44.29075],[14.46367,44.19075],[14.56367,44.09075],[14.66367,43.99075],[14.76367,43.89075],[14.86367,43.79075],[14.96367,43.69075],[15.06367,43.59075],[15.16367,43.59075],[15.26367,43.59075],[15.36367,43.59075],[15.46367,43.59075],[15.56367,43.59075],[15.66367,43.59075],[15.76367,43.59075],[15.86367,43.59075],[15.96367,43.49075],[16.06367,43.39075],[16.16367,43.39075],[16.26367,43.29075],[16.36367,43.29075],[16.46367,43.29075],[16.56367,43.19075],[16.66367,43.09075],[16.76367,43.09075],[16.86367,42.99075],[16.96367,42.89075],[17.06367,42.79075],[17.16367,42.69075],[17.26367,42.59075],[17.36367,42.49075],[17.46367,42.39075],[17.56367,42.29075],[17.66367,42.19075],[17.76367,42.09075],[17.86367,41.99075],[17.96367,41.89075],[18.06367,41.79075],[18.16367,41.69075],[18.26367,41.59075],[18.36367,41.49075],[18.46367,41.39075],[18.56367,41.29075],[18.66367,41.19075],[18.76367,41.09075],[18.86367,40.99075],[18.96367,40.89075],[19.06367,40.79075],[19.16367,40.69075],[19.26367,40.59075],[19.36367,40.49075],[19.32,40.44]]}},{"type":"Feature","properties":{"id":564206,"kind":"overseas"},"geometry":{"type":"LineString","coordinates":[[34.54567,31.66894],[34.46367,31.69075],[34.46367,31.79075],[34.46367,31.89075],[34.46367,31.99075],[34.46367,32.09075],[34.46367,32.19075],[34.46367,32.29075],[34.46367,32.39075],[34.46367,32.49075],[34.46367,32.59075],[34.46367,32.69075],[34.36367,32.79075],[34.26367,32.89075],[34.16367,32.99075],[34.06367,33.09075],[33.96367,33.19075],[33.86367,33.29075],[33.76367,33.39075],[33.66367,33.49075],[33.56367,33.59075],[33.46367,33.69075],[33.36367,33.79075],[33.26367,33.89075],[33.16367,33.99075],[33.06367,34.09075],[32.96367,34.19075],[32.86367,34.29075],[32.76367,34.39075],[32.66367,34.49075],[32.56367,34.59075],[32.46367,34.69075],[32.36367,34.79075],[32.41422,34.75826]]}},{"type":"Feature","properties":{"id":564687,"kind":"overseas"},"geometry":{"type":"LineString","coordinates":[[35.52068,33.89798],[35.46367,33.89075],[35.36367,33.99075],[35.26367,34.09075],[35.16367,34.19075],[35.06367,34.29075],[34.96367,34.39075],[34.86367,34.49075],[34.76367,34.49075],[34.66367,34.49075],[34.56367,34.49075],[34.46367,34.49075],[34.36367,34.49075],[34.26367,34.49075],[34.16367,34.49075],[34.06367,34.49075],[33.96367,34.49075],[33.86367,34.49075],[33.76367,34.49075],[33.66367,34.49075],[33.56367,34.49075],[33.46367,34.49075],[33.36367,34.49075],[33.26367,34.49075],[33.16367,34.49075],[33.06367,34.49075],[32.96367,34.49075],[32.86367,34.59075],[32.76367,34.59075],[32.66367,34.59075],[32.56367,34.69075],[32.46367,34.69075],[32.36367,34.79075],[32.41422,34.75826]]}},{"type":"Feature","properties":{"id":561438,"kind":"overseas"},"geometry":{"type":"LineString","coordinates":[[34.89818,32.50763],[34.86367,32.49075],[34.76367,32.59075],[34.66367,32.69075],[34.56367,32.79075],[34.46367,32.89075],[34.36367,32.99075],[34.26367,33.09075],[34.16367,33.19075],[34.06367,33.29075],[33.96367,33.39075],[33.86367,33.49075],[33.76367,33.59075],[33.66367,33.69075],[33.56367,33.79075],[33.46367,33.89075],[33.36367,33.99075],[33.26367,34.09075],[33.16367,34.19075],[33.06367,34.29075],[32.96367,34.39075],[32.86367,34.49075],[32.76367,34.59075],[32.66367,34.59075],[32.56367,34.69075],[32.46367,34.69075],[32.36367,34.79075],[32.41422,34.75826]]}},{"type":"Feature","properties":{"id":561452,"kind":"overseas"},"geometry":{"type":"LineString","coordinates":[[10.31209,36.8459],[10.36367,36.89075],[10.36367,36.99075],[10.36367,37.09075],[10.36367,37.19075],[10.36367,37.29075],[10.36367,37.39075],[10.36367,37.49075],[10.36367,37.59075],[10.36367,37.69075],[10.36367,37.79075],[10.36367,37.89075],[10.36367,37.99075],[10.36367,38.09075],[10.36367,38.19075],[10.36367,38.29075],[10.36367,38.39075],[10.36367,38.49075],[10.36367,38.59075],[10.36367,38.69075],[10.36367,38.79075],[10.36367,38.89075],[10.36367,38.99075],[10.36367,39.09075],[10.36367,39.19075],[10.36367,39.29075],[10.36367,39.39075],[10.46367,39.49075],[10.56367,39.59075],[10.66367,39.69075],[10.76367,39.79075],[10.86367,39.89075],[10.96367,39.99075],[11.06367,40.09075],[11.16367,40.19075],[11.26367,40.29075],[11.36367,40.39075],[11.46367,40.49075],[11.56367,40.59075],[11.66367,40.69075],[11.76367,40.79075],[11.86367,40.89075],[11.96367,40.99075],[12.06367,41.09075],[12.16367,41.19075],[12.26367,41.29075],[12.26367,41.39075],[12.26367,41.49075],[12.26367,41.59075],[12.26367,41.69075],[12.28707,41.754]]}},{"type":"Feature","properties":{"id":561464,"kind":"overseas"},"geometry":{"type":"LineString","coordinates":[[10.31209,36.8459],[10.36367,36.89075],[10.36367,36.99075],[10.36367,37.09075],[10.26367,37.19075],[10.16367,37.29075],[10.06367,37.39075],[9.96367,37.49075],[9.96367,37.59075],[9.96367,37.69075],[9.96367,37.79075],[9.96367,37.89075],[9.96367,37.99075],[9.96367,38.09075],[9.96367,38.19075],[9.96367,38.29075],[9.86367,38.39075],[9.76367,38.49075],[9.66367,38.59075],[9.56367,38.69075],[9.46367,38.79075],[9.36367,38.89075],[9.26367,38.99075],[9.16367,39.09075],[9.06367,39.19075],[9.10952,39.21489]]}},{"type":"Feature","properties":{"id":561476,"kind":"overseas"},"geometry":{"type":"LineString","coordinates":[[10.31209,36.8459],[10.36367,36.89075],[10.46367,36.99075],[10.56367,37.09075],[10.66367,37.19075],[10.76367,37.29075],[10.86367,37.39075],[10.96367,37.49075],[11.06367,37.59075],[11.16367,37.69075],[11.26367,37.79075],[11.36367,37.79075],[11.46367,37.79075],[11.56367,37.79075],[11.66367,37.79075],[11.76367,37.79075],[11.86367,37.79075],[11.96367,37.79075],[12.06367,37.79075],[12.16367,37.79075],[12.26367,37.79075],[12.36367,37.79075],[12.43745,37.79841]]}},{"type":"Feature","properties":{"id":561491,"kind":"overseas"},"geometry":{"type":"LineString","coordinates":[[-0.99213,37.60481],[-1.03633,37.49075],[-0.93633,37.49075],[-0.83633,37.49075],[-0.73633,37.49075],[-0.63633,37.49075],[-0.53633,37.49075],[-0.43633,37.49075],[-0.33633,37.49075],[-0.23633,37.49075],[-0.13633,37.49075],[-0.03633,37.49075],[0.06367,37.49075],[0.16367,37.49075],[0.26367,37.49075],[0.36367,37.49075],[0.46367,37.49075],[0.56367,37.49075],[0.66367,37.49075],[0.76367,37.49075],[0.86367,37.49075],[0.96367,37.49075],[1.06367,37.49075],[1.16367,37.49075],[1.26367,37.49075],[1.36367,37.49075],[1.46367,37.39075],[1.56367,37.29075],[1.66367,37.19075],[1.76367,37.09075],[1.86367,36.99075],[1.96367,36.89075],[2.06367,36.79075],[2.16367,36.69075],[2.19594,36.60582]]}},{"type":"Feature","properties":{"id":561511,"kind":"overseas"},"geometry":{"type":"LineString","coordinates":[[-0.99213,37.60481],[-1.03633,37.49075],[-0.93633,37.39075],[-0.83633,37.29075],[-0.73633,37.19075],[-0.63633,37.09075],[-0.53633,36.99075],[-0.43633,36.89075],[-0.33633,36.79075],[-0.23633,36.69075],[-0.23633,36.59075],[-0.23633,36.49075],[-0.23633,36.39075],[-0.23633,36.29075],[-0.23633,36.19075],[-0.23633,36.09075],[-0.23633,35.99075],[-0.23633,35.89075],[-0.26602,35.80792]]}},{"type":"Feature","properties":{"id":561527,"kind":"overseas"},"geometry":{"type":"LineString","coordinates":[[-0.99213,37.60481],[-1.03633,37.49075],[-0.93633,37.49075],[-0.83633,37.49075],[-0.73633,37.49075],[-0.63633,37.49075],[-0.53633,37.49075],[-0.43633,37.49075],[-0.33633,37.49075],[-0.23633,37.49075],[-0.13633,37.49075],[-0.03633,37.49075],[0.06367,37.49075],[0.16367,37.49075],[0.26367,37.49075],[0.36367,37.49075],[0.46367,37.49075],[0.56367,37.49075],[0.66367,37.49075],[0.76367,37.49075],[0.86367,37.49075],[0.96367,37.49075],[1.06367,37.49075],[1.16367,37.49075],[1.26367,37.49075],[1.36367,37.49075],[1.46367,37.49075],[1.56367,37.49075],[1.66367,37.49075],[1.76367,37.49075],[1.86367,37.49075],[1.96367,37.49075],[2.06367,37.49075],[2.16367,37.49075],[2.26367,37.49075],[2.36367,37.49075],[2.46367,37.49075],[2.56367,37.49075],[2.66367,37.49075],[2.76367,37.49075],[2.86367,37.49075],[2.96367,37.49075],[3.06367,37.49075],[3.16367,37.49075],[3.26367,37.49075],[3.36367,37.49075],[3.46367,37.49075],[3.56367,37.49075],[3.66367,37.49075],[3.76367,37.49075],[3.86367,37.49075],[3.96367,37.49075],[4.06367,37.49075],[4.16367,37.49075],[4.26367,37.49075],[4.36367,37.49075],[4.46367,37.49075],[4.56367,37.49075],[4.66367,37.49075],[4.76367,37.49075],[4.86367,37.49075],[4.96367,37.49075],[5.06367,37.49075],[5.16367,37.49075],[5.26367,37.49075],[5.36367,37.49075],[5.46367,37.49075],[5.56367,37.49075],[5.66367,37.49075],[5.76367,37.49075],[5.86367,37.49075],[5.96367,37.49075],[6.06367,37.49075],[6.16367,37.49075],[6.26367,37.39075],[6.36367,37.29075],[6.46367,37.19075],[6.56367,37.09075],[6.46696,37.08911]]}},{"type":"Feature","properties":{"id":562110,"kind":"overseas"},"geometry":{"type":"LineString","coordinates":[[-1.55832,47.214],[-1.93633,47.29075],[-2.13633,47.29075],[-2.23633,47.19075],[-2.33633,47.19075],[-2.43633,47.19075],[-2.53633,47.29075],[-2.63633,47.39075],[-2.73633,47.39075],[-2.83633,47.39075],[-2.93633,47.39075],[-3.03633,47.39075],[-3.13633,47.39075],[-3.23633,47.49075],[-3.33633,47.59075],[-3.43633,47.69075],[-3.53633,47.69075],[-3.63633,47.69075],[-3.73633,47.79075],[-3.83633,47.79075],[-3.93633,47.79075],[-4.03633,47.79075],[-4.13633,47.79075],[-4.23633,47.79075],[-4.33633,47.79075],[-4.43633,47.89075],[-4.53633,47.99075],[-4.53633,48.09075],[-4.63633,48.19075],[-4.73633,48.29075],[-4.83633,48.39075],[-4.83633,48.49075],[-4.73633,48.59075],[-4.63633,48.69075],[-4.53633,48.79075],[-4.43633,48.89075],[-4.33633,48.99075],[-4.23633,49.09075],[-4.13633,49.19075],[-4.03633,49.29075],[-3.93633,49.39075],[-3.83633,49.49075],[-3.73633,49.59075],[-3.63633,49.69075],[-3.53633,49.79075],[-3.43633,49.89075],[-3.33633,49.99075],[-3.23633,50.09075],[-3.13633,50.19075],[-3.03633,50.29075],[-2.93633,50.39075],[-2.83633,50.49075],[-2.73633,50.59075],[-2.63633,50.59075],[-2.53633,50.59075],[-2.43633,50.59075],[-2.43544,50.71008]]}},{"type":"Feature","properties":{"id":561551,"kind":"overseas"},"geometry":{"type":"LineString","coordinates":[[-1.55832,47.214],[-1.93633,47.29075],[-2.13633,47.29075],[-2.23633,47.19075],[-2.33633,47.09075],[-2.43633,46.99075],[-2.53633,46.89075],[-2.63633,46.79075],[-2.73633,46.69075],[-2.83633,46.59075],[-2.93633,46.49075],[-3.03633,46.39075],[-3.13633,46.29075],[-3.23633,46.19075],[-3.33633,46.09075],[-3.43633,45.99075],[-3.43633,45.89075],[-3.43633,45.79075],[-3.43633,45.69075],[-3.43633,45.59075],[-3.43633,45.49075],[-3.43633,45.39075],[-3.43633,45.29075],[-3.43633,45.19075],[-3.43633,45.09075],[-3.43633,44.99075],[-3.43633,44.89075],[-3.43633,44.79075],[-3.43633,44.69075],[-3.43633,44.59075],[-3.43633,44.49075],[-3.43633,44.39075],[-3.43633,44.29075],[-3.43633,44.19075],[-3.43633,44.09075],[-3.53633,43.99075],[-3.63633,43.89075],[-3.73633,43.79075],[-3.83633,43.69075],[-3.93633,43.59075],[-4.03633,43.49075],[-4.04318,43.43206]]}},{"type":"Feature","properties":{"id":561560,"kind":"overseas"},"geometry":{"type":"LineString","coordinates":[[28.98513,41.01814],[28.96367,40.99075],[29.06367,41.09075],[29.07971,41.18113],[29.06367,41.29075],[29.06367,41.39075],[29.06367,41.49075],[29.06367,41.59075],[29.06367,41.69075],[29.06367,41.79075],[29.06367,41.89075],[29.06367,41.99075],[29.06367,42.09075],[29.06367,42.19075],[29.06367,42.29075],[29.06367,42.39075],[29.06367,42.49075],[29.06367,42.59075],[29.06367,42.69075],[29.06367,42.79075],[29.06367,42.89075],[29.06367,42.99075],[29.06367,43.09075],[29.06367,43.19075],[29.06367,43.29075],[29.06367,43.39075],[29.06367,43.49075],[29.06367,43.59075],[29.06367,43.69075],[29.06367,43.79075],[29.06367,43.89075],[29.06367,43.99075],[29.06367,44.09075],[29.06367,44.19075],[28.96367,44.29075],[28.86367,44.39075],[28.76367,44.49075],[28.76761,44.55165]]}},{"type":"Feature","properties":{"id":561577,"kind":"overseas"},"geometry":{"type":"LineString","coordinates":[[-2.89653,53.19015],[-3.13633,53.29075],[-3.23633,53.39075],[-3.33633,53.49075],[-3.43633,53.49075],[-3.53633,53.49075],[-3.63633,53.49075],[-3.73633,53.49075],[-3.83633,53.49075],[-3.93633,53.49075],[-4.03633,53.49075],[-4.13633,53.49075],[-4.23633,53.49075],[-4.33633,53.49075],[-4.43633,53.49075],[-4.53633,53.49075],[-4.63633,53.39075],[-4.73633,53.29075],[-4.83633,53.19075],[-4.93633,53.09075],[-4.93633,52.99075],[-4.93633,52.89075],[-4.93633,52.79075],[-4.93633,52.69075],[-4.93633,52.59075],[-4.93633,52.49075],[-4.93633,52.39075],[-4.93633,52.29075],[-5.03633,52.19075],[-5.13633,52.09075],[-5.23633,51.99075],[-5.33633,51.89075],[-5.43633,51.79075],[-5.53633,51.69075],[-5.63633,51.59075],[-5.63633,51.49075],[-5.63633,51.39075],[-5.63633,51.29075],[-5.63633,51.19075],[-5.63633,51.09075],[-5.63633,50.99075],[-5.63633,50.89075],[-5.63633,50.79075],[-5.63633,50.69075],[-5.63633,50.59075],[-5.63633,50.49075],[-5.63633,50.39075],[-5.63633,50.29075],[-5.63633,50.19075],[-5.53633,50.09075],[-5.43633,50.09075],[-5.33633,49.99075],[-5.23633,49.89075],[-5.13633,49.99075],[-5.03633,50.09075],[-4.93633,50.19075],[-4.83633,50.19075],[-4.73633,50.19075],[-4.63633,50.19075],[-4.53633,50.19075],[-4.43633,50.19075],[-4.33633,50.19075],[-4.23633,50.19075],[-4.13633,50.19075],[-4.03633,50.19075],[-3.93633,50.19075],[-3.83633,50.19075],[-3.73633,50.19075],[-3.63633,50.29075],[-3.53633,50.29075],[-3.43633,50.39075],[-3.33633,50.49075],[-3.23633,50.59075],[-3.13633,50.59075],[-3.03633,50.59075],[-2.93633,50.59075],[-2.83633,50.59075],[-2.73633,50.59075],[-2.63633,50.59075],[-2.53633,50.59075],[-2.43633,50.59075],[-2.43544,50.71008]]}},{"type":"Feature","properties":{"id":561599,"kind":"overseas"},"geometry":{"type":"LineString","coordinates":[[-6.29319,36.52874],[-6.33633,36.49075],[-6.43633,36.59075],[-6.53633,36.69075],[-6.63633,36.79075],[-6.73633,36.89075],[-6.83633,36.99075],[-6.93633,36.99075],[-7.03633,36.99075],[-7.13633,36.99075],[-7.23633,36.99075],[-7.33633,36.99075],[-7.43633,36.99075],[-7.53633,36.99075],[-7.63633,36.99075],[-7.73633,36.99075],[-7.83633,36.99075],[-7.93633,36.99075],[-8.03633,36.99075],[-8.13633,36.99075],[-8.23633,36.99075],[-8.33633,36.99075],[-8.43633,36.99075],[-8.53633,36.99075],[-8.63633,36.99075],[-8.73633,36.99075],[-8.83633,36.99075],[-8.93633,36.99075],[-9.03633,37.09075],[-9.03633,37.19075],[-9.03633,37.29075],[-9.03633,37.39075],[-9.03633,37.49075],[-9.03633,37.59075],[-9.03633,37.69075],[-9.03633,37.79075],[-9.03633,37.89075],[-9.03633,37.99075],[-9.03633,38.09075],[-9.03633,38.19075],[-9.03633,38.29075],[-9.13633,38.39075],[-9.23633,38.49075],[-9.23633,38.59075],[-9.13633,38.69075],[-9.145,38.72555]]}},{"type":"Feature","properties":{"id":561612,"kind":"overseas"},"geometry":{"type":"LineString","coordinates":[[-6.29319,36.52874],[-6.33633,36.49075],[-6.23633,36.39075],[-6.13633,36.29075],[-6.13633,36.19075],[-6.03633,36.09075],[-5.93633,36.09075],[-5.83633,36.09075],[-5.73633,35.99075],[-5.63633,35.99075],[-5.53633,35.99075],[-5.43633,35.99075],[-5.33633,35.99075],[-5.23633,35.99075],[-5.13633,35.99075],[-5.03633,35.99075],[-4.93633,35.99075],[-4.83633,35.99075],[-4.73633,35.99075],[-4.63633,35.99075],[-4.53633,35.99075],[-4.43633,35.99075],[-4.33633,35.99075],[-4.23633,35.99075],[-4.13633,35.99075],[-4.03633,35.99075],[-3.93633,35.99075],[-3.83633,35.99075],[-3.73633,35.99075],[-3.63633,35.99075],[-3.53633,35.99075],[-3.43633,35.99075],[-3.33633,35.99075],[-3.23633,35.99075],[-3.13633,35.99075],[-3.03633,35.99075],[-2.93633,35.99075],[-2.83633,35.99075],[-2.73633,35.99075],[-2.63633,35.99075],[-2.53633,35.99075],[-2.43633,35.99075],[-2.33633,36.09075],[-2.23633,36.19075],[-2.13633,36.29075],[-2.03633,36.39075],[-1.93633,36.49075],[-1.83633,36.59075],[-1.73633,36.69075],[-1.63633,36.79075],[-1.53633,36.89075],[-1.43633,36.99075],[-1.33633,37.09075],[-1.23633,37.19075],[-1.13633,37.29075],[-1.03633,37.39075],[-0.93633,37.49075],[-0.83633,37.49075],[-0.73633,37.59075],[-0.63633,37.59075],[-0.53633,37.59075],[-0.43633,37.59075],[-0.33633,37.59075],[-0.23633,37.59075],[-0.13633,37.59075],[-0.03633,37.59075],[0.06367,37.59075],[0.16367,37.59075],[0.26367,37.59075],[0.36367,37.59075],[0.46367,37.59075],[0.56367,37.59075],[0.66367,37.59075],[0.76367,37.59075],[0.86367,37.59075],[0.96367,37.59075],[1.06367,37.59075],[1.16367,37.59075],[1.26367,37.59075],[1.36367,37.59075],[1.46367,37.59075],[1.56367,37.59075],[1.66367,37.59075],[1.76367,37.59075],[1.86367,37.59075],[1.96367,37.59075],[2.06367,37.59075],[2.16367,37.59075],[2.26367,37.59075],[2.36367,37.59075],[2.46367,37.59075],[2.56367,37.59075],[2.66367,37.59075],[2.76367,37.59075],[2.86367,37.59075],[2.96367,37.59075],[3.06367,37.59075],[3.16367,37.59075],[3.26367,37.59075],[3.36367,37.59075],[3.46367,37.59075],[3.56367,37.59075],[3.66367,37.59075],[3.76367,37.59075],[3.86367,37.59075],[3.96367,37.59075],[4.06367,37.59075],[4.16367,37.59075],[4.26367,37.59075],[4.36367,37.59075],[4.46367,37.59075],[4.56367,37.59075],[4.66367,37.59075],[4.76367,37.59075],[4.86367,37.59075],[4.96367,37.59075],[5.06367,37.59075],[5.16367,37.59075],[5.26367,37.59075],[5.36367,37.59075],[5.46367,37.59075],[5.56367,37.59075],[5.66367,37.59075],[5.76367,37.59075],[5.86367,37.59075],[5.96367,37.59075],[6.06367,37.59075],[6.16367,37.69075],[6.26367,37.69075],[6.36367,37.69075],[6.46367,37.69075],[6.56367,37.69075],[6.66367,37.69075],[6.76367,37.79075],[6.86367,37.79075],[6.96367,37.79075],[7.06367,37.89075],[7.16367,37.89075],[7.26367,37.99075],[7.36367,38.09075],[7.46367,38.09075],[7.56367,38.19075],[7.66367,38.29075],[7.76367,38.39075],[7.86367,38.49075],[7.96367,38.59075],[8.06367,38.69075],[8.16367,38.79075],[8.26367,38.79075],[8.36367,38.79075],[8.46367,38.79075],[8.56367,38.79075],[8.66367,38.79075],[8.76367,38.79075],[8.86367,38.79075],[8.96367,38.89075],[9.06367,38.99075],[9.06367,39.09075],[9.06367,39.19075],[9.10952,39.21489]]}},{"type":"Feature","properties":{"id":561627,"kind":"overseas"},"geometry":{"type":"LineString","coordinates":[[-6.29319,36.52874],[-6.33633,36.49075],[-6.23633,36.39075],[-6.13633,36.29075],[-6.13633,36.19075],[-6.03633,36.09075],[-5.93633,36.09075],[-5.83633,36.09075],[-5.73633,35.99075],[-5.63633,35.99075],[-5.53633,35.99075],[-5.43633,35.99075],[-5.33633,35.99075],[-5.23633,35.99075],[-5.13633,35.99075],[-5.03633,35.99075],[-4.93633,35.99075],[-4.83633,36.09075],[-4.73633,36.19075],[-4.63633,36.29075],[-4.53633,36.39075],[-4.43633,36.49075],[-4.33633,36.59075],[-4.23633,36.69075],[-4.13633,36.69075],[-4.03633,36.69075],[-3.93633,36.69075],[-3.83633,36.69075],[-3.73633,36.69075],[-3.63633,36.69075],[-3.53633,36.69075],[-3.43633,36.69075],[-3.33633,36.69075],[-3.23633,36.69075],[-3.13633,36.69075],[-3.03633,36.69075],[-2.93633,36.69075],[-2.83633,36.69075],[-2.73633,36.69075],[-2.63633,36.69075],[-2.53633,36.69075],[-2.43633,36.69075],[-2.33633,36.69075],[-2.23633,36.69075],[-2.13633,36.69075],[-2.03633,36.79075],[-1.93633,36.89075],[-1.83633,36.99075],[-1.73633,37.09075],[-1.63633,37.19075],[-1.53633,37.19075],[-1.43633,37.19075],[-1.33633,37.19075],[-1.23633,37.19075],[-1.13633,37.19075],[-1.03633,37.19075],[-0.93633,37.19075],[-0.83633,37.19075],[-0.73633,37.19075],[-0.63633,37.19075],[-0.53633,37.19075],[-0.43633,37.19075],[-0.33633,37.19075],[-0.23633,37.19075],[-0.13633,37.19075],[-0.03633,37.19075],[0.06367,37.19075],[0.16367,37.19075],[0.26367,37.19075],[0.36367,37.19075],[0.46367,37.19075],[0.56367,37.19075],[0.66367,37.19075],[0.76367,37.19075],[0.86367,37.19075],[0.96367,37.19075],[1.06367,37.19075],[1.16367,37.19075],[1.26367,37.19075],[1.36367,37.19075],[1.46367,37.19075],[1.56367,37.19075],[1.66367,37.19075],[1.76367,37.19075],[1.86367,37.19075],[1.96367,37.19075],[2.06367,37.19075],[2.16367,37.19075],[2.26367,37.19075],[2.36367,37.19075],[2.46367,37.19075],[2.56367,37.19075],[2.66367,37.19075],[2.76367,37.19075],[2.86367,37.19075],[2.96367,37.19075],[3.06367,37.19075],[3.16367,37.19075],[3.26367,37.19075],[3.36367,37.19075],[3.46367,37.19075],[3.56367,37.19075],[3.66367,37.19075],[3.76367,37.19075],[3.86367,37.19075],[3.96367,37.19075],[4.06367,37.19075],[4.16367,37.19075],[4.26367,37.19075],[4.36367,37.19075],[4.46367,37.19075],[4.56367,37.19075],[4.66367,37.19075],[4.76367,37.19075],[4.86367,37.19075],[4.96367,37.19075],[5.06367,37.19075],[5.16367,37.29075],[5.26367,37.39075],[5.36367,37.49075],[5.46367,37.59075],[5.56367,37.69075],[5.66367,37.79075],[5.76367,37.89075],[5.86367,37.99075],[5.96367,38.09075],[6.06367,38.19075],[6.16367,38.29075],[6.26367,38.29075],[6.36367,38.29075],[6.46367,38.29075],[6.56367,38.29075],[6.66367,38.29075],[6.76367,38.29075],[6.86367,38.29075],[6.96367,38.29075],[7.06367,38.29075],[7.16367,38.29075],[7.26367,38.29075],[7.36367,38.29075],[7.46367,38.29075],[7.56367,38.29075],[7.66367,38.29075],[7.76367,38.29075],[7.86367,38.29075],[7.96367,38.29075],[8.06367,38.29075],[8.16367,38.29075],[8.26367,38.29075],[8.36367,38.29075],[8.46367,38.29075],[8.56367,38.29075],[8.66367,38.29075],[8.76367,38.29075],[8.86367,38.29075],[8.96367,38.29075],[9.06367,38.29075],[9.16367,38.29075],[9.26367,38.29075],[9.36367,38.29075],[9.46367,38.29075],[9.56367,38.29075],[9.66367,38.29075],[9.76367,38.29075],[9.86367,38.29075],[9.96367,38.29075],[10.06367,38.29075],[10.16367,38.29075],[10.26367,38.29075],[10.36367,38.29075],[10.46367,38.29075],[10.56367,38.29075],[10.66367,38.29075],[10.76367,38.29075],[10.86367,38.29075],[10.96367,38.29075],[11.06367,38.29075],[11.16367,38.29075],[11.26367,38.29075],[11.36367,38.29075],[11.46367,38.29075],[11.56367,38.29075],[11.66367,38.29075],[11.76367,38.29075],[11.86367,38.29075],[11.96367,38.29075],[12.06367,38.29075],[12.16367,38.29075],[12.26367,38.29075],[12.36367,38.29075],[12.46367,38.29075],[12.56367,38.29075],[12.66367,38.29075],[12.76367,38.29075],[12.86367,38.29075],[12.96367,38.29075],[13.06367,38.29075],[13.16367,38.29075],[13.26367,38.29075],[13.36367,38.29075],[13.46367,38.29075],[13.56367,38.29075],[13.66367,38.29075],[13.76367,38.29075],[13.86367,38.29075],[13.96367,38.29075],[14.06367,38.29075],[14.16367,38.29075],[14.26367,38.29075],[14.36367,38.29075],[14.46367,38.29075],[14.56367,38.29075],[14.66367,38.29075],[14.76367,38.29075],[14.86367,38.29075],[14.96367,38.29075],[15.06367,38.39075],[15.16367,38.39075],[15.26367,38.39075],[15.36367,38.39075],[15.46367,38.39075],[15.56367,38.39075],[15.56367,38.09075],[15.55663,38.19225]]}},{"type":"Feature","properties":{"id":571793,"kind":"overseas"},"geometry":{"type":"LineString","coordinates":[[1.61365,50.72413],[1.56367,50.69075],[1.56367,50.79075],[1.56367,50.89075],[1.56367,50.99075],[1.56367,51.09075],[1.56367,51.19075],[1.56367,51.29075],[1.56367,51.39075],[1.56367,51.49075],[1.56367,51.59075],[1.56367,51.69075],[1.56367,51.79075],[1.56367,51.89075],[1.56367,51.99075],[1.66367,52.09075],[1.66367,52.19075],[1.66367,52.29075],[1.76367,52.39075],[1.86367,52.49075],[1.86367,52.59075],[1.76367,52.69075],[1.66367,52.79075],[1.56367,52.89075],[1.46367,52.99075],[1.36367,53.09075],[1.26367,53.19075],[1.16367,53.29075],[1.06367,53.39075],[0.96367,53.49075],[0.86367,53.59075],[0.76367,53.69075],[0.66367,53.79075],[0.56367,53.89075],[0.46367,53.89075],[0.36367,53.89075],[0.26367,53.89075],[0.16367,53.89075],[0.06367,53.89075],[-0.03633,53.89075],[-0.13633,53.89075],[-0.53633,53.69075],[-0.5925,53.68719]]}},{"type":"Feature","properties":{"id":561659,"kind":"overseas"},"geometry":{"type":"LineString","coordinates":[[28.76761,44.55165],[28.76367,44.49075],[28.86367,44.49075],[28.96367,44.49075],[29.06367,44.49075],[29.16367,44.49075],[29.26367,44.49075],[29.36367,44.49075],[29.46367,44.49075],[29.56367,44.49075],[29.66367,44.49075],[29.76367,44.49075],[29.86367,44.49075],[29.96367,44.49075],[30.06367,44.49075],[30.16367,44.59075],[30.26367,44.69075],[30.36367,44.69075],[30.46367,44.69075],[30.56367,44.69075],[30.66367,44.69075],[30.76367,44.69075],[30.86367,44.69075],[30.96367,44.69075],[31.06367,44.69075],[31.16367,44.69075],[31.26367,44.69075],[31.36367,44.69075],[31.46367,44.69075],[31.56367,44.69075],[31.66367,44.69075],[31.76367,44.69075],[31.86367,44.69075],[31.96367,44.69075],[32.06367,44.69075],[32.16367,44.69075],[32.26367,44.69075],[32.36367,44.69075],[32.46367,44.69075],[32.56367,44.69075],[32.66367,44.69075],[32.76367,44.69075],[32.86367,44.69075],[32.96367,44.69075],[33.06367,44.69075],[33.16367,44.69075],[33.26367,44.69075],[33.36367,44.69075],[33.46367,44.69075],[33.4933,44.61163]]}},{"type":"Feature","properties":{"id":561690,"kind":"overseas"},"geometry":{"type":"LineString","coordinates":[[2.19594,36.60582],[2.16367,36.69075],[2.16367,36.79075],[2.16367,36.89075],[2.16367,36.99075],[2.16367,37.09075],[2.16367,37.19075],[2.16367,37.29075],[2.16367,37.39075],[2.16367,37.49075],[2.16367,37.59075],[2.16367,37.69075],[2.16367,37.79075],[2.16367,37.89075],[2.16367,37.99075],[2.16367,38.09075],[2.16367,38.19075],[2.06367,38.29075],[1.96367,38.39075],[1.86367,38.49075],[1.76367,38.59075],[1.66367,38.69075],[1.56367,38.79075],[1.46367,38.89075],[1.42447,38.91047]]}},{"type":"Feature","properties":{"id":561706,"kind":"overseas"},"geometry":{"type":"LineString","coordinates":[[14.29122,32.63586],[14.26367,32.69075],[14.26367,32.79075],[14.26367,32.89075],[14.26367,32.99075],[14.26367,33.09075],[14.26367,33.19075],[14.26367,33.29075],[14.26367,33.39075],[14.26367,33.49075],[14.26367,33.59075],[14.26367,33.69075],[14.26367,33.79075],[14.26367,33.89075],[14.26367,33.99075],[14.26367,34.09075],[14.26367,34.19075],[14.26367,34.29075],[14.26367,34.39075],[14.26367,34.49075],[14.26367,34.59075],[14.26367,34.69075],[14.26367,34.79075],[14.26367,34.89075],[14.26367,34.99075],[14.26367,35.09075],[14.26367,35.19075],[14.26367,35.29075],[14.26367,35.39075],[14.26367,35.49075],[14.26367,35.59075],[14.36367,35.69075],[14.46367,35.79075],[14.56367,35.89075],[14.56367,35.99075],[14.56367,36.09075],[14.66367,36.19075],[14.76367,36.29075],[14.86367,36.39075],[14.96367,36.49075],[15.06367,36.59075],[15.16367,36.69075],[15.13651,36.68103]]}},{"type":"Feature","properties":{"id":561726,"kind":"overseas"},"geometry":{"type":"LineString","coordinates":[[-0.08294,51.52046],[0.46367,51.49075],[0.56367,51.49075],[0.66367,51.49075],[0.76367,51.49075],[0.86367,51.49075],[0.96367,51.59075],[1.06367,51.69075],[1.16367,51.69075],[1.26367,51.79075],[1.36367,51.89075],[1.46367,51.99075],[1.56367,51.99075],[1.66367,52.09075],[1.76367,52.19075],[1.86367,52.19075],[1.96367,52.19075],[2.06367,52.19075],[2.16367,52.19075],[2.26367,52.19075],[2.36367,52.19075],[2.46367,52.19075],[2.56367,52.19075],[2.66367,52.19075],[2.76367,52.19075],[2.86367,52.19075],[2.96367,52.19075],[3.06367,52.19075],[3.16367,52.19075],[3.26367,52.19075],[3.36367,52.19075],[3.46367,52.19075],[3.56367,52.19075],[3.66367,52.19075],[3.76367,52.19075],[3.86367,52.19075],[3.96367,52.19075],[4.06367,52.19075],[4.16367,52.19075],[4.26367,52.19075],[4.36367,52.19075],[4.39757,52.19812]]}},{"type":"Feature","properties":{"id":561758,"kind":"overseas"},"geometry":{"type":"LineString","coordinates":[[5.36278,43.3054],[5.26367,43.29075],[5.36367,43.19075],[5.46367,43.09075],[5.56367,42.99075],[5.66367,42.89075],[5.76367,42.79075],[5.76367,42.69075],[5.76367,42.59075],[5.76367,42.49075],[5.76367,42.39075],[5.76367,42.29075],[5.76367,42.19075],[5.76367,42.09075],[5.76367,41.99075],[5.76367,41.89075],[5.76367,41.79075],[5.76367,41.69075],[5.76367,41.59075],[5.76367,41.49075],[5.76367,41.39075],[5.76367,41.29075],[5.76367,41.19075],[5.76367,41.09075],[5.76367,40.99075],[5.76367,40.89075],[5.76367,40.79075],[5.76367,40.69075],[5.76367,40.59075],[5.76367,40.49075],[5.76367,40.39075],[5.76367,40.29075],[5.76367,40.19075],[5.76367,40.09075],[5.76367,39.99075],[5.76367,39.89075],[5.76367,39.79075],[5.76367,39.69075],[5.76367,39.59075],[5.76367,39.49075],[5.76367,39.39075],[5.76367,39.29075],[5.76367,39.19075],[5.76367,39.09075],[5.76367,38.99075],[5.76367,38.89075],[5.76367,38.79075],[5.76367,38.69075],[5.76367,38.59075],[5.76367,38.49075],[5.76367,38.39075],[5.76367,38.29075],[5.76367,38.19075],[5.76367,38.09075],[5.76367,37.99075],[5.76367,37.89075],[5.76367,37.79075],[5.76367,37.69075],[5.76367,37.59075],[5.76367,37.49075],[5.76367,37.39075],[5.76367,37.29075],[5.76367,37.19075],[5.76367,37.09075],[5.76367,36.99075],[5.76367,36.89075],[5.76666,36.82162]]}},{"type":"Feature","properties":{"id":563046,"kind":"overseas"},"geometry":{"type":"LineString","coordinates":[[5.36278,43.3054],[5.26367,43.29075],[5.36367,43.19075],[5.46367,43.09075],[5.56367,42.99075],[5.66367,42.89075],[5.76367,42.79075],[5.86367,42.69075],[5.96367,42.59075],[6.06367,42.49075],[6.16367,42.39075],[6.26367,42.29075],[6.36367,42.19075],[6.46367,42.09075],[6.56367,41.99075],[6.56367,41.89075],[6.56367,41.79075],[6.56367,41.69075],[6.56367,41.59075],[6.56367,41.49075],[6.56367,41.39075],[6.56367,41.29075],[6.56367,41.19075],[6.56367,41.09075],[6.56367,40.99075],[6.56367,40.89075],[6.56367,40.79075],[6.56367,40.69075],[6.56367,40.59075],[6.56367,40.49075],[6.56367,40.39075],[6.56367,40.29075],[6.56367,40.19075],[6.56367,40.09075],[6.56367,39.99075],[6.56367,39.89075],[6.56367,39.79075],[6.56367,39.69075],[6.56367,39.59075],[6.56367,39.49075],[6.56367,39.39075],[6.56367,39.29075],[6.56367,39.19075],[6.56367,39.09075],[6.56367,38.99075],[6.56367,38.89075],[6.56367,38.79075],[6.56367,38.69075],[6.56367,38.59075],[6.56367,38.49075],[6.56367,38.39075],[6.56367,38.29075],[6.56367,38.19075],[6.56367,38.09075],[6.56367,37.99075],[6.56367,37.89075],[6.56367,37.79075],[6.56367,37.69075],[6.56367,37.59075],[6.56367,37.49075],[6.56367,37.39075],[6.56367,37.29075],[6.56367,37.19075],[6.56367,37.09075],[6.46696,37.08911]]}},{"type":"Feature","properties":{"id":561785,"kind":"overseas"},"geometry":{"type":"LineString","coordinates":[[5.36278,43.3054],[5.26367,43.29075],[5.36367,43.19075],[5.46367,43.19075],[5.56367,43.19075],[5.66367,43.19075],[5.76367,43.09075],[5.86367,42.99075],[5.96367,43.09075],[6.06367,43.09075],[6.16367,43.09075],[6.26367,43.09075],[6.36367,43.09075],[6.46367,43.09075],[6.56367,43.09075],[6.66367,43.09075],[6.76367,43.09075],[6.86367,43.09075],[6.96367,43.09075],[7.06367,43.09075],[7.16367,43.09075],[7.26367,43.09075],[7.36367,43.09075],[7.46367,43.09075],[7.56367,43.09075],[7.66367,43.09075],[7.76367,43.09075],[7.86367,43.09075],[7.96367,43.09075],[8.06367,43.09075],[8.16367,43.09075],[8.26367,43.09075],[8.36367,43.09075],[8.46367,43.09075],[8.56367,43.09075],[8.66367,43.09075],[8.76367,43.09075],[8.86367,43.09075],[8.96367,43.09075],[9.06367,43.09075],[9.16367,43.09075],[9.26367,43.09075],[9.36367,43.09075],[9.46367,42.99075],[9.56367,42.89075],[9.56367,42.79075],[9.56367,42.69075],[9.56367,42.59075],[9.56367,42.49075],[9.56367,42.39075],[9.56367,42.29075],[9.56367,42.19075],[9.56367,42.09075],[9.52619,42.1238]]}},{"type":"Feature","properties":{"id":561801,"kind":"overseas"},"geometry":{"type":"LineString","coordinates":[[3.0,43.19705],[3.16367,43.09075],[3.26367,42.99075],[3.36367,42.89075],[3.46367,42.79075],[3.56367,42.69075],[3.66367,42.59075],[3.76367,42.49075],[3.86367,42.39075],[3.96367,42.29075],[4.06367,42.19075],[4.16367,42.09075],[4.26367,41.99075],[4.36367,41.89075],[4.36367,41.79075],[4.36367,41.69075],[4.36367,41.59075],[4.36367,41.49075],[4.36367,41.39075],[4.36367,41.29075],[4.36367,41.19075],[4.36367,41.09075],[4.36367,40.99075],[4.36367,40.89075],[4.36367,40.79075],[4.36367,40.69075],[4.46367,40.59075],[4.56367,40.49075],[4.66367,40.39075],[4.76367,40.29075],[4.86367,40.19075],[4.96367,40.09075],[4.96367,39.99075],[5.06367,39.89075],[5.16367,39.79075],[5.16367,39.69075],[5.26367,39.59075],[5.26367,39.49075],[5.36367,39.39075],[5.46367,39.29075],[5.46367,39.19075],[5.56367,39.09075],[5.66367,38.99075],[5.76367,38.89075],[5.86367,38.79075],[5.96367,38.69075],[6.06367,38.69075],[6.16367,38.59075],[6.26367,38.49075],[6.36367,38.39075],[6.46367,38.39075],[6.56367,38.29075],[6.66367,38.29075],[6.76367,38.19075],[6.86367,38.19075],[6.96367,38.19075],[7.06367,38.19075],[7.16367,38.19075],[7.26367,38.09075],[7.36367,38.09075],[7.46367,38.09075],[7.56367,38.09075],[7.66367,38.09075],[7.76367,37.99075],[7.86367,37.89075],[7.96367,37.79075],[8.06367,37.69075],[8.16367,37.59075],[8.26367,37.49075],[8.36367,37.39075],[8.46367,37.29075],[8.56367,37.19075],[8.66367,37.09075],[8.76367,36.99075],[8.74976,36.95251]]}},{"type":"Feature","properties":{"id":563099,"kind":"overseas"},"geometry":{"type":"LineString","coordinates":[[3.0,43.19705],[3.16367,43.09075],[3.26367,43.09075],[3.36367,43.09075],[3.46367,43.09075],[3.56367,43.09075],[3.66367,43.09075],[3.76367,43.09075],[3.86367,42.99075],[3.96367,42.89075],[4.06367,42.79075],[4.16367,42.69075],[4.26367,42.59075],[4.36367,42.49075],[4.46367,42.39075],[4.56367,42.29075],[4.66367,42.19075],[4.76367,42.09075],[4.86367,41.99075],[4.96367,41.89075],[5.06367,41.79075],[5.16367,41.79075],[5.26367,41.79075],[5.36367,41.79075],[5.46367,41.79075],[5.56367,41.79075],[5.66367,41.79075],[5.76367,41.79075],[5.86367,41.79075],[5.96367,41.79075],[6.06367,41.79075],[6.16367,41.79075],[6.26367,41.79075],[6.36367,41.79075],[6.46367,41.79075],[6.56367,41.79075],[6.66367,41.79075],[6.76367,41.79075],[6.86367,41.79075],[6.96367,41.79075],[7.06367,41.79075],[7.16367,41.79075],[7.26367,41.79075],[7.36367,41.79075],[7.46367,41.79075],[7.56367,41.79075],[7.66367,41.79075],[7.76367,41.79075],[7.86367,41.79075],[7.96367,41.79075],[8.06367,41.79075],[8.16367,41.79075],[8.26367,41.79075],[8.36367,41.79075],[8.46367,41.79075],[8.56367,41.79075],[8.66367,41.69075],[8.76367,41.59075],[8.86367,41.49075],[8.96367,41.39075],[9.06367,41.39075],[9.1594,41.38739]]}},{"type":"Feature","properties":{"id":561855,"kind":"overseas"},"geometry":{"type":"LineString","coordinates":[[12.28707,41.754],[12.26367,41.69075],[12.16367,41.69075],[12.06367,41.69075],[11.96367,41.69075],[11.86367,41.69075],[11.76367,41.69075],[11.66367,41.69075],[11.56367,41.69075],[11.46367,41.69075],[11.36367,41.69075],[11.26367,41.69075],[11.16367,41.69075],[11.06367,41.69075],[10.96367,41.69075],[10.86367,41.69075],[10.76367,41.69075],[10.66367,41.69075],[10.56367,41.69075],[10.46367,41.69075],[10.36367,41.59075],[10.26367,41.49075],[10.16367,41.39075],[10.06367,41.29075],[9.96367,41.19075],[9.86367,41.09075],[9.76367,40.99075],[9.66367,40.89075],[9.50076,40.92903]]}},{"type":"Feature","properties":{"id":561860,"kind":"overseas"},"geometry":{"type":"LineString","coordinates":[[12.28707,41.754],[12.26367,41.69075],[12.16367,41.59075],[12.06367,41.49075],[11.96367,41.39075],[11.86367,41.29075],[11.76367,41.19075],[11.66367,41.09075],[11.56367,40.99075],[11.46367,40.89075],[11.36367,40.79075],[11.26367,40.69075],[11.16367,40.59075],[11.06367,40.59075],[10.96367,40.49075],[10.86367,40.39075],[10.76367,40.29075],[10.66367,40.19075],[10.56367,40.09075],[10.46367,39.99075],[10.36367,39.89075],[10.26367,39.79075],[10.16367,39.69075],[10.06367,39.59075],[9.96367,39.49075],[9.86367,39.39075],[9.76367,39.29075],[9.66367,39.19075],[9.56367,39.09075],[9.46367,39.09075],[9.36367,39.09075],[9.26367,39.09075],[9.16367,39.09075],[9.06367,39.19075],[9.10952,39.21489]]}},{"type":"Feature","properties":{"id":561878,"kind":"overseas"},"geometry":{"type":"LineString","coordinates":[[12.28707,41.754],[12.26367,41.69075],[12.16367,41.69075],[12.06367,41.69075],[11.96367,41.69075],[11.86367,41.69075],[11.76367,41.69075],[11.66367,41.69075],[11.56367,41.69075],[11.46367,41.69075],[11.36367,41.69075],[11.26367,41.69075],[11.16367,41.69075],[11.06367,41.69075],[10.96367,41.69075],[10.86367,41.69075],[10.76367,41.69075],[10.66367,41.69075],[10.56367,41.69075],[10.46367,41.69075],[10.36367,41.69075],[10.26367,41.69075],[10.16367,41.69075],[10.06367,41.69075],[9.96367,41.69075],[9.86367,41.69075],[9.76367,41.69075],[9.66367,41.69075],[9.56367,41.69075],[9.46367,41.59075],[9.36367,41.49075],[9.26367,41.39075],[9.16367,41.29075],[9.06367,41.39075],[9.1594,41.38739]]}},{"type":"Feature","properties":{"id":561895,"kind":"overseas"},"geometry":{"type":"LineString","coordinates":[[12.28707,41.754],[12.26367,41.69075],[12.16367,41.59075],[12.06367,41.49075],[12.06367,41.39075],[12.06367,41.29075],[12.06367,41.19075],[12.06367,41.09075],[12.06367,40.99075],[12.06367,40.89075],[12.06367,40.79075],[12.06367,40.69075],[12.06367,40.59075],[12.06367,40.49075],[12.06367,40.39075],[12.06367,40.29075],[12.06367,40.19075],[12.06367,40.09075],[12.06367,39.99075],[12.06367,39.89075],[12.06367,39.79075],[12.06367,39.69075],[12.06367,39.59075],[12.06367,39.49075],[12.06367,39.39075],[12.06367,39.29075],[12.06367,39.19075],[12.06367,39.09075],[12.06367,38.99075],[12.06367,38.89075],[12.06367,38.79075],[12.06367,38.69075],[12.06367,38.59075],[12.06367,38.49075],[12.06367,38.39075],[12.06367,38.29075],[12.06367,38.19075],[12.06367,38.09075],[12.06367,37.99075],[12.06,37.97]]}},{"type":"Feature","properties":{"id":561609,"kind":"overseas"},"geometry":{"type":"LineString","coordinates":[[27.22524,31.35553],[27.26367,31.39075],[27.26367,31.49075],[27.26367,31.59075],[27.26367,31.69075],[27.26367,31.79075],[27.26367,31.89075],[27.26367,31.99075],[27.26367,32.09075],[27.26367,32.19075],[27.26367,32.29075],[27.26367,32.39075],[27.26367,32.49075],[27.26367,32.59075],[27.26367,32.69075],[27.26367,32.79075],[27.26367,32.89075],[27.26367,32.99075],[27.26367,33.09075],[27.26367,33.19075],[27.26367,33.29075],[27.26367,33.39075],[27.26367,33.49075],[27.26367,33.59075],[27.26367,33.69075],[27.26367,33.79075],[27.26367,33.89075],[27.26367,33.99075],[27.26367,34.09075],[27.26367,34.19075],[27.26367,34.29075],[27.26367,34.39075],[27.26367,34.49075],[27.26367,34.59075],[27.26367,34.69075],[27.26367,34.79075],[27.26367,34.89075],[27.26367,34.99075],[27.26367,35.09075],[27.26367,35.19075],[27.26367,35.29075],[27.26367,35.39075],[27.26367,35.49075],[27.21,35.51]]}},{"type":"Feature","properties":{"id":561929,"kind":"overseas"},"geometry":{"type":"LineString","coordinates":[[32.56749,31.04348],[32.56367,31.09075],[32.56367,31.19075],[32.56367,31.29075],[32.56367,31.39075],[32.56367,31.49075],[32.56367,31.59075],[32.56367,31.69075],[32.56367,31.79075],[32.56367,31.89075],[32.56367,31.99075],[32.56367,32.09075],[32.56367,32.19075],[32.56367,32.29075],[32.56367,32.39075],[32.56367,32.49075],[32.56367,32.59075],[32.56367,32.69075],[32.56367,32.79075],[32.56367,32.89075],[32.56367,32.99075],[32.56367,33.09075],[32.56367,33.19075],[32.56367,33.29075],[32.56367,33.39075],[32.56367,33.49075],[32.56367,33.59075],[32.56367,33.69075],[32.56367,33.79075],[32.56367,33.89075],[32.56367,33.99075],[32.56367,34.09075],[32.56367,34.19075],[32.56367,34.29075],[32.56367,34.39075],[32.56367,34.49075],[32.56367,34.59075],[32.46367,34.69075],[32.36367,34.79075],[32.41422,34.75826]]}},{"type":"Feature","properties":{"id":561947,"kind":"overseas"},"geometry":{"type":"LineString","coordinates":[[-6.81017,34.00512],[-6.83633,34.09075],[-6.83633,34.19075],[-6.83633,34.29075],[-6.83633,34.39075],[-6.83633,34.49075],[-6.83633,34.59075],[-6.83633,34.69075],[-6.83633,34.79075],[-6.83633,34.89075],[-6.73633,34.99075],[-6.63633,35.09075],[-6.53633,35.19075],[-6.43633,35.29075],[-6.33633,35.39075],[-6.23633,35.49075],[-6.13633,35.59075],[-6.03633,35.69075],[-5.93633,35.79075],[-5.83633,35.89075],[-5.79759,35.79244]]}},{"type":"Feature","properties":{"id":561957,"kind":"overseas"},"geometry":{"type":"LineString","coordinates":[[-1.466,35.25695],[-1.53633,35.29075],[-1.63633,35.39075],[-1.73633,35.49075],[-1.83633,35.59075],[-1.93633,35.69075],[-2.03633,35.79075],[-2.13633,35.89075],[-2.23633,35.99075],[-2.33633,36.09075],[-2.43633,36.19075],[-2.53633,36.29075],[-2.63633,36.39075],[-2.73633,36.49075],[-2.83633,36.59075],[-2.93633,36.69075],[-3.03633,36.69075],[-3.13633,36.69075],[-3.23633,36.69075],[-3.33633,36.69075],[-3.43633,36.69075],[-3.53633,36.69075],[-3.63633,36.69075],[-3.73633,36.69075],[-3.83633,36.69075],[-3.93633,36.69075],[-4.03633,36.69075],[-4.13633,36.69075],[-4.23633,36.69075],[-4.33633,36.69075],[-4.43633,36.69075],[-4.42203,36.71536]]}},{"type":"Feature","properties":{"id":561974,"kind":"overseas"},"geometry":{"type":"LineString","coordinates":[[1.24986,41.11889],[1.26367,41.09075],[1.36367,41.09075],[1.46367,41.09075],[1.56367,41.09075],[1.66367,41.09075],[1.76367,41.09075],[1.86367,41.09075],[1.96367,41.09075],[2.06367,41.09075],[2.16367,41.09075],[2.26367,41.09075],[2.36367,41.09075],[2.46367,41.09075],[2.56367,41.09075],[2.66367,41.09075],[2.76367,41.09075],[2.86367,41.09075],[2.96367,41.09075],[3.06367,41.09075],[3.16367,41.09075],[3.26367,41.09075],[3.36367,41.09075],[3.46367,41.09075],[3.56367,41.09075],[3.66367,41.09075],[3.76367,41.09075],[3.86367,41.09075],[3.96367,41.09075],[4.06367,41.09075],[4.16367,41.09075],[4.26367,41.09075],[4.36367,41.09075],[4.46367,41.09075],[4.56367,41.09075],[4.66367,41.09075],[4.76367,41.09075],[4.86367,41.09075],[4.96367,41.09075],[5.06367,41.09075],[5.16367,41.19075],[5.26367,41.29075],[5.36367,41.39075],[5.46367,41.39075],[5.56367,41.39075],[5.66367,41.39075],[5.76367,41.39075],[5.86367,41.39075],[5.96367,41.39075],[6.06367,41.39075],[6.16367,41.39075],[6.26367,41.39075],[6.36367,41.39075],[6.46367,41.39075],[6.56367,41.39075],[6.66367,41.39075],[6.76367,41.39075],[6.86367,41.39075],[6.96367,41.39075],[7.06367,41.39075],[7.16367,41.39075],[7.26367,41.39075],[7.36367,41.39075],[7.46367,41.39075],[7.56367,41.39075],[7.66367,41.39075],[7.76367,41.39075],[7.86367,41.39075],[7.96367,41.39075],[8.06367,41.39075],[8.16367,41.39075],[8.26367,41.39075],[8.36367,41.39075],[8.46367,41.39075],[8.56367,41.39075],[8.66367,41.39075],[8.76367,41.39075],[8.86367,41.39075],[8.96367,41.39075],[9.06367,41.39075],[9.1594,41.38739]]}},{"type":"Feature","properties":{"id":561991,"kind":"overseas"},"geometry":{"type":"LineString","coordinates":[[1.24986,41.11889],[1.26367,41.09075],[1.36367,40.99075],[1.46367,40.89075],[1.56367,40.79075],[1.66367,40.69075],[1.76367,40.59075],[1.86367,40.49075],[1.96367,40.39075],[2.06367,40.29075],[2.16367,40.19075],[2.26367,40.09075],[2.26367,39.99075],[2.26367,39.89075],[2.26367,39.79075],[2.26367,39.69075],[2.26367,39.59075],[2.36367,39.49075],[2.46367,39.39075],[2.56367,39.49075],[2.66367,39.49075],[2.65017,39.56718]]}},{"type":"Feature","properties":{"id":562015,"kind":"overseas"},"geometry":{"type":"LineString","coordinates":[[-1.32311,51.06839],[-1.33633,50.79075],[-1.33633,50.59075],[-1.23633,50.49075],[-1.13633,50.49075],[-1.03633,50.49075],[-0.93633,50.49075],[-0.83633,50.49075],[-0.73633,50.49075],[-0.63633,50.49075],[-0.53633,50.49075],[-0.43633,50.49075],[-0.33633,50.49075],[-0.23633,50.39075],[-0.13633,50.29075],[-0.03633,50.19075],[0.06367,50.09075],[0.16367,49.99075],[0.26367,49.89075],[0.36367,49.79075],[0.46367,49.69075],[0.56367,49.59075],[0.53651,49.5255]]}},{"type":"Feature","properties":{"id":562040,"kind":"overseas"},"geometry":{"type":"LineString","coordinates":[[29.32188,36.26247],[29.26367,36.29075],[29.36367,36.19075],[29.46367,36.09075],[29.56367,35.99075],[29.66367,35.89075],[29.76367,35.79075],[29.86367,35.69075],[29.96367,35.59075],[30.06367,35.49075],[30.16367,35.39075],[30.26367,35.29075],[30.36367,35.19075],[30.46367,35.09075],[30.56367,34.99075],[30.66367,34.89075],[30.76367,34.89075],[30.86367,34.89075],[30.96367,34.89075],[31.06367,34.89075],[31.16367,34.89075],[31.26367,34.89075],[31.36367,34.89075],[31.46367,34.89075],[31.56367,34.89075],[31.66367,34.89075],[31.76367,34.89075],[31.86367,34.89075],[31.96367,34.89075],[32.06367,34.89075],[32.16367,34.89075],[32.26367,34.89075],[32.36367,34.79075],[32.41422,34.75826]]}},{"type":"Feature","properties":{"id":562057,"kind":"overseas"},"geometry":{"type":"LineString","coordinates":[[32.38009,41.74755],[32.36367,41.79075],[32.36367,41.89075],[32.36367,41.99075],[32.36367,42.09075],[32.36367,42.19075],[32.36367,42.29075],[32.36367,42.39075],[32.36367,42.49075],[32.36367,42.59075],[32.36367,42.69075],[32.36367,42.79075],[32.36367,42.89075],[32.36367,42.99075],[32.36367,43.09075],[32.36367,43.19075],[32.36367,43.29075],[32.36367,43.39075],[32.36367,43.49075],[32.36367,43.59075],[32.46367,43.69075],[32.56367,43.79075],[32.66367,43.89075],[32.76367,43.99075],[32.86367,44.09075],[32.96367,44.19075],[33.06367,44.29075],[33.16367,44.39075],[33.26367,44.49075],[33.36367,44.59075],[33.46367,44.69075],[33.4933,44.61163]]}},{"type":"Feature","properties":{"id":562096,"kind":"overseas"},"geometry":{"type":"LineString","coordinates":[[8.74976,36.95251],[8.76367,36.99075],[8.76367,37.09075],[8.76367,37.19075],[8.76367,37.29075],[8.76367,37.39075],[8.76367,37.49075],[8.76367,37.59075],[8.76367,37.69075],[8.76367,37.79075],[8.76367,37.89075],[8.76367,37.99075],[8.76367,38.09075],[8.76367,38.19075],[8.76367,38.29075],[8.76367,38.39075],[8.76367,38.49075],[8.76367,38.59075],[8.76367,38.69075],[8.86367,38.79075],[8.96367,38.89075],[9.06367,38.99075],[9.06367,39.09075],[9.06367,39.19075],[9.10952,39.21489]]}},{"type":"Feature","properties":{"id":571753,"kind":"overseas"},"geometry":{"type":"MultiLineString","coordinates":[[[35.76367,34.49075],[35.84967,34.43111]],[[35.66367,34.49075],[35.76367,34.49075]],[[35.56367,34.49075],[35.66367,34.49075]],[[35.46367,34.49075],[35.56367,34.49075]],[[35.36367,34.49075],[35.46367,34.49075]],[[35.26367,34.49075],[35.36367,34.49075]],[[35.16367,34.49075],[35.26367,34.49075]],[[35.06367,34.49075],[35.16367,34.49075]],[[34.96367,34.49075],[35.06367,34.49075]],[[34.86367,34.49075],[34.96367,34.49075]],[[34.76367,34.49075],[34.86367,34.49075]],[[34.66367,34.49075],[34.76367,34.49075]],[[34.56367,34.49075],[34.66367,34.49075]],[[34.46367,34.49075],[34.56367,34.49075]],[[34.36367,34.49075],[34.46367,34.49075]],[[34.26367,34.49075],[34.36367,34.49075]],[[34.16367,34.49075],[34.26367,34.49075]],[[34.06367,34.49075],[34.16367,34.49075]],[[33.96367,34.49075],[34.06367,34.49075]],[[33.86367,34.49075],[33.96367,34.49075]],[[33.76367,34.49075],[33.86367,34.49075]],[[33.66367,34.49075],[33.76367,34.49075]],[[33.56367,34.49075],[33.66367,34.49075]],[[33.46367,34.49075],[33.56367,34.49075]],[[33.36367,34.49075],[33.46367,34.49075]],[[33.26367,34.49075],[33.36367,34.49075]],[[33.16367,34.49075],[33.26367,34.49075]],[[33.06367,34.49075],[33.16367,34.49075]],[[32.96367,34.49075],[33.06367,34.49075]],[[32.86367,34.59075],[32.96367,34.49075]],[[32.76367,34.59075],[32.86367,34.59075]],[[32.66367,34.59075],[32.76367,34.59075]],[[32.56367,34.69075],[32.66367,34.59075]],[[32.46367,34.69075],[32.56367,34.69075]],[[32.36367,34.79075],[32.46367,34.69075]],[[32.41422,34.75826],[32.36367,34.79075]]]}},{"type":"Feature","properties":{"id":562256,"kind":"overseas"},"geometry":{"type":"LineString","coordinates":[[15.13651,36.68103],[15.16367,36.69075],[15.26367,36.79075],[15.36367,36.89075],[15.46367,36.99075],[15.56367,37.09075],[15.66367,37.19075],[15.76367,37.29075],[15.86367,37.39075],[15.96367,37.49075],[16.06367,37.59075],[16.16367,37.69075],[16.26367,37.69075],[16.36367,37.69075],[16.46367,37.69075],[16.56367,37.69075],[16.66367,37.69075],[16.76367,37.69075],[16.86367,37.69075],[16.96367,37.69075],[17.06367,37.69075],[17.16367,37.69075],[17.26367,37.69075],[17.36367,37.69075],[17.46367,37.69075],[17.56367,37.69075],[17.66367,37.69075],[17.76367,37.69075],[17.86367,37.69075],[17.96367,37.69075],[18.06367,37.69075],[18.16367,37.69075],[18.26367,37.69075],[18.36367,37.69075],[18.46367,37.69075],[18.56367,37.69075],[18.66367,37.69075],[18.76367,37.69075],[18.86367,37.69075],[18.96367,37.69075],[19.06367,37.69075],[19.16367,37.69075],[19.26367,37.69075],[19.36367,37.69075],[19.46367,37.69075],[19.56367,37.69075],[19.66367,37.69075],[19.76367,37.69075],[19.86367,37.69075],[19.96367,37.69075],[20.06367,37.69075],[20.16367,37.69075],[20.26367,37.69075],[20.36367,37.69075],[20.46367,37.69075],[20.56367,37.69075],[20.66367,37.69075],[20.76367,37.69075],[20.86367,37.69075],[20.96367,37.69075],[21.06367,37.69075],[21.16367,37.69075],[21.26367,37.69075],[21.32,37.65]]}},{"type":"Feature","properties":{"id":562273,"kind":"overseas"},"geometry":{"type":"LineString","coordinates":[[15.13651,36.68103],[15.16367,36.69075],[15.26367,36.69075],[15.36367,36.69075],[15.46367,36.69075],[15.56367,36.69075],[15.66367,36.69075],[15.76367,36.69075],[15.86367,36.69075],[15.96367,36.69075],[16.06367,36.69075],[16.16367,36.69075],[16.26367,36.69075],[16.36367,36.69075],[16.46367,36.69075],[16.56367,36.69075],[16.66367,36.69075],[16.76367,36.69075],[16.86367,36.69075],[16.96367,36.69075],[17.06367,36.69075],[17.16367,36.69075],[17.26367,36.69075],[17.36367,36.69075],[17.46367,36.69075],[17.56367,36.69075],[17.66367,36.69075],[17.76367,36.69075],[17.86367,36.69075],[17.96367,36.69075],[18.06367,36.69075],[18.16367,36.69075],[18.26367,36.69075],[18.36367,36.69075],[18.46367,36.69075],[18.56367,36.69075],[18.66367,36.69075],[18.76367,36.69075],[18.86367,36.69075],[18.96367,36.69075],[19.06367,36.69075],[19.16367,36.69075],[19.26367,36.69075],[19.36367,36.69075],[19.46367,36.69075],[19.56367,36.69075],[19.66367,36.69075],[19.76367,36.69075],[19.86367,36.69075],[19.96367,36.69075],[20.06367,36.69075],[20.16367,36.69075],[20.26367,36.69075],[20.36367,36.69075],[20.46367,36.69075],[20.56367,36.69075],[20.66367,36.69075],[20.76367,36.69075],[20.86367,36.69075],[20.96367,36.69075],[21.06367,36.69075],[21.16367,36.69075],[21.26367,36.69075],[21.36367,36.69075],[21.46367,36.69075],[21.56367,36.69075],[21.66367,36.69075],[21.76367,36.69075],[21.86367,36.69075],[21.96367,36.69075],[22.06367,36.69075],[22.16367,36.69075],[22.26367,36.59075],[22.36367,36.49075],[22.46367,36.39075],[22.48,36.39]]}},{"type":"Feature","properties":{"id":562286,"kind":"overseas"},"geometry":{"type":"LineString","coordinates":[[15.13651,36.68103],[15.16367,36.69075],[15.26367,36.69075],[15.36367,36.69075],[15.46367,36.69075],[15.56367,36.69075],[15.66367,36.69075],[15.76367,36.69075],[15.86367,36.69075],[15.96367,36.69075],[16.06367,36.69075],[16.16367,36.69075],[16.26367,36.69075],[16.36367,36.69075],[16.46367,36.69075],[16.56367,36.69075],[16.66367,36.69075],[16.76367,36.69075],[16.86367,36.69075],[16.96367,36.69075],[17.06367,36.69075],[17.16367,36.69075],[17.26367,36.69075],[17.36367,36.69075],[17.46367,36.69075],[17.56367,36.69075],[17.66367,36.69075],[17.76367,36.69075],[17.86367,36.69075],[17.96367,36.69075],[18.06367,36.69075],[18.16367,36.69075],[18.26367,36.69075],[18.36367,36.69075],[18.46367,36.69075],[18.56367,36.69075],[18.66367,36.69075],[18.76367,36.69075],[18.86367,36.69075],[18.96367,36.69075],[19.06367,36.69075],[19.16367,36.69075],[19.26367,36.69075],[19.36367,36.69075],[19.46367,36.69075],[19.56367,36.69075],[19.66367,36.69075],[19.76367,36.69075],[19.86367,36.69075],[19.96367,36.69075],[20.06367,36.69075],[20.16367,36.69075],[20.26367,36.69075],[20.36367,36.69075],[20.46367,36.69075],[20.56367,36.69075],[20.66367,36.69075],[20.76367,36.69075],[20.86367,36.69075],[20.96367,36.69075],[21.06367,36.69075],[21.16367,36.69075],[21.26367,36.69075],[21.36367,36.69075],[21.46367,36.69075],[21.56367,36.69075],[21.66367,36.69075],[21.76367,36.69075],[21.86367,36.69075],[21.96367,36.69075],[22.06367,36.69075],[22.16367,36.59075],[22.26367,36.49075],[22.36367,36.39075],[22.46367,36.29075],[22.56367,36.19075],[22.66367,36.09075],[22.76367,35.99075],[22.86367,35.89075],[22.96367,35.79075],[23.06367,35.69075],[23.16367,35.59075],[23.26367,35.49075],[23.36367,35.39075],[23.46367,35.29075],[23.56367,35.19075],[23.58,35.27]]}},{"type":"Feature","properties":{"id":562382,"kind":"overseas"},"geometry":{"type":"LineString","coordinates":[[8.92862,37.52708],[8.96367,37.49075],[8.96367,37.59075],[8.96367,37.69075],[8.96367,37.79075],[8.96367,37.89075],[8.96367,37.99075],[8.96367,38.09075],[8.96367,38.19075],[8.96367,38.29075],[8.96367,38.39075],[8.96367,38.49075],[8.96367,38.59075],[8.96367,38.69075],[8.96367,38.79075],[8.96367,38.89075],[9.06367,38.99075],[9.06367,39.09075],[9.06367,39.19075],[9.10952,39.21489]]}},{"type":"Feature","properties":{"id":562479,"kind":"overseas"},"geometry":{"type":"LineString","coordinates":[[9.10952,39.21489],[9.06367,39.19075],[9.16367,39.09075],[9.26367,38.99075],[9.36367,38.89075],[9.46367,38.79075],[9.56367,38.69075],[9.66367,38.59075],[9.76367,38.49075],[9.86367,38.39075],[9.96367,38.29075],[10.06367,38.19075],[10.16367,38.19075],[10.26367,38.19075],[10.36367,38.19075],[10.46367,38.19075],[10.56367,38.19075],[10.66367,38.19075],[10.76367,38.19075],[10.86367,38.19075],[10.96367,38.19075],[11.06367,38.19075],[11.16367,38.19075],[11.26367,38.19075],[11.36367,38.19075],[11.46367,38.19075],[11.56367,38.19075],[11.66367,38.19075],[11.76367,38.19075],[11.86367,38.19075],[11.96367,38.19075],[12.06367,38.09075],[12.16367,37.99075],[12.26367,37.89075],[12.36367,37.79075],[12.43745,37.79841]]}},{"type":"Feature","properties":{"id":562493,"kind":"overseas"},"geometry":{"type":"LineString","coordinates":[[9.10952,39.21489],[9.06367,39.19075],[9.06367,39.09075],[9.06367,38.99075],[8.96367,38.89075],[8.86367,38.79075],[8.76367,38.79075],[8.66367,38.79075],[8.56367,38.79075],[8.46367,38.79075],[8.36367,38.79075],[8.26367,38.79075],[8.16367,38.79075],[8.06367,38.79075],[7.96367,38.79075],[7.86367,38.79075],[7.76367,38.79075],[7.66367,38.79075],[7.56367,38.79075],[7.46367,38.79075],[7.36367,38.79075],[7.26367,38.79075],[7.16367,38.79075],[7.06367,38.79075],[6.96367,38.79075],[6.86367,38.79075],[6.76367,38.79075],[6.66367,38.79075],[6.56367,38.79075],[6.46367,38.79075],[6.36367,38.79075],[6.26367,38.79075],[6.16367,38.79075],[6.06367,38.79075],[5.96367,38.79075],[5.86367,38.79075],[5.76367,38.79075],[5.66367,38.79075],[5.56367,38.79075],[5.46367,38.79075],[5.36367,38.79075],[5.26367,38.79075],[5.16367,38.79075],[5.06367,38.79075],[4.96367,38.79075],[4.86367,38.89075],[4.76367,38.99075],[4.66367,39.09075],[4.56367,39.19075],[4.46367,39.19075],[4.36367,39.19075],[4.26367,39.19075],[4.16367,39.19075],[4.06367,39.19075],[3.96367,39.19075],[3.86367,39.19075],[3.76367,39.19075],[3.66367,39.19075],[3.56367,39.19075],[3.46367,39.19075],[3.36367,39.19075],[3.26367,39.19075],[3.16367,39.19075],[3.06367,39.19075],[2.96367,39.29075],[2.86367,39.29075],[2.76367,39.39075],[2.66367,39.49075],[2.65017,39.56718]]}},{"type":"Feature","properties":{"id":562559,"kind":"overseas"},"geometry":{"type":"LineString","coordinates":[[11.0133,37.06164],[10.96367,37.09075],[11.06367,37.19075],[11.16367,37.29075],[11.26367,37.39075],[11.36367,37.49075],[11.46367,37.59075],[11.56367,37.69075],[11.66367,37.79075],[11.76367,37.89075],[11.86367,37.99075],[11.96367,37.99075],[12.06367,37.99075],[12.06,37.97]]}},{"type":"Feature","properties":{"id":562569,"kind":"overseas"},"geometry":{"type":"LineString","coordinates":[[11.94,36.83],[11.96367,36.89075],[12.06367,36.89075],[12.16367,36.89075],[12.26367,36.89075],[12.36367,36.89075],[12.46367,36.89075],[12.56367,36.89075],[12.66367,36.89075],[12.76367,36.89075],[12.86367,36.89075],[12.96367,36.89075],[13.06367,36.89075],[13.16367,36.89075],[13.26367,36.89075],[13.36367,36.79075],[13.46367,36.69075],[13.56367,36.59075],[13.66367,36.49075],[13.76367,36.39075],[13.86367,36.29075],[13.96367,36.19075],[14.06367,36.09075],[14.16367,35.99075],[14.26367,35.89075],[14.36367,35.79075],[14.4,35.88]]}},{"type":"Feature","properties":{"id":562638,"kind":"overseas"},"geometry":{"type":"LineString","coordinates":[[12.43745,37.79841],[12.36367,37.79075],[12.46367,37.69075],[12.56367,37.59075],[12.66367,37.49075],[12.76367,37.39075],[12.86367,37.29075],[12.96367,37.19075],[13.06367,37.09075],[13.16367,36.99075],[13.26367,36.89075],[13.36367,36.79075],[13.46367,36.69075],[13.56367,36.59075],[13.66367,36.49075],[13.76367,36.39075],[13.86367,36.29075],[13.96367,36.19075],[14.06367,36.09075],[14.16367,35.99075],[14.26367,35.89075],[14.36367,35.79075],[14.4,35.88]]}},{"type":"Feature","properties":{"id":562721,"kind":"overseas"},"geometry":{"type":"LineString","coordinates":[[15.55663,38.19225],[15.56367,38.09075],[15.56367,37.99075],[15.66367,37.89075],[15.76367,37.89075],[15.86367,37.89075],[15.96367,37.89075],[16.06367,37.89075],[16.16367,37.89075],[16.26367,37.89075],[16.36367,37.89075],[16.46367,37.89075],[16.56367,37.89075],[16.66367,37.89075],[16.76367,37.89075],[16.86367,37.89075],[16.96367,37.89075],[17.06367,37.89075],[17.16367,37.89075],[17.26367,37.89075],[17.36367,37.89075],[17.46367,37.89075],[17.56367,37.89075],[17.66367,37.89075],[17.76367,37.89075],[17.86367,37.89075],[17.96367,37.89075],[18.06367,37.89075],[18.16367,37.89075],[18.26367,37.89075],[18.36367,37.89075],[18.46367,37.89075],[18.56367,37.89075],[18.66367,37.89075],[18.76367,37.89075],[18.86367,37.89075],[18.96367,37.89075],[19.06367,37.89075],[19.16367,37.89075],[19.26367,37.89075],[19.36367,37.89075],[19.46367,37.89075],[19.56367,37.89075],[19.66367,37.89075],[19.76367,37.89075],[19.86367,37.89075],[19.96367,37.89075],[20.06367,37.89075],[20.16367,37.89075],[20.26367,37.89075],[20.36367,37.89075],[20.46367,37.89075],[20.56367,37.79075],[20.66367,37.69075],[20.76367,37.69075],[20.86367,37.69075],[20.96367,37.69075],[21.06367,37.69075],[21.16367,37.69075],[21.26367,37.69075],[21.32,37.65]]}},{"type":"Feature","properties":{"id":562740,"kind":"overseas"},"geometry":{"type":"LineString","coordinates":[[15.55663,38.19225],[15.56367,38.09075],[15.56367,37.99075],[15.66367,37.89075],[15.76367,37.89075],[15.86367,37.89075],[15.96367,37.89075],[16.06367,37.89075],[16.16367,37.89075],[16.26367,37.89075],[16.36367,37.89075],[16.46367,37.89075],[16.56367,37.89075],[16.66367,37.89075],[16.76367,37.89075],[16.86367,37.89075],[16.96367,37.79075],[17.06367,37.69075],[17.16367,37.59075],[17.26367,37.49075],[17.36367,37.39075],[17.46367,37.29075],[17.56367,37.19075],[17.66367,37.09075],[17.76367,36.99075],[17.86367,36.89075],[17.96367,36.79075],[18.06367,36.69075],[18.16367,36.59075],[18.26367,36.49075],[18.36367,36.39075],[18.46367,36.29075],[18.56367,36.19075],[18.66367,36.09075],[18.76367,35.99075],[18.86367,35.89075],[18.96367,35.79075],[19.06367,35.69075],[19.16367,35.59075],[19.26367,35.49075],[19.36367,35.39075],[19.46367,35.29075],[19.56367,35.19075],[19.66367,35.09075],[19.76367,34.99075],[19.86367,34.89075],[19.96367,34.79075],[20.06367,34.69075],[20.16367,34.59075],[20.26367,34.49075],[20.36367,34.39075],[20.46367,34.29075],[20.56367,34.19075],[20.66367,34.09075],[20.76367,33.99075],[20.86367,33.89075],[20.96367,33.79075],[21.06367,33.69075],[21.16367,33.59075],[21.26367,33.49075],[21.36367,33.39075],[21.46367,33.29075],[21.56367,33.19075],[21.66367,33.09075],[21.76367,32.99075],[21.75,32.93]]}},{"type":"Feature","properties":{"id":562757,"kind":"overseas"},"geometry":{"type":"LineString","coordinates":[[18.36,39.8],[18.36367,39.79075],[18.46367,39.69075],[18.56367,39.59075],[18.66367,39.49075],[18.76367,39.39075],[18.86367,39.29075],[18.96367,39.19075],[19.06367,39.09075],[19.16367,38.99075],[19.26367,38.89075],[19.36367,38.79075],[19.46367,38.69075],[19.56367,38.59075],[19.66367,38.49075],[19.76367,38.39075],[19.86367,38.29075],[19.96367,38.19075],[20.06367,38.09075],[20.06367,37.99075],[20.06367,37.89075],[20.06367,37.79075],[20.06367,37.69075],[20.06367,37.59075],[20.06367,37.49075],[20.06367,37.39075],[20.06367,37.29075],[20.06367,37.19075],[20.06367,37.09075],[20.06367,36.99075],[20.06367,36.89075],[20.06367,36.79075],[20.06367,36.69075],[20.06367,36.59075],[20.06367,36.49075],[20.06367,36.39075],[20.06367,36.29075],[20.06367,36.19075],[20.06367,36.09075],[20.06367,35.99075],[20.06367,35.89075],[20.06367,35.79075],[20.06367,35.69075],[20.06367,35.59075],[20.06367,35.49075],[20.06367,35.39075],[20.06367,35.29075],[20.06367,35.19075],[20.06367,35.09075],[20.06367,34.99075],[20.06367,34.89075],[20.16367,34.79075],[20.26367,34.69075],[20.36367,34.59075],[20.46367,34.49075],[20.56367,34.39075],[20.66367,34.29075],[20.76367,34.19075],[20.86367,34.09075],[20.96367,33.99075],[21.06367,33.89075],[21.16367,33.79075],[21.26367,33.69075],[21.36367,33.59075],[21.46367,33.49075],[21.56367,33.39075],[21.66367,33.29075],[21.76367,33.19075],[21.76367,33.09075],[21.76367,32.99075],[21.75,32.93]]}},{"type":"Feature","properties":{"id":562788,"kind":"overseas"},"geometry":{"type":"LineString","coordinates":[[20.0791,32.13455],[20.06367,32.19075],[20.06367,32.29075],[20.06367,32.39075],[20.06367,32.49075],[20.06367,32.59075],[20.06367,32.69075],[20.06367,32.79075],[20.06367,32.89075],[20.06367,32.99075],[20.06367,33.09075],[20.06367,33.19075],[20.06367,33.29075],[20.06367,33.39075],[20.06367,33.49075],[20.06367,33.59075],[20.06367,33.69075],[20.06367,33.79075],[20.06367,33.89075],[20.06367,33.99075],[20.06367,34.09075],[20.06367,34.19075],[20.06367,34.29075],[20.06367,34.39075],[20.06367,34.49075],[20.06367,34.59075],[20.16367,34.69075],[20.26367,34.79075],[20.36367,34.89075],[20.36367,34.99075],[20.36367,35.09075],[20.36367,35.19075],[20.36367,35.29075],[20.36367,35.39075],[20.36367,35.49075],[20.36367,35.59075],[20.36367,35.69075],[20.36367,35.79075],[20.36367,35.89075],[20.36367,35.99075],[20.36367,36.09075],[20.36367,36.19075],[20.36367,36.29075],[20.36367,36.39075],[20.36367,36.49075],[20.36367,36.59075],[20.36367,36.69075],[20.36367,36.79075],[20.36367,36.89075],[20.36367,36.99075],[20.36367,37.09075],[20.36367,37.19075],[20.46367,37.29075],[20.56367,37.39075],[20.66367,37.49075],[20.76367,37.59075],[20.86367,37.69075],[20.96367,37.79075],[20.9,37.78]]}},{"type":"Feature","properties":{"id":562803,"kind":"overseas"},"geometry":{"type":"LineString","coordinates":[[20.0791,32.13455],[20.06367,32.19075],[20.06367,32.29075],[20.06367,32.39075],[20.06367,32.49075],[20.06367,32.59075],[20.06367,32.69075],[20.06367,32.79075],[20.06367,32.89075],[20.06367,32.99075],[20.06367,33.09075],[20.06367,33.19075],[20.06367,33.29075],[20.06367,33.39075],[20.06367,33.49075],[20.06367,33.59075],[20.06367,33.69075],[20.06367,33.79075],[20.06367,33.89075],[20.16367,33.99075],[20.26367,34.09075],[20.36367,34.19075],[20.46367,34.29075],[20.56367,34.39075],[20.66367,34.49075],[20.76367,34.59075],[20.76367,34.69075],[20.76367,34.79075],[20.76367,34.89075],[20.76367,34.99075],[20.76367,35.09075],[20.76367,35.19075],[20.76367,35.29075],[20.76367,35.39075],[20.76367,35.49075],[20.76367,35.59075],[20.76367,35.69075],[20.76367,35.79075],[20.76367,35.89075],[20.76367,35.99075],[20.76367,36.09075],[20.76367,36.19075],[20.76367,36.29075],[20.76367,36.39075],[20.76367,36.49075],[20.76367,36.59075],[20.76367,36.69075],[20.76367,36.79075],[20.76367,36.89075],[20.76367,36.99075],[20.76367,37.09075],[20.76367,37.19075],[20.86367,37.29075],[20.96367,37.39075],[21.06367,37.49075],[21.16367,37.59075],[21.26367,37.69075],[21.32,37.65]]}},{"type":"Feature","properties":{"id":562932,"kind":"overseas"},"geometry":{"type":"LineString","coordinates":[[21.75,32.93],[21.76367,32.99075],[21.76367,33.09075],[21.76367,33.19075],[21.76367,33.29075],[21.76367,33.39075],[21.86367,33.49075],[21.96367,33.59075],[22.06367,33.69075],[22.06367,33.79075],[22.06367,33.89075],[22.06367,33.99075],[22.06367,34.09075],[22.06367,34.19075],[22.06367,34.29075],[22.06367,34.39075],[22.06367,34.49075],[22.06367,34.59075],[22.06367,34.69075],[22.06367,34.79075],[22.06367,34.89075],[22.06367,34.99075],[22.06367,35.09075],[22.06367,35.19075],[22.06367,35.29075],[22.06367,35.39075],[22.06367,35.49075],[22.06367,35.59075],[22.06367,35.69075],[22.06367,35.79075],[22.06367,35.89075],[22.06367,35.99075],[22.16367,36.09075],[22.26367,36.19075],[22.36367,36.29075],[22.46367,36.39075],[22.48,36.39]]}},{"type":"Feature","properties":{"id":562889,"kind":"overseas"},"geometry":{"type":"LineString","coordinates":[[21.75,32.93],[21.76367,32.99075],[21.86367,33.09075],[21.96367,33.19075],[22.06367,33.29075],[22.16367,33.39075],[22.26367,33.49075],[22.26367,33.59075],[22.26367,33.69075],[22.26367,33.79075],[22.26367,33.89075],[22.36367,33.99075],[22.46367,34.09075],[22.56367,34.19075],[22.66367,34.29075],[22.76367,34.39075],[22.86367,34.49075],[22.96367,34.59075],[23.06367,34.69075],[23.16367,34.79075],[23.26367,34.89075],[23.36367,34.99075],[23.46367,35.09075],[23.56367,35.19075],[23.58,35.27]]}},{"type":"Feature","properties":{"id":562946,"kind":"overseas"},"geometry":{"type":"LineString","coordinates":[[21.75,32.93],[21.76367,32.99075],[21.86367,33.09075],[21.96367,33.19075],[22.06367,33.29075],[22.16367,33.39075],[22.26367,33.49075],[22.26367,33.59075],[22.26367,33.69075],[22.26367,33.79075],[22.26367,33.89075],[22.26367,33.99075],[22.26367,34.09075],[22.26367,34.19075],[22.26367,34.29075],[22.36367,34.39075],[22.46367,34.49075],[22.56367,34.59075],[22.66367,34.69075],[22.76367,34.79075],[22.86367,34.89075],[22.96367,34.99075],[23.06367,35.09075],[23.16367,35.19075],[23.26367,35.29075],[23.36367,35.39075],[23.46367,35.49075],[23.56367,35.59075],[23.6,35.63]]}},{"type":"Feature","properties":{"id":562989,"kind":"overseas"},"geometry":{"type":"LineString","coordinates":[[23.12,32.61],[23.16367,32.59075],[23.16367,32.69075],[23.16367,32.79075],[23.16367,32.89075],[23.16367,32.99075],[23.16367,33.09075],[23.16367,33.19075],[23.16367,33.29075],[23.16367,33.39075],[23.16367,33.49075],[23.26367,33.59075],[23.36367,33.69075],[23.46367,33.79075],[23.56367,33.89075],[23.66367,33.99075],[23.76367,34.09075],[23.86367,34.19075],[23.96367,34.29075],[23.96367,34.39075],[23.96367,34.49075],[23.96367,34.59075],[23.96367,34.69075],[23.96367,34.79075],[24.06367,34.89075],[24.06,34.86]]}},{"type":"Feature","properties":{"id":563073,"kind":"overseas"},"geometry":{"type":"LineString","coordinates":[[25.09,31.75],[25.16367,31.79075],[25.16367,31.89075],[25.16367,31.99075],[25.16367,32.09075],[25.16367,32.19075],[25.16367,32.29075],[25.16367,32.39075],[25.16367,32.49075],[25.16367,32.59075],[25.16367,32.69075],[25.16367,32.79075],[25.16367,32.89075],[25.16367,32.99075],[25.16367,33.09075],[25.16367,33.19075],[25.16367,33.29075],[25.16367,33.39075],[25.16367,33.49075],[25.16367,33.59075],[25.16367,33.69075],[25.16367,33.79075],[25.16367,33.89075],[25.26367,33.99075],[25.36367,34.09075],[25.46367,34.19075],[25.56367,34.29075],[25.66367,34.39075],[25.76367,34.49075],[25.86367,34.59075],[25.96367,34.69075],[26.06367,34.79075],[26.16367,34.89075],[26.26367,34.99075],[26.36367,35.09075],[26.36367,35.19075],[26.26367,35.29075],[26.16367,35.39075],[26.06367,35.39075],[25.96367,35.39075],[25.86367,35.39075],[25.76367,35.39075],[25.66367,35.39075],[25.56367,35.39075],[25.46367,35.39075],[25.36367,35.39075],[25.39,35.32]]}},{"type":"Feature","properties":{"id":563112,"kind":"overseas"},"geometry":{"type":"LineString","coordinates":[[28.23,36.44],[28.26367,36.39075],[28.16367,36.49075],[28.06367,36.49075],[27.96367,36.49075],[27.86367,36.49075],[27.76367,36.49075],[27.66367,36.49075],[27.56367,36.49075],[27.46367,36.49075],[27.36367,36.39075],[27.26367,36.29075],[27.16367,36.19075],[27.06367,36.09075],[26.96367,35.99075],[26.86367,35.89075],[26.76367,35.79075],[26.66367,35.69075],[26.56367,35.59075],[26.46367,35.49075],[26.36367,35.39075],[26.26367,35.29075],[26.25372,35.28063]]}},{"type":"Feature","properties":{"id":563158,"kind":"overseas"},"geometry":{"type":"LineString","coordinates":[[29.12389,41.21235],[29.07971,41.18113],[29.16367,41.29075],[29.26367,41.29075],[29.36367,41.29075],[29.46367,41.29075],[29.56367,41.29075],[29.66367,41.29075],[29.76367,41.29075],[29.86367,41.29075],[29.96367,41.29075],[30.06367,41.29075],[30.16367,41.39075],[30.26367,41.49075],[30.36367,41.59075],[30.46367,41.69075],[30.56367,41.79075],[30.66367,41.89075],[30.76367,41.99075],[30.86367,42.09075],[30.96367,42.19075],[31.06367,42.29075],[31.16367,42.39075],[31.26367,42.49075],[31.36367,42.59075],[31.46367,42.69075],[31.56367,42.79075],[31.66367,42.89075],[31.76367,42.99075],[31.86367,43.09075],[31.96367,43.09075],[32.06367,43.09075],[32.16367,43.09075],[32.26367,43.09075],[32.36367,43.09075],[32.46367,43.09075],[32.56367,43.09075],[32.66367,43.09075],[32.76367,43.09075],[32.86367,43.09075],[32.96367,43.09075],[33.06367,43.09075],[33.16367,43.09075],[33.26367,43.09075],[33.36367,43.09075],[33.46367,43.09075],[33.56367,43.09075],[33.66367,43.09075],[33.76367,43.09075],[33.86367,43.09075],[33.96367,43.19075],[34.06367,43.29075],[34.16367,43.39075],[34.26367,43.49075],[34.36367,43.59075],[34.46367,43.69075],[34.56367,43.79075],[34.66367,43.89075],[34.76367,43.99075],[34.86367,44.09075],[34.96367,44.19075],[35.06367,44.29075],[35.16367,44.39075],[35.26367,44.49075],[35.36367,44.59075],[35.46367,44.69075],[35.56367,44.79075],[35.66367,44.89075],[35.76367,44.99075],[35.86367,44.99075],[35.96367,44.99075],[36.06367,44.99075],[36.16367,44.99075],[36.26367,44.99075],[36.36367,44.99075],[36.46367,45.09075],[36.46367,45.19075],[36.41409,45.23853]]}},{"type":"Feature","properties":{"id":563175,"kind":"overseas"},"geometry":{"type":"LineString","coordinates":[[33.36967,42.01363],[33.36367,42.09075],[33.46367,42.09075],[33.56367,42.09075],[33.66367,42.09075],[33.76367,42.09075],[33.86367,42.09075],[33.96367,42.09075],[34.06367,42.09075],[34.16367,42.09075],[34.26367,42.19075],[34.36367,42.29075],[34.46367,42.39075],[34.56367,42.49075],[34.66367,42.59075],[34.76367,42.69075],[34.86367,42.79075],[34.96367,42.89075],[35.06367,42.99075],[35.16367,43.09075],[35.26367,43.09075],[35.36367,43.09075],[35.46367,43.09075],[35.56367,43.09075],[35.66367,43.09075],[35.76367,43.09075],[35.86367,43.09075],[35.96367,43.09075],[36.06367,43.09075],[36.16367,43.09075],[36.26367,43.09075],[36.36367,43.09075],[36.46367,43.09075],[36.56367,43.09075],[36.66367,43.09075],[36.76367,43.09075],[36.86367,43.09075],[36.96367,43.09075],[37.06367,43.09075],[37.16367,43.09075],[37.26367,43.09075],[37.36367,43.09075],[37.46367,43.09075],[37.56367,43.09075],[37.66367,43.09075],[37.76367,43.09075],[37.86367,43.09075],[37.96367,43.09075],[38.06367,43.09075],[38.16367,43.09075],[38.26367,43.09075],[38.36367,43.09075],[38.46367,43.09075],[38.56367,43.09075],[38.66367,43.09075],[38.76367,43.09075],[38.86367,43.09075],[38.96367,43.09075],[39.06367,43.09075],[39.16367,43.09075],[39.26367,43.09075],[39.36367,43.09075],[39.46367,43.09075],[39.56367,43.09075],[39.66367,43.09075],[39.76367,43.09075],[39.86367,43.09075],[39.96367,43.09075],[40.06367,43.09075],[40.16367,43.09075],[40.26367,43.09075],[40.36367,43.09075],[40.46367,43.09075],[40.56367,43.09075],[40.66367,43.09075],[40.76367,42.99075],[40.86367,42.99075],[41.00308,42.9933]]}},{"type":"Feature","properties":{"id":563218,"kind":"overseas"},"geometry":{"type":"LineString","coordinates":[[35.04188,42.04923],[35.06367,42.09075],[35.06367,42.19075],[35.06367,42.29075],[35.06367,42.39075],[35.06367,42.49075],[35.06367,42.59075],[35.06367,42.69075],[35.06367,42.79075],[35.06367,42.89075],[35.06367,42.99075],[35.06367,43.09075],[35.06367,43.19075],[35.06367,43.29075],[35.06367,43.39075],[35.06367,43.49075],[35.06367,43.59075],[35.06367,43.69075],[35.06367,43.79075],[35.06367,43.89075],[35.06367,43.99075],[35.06367,44.09075],[35.06367,44.19075],[35.06367,44.29075],[35.06367,44.39075],[35.06367,44.49075],[35.06367,44.59075],[35.16367,44.69075],[35.26367,44.79075],[35.36367,44.89075],[35.46367,44.99075],[35.46367,45.09075],[35.37877,45.04609]]}},{"type":"Feature","properties":{"id":572937,"kind":"ferry"},"geometry":{"type":"LineString","coordinates":[[29.02971,40.99262],[28.96367,40.99075],[28.98513,41.01814]]}},{"type":"Feature","properties":{"id":565452,"kind":"ferry"},"geometry":{"type":"LineString","coordinates":[[-6.29319,36.52874],[-6.33633,36.49075],[-6.23633,36.39075],[-6.13633,36.29075],[-6.13633,36.19075],[-6.03633,36.09075],[-5.93633,35.99075],[-5.83633,35.89075],[-5.79759,35.79244]]}},{"type":"Feature","properties":{"id":572939,"kind":"ferry"},"geometry":{"type":"LineString","coordinates":[[1.61365,50.72413],[1.31803,51.302]]}},{"type":"Feature","properties":{"id":562753,"kind":"ferry"},"geometry":{"type":"LineString","coordinates":[[26.68043,40.41433],[26.69447,40.35123]]}},{"type":"Feature","properties":{"id":570013,"kind":"ferry"},"geometry":{"type":"LineString","coordinates":[[15.64319,38.10796],[15.56367,38.09075],[15.55663,38.19225]]}}]}